id,الدولة,الوحدة_الإدارية_العليا,المستوى_الثاني,المدينة_أو_القرية,الحي_أو_الحارة,الاسم_المحلي,الأسماء_البديلة,النوع,خط_العرض,خط_الطول,الارتفاع_م,السكان,سنة_السكان,المصدر,تاريخ_المصدر,درجة_الثقة,ملاحظات
PS-JER,فلسطين,القدس,—,القدس,—,القدس,القدس الشريف/أورشليم,محافظة+مدينة+عاصمة,31.7683,35.2137,754,435753,2017,الجهاز المركزي للإحصاء الفلسطيني,2017,🟡,العاصمة المعلَنة (محتلة 1967)
PS-RBH,فلسطين,رام الله والبيرة,—,رام الله/البيرة,—,رام الله,رام الله والبيرة,محافظة+مدينة,31.9038,35.2034,880,328861,2017,الجهاز المركزي للإحصاء الفلسطيني,2017,🟢,المركز الإداري الفعلي للسلطة
PS-BTH,فلسطين,بيت لحم,—,بيت لحم,—,بيت لحم,بيت لحم/إفرات,محافظة+مدينة,31.7054,35.2024,775,217400,2017,الجهاز المركزي للإحصاء الفلسطيني,2017,🟢,كنيسة المهد (تراث يونسكو)
PS-JRH,فلسطين,أريحا والأغوار,—,أريحا,—,أريحا,أريحا/أريحا والأغوار,محافظة+مدينة,31.8667,35.4500,-260,50002,2017,الجهاز المركزي للإحصاء الفلسطيني,2017,🟢,أقدم مدينة مأهولة (9000 ق.م) + غور
PS-NBL,فلسطين,نابلس,—,نابلس,—,نابلس,نابلس/الجبل النار,محافظة+مدينة,32.2211,35.2811,550,388321,2017,الجهاز المركزي للإحصاء الفلسطيني,2017,🟢,الكنافة النابلسية + جبال جرزيم/عيبال
PS-QLQ,فلسطين,قلقيلية,—,قلقيلية,—,قلقيلية,قلقيلية,محافظة+مدينة,32.1942,34.9817,60,112400,2017,الجهاز المركزي للإحصاء الفلسطيني,2017,🟢,أصغر محافظات الضفة مساحة (165 كم²)
PS-TKM,فلسطين,طولكرم,—,طولكرم,—,طولكرم,طولكرم,محافظة+مدينة,32.4939,35.0289,80,186760,2017,الجهاز المركزي للإحصاء الفلسطيني,2017,🟢,سهل ساحلي + زيتون
PS-SLF,فلسطين,سلفيت,—,سلفيت,—,سلفيت,سلفيت,محافظة+مدينة,32.0833,35.1833,500,75444,2017,الجهاز المركزي للإحصاء الفلسطيني,2017,🟢,مرتفعات + زيتون
PS-JEN,فلسطين,جنين,—,جنين,—,جنين,جنين,محافظة+مدينة,32.4564,35.2958,170,314866,2017,الجهاز المركزي للإحصاء الفلسطيني,2017,🟢,شمال الضفة + المسخن + سهل
PS-TUB,فلسطين,طوباس والأغوار الشمالية,—,طوباس,—,طوباس,طوباس,محافظة+مدينة,32.3314,35.3700,300,60927,2017,الجهاز المركزي للإحصاء الفلسطيني,2017,🟢,الأغوار الشمالية
PS-HBR,فلسطين,الخليل,—,الخليل,—,الخليل,الخليل/الخليل,محافظة+مدينة,31.5326,35.0998,1000,711223,2017,الجهاز المركزي للإحصاء الفلسطيني,2017,🟢,أكبر محافظات الضفة سكانًا + الحرم الإبراهيمي (تراث يونسكو)
PS-NGZ,فلسطين,شمال غزة,—,جباليا,—,جباليا,شمال غزة/جباليا,محافظة+مدينة,31.5286,34.4825,50,368978,2017,الجهاز المركزي للإحصاء الفلسطيني,2017,🟢,أعلى كثافة (6059 نسمة/كم²) + مخيم جباليا
PS-GZA,فلسطين,غزة,—,غزة,—,غزة,غزة/غزة,محافظة+مدينة,31.5017,34.4669,30,652597,2017,الجهاز المركزي للإحصاء الفلسطيني,2017,🟢,أكبر مدينة في غزة + 8748 نسمة/كم²
PS-DBH,فلسطين,دير البلح,—,دير البلح,—,دير البلح,دير البلح,محافظة+مدينة,31.4189,34.3517,30,273200,2017,الجهاز المركزي للإحصاء الفلسطيني,2017,🟢,وسط غزة
PS-KY,فلسطين,خان يونس,—,خان يونس,—,خان يونس,خان يونس,محافظة+مدينة,31.3464,34.3031,70,370638,2017,الجهاز المركزي للإحصاء الفلسطيني,2017,🟢,جنوب غزة
PS-RAF,فلسطين,رفح,—,رفح,—,رفح,رفح,محافظة+مدينة,31.2944,34.2458,50,233878,2017,الجهاز المركزي للإحصاء الفلسطيني,2017,🟢,جنوب غزة + حدود مصر (رفح)
PS-WB01,فلسطين,القدس,—,—,—,القدس,—,محافظة,,,,398333,2005,الجهاز المركزي للإحصاء الفلسطيني / وكالة وفا,2005,🟡,الضفة الغربية؛ المركز القدس؛ العاصمة؛ الأقصى وقبة الصخرة وكنيسة القيامة؛ ضُمت 1967 ولا يعترف مجلس الأمن (478/1980)؛ ⚠️ رقم 2005 — تجاوزته الزيادة السكانية
PS-WB02,فلسطين,الخليل,—,—,—,الخليل,—,محافظة,,,,524510,2005,الجهاز المركزي للإحصاء الفلسطيني / وكالة وفا,2005,🟡,الضفة الغربية؛ المركز الخليل؛ 997 كم²؛ أكبر المحافظات مساحةً وسكانًا؛ الحرم الإبراهيمي؛ ⚠️ رقم 2005 — تجاوزته الزيادة السكانية
PS-WB03,فلسطين,نابلس,—,—,—,نابلس,—,محافظة,,,,326873,2005,الجهاز المركزي للإحصاء الفلسطيني / وكالة وفا,2005,🟡,الضفة الغربية؛ المركز نابلس؛ العاصمة الاقتصادية؛ ⚠️ رقم 2005 — تجاوزته الزيادة السكانية
PS-WB04,فلسطين,رام الله والبيرة,—,—,—,رام الله والبيرة,—,محافظة,,,,280508,2005,الجهاز المركزي للإحصاء الفلسطيني / وكالة وفا,2005,🟡,الضفة الغربية؛ المركز البيرة؛ مقر السلطة الفلسطينية؛ ⚠️ رقم 2005 — تجاوزته الزيادة السكانية
PS-WB05,فلسطين,جنين,—,—,—,جنين,—,محافظة,,,,255218,2005,الجهاز المركزي للإحصاء الفلسطيني / وكالة وفا,2005,🟡,الضفة الغربية؛ المركز جنين؛ 583 كم²؛ ⚠️ رقم 2005 — تجاوزته الزيادة السكانية
PS-WB06,فلسطين,بيت لحم,—,—,—,بيت لحم,—,محافظة,,,,174654,2005,الجهاز المركزي للإحصاء الفلسطيني / وكالة وفا,2005,🟡,الضفة الغربية؛ المركز بيت لحم؛ كنيسة المهد — يونسكو 2012؛ ⚠️ رقم 2005 — تجاوزته الزيادة السكانية
PS-WB07,فلسطين,طولكرم,—,—,—,طولكرم,—,محافظة,,,,167983,2005,الجهاز المركزي للإحصاء الفلسطيني / وكالة وفا,2005,🟡,الضفة الغربية؛ المركز طولكرم؛ حمضيات؛ ⚠️ رقم 2005 — تجاوزته الزيادة السكانية
PS-WB08,فلسطين,قلقيلية,—,—,—,قلقيلية,—,محافظة,,,,100000,2005,الجهاز المركزي للإحصاء الفلسطيني / وكالة وفا,2005,🟡,الضفة الغربية؛ المركز قلقيلية؛ محاصرة بالجدار من ثلاث جهات؛ ⚠️ رقم 2005 — تجاوزته الزيادة السكانية
PS-WB09,فلسطين,سلفيت,—,—,—,سلفيت,—,محافظة,,,,59570,2005,الجهاز المركزي للإحصاء الفلسطيني / وكالة وفا,2005,🟡,الضفة الغربية؛ المركز سلفيت؛ ⚠️ رقم 2005 — تجاوزته الزيادة السكانية
PS-WB10,فلسطين,طوباس والأغوار الشمالية,—,—,—,طوباس والأغوار الشمالية,—,محافظة,,,,50261,2005,الجهاز المركزي للإحصاء الفلسطيني / وكالة وفا,2005,🟡,الضفة الغربية؛ المركز طوباس؛ يحدها نهر الأردن شرقًا؛ ⚠️ رقم 2005 — تجاوزته الزيادة السكانية
PS-WB11,فلسطين,أريحا والأغوار,—,—,—,أريحا والأغوار,—,محافظة,,,,42368,2005,الجهاز المركزي للإحصاء الفلسطيني / وكالة وفا,2005,🟡,الضفة الغربية؛ المركز أريحا؛ أقدم مدينة مأهولة في العالم؛ ⚠️ رقم 2005 — تجاوزته الزيادة السكانية
PS-GZ1,فلسطين,غزة,—,—,—,غزة,—,محافظة,,,,487904,2005,الجهاز المركزي للإحصاء الفلسطيني / وكالة وفا,2005,🔴,قطاع غزة؛ أكبر مدن القطاع؛ 🔴 حرب 2023-2025 أبطلت هذا الرقم كليًا
PS-GZ2,فلسطين,خان يونس,—,—,—,خان يونس,—,محافظة,,,,269601,2005,الجهاز المركزي للإحصاء الفلسطيني / وكالة وفا,2005,🔴,قطاع غزة؛ جنوب القطاع؛ 🔴 حرب 2023-2025 أبطلت هذا الرقم كليًا
PS-GZ3,فلسطين,شمال غزة,—,—,—,شمال غزة,—,محافظة,,,,265932,2005,الجهاز المركزي للإحصاء الفلسطيني / وكالة وفا,2005,🔴,قطاع غزة؛ جباليا وبيت لاهيا وبيت حانون؛ 🔴 حرب 2023-2025 أبطلت هذا الرقم كليًا
PS-GZ4,فلسطين,دير البلح,—,—,—,دير البلح,—,محافظة,,,,201112,2005,الجهاز المركزي للإحصاء الفلسطيني / وكالة وفا,2005,🔴,قطاع غزة؛ تُسمى الوسطى أيضًا؛ 🔴 حرب 2023-2025 أبطلت هذا الرقم كليًا
PS-GZ5,فلسطين,رفح,—,—,—,رفح,—,محافظة,,,,165240,2005,الجهاز المركزي للإحصاء الفلسطيني / وكالة وفا,2005,🔴,قطاع غزة؛ 55 كم²؛ حدودية مع مصر؛ 🔴 حرب 2023-2025 أبطلت هذا الرقم كليًا
PS-H01,فلسطين,صفد,—,—,—,صفد,—,محافظة تاريخية (قبل 1948),,,,,,الجهاز المركزي للإحصاء الفلسطيني / وكالة وفا,1948,🟢,من المحافظات الـ16 قبل النكبة؛ زالت من التقسيم الحالي
PS-H02,فلسطين,عكا,—,—,—,عكا,—,محافظة تاريخية (قبل 1948),,,,,,الجهاز المركزي للإحصاء الفلسطيني / وكالة وفا,1948,🟢,من المحافظات الـ16 قبل النكبة؛ زالت من التقسيم الحالي
PS-H03,فلسطين,حيفا,—,—,—,حيفا,—,محافظة تاريخية (قبل 1948),,,,,,الجهاز المركزي للإحصاء الفلسطيني / وكالة وفا,1948,🟢,من المحافظات الـ16 قبل النكبة؛ زالت من التقسيم الحالي
PS-H04,فلسطين,يافا,—,—,—,يافا,—,محافظة تاريخية (قبل 1948),,,,,,الجهاز المركزي للإحصاء الفلسطيني / وكالة وفا,1948,🟢,من المحافظات الـ16 قبل النكبة؛ زالت من التقسيم الحالي
PS-H05,فلسطين,الناصرة,—,—,—,الناصرة,—,محافظة تاريخية (قبل 1948),,,,,,الجهاز المركزي للإحصاء الفلسطيني / وكالة وفا,1948,🟢,من المحافظات الـ16 قبل النكبة؛ زالت من التقسيم الحالي
PS-H06,فلسطين,بئر السبع,—,—,—,بئر السبع,—,محافظة تاريخية (قبل 1948),,,,,,الجهاز المركزي للإحصاء الفلسطيني / وكالة وفا,1948,🟢,من المحافظات الـ16 قبل النكبة؛ زالت من التقسيم الحالي
PS-H07,فلسطين,الرملة,—,—,—,الرملة,—,محافظة تاريخية (قبل 1948),,,,,,الجهاز المركزي للإحصاء الفلسطيني / وكالة وفا,1948,🟢,من المحافظات الـ16 قبل النكبة؛ زالت من التقسيم الحالي
PS-H08,فلسطين,طبريا,—,—,—,طبريا,—,محافظة تاريخية (قبل 1948),,,,,,الجهاز المركزي للإحصاء الفلسطيني / وكالة وفا,1948,🟢,من المحافظات الـ16 قبل النكبة؛ زالت من التقسيم الحالي
PS-H09,فلسطين,بيسان,—,—,—,بيسان,—,محافظة تاريخية (قبل 1948),,,,,,الجهاز المركزي للإحصاء الفلسطيني / وكالة وفا,1948,🟢,من المحافظات الـ16 قبل النكبة؛ زالت من التقسيم الحالي
PS-D001,فلسطين,صفد,—,أبل القمح,—,أبل القمح,—,قرية مدمَّرة (1948),,,,,,الدائرة الوطنية لشؤون اللاجئين (م.ت.ف) / وكالة وفا — دائرة المعلومات الوطنية,1948,🟢,قرية مدمَّرة 1948 — قضاء صفد
PS-D002,فلسطين,صفد,—,البطيحة,—,البطيحة,—,قرية مدمَّرة (1948),,,,754,1948,الدائرة الوطنية لشؤون اللاجئين (م.ت.ف) / وكالة وفا — دائرة المعلومات الوطنية,1948,🟢,قرية مدمَّرة 1948 — قضاء صفد؛ هُجِّرت في 4 مايو 1948
PS-D003,فلسطين,صفد,—,البويزية,—,البويزية,—,قرية مدمَّرة (1948),,,,,,الدائرة الوطنية لشؤون اللاجئين (م.ت.ف) / وكالة وفا — دائرة المعلومات الوطنية,1948,🟢,قرية مدمَّرة 1948 — قضاء صفد
PS-D004,فلسطين,صفد,—,بيسمون,—,بيسمون,—,قرية مدمَّرة (1948),,,,,,الدائرة الوطنية لشؤون اللاجئين (م.ت.ف) / وكالة وفا — دائرة المعلومات الوطنية,1948,🟢,قرية مدمَّرة 1948 — قضاء صفد
PS-D005,فلسطين,صفد,—,تليل,—,تليل,—,قرية مدمَّرة (1948),,,,,,الدائرة الوطنية لشؤون اللاجئين (م.ت.ف) / وكالة وفا — دائرة المعلومات الوطنية,1948,🟢,قرية مدمَّرة 1948 — قضاء صفد
PS-D006,فلسطين,صفد,—,جاحولا,—,جاحولا,—,قرية مدمَّرة (1948),,,,,,الدائرة الوطنية لشؤون اللاجئين (م.ت.ف) / وكالة وفا — دائرة المعلومات الوطنية,1948,🟢,قرية مدمَّرة 1948 — قضاء صفد
PS-D007,فلسطين,صفد,—,الجاعونة,—,الجاعونة,—,قرية مدمَّرة (1948),,,,1334,1948,الدائرة الوطنية لشؤون اللاجئين (م.ت.ف) / وكالة وفا — دائرة المعلومات الوطنية,1948,🟢,قرية مدمَّرة 1948 — قضاء صفد؛ هُجِّرت في 9 مايو 1948
PS-D008,فلسطين,صفد,—,جب يوسف,—,جب يوسف,—,قرية مدمَّرة (1948),,,,,,الدائرة الوطنية لشؤون اللاجئين (م.ت.ف) / وكالة وفا — دائرة المعلومات الوطنية,1948,🟢,قرية مدمَّرة 1948 — قضاء صفد
PS-D009,فلسطين,صفد,—,الحسينية,—,الحسينية,—,قرية مدمَّرة (1948),,,,,,الدائرة الوطنية لشؤون اللاجئين (م.ت.ف) / وكالة وفا — دائرة المعلومات الوطنية,1948,🟢,قرية مدمَّرة 1948 — قضاء صفد
PS-D010,فلسطين,صفد,—,الحمراء,—,الحمراء,—,قرية مدمَّرة (1948),,,,,,الدائرة الوطنية لشؤون اللاجئين (م.ت.ف) / وكالة وفا — دائرة المعلومات الوطنية,1948,🟢,قرية مدمَّرة 1948 — قضاء صفد
PS-D011,فلسطين,صفد,—,الخالصة,—,الخالصة,—,قرية مدمَّرة (1948),,,,,,الدائرة الوطنية لشؤون اللاجئين (م.ت.ف) / وكالة وفا — دائرة المعلومات الوطنية,1948,🟢,قرية مدمَّرة 1948 — قضاء صفد؛ ما تبقى منها موثَّق بالصور
PS-D012,فلسطين,صفد,—,خان الدوير,—,خان الدوير,—,قرية مدمَّرة (1948),,,,,,الدائرة الوطنية لشؤون اللاجئين (م.ت.ف) / وكالة وفا — دائرة المعلومات الوطنية,1948,🟢,قرية مدمَّرة 1948 — قضاء صفد
PS-D013,فلسطين,صفد,—,خربة كرازة,—,خربة كرازة,—,قرية مدمَّرة (1948),,,,,,الدائرة الوطنية لشؤون اللاجئين (م.ت.ف) / وكالة وفا — دائرة المعلومات الوطنية,1948,🟢,قرية مدمَّرة 1948 — قضاء صفد؛ هُجِّرت في 4 مايو 1948
PS-D014,فلسطين,صفد,—,خربة المنطار,—,خربة المنطار,—,قرية مدمَّرة (1948),,,,,,الدائرة الوطنية لشؤون اللاجئين (م.ت.ف) / وكالة وفا — دائرة المعلومات الوطنية,1948,🟢,قرية مدمَّرة 1948 — قضاء صفد
PS-D015,فلسطين,صفد,—,الخصاص,—,الخصاص,—,قرية مدمَّرة (1948),,,,,,الدائرة الوطنية لشؤون اللاجئين (م.ت.ف) / وكالة وفا — دائرة المعلومات الوطنية,1948,🟢,قرية مدمَّرة 1948 — قضاء صفد
PS-D016,فلسطين,صفد,—,خيام الوليد,—,خيام الوليد,—,قرية مدمَّرة (1948),,,,,,الدائرة الوطنية لشؤون اللاجئين (م.ت.ف) / وكالة وفا — دائرة المعلومات الوطنية,1948,🟢,قرية مدمَّرة 1948 — قضاء صفد
PS-D017,فلسطين,صفد,—,الدرباشة,—,الدرباشة,—,قرية مدمَّرة (1948),,,,,,الدائرة الوطنية لشؤون اللاجئين (م.ت.ف) / وكالة وفا — دائرة المعلومات الوطنية,1948,🟢,قرية مدمَّرة 1948 — قضاء صفد
PS-D018,فلسطين,صفد,—,الدردارة,—,الدردارة,—,قرية مدمَّرة (1948),,,,,,الدائرة الوطنية لشؤون اللاجئين (م.ت.ف) / وكالة وفا — دائرة المعلومات الوطنية,1948,🟢,قرية مدمَّرة 1948 — قضاء صفد
PS-D019,فلسطين,صفد,—,دلاتة,—,دلاتة,—,قرية مدمَّرة (1948),,,,,,الدائرة الوطنية لشؤون اللاجئين (م.ت.ف) / وكالة وفا — دائرة المعلومات الوطنية,1948,🟢,قرية مدمَّرة 1948 — قضاء صفد
PS-D020,فلسطين,صفد,—,الدوارة,—,الدوارة,—,قرية مدمَّرة (1948),,,,,,الدائرة الوطنية لشؤون اللاجئين (م.ت.ف) / وكالة وفا — دائرة المعلومات الوطنية,1948,🟢,قرية مدمَّرة 1948 — قضاء صفد
PS-D021,فلسطين,صفد,—,ديشوم,—,ديشوم,—,قرية مدمَّرة (1948),,,,,,الدائرة الوطنية لشؤون اللاجئين (م.ت.ف) / وكالة وفا — دائرة المعلومات الوطنية,1948,🟢,قرية مدمَّرة 1948 — قضاء صفد
PS-D022,فلسطين,صفد,—,الرأس الأحمر,—,الرأس الأحمر,—,قرية مدمَّرة (1948),,,,,,الدائرة الوطنية لشؤون اللاجئين (م.ت.ف) / وكالة وفا — دائرة المعلومات الوطنية,1948,🟢,قرية مدمَّرة 1948 — قضاء صفد
PS-D023,فلسطين,صفد,—,الزاوية,—,الزاوية,—,قرية مدمَّرة (1948),,,,,,الدائرة الوطنية لشؤون اللاجئين (م.ت.ف) / وكالة وفا — دائرة المعلومات الوطنية,1948,🟢,قرية مدمَّرة 1948 — قضاء صفد
PS-D024,فلسطين,صفد,—,الزنغرية,—,الزنغرية,—,قرية مدمَّرة (1948),,,,,,الدائرة الوطنية لشؤون اللاجئين (م.ت.ف) / وكالة وفا — دائرة المعلومات الوطنية,1948,🟢,قرية مدمَّرة 1948 — قضاء صفد
PS-D025,فلسطين,صفد,—,الزوق التحتاني,—,الزوق التحتاني,—,قرية مدمَّرة (1948),,,,,,الدائرة الوطنية لشؤون اللاجئين (م.ت.ف) / وكالة وفا — دائرة المعلومات الوطنية,1948,🟢,قرية مدمَّرة 1948 — قضاء صفد
PS-D026,فلسطين,صفد,—,الزوق الفوقاني,—,الزوق الفوقاني,—,قرية مدمَّرة (1948),,,,,,الدائرة الوطنية لشؤون اللاجئين (م.ت.ف) / وكالة وفا — دائرة المعلومات الوطنية,1948,🟢,قرية مدمَّرة 1948 — قضاء صفد
PS-D027,فلسطين,صفد,—,سبلان,—,سبلان,—,قرية مدمَّرة (1948),,,,,,الدائرة الوطنية لشؤون اللاجئين (م.ت.ف) / وكالة وفا — دائرة المعلومات الوطنية,1948,🟢,قرية مدمَّرة 1948 — قضاء صفد
PS-D028,فلسطين,صفد,—,سعسع,—,سعسع,—,قرية مدمَّرة (1948),,,,,,الدائرة الوطنية لشؤون اللاجئين (م.ت.ف) / وكالة وفا — دائرة المعلومات الوطنية,1948,🟢,قرية مدمَّرة 1948 — قضاء صفد
PS-D029,فلسطين,صفد,—,السموعي,—,السموعي,—,قرية مدمَّرة (1948),,,,360,1948,الدائرة الوطنية لشؤون اللاجئين (م.ت.ف) / وكالة وفا — دائرة المعلومات الوطنية,1948,🟢,قرية مدمَّرة 1948 — قضاء صفد؛ هُجِّرت في 12 مايو 1948
PS-D030,فلسطين,صفد,—,السنبرية,—,السنبرية,—,قرية مدمَّرة (1948),,,,,,الدائرة الوطنية لشؤون اللاجئين (م.ت.ف) / وكالة وفا — دائرة المعلومات الوطنية,1948,🟢,قرية مدمَّرة 1948 — قضاء صفد
PS-D031,فلسطين,صفد,—,الشوكة التحتا,—,الشوكة التحتا,—,قرية مدمَّرة (1948),,,,,,الدائرة الوطنية لشؤون اللاجئين (م.ت.ف) / وكالة وفا — دائرة المعلومات الوطنية,1948,🟢,قرية مدمَّرة 1948 — قضاء صفد
PS-D032,فلسطين,صفد,—,الشونة,—,الشونة,—,قرية مدمَّرة (1948),,,,,,الدائرة الوطنية لشؤون اللاجئين (م.ت.ف) / وكالة وفا — دائرة المعلومات الوطنية,1948,🟢,قرية مدمَّرة 1948 — قضاء صفد
PS-D033,فلسطين,صفد,—,صالحة,—,صالحة,—,قرية مدمَّرة (1948),,,,,,الدائرة الوطنية لشؤون اللاجئين (م.ت.ف) / وكالة وفا — دائرة المعلومات الوطنية,1948,🟢,قرية مدمَّرة 1948 — قضاء صفد
PS-D034,فلسطين,صفد,—,الصالحية,—,الصالحية,—,قرية مدمَّرة (1948),,,,,,الدائرة الوطنية لشؤون اللاجئين (م.ت.ف) / وكالة وفا — دائرة المعلومات الوطنية,1948,🟢,قرية مدمَّرة 1948 — قضاء صفد
PS-D035,فلسطين,صفد,—,صفصاف,—,صفصاف,—,قرية مدمَّرة (1948),,,,,,الدائرة الوطنية لشؤون اللاجئين (م.ت.ف) / وكالة وفا — دائرة المعلومات الوطنية,1948,🟢,قرية مدمَّرة 1948 — قضاء صفد
PS-D036,فلسطين,صفد,—,طيطبا,—,طيطبا,—,قرية مدمَّرة (1948),,,,,,الدائرة الوطنية لشؤون اللاجئين (م.ت.ف) / وكالة وفا — دائرة المعلومات الوطنية,1948,🟢,قرية مدمَّرة 1948 — قضاء صفد
PS-D037,فلسطين,صفد,—,الظاهرية التحتا,—,الظاهرية التحتا,—,قرية مدمَّرة (1948),,,,,,الدائرة الوطنية لشؤون اللاجئين (م.ت.ف) / وكالة وفا — دائرة المعلومات الوطنية,1948,🟢,قرية مدمَّرة 1948 — قضاء صفد
PS-D038,فلسطين,صفد,—,العباسية,—,العباسية,—,قرية مدمَّرة (1948),,,,,,الدائرة الوطنية لشؤون اللاجئين (م.ت.ف) / وكالة وفا — دائرة المعلومات الوطنية,1948,🟢,قرية مدمَّرة 1948 — قضاء صفد
PS-D039,فلسطين,صفد,—,عرب الزبيد,—,عرب الزبيد,—,قرية مدمَّرة (1948),,,,,,الدائرة الوطنية لشؤون اللاجئين (م.ت.ف) / وكالة وفا — دائرة المعلومات الوطنية,1948,🟢,قرية مدمَّرة 1948 — قضاء صفد
PS-D040,فلسطين,صفد,—,عرب الشمالنة,—,عرب الشمالنة,—,قرية مدمَّرة (1948),,,,,,الدائرة الوطنية لشؤون اللاجئين (م.ت.ف) / وكالة وفا — دائرة المعلومات الوطنية,1948,🟢,قرية مدمَّرة 1948 — قضاء صفد
PS-D041,فلسطين,صفد,—,العريفية,—,العريفية,—,قرية مدمَّرة (1948),,,,,,الدائرة الوطنية لشؤون اللاجئين (م.ت.ف) / وكالة وفا — دائرة المعلومات الوطنية,1948,🟢,قرية مدمَّرة 1948 — قضاء صفد
PS-D042,فلسطين,صفد,—,عكبرة,—,عكبرة,—,قرية مدمَّرة (1948),,,,302,1948,الدائرة الوطنية لشؤون اللاجئين (م.ت.ف) / وكالة وفا — دائرة المعلومات الوطنية,1948,🟢,قرية مدمَّرة 1948 — قضاء صفد؛ هُجِّرت في 9 مايو 1948
PS-D043,فلسطين,صفد,—,علما,—,علما,—,قرية مدمَّرة (1948),,,,,,الدائرة الوطنية لشؤون اللاجئين (م.ت.ف) / وكالة وفا — دائرة المعلومات الوطنية,1948,🟢,قرية مدمَّرة 1948 — قضاء صفد
PS-D044,فلسطين,صفد,—,العلمانية,—,العلمانية,—,قرية مدمَّرة (1948),,,,,,الدائرة الوطنية لشؤون اللاجئين (م.ت.ف) / وكالة وفا — دائرة المعلومات الوطنية,1948,🟢,قرية مدمَّرة 1948 — قضاء صفد
PS-D045,فلسطين,صفد,—,عموقة,—,عموقة,—,قرية مدمَّرة (1948),,,,,,الدائرة الوطنية لشؤون اللاجئين (م.ت.ف) / وكالة وفا — دائرة المعلومات الوطنية,1948,🟢,قرية مدمَّرة 1948 — قضاء صفد
PS-D046,فلسطين,صفد,—,عين الزيتون,—,عين الزيتون,—,قرية مدمَّرة (1948),,,,951,1948,الدائرة الوطنية لشؤون اللاجئين (م.ت.ف) / وكالة وفا — دائرة المعلومات الوطنية,1948,🟢,قرية مدمَّرة 1948 — قضاء صفد؛ هُجِّرت في 4 مايو 1948
PS-D047,فلسطين,صفد,—,غباطية,—,غباطية,—,قرية مدمَّرة (1948),,,,,,الدائرة الوطنية لشؤون اللاجئين (م.ت.ف) / وكالة وفا — دائرة المعلومات الوطنية,1948,🟢,قرية مدمَّرة 1948 — قضاء صفد
PS-D048,فلسطين,صفد,—,غرابة,—,غرابة,—,قرية مدمَّرة (1948),,,,,,الدائرة الوطنية لشؤون اللاجئين (م.ت.ف) / وكالة وفا — دائرة المعلومات الوطنية,1948,🟢,قرية مدمَّرة 1948 — قضاء صفد
PS-D049,فلسطين,صفد,—,فارة,—,فارة,—,قرية مدمَّرة (1948),,,,,,الدائرة الوطنية لشؤون اللاجئين (م.ت.ف) / وكالة وفا — دائرة المعلومات الوطنية,1948,🟢,قرية مدمَّرة 1948 — قضاء صفد
PS-D050,فلسطين,صفد,—,الفراضية,—,الفراضية,—,قرية مدمَّرة (1948),,,,,,الدائرة الوطنية لشؤون اللاجئين (م.ت.ف) / وكالة وفا — دائرة المعلومات الوطنية,1948,🟢,قرية مدمَّرة 1948 — قضاء صفد
PS-D051,فلسطين,صفد,—,فرعم,—,فرعم,—,قرية مدمَّرة (1948),,,,,,الدائرة الوطنية لشؤون اللاجئين (م.ت.ف) / وكالة وفا — دائرة المعلومات الوطنية,1948,🟢,قرية مدمَّرة 1948 — قضاء صفد
PS-D052,فلسطين,صفد,—,قباعية,—,قباعية,—,قرية مدمَّرة (1948),,,,,,الدائرة الوطنية لشؤون اللاجئين (م.ت.ف) / وكالة وفا — دائرة المعلومات الوطنية,1948,🟢,قرية مدمَّرة 1948 — قضاء صفد
PS-D053,فلسطين,صفد,—,قدس,—,قدس,—,قرية مدمَّرة (1948),,,,,,الدائرة الوطنية لشؤون اللاجئين (م.ت.ف) / وكالة وفا — دائرة المعلومات الوطنية,1948,🟢,قرية مدمَّرة 1948 — قضاء صفد
PS-D054,فلسطين,صفد,—,قديتا,—,قديتا,—,قرية مدمَّرة (1948),,,,,,الدائرة الوطنية لشؤون اللاجئين (م.ت.ف) / وكالة وفا — دائرة المعلومات الوطنية,1948,🟢,قرية مدمَّرة 1948 — قضاء صفد
PS-D055,فلسطين,صفد,—,القديرية,—,القديرية,—,قرية مدمَّرة (1948),,,,,,الدائرة الوطنية لشؤون اللاجئين (م.ت.ف) / وكالة وفا — دائرة المعلومات الوطنية,1948,🟢,قرية مدمَّرة 1948 — قضاء صفد
PS-D056,فلسطين,صفد,—,قيطية,—,قيطية,—,قرية مدمَّرة (1948),,,,,,الدائرة الوطنية لشؤون اللاجئين (م.ت.ف) / وكالة وفا — دائرة المعلومات الوطنية,1948,🟢,قرية مدمَّرة 1948 — قضاء صفد
PS-D057,فلسطين,صفد,—,كراد البقارة,—,كراد البقارة,—,قرية مدمَّرة (1948),,,,,,الدائرة الوطنية لشؤون اللاجئين (م.ت.ف) / وكالة وفا — دائرة المعلومات الوطنية,1948,🟢,قرية مدمَّرة 1948 — قضاء صفد
PS-D058,فلسطين,صفد,—,كراد الغنامة,—,كراد الغنامة,—,قرية مدمَّرة (1948),,,,,,الدائرة الوطنية لشؤون اللاجئين (م.ت.ف) / وكالة وفا — دائرة المعلومات الوطنية,1948,🟢,قرية مدمَّرة 1948 — قضاء صفد
PS-D059,فلسطين,صفد,—,كفر برعم,—,كفر برعم,—,قرية مدمَّرة (1948),,,,,,الدائرة الوطنية لشؤون اللاجئين (م.ت.ف) / وكالة وفا — دائرة المعلومات الوطنية,1948,🟢,قرية مدمَّرة 1948 — قضاء صفد
PS-D060,فلسطين,صفد,—,لزازة,—,لزازة,—,قرية مدمَّرة (1948),,,,,,الدائرة الوطنية لشؤون اللاجئين (م.ت.ف) / وكالة وفا — دائرة المعلومات الوطنية,1948,🟢,قرية مدمَّرة 1948 — قضاء صفد
PS-D061,فلسطين,صفد,—,ماروس,—,ماروس,—,قرية مدمَّرة (1948),,,,,,الدائرة الوطنية لشؤون اللاجئين (م.ت.ف) / وكالة وفا — دائرة المعلومات الوطنية,1948,🟢,قرية مدمَّرة 1948 — قضاء صفد
PS-D062,فلسطين,صفد,—,المالكية,—,المالكية,—,قرية مدمَّرة (1948),,,,,,الدائرة الوطنية لشؤون اللاجئين (م.ت.ف) / وكالة وفا — دائرة المعلومات الوطنية,1948,🟢,قرية مدمَّرة 1948 — قضاء صفد
PS-D063,فلسطين,صفد,—,مداحل,—,مداحل,—,قرية مدمَّرة (1948),,,,,,الدائرة الوطنية لشؤون اللاجئين (م.ت.ف) / وكالة وفا — دائرة المعلومات الوطنية,1948,🟢,قرية مدمَّرة 1948 — قضاء صفد
PS-D064,فلسطين,صفد,—,مغر الخيط,—,مغر الخيط,—,قرية مدمَّرة (1948),,,,,,الدائرة الوطنية لشؤون اللاجئين (م.ت.ف) / وكالة وفا — دائرة المعلومات الوطنية,1948,🟢,قرية مدمَّرة 1948 — قضاء صفد
PS-D065,فلسطين,صفد,—,المفتخرة,—,المفتخرة,—,قرية مدمَّرة (1948),,,,,,الدائرة الوطنية لشؤون اللاجئين (م.ت.ف) / وكالة وفا — دائرة المعلومات الوطنية,1948,🟢,قرية مدمَّرة 1948 — قضاء صفد
PS-D066,فلسطين,صفد,—,ملاحة,—,ملاحة,—,قرية مدمَّرة (1948),,,,,,الدائرة الوطنية لشؤون اللاجئين (م.ت.ف) / وكالة وفا — دائرة المعلومات الوطنية,1948,🟢,قرية مدمَّرة 1948 — قضاء صفد
PS-D067,فلسطين,صفد,—,المنشية,—,المنشية,—,قرية مدمَّرة (1948),,,,,,الدائرة الوطنية لشؤون اللاجئين (م.ت.ف) / وكالة وفا — دائرة المعلومات الوطنية,1948,🟢,قرية مدمَّرة 1948 — قضاء صفد
PS-D068,فلسطين,صفد,—,المنصورة,—,المنصورة,—,قرية مدمَّرة (1948),,,,2482,1948,الدائرة الوطنية لشؤون اللاجئين (م.ت.ف) / وكالة وفا — دائرة المعلومات الوطنية,1948,🟢,قرية مدمَّرة 1948 — قضاء صفد؛ هُجِّرت في 11 مايو 1948
PS-D069,فلسطين,صفد,—,منصور الخيط,—,منصور الخيط,—,قرية مدمَّرة (1948),,,,,,الدائرة الوطنية لشؤون اللاجئين (م.ت.ف) / وكالة وفا — دائرة المعلومات الوطنية,1948,🟢,قرية مدمَّرة 1948 — قضاء صفد
PS-D070,فلسطين,صفد,—,ميرون,—,ميرون,—,قرية مدمَّرة (1948),,,,,,الدائرة الوطنية لشؤون اللاجئين (م.ت.ف) / وكالة وفا — دائرة المعلومات الوطنية,1948,🟢,قرية مدمَّرة 1948 — قضاء صفد
PS-D071,فلسطين,صفد,—,الناعمة,—,الناعمة,—,قرية مدمَّرة (1948),,,,,,الدائرة الوطنية لشؤون اللاجئين (م.ت.ف) / وكالة وفا — دائرة المعلومات الوطنية,1948,🟢,قرية مدمَّرة 1948 — قضاء صفد
PS-D072,فلسطين,صفد,—,النبي يوشع,—,النبي يوشع,—,قرية مدمَّرة (1948),,,,,,الدائرة الوطنية لشؤون اللاجئين (م.ت.ف) / وكالة وفا — دائرة المعلومات الوطنية,1948,🟢,قرية مدمَّرة 1948 — قضاء صفد
PS-D073,فلسطين,صفد,—,هراوي,—,هراوي,—,قرية مدمَّرة (1948),,,,,,الدائرة الوطنية لشؤون اللاجئين (م.ت.ف) / وكالة وفا — دائرة المعلومات الوطنية,1948,🟢,قرية مدمَّرة 1948 — قضاء صفد
PS-D074,فلسطين,صفد,—,هونين,—,هونين,—,قرية مدمَّرة (1948),,,,,,الدائرة الوطنية لشؤون اللاجئين (م.ت.ف) / وكالة وفا — دائرة المعلومات الوطنية,1948,🟢,قرية مدمَّرة 1948 — قضاء صفد
PS-D075,فلسطين,صفد,—,الويزية,—,الويزية,—,قرية مدمَّرة (1948),,,,,,الدائرة الوطنية لشؤون اللاجئين (م.ت.ف) / وكالة وفا — دائرة المعلومات الوطنية,1948,🟢,قرية مدمَّرة 1948 — قضاء صفد
PS-D076,فلسطين,صفد,—,يردا,—,يردا,—,قرية مدمَّرة (1948),,,,,,الدائرة الوطنية لشؤون اللاجئين (م.ت.ف) / وكالة وفا — دائرة المعلومات الوطنية,1948,🟢,قرية مدمَّرة 1948 — قضاء صفد
PS-D077,فلسطين,صفد,—,بيريا,—,بيريا,—,قرية مدمَّرة (1948),,,,278,1948,الدائرة الوطنية لشؤون اللاجئين (م.ت.ف) / وكالة وفا — دائرة المعلومات الوطنية,1948,🟢,قرية مدمَّرة 1948 — قضاء صفد؛ هُجِّرت في 2 مايو 1948
PS-D078,فلسطين,عكا,—,أقرت,—,أقرت,—,قرية مدمَّرة (1948),,,,,,الدائرة الوطنية لشؤون اللاجئين (م.ت.ف) / وكالة وفا — دائرة المعلومات الوطنية,1948,🟢,قرية مدمَّرة 1948 — قضاء عكا
PS-D079,فلسطين,عكا,—,أم الفرج,—,أم الفرج,—,قرية مدمَّرة (1948),,,,,,الدائرة الوطنية لشؤون اللاجئين (م.ت.ف) / وكالة وفا — دائرة المعلومات الوطنية,1948,🟢,قرية مدمَّرة 1948 — قضاء عكا
PS-D080,فلسطين,عكا,—,البروة,—,البروة,—,قرية مدمَّرة (1948),,,,,,الدائرة الوطنية لشؤون اللاجئين (م.ت.ف) / وكالة وفا — دائرة المعلومات الوطنية,1948,🟢,قرية مدمَّرة 1948 — قضاء عكا
PS-D081,فلسطين,عكا,—,البصة,—,البصة,—,قرية مدمَّرة (1948),,,,,,الدائرة الوطنية لشؤون اللاجئين (م.ت.ف) / وكالة وفا — دائرة المعلومات الوطنية,1948,🟢,قرية مدمَّرة 1948 — قضاء عكا؛ ما تبقى منها موثَّق بالصور
PS-D082,فلسطين,عكا,—,تربيخا,—,تربيخا,—,قرية مدمَّرة (1948),,,,,,الدائرة الوطنية لشؤون اللاجئين (م.ت.ف) / وكالة وفا — دائرة المعلومات الوطنية,1948,🟢,قرية مدمَّرة 1948 — قضاء عكا
PS-D083,فلسطين,عكا,—,التل,—,التل,—,قرية مدمَّرة (1948),,,,,,الدائرة الوطنية لشؤون اللاجئين (م.ت.ف) / وكالة وفا — دائرة المعلومات الوطنية,1948,🟢,قرية مدمَّرة 1948 — قضاء عكا
PS-D084,فلسطين,عكا,—,خربة جدين,—,خربة جدين,—,قرية مدمَّرة (1948),,,,,,الدائرة الوطنية لشؤون اللاجئين (م.ت.ف) / وكالة وفا — دائرة المعلومات الوطنية,1948,🟢,قرية مدمَّرة 1948 — قضاء عكا
PS-D085,فلسطين,عكا,—,خربة عربين,—,خربة عربين,—,قرية مدمَّرة (1948),,,,,,الدائرة الوطنية لشؤون اللاجئين (م.ت.ف) / وكالة وفا — دائرة المعلومات الوطنية,1948,🟢,قرية مدمَّرة 1948 — قضاء عكا
PS-D086,فلسطين,عكا,—,الدامون,—,الدامون,—,قرية مدمَّرة (1948),,,,,,الدائرة الوطنية لشؤون اللاجئين (م.ت.ف) / وكالة وفا — دائرة المعلومات الوطنية,1948,🟢,قرية مدمَّرة 1948 — قضاء عكا
PS-D087,فلسطين,عكا,—,دير القاسي,—,دير القاسي,—,قرية مدمَّرة (1948),,,,,,الدائرة الوطنية لشؤون اللاجئين (م.ت.ف) / وكالة وفا — دائرة المعلومات الوطنية,1948,🟢,قرية مدمَّرة 1948 — قضاء عكا
PS-D088,فلسطين,عكا,—,الرويس,—,الرويس,—,قرية مدمَّرة (1948),,,,,,الدائرة الوطنية لشؤون اللاجئين (م.ت.ف) / وكالة وفا — دائرة المعلومات الوطنية,1948,🟢,قرية مدمَّرة 1948 — قضاء عكا
PS-D089,فلسطين,عكا,—,الزبيب,—,الزبيب,—,قرية مدمَّرة (1948),,,,,,الدائرة الوطنية لشؤون اللاجئين (م.ت.ف) / وكالة وفا — دائرة المعلومات الوطنية,1948,🟢,قرية مدمَّرة 1948 — قضاء عكا
PS-D090,فلسطين,عكا,—,الزيب,—,الزيب,—,قرية مدمَّرة (1948),,,,,,الدائرة الوطنية لشؤون اللاجئين (م.ت.ف) / وكالة وفا — دائرة المعلومات الوطنية,1948,🟢,قرية مدمَّرة 1948 — قضاء عكا؛ ما تبقى منها موثَّق بالصور
PS-D091,فلسطين,عكا,—,سحماتا,—,سحماتا,—,قرية مدمَّرة (1948),,,,,,الدائرة الوطنية لشؤون اللاجئين (م.ت.ف) / وكالة وفا — دائرة المعلومات الوطنية,1948,🟢,قرية مدمَّرة 1948 — قضاء عكا
PS-D092,فلسطين,عكا,—,سروح,—,سروح,—,قرية مدمَّرة (1948),,,,,,الدائرة الوطنية لشؤون اللاجئين (م.ت.ف) / وكالة وفا — دائرة المعلومات الوطنية,1948,🟢,قرية مدمَّرة 1948 — قضاء عكا
PS-D093,فلسطين,عكا,—,السميرية,—,السميرية,—,قرية مدمَّرة (1948),,,,,,الدائرة الوطنية لشؤون اللاجئين (م.ت.ف) / وكالة وفا — دائرة المعلومات الوطنية,1948,🟢,قرية مدمَّرة 1948 — قضاء عكا؛ ما تبقى منها موثَّق بالصور
PS-D094,فلسطين,عكا,—,عرب السمنة,—,عرب السمنة,—,قرية مدمَّرة (1948),,,,,,الدائرة الوطنية لشؤون اللاجئين (م.ت.ف) / وكالة وفا — دائرة المعلومات الوطنية,1948,🟢,قرية مدمَّرة 1948 — قضاء عكا
PS-D095,فلسطين,عكا,—,عمقا,—,عمقا,—,قرية مدمَّرة (1948),,,,,,الدائرة الوطنية لشؤون اللاجئين (م.ت.ف) / وكالة وفا — دائرة المعلومات الوطنية,1948,🟢,قرية مدمَّرة 1948 — قضاء عكا
PS-D096,فلسطين,عكا,—,الغابسية,—,الغابسية,—,قرية مدمَّرة (1948),,,,,,الدائرة الوطنية لشؤون اللاجئين (م.ت.ف) / وكالة وفا — دائرة المعلومات الوطنية,1948,🟢,قرية مدمَّرة 1948 — قضاء عكا
PS-D097,فلسطين,عكا,—,الكابري,—,الكابري,—,قرية مدمَّرة (1948),,,,,,الدائرة الوطنية لشؤون اللاجئين (م.ت.ف) / وكالة وفا — دائرة المعلومات الوطنية,1948,🟢,قرية مدمَّرة 1948 — قضاء عكا
PS-D098,فلسطين,عكا,—,كفر عنان,—,كفر عنان,—,قرية مدمَّرة (1948),,,,,,الدائرة الوطنية لشؤون اللاجئين (م.ت.ف) / وكالة وفا — دائرة المعلومات الوطنية,1948,🟢,قرية مدمَّرة 1948 — قضاء عكا
PS-D099,فلسطين,عكا,—,كويكات,—,كويكات,—,قرية مدمَّرة (1948),,,,,,الدائرة الوطنية لشؤون اللاجئين (م.ت.ف) / وكالة وفا — دائرة المعلومات الوطنية,1948,🟢,قرية مدمَّرة 1948 — قضاء عكا
PS-D100,فلسطين,عكا,—,خربة إدميث,—,خربة إدميث,—,قرية مدمَّرة (1948),,,,,,الدائرة الوطنية لشؤون اللاجئين (م.ت.ف) / وكالة وفا — دائرة المعلومات الوطنية,1948,🟢,قرية مدمَّرة 1948 — قضاء عكا؛ ما تبقى منها موثَّق بالصور
PS-D101,فلسطين,طبريا,—,حدثا,—,حدثا,—,قرية مدمَّرة (1948),,,,,,الدائرة الوطنية لشؤون اللاجئين (م.ت.ف) / وكالة وفا — دائرة المعلومات الوطنية,1948,🟢,قرية مدمَّرة 1948 — قضاء طبريا
PS-D102,فلسطين,طبريا,—,حطين,—,حطين,—,قرية مدمَّرة (1948),,,,1380,1948,الدائرة الوطنية لشؤون اللاجئين (م.ت.ف) / وكالة وفا — دائرة المعلومات الوطنية,1948,🟢,قرية مدمَّرة 1948 — قضاء طبريا؛ هُجِّرت في 16 يوليو 1948
PS-D103,فلسطين,طبريا,—,الحمة,—,الحمة,—,قرية مدمَّرة (1948),,,,,,الدائرة الوطنية لشؤون اللاجئين (م.ت.ف) / وكالة وفا — دائرة المعلومات الوطنية,1948,🟢,قرية مدمَّرة 1948 — قضاء طبريا
PS-D104,فلسطين,طبريا,—,خربة الوعرة السوداء,—,خربة الوعرة السوداء,—,قرية مدمَّرة (1948),,,,,,الدائرة الوطنية لشؤون اللاجئين (م.ت.ف) / وكالة وفا — دائرة المعلومات الوطنية,1948,🟢,قرية مدمَّرة 1948 — قضاء طبريا
PS-D105,فلسطين,طبريا,—,الدلهمية,—,الدلهمية,—,قرية مدمَّرة (1948),,,,,,الدائرة الوطنية لشؤون اللاجئين (م.ت.ف) / وكالة وفا — دائرة المعلومات الوطنية,1948,🟢,قرية مدمَّرة 1948 — قضاء طبريا
PS-D106,فلسطين,طبريا,—,سمخ,—,سمخ,—,قرية مدمَّرة (1948),,,,,,الدائرة الوطنية لشؤون اللاجئين (م.ت.ف) / وكالة وفا — دائرة المعلومات الوطنية,1948,🟢,قرية مدمَّرة 1948 — قضاء طبريا
PS-D107,فلسطين,طبريا,—,السمرا,—,السمرا,—,قرية مدمَّرة (1948),,,,336,1948,الدائرة الوطنية لشؤون اللاجئين (م.ت.ف) / وكالة وفا — دائرة المعلومات الوطنية,1948,🟢,قرية مدمَّرة 1948 — قضاء طبريا؛ هُجِّرت في 21 أبريل 1948
PS-D108,فلسطين,طبريا,—,السمكية,—,السمكية,—,قرية مدمَّرة (1948),,,,,,الدائرة الوطنية لشؤون اللاجئين (م.ت.ف) / وكالة وفا — دائرة المعلومات الوطنية,1948,🟢,قرية مدمَّرة 1948 — قضاء طبريا
PS-D109,فلسطين,طبريا,—,الشجرة,—,الشجرة,—,قرية مدمَّرة (1948),,,,893,1948,الدائرة الوطنية لشؤون اللاجئين (م.ت.ف) / وكالة وفا — دائرة المعلومات الوطنية,1948,🟢,قرية مدمَّرة 1948 — قضاء طبريا؛ هُجِّرت في 9 مايو 1948
PS-D110,فلسطين,طبريا,—,الطابغة,—,الطابغة,—,قرية مدمَّرة (1948),,,,383,1948,الدائرة الوطنية لشؤون اللاجئين (م.ت.ف) / وكالة وفا — دائرة المعلومات الوطنية,1948,🟢,قرية مدمَّرة 1948 — قضاء طبريا؛ هُجِّرت في 4 مايو 1948
PS-D111,فلسطين,طبريا,—,العبيدية,—,العبيدية,—,قرية مدمَّرة (1948),,,,1009,1948,الدائرة الوطنية لشؤون اللاجئين (م.ت.ف) / وكالة وفا — دائرة المعلومات الوطنية,1948,🟢,قرية مدمَّرة 1948 — قضاء طبريا؛ هُجِّرت في مارس 1948
PS-D112,فلسطين,طبريا,—,عولم,—,عولم,—,قرية مدمَّرة (1948),,,,,,الدائرة الوطنية لشؤون اللاجئين (م.ت.ف) / وكالة وفا — دائرة المعلومات الوطنية,1948,🟢,قرية مدمَّرة 1948 — قضاء طبريا
PS-D113,فلسطين,طبريا,—,غوير أبو شوشة,—,غوير أبو شوشة,—,قرية مدمَّرة (1948),,,,1438,1948,الدائرة الوطنية لشؤون اللاجئين (م.ت.ف) / وكالة وفا — دائرة المعلومات الوطنية,1948,🟢,قرية مدمَّرة 1948 — قضاء طبريا؛ هُجِّرت في 20 أبريل 1948
PS-D114,فلسطين,طبريا,—,كفر سبت,—,كفر سبت,—,قرية مدمَّرة (1948),,,,,,الدائرة الوطنية لشؤون اللاجئين (م.ت.ف) / وكالة وفا — دائرة المعلومات الوطنية,1948,🟢,قرية مدمَّرة 1948 — قضاء طبريا
PS-D115,فلسطين,طبريا,—,لوبيا,—,لوبيا,—,قرية مدمَّرة (1948),,,,,,الدائرة الوطنية لشؤون اللاجئين (م.ت.ف) / وكالة وفا — دائرة المعلومات الوطنية,1948,🟢,قرية مدمَّرة 1948 — قضاء طبريا
PS-D116,فلسطين,طبريا,—,المجدل,—,المجدل,—,قرية مدمَّرة (1948),,,,,,الدائرة الوطنية لشؤون اللاجئين (م.ت.ف) / وكالة وفا — دائرة المعلومات الوطنية,1948,🟢,قرية مدمَّرة 1948 — قضاء طبريا
PS-D117,فلسطين,طبريا,—,معذر,—,معذر,—,قرية مدمَّرة (1948),,,,,,الدائرة الوطنية لشؤون اللاجئين (م.ت.ف) / وكالة وفا — دائرة المعلومات الوطنية,1948,🟢,قرية مدمَّرة 1948 — قضاء طبريا
PS-D118,فلسطين,طبريا,—,المنارة,—,المنارة,—,قرية مدمَّرة (1948),,,,,,الدائرة الوطنية لشؤون اللاجئين (م.ت.ف) / وكالة وفا — دائرة المعلومات الوطنية,1948,🟢,قرية مدمَّرة 1948 — قضاء طبريا
PS-D119,فلسطين,طبريا,—,المنشية,—,المنشية,—,قرية مدمَّرة (1948),,,,,,الدائرة الوطنية لشؤون اللاجئين (م.ت.ف) / وكالة وفا — دائرة المعلومات الوطنية,1948,🟢,قرية مدمَّرة 1948 — قضاء طبريا
PS-D120,فلسطين,طبريا,—,المنصورة,—,المنصورة,—,قرية مدمَّرة (1948),,,,2482,1948,الدائرة الوطنية لشؤون اللاجئين (م.ت.ف) / وكالة وفا — دائرة المعلومات الوطنية,1948,🟢,قرية مدمَّرة 1948 — قضاء طبريا؛ هُجِّرت في 11 مايو 1948
PS-D121,فلسطين,طبريا,—,ناصر الدين,—,ناصر الدين,—,قرية مدمَّرة (1948),,,,104,1948,الدائرة الوطنية لشؤون اللاجئين (م.ت.ف) / وكالة وفا — دائرة المعلومات الوطنية,1948,🟢,قرية مدمَّرة 1948 — قضاء طبريا؛ هُجِّرت في 12 أبريل 1948
PS-D122,فلسطين,طبريا,—,النقيب,—,النقيب,—,قرية مدمَّرة (1948),,,,371,1948,الدائرة الوطنية لشؤون اللاجئين (م.ت.ف) / وكالة وفا — دائرة المعلومات الوطنية,1948,🟢,قرية مدمَّرة 1948 — قضاء طبريا؛ هُجِّرت في 15 مايو 1948
PS-D123,فلسطين,طبريا,—,نمرين,—,نمرين,—,قرية مدمَّرة (1948),,,,371,1948,الدائرة الوطنية لشؤون اللاجئين (م.ت.ف) / وكالة وفا — دائرة المعلومات الوطنية,1948,🟢,قرية مدمَّرة 1948 — قضاء طبريا؛ هُجِّرت في 16 يوليو 1948
PS-D124,فلسطين,طبريا,—,وادي الحمام,—,وادي الحمام,—,قرية مدمَّرة (1948),,,,,,الدائرة الوطنية لشؤون اللاجئين (م.ت.ف) / وكالة وفا — دائرة المعلومات الوطنية,1948,🟢,قرية مدمَّرة 1948 — قضاء طبريا
PS-D125,فلسطين,طبريا,—,ياقوق,—,ياقوق,—,قرية مدمَّرة (1948),,,,244,1948,الدائرة الوطنية لشؤون اللاجئين (م.ت.ف) / وكالة وفا — دائرة المعلومات الوطنية,1948,🟢,قرية مدمَّرة 1948 — قضاء طبريا؛ هُجِّرت في 1 مايو 1948
PS-D126,فلسطين,حيفا,—,أبو زريق,—,أبو زريق,—,قرية مدمَّرة (1948),,,,,,الدائرة الوطنية لشؤون اللاجئين (م.ت.ف) / وكالة وفا — دائرة المعلومات الوطنية,1948,🟢,قرية مدمَّرة 1948 — قضاء حيفا
PS-D127,فلسطين,حيفا,—,أبو شوشة,—,أبو شوشة,—,قرية مدمَّرة (1948),,,,,,الدائرة الوطنية لشؤون اللاجئين (م.ت.ف) / وكالة وفا — دائرة المعلومات الوطنية,1948,🟢,قرية مدمَّرة 1948 — قضاء حيفا
PS-D128,فلسطين,حيفا,—,أجزم,—,أجزم,—,قرية مدمَّرة (1948),,,,,,الدائرة الوطنية لشؤون اللاجئين (م.ت.ف) / وكالة وفا — دائرة المعلومات الوطنية,1948,🟢,قرية مدمَّرة 1948 — قضاء حيفا
PS-D129,فلسطين,حيفا,—,أم الزينات,—,أم الزينات,—,قرية مدمَّرة (1948),,,,,,الدائرة الوطنية لشؤون اللاجئين (م.ت.ف) / وكالة وفا — دائرة المعلومات الوطنية,1948,🟢,قرية مدمَّرة 1948 — قضاء حيفا
PS-D130,فلسطين,حيفا,—,أم الشوف,—,أم الشوف,—,قرية مدمَّرة (1948),,,,,,الدائرة الوطنية لشؤون اللاجئين (م.ت.ف) / وكالة وفا — دائرة المعلومات الوطنية,1948,🟢,قرية مدمَّرة 1948 — قضاء حيفا
PS-D131,فلسطين,حيفا,—,برة القيسارية,—,برة القيسارية,—,قرية مدمَّرة (1948),,,,,,الدائرة الوطنية لشؤون اللاجئين (م.ت.ف) / وكالة وفا — دائرة المعلومات الوطنية,1948,🟢,قرية مدمَّرة 1948 — قضاء حيفا
PS-D132,فلسطين,حيفا,—,بريكة,—,بريكة,—,قرية مدمَّرة (1948),,,,336,1948,الدائرة الوطنية لشؤون اللاجئين (م.ت.ف) / وكالة وفا — دائرة المعلومات الوطنية,1948,🟢,قرية مدمَّرة 1948 — قضاء حيفا؛ هُجِّرت في 5 مايو 1948
PS-D133,فلسطين,حيفا,—,البطيمات,—,البطيمات,—,قرية مدمَّرة (1948),,,,,,الدائرة الوطنية لشؤون اللاجئين (م.ت.ف) / وكالة وفا — دائرة المعلومات الوطنية,1948,🟢,قرية مدمَّرة 1948 — قضاء حيفا
PS-D134,فلسطين,حيفا,—,بلد الشيخ,—,بلد الشيخ,—,قرية مدمَّرة (1948),,,,,,الدائرة الوطنية لشؤون اللاجئين (م.ت.ف) / وكالة وفا — دائرة المعلومات الوطنية,1948,🟢,قرية مدمَّرة 1948 — قضاء حيفا
PS-D135,فلسطين,حيفا,—,جبع,—,جبع,—,قرية مدمَّرة (1948),,,,,,الدائرة الوطنية لشؤون اللاجئين (م.ت.ف) / وكالة وفا — دائرة المعلومات الوطنية,1948,🟢,قرية مدمَّرة 1948 — قضاء حيفا
PS-D136,فلسطين,حيفا,—,الجلمة,—,الجلمة,—,قرية مدمَّرة (1948),,,,,,الدائرة الوطنية لشؤون اللاجئين (م.ت.ف) / وكالة وفا — دائرة المعلومات الوطنية,1948,🟢,قرية مدمَّرة 1948 — قضاء حيفا
PS-D137,فلسطين,حيفا,—,خبيزة,—,خبيزة,—,قرية مدمَّرة (1948),,,,,,الدائرة الوطنية لشؤون اللاجئين (م.ت.ف) / وكالة وفا — دائرة المعلومات الوطنية,1948,🟢,قرية مدمَّرة 1948 — قضاء حيفا
PS-D138,فلسطين,حيفا,—,خربة البرج,—,خربة البرج,—,قرية مدمَّرة (1948),,,,,,الدائرة الوطنية لشؤون اللاجئين (م.ت.ف) / وكالة وفا — دائرة المعلومات الوطنية,1948,🟢,قرية مدمَّرة 1948 — قضاء حيفا
PS-D139,فلسطين,حيفا,—,خربة الدامون,—,خربة الدامون,—,قرية مدمَّرة (1948),,,,,,الدائرة الوطنية لشؤون اللاجئين (م.ت.ف) / وكالة وفا — دائرة المعلومات الوطنية,1948,🟢,قرية مدمَّرة 1948 — قضاء حيفا
PS-D140,فلسطين,حيفا,—,خربة السركس,—,خربة السركس,—,قرية مدمَّرة (1948),,,,,,الدائرة الوطنية لشؤون اللاجئين (م.ت.ف) / وكالة وفا — دائرة المعلومات الوطنية,1948,🟢,قرية مدمَّرة 1948 — قضاء حيفا
PS-D141,فلسطين,حيفا,—,خربة السعسع,—,خربة السعسع,—,قرية مدمَّرة (1948),,,,,,الدائرة الوطنية لشؤون اللاجئين (م.ت.ف) / وكالة وفا — دائرة المعلومات الوطنية,1948,🟢,قرية مدمَّرة 1948 — قضاء حيفا
PS-D142,فلسطين,حيفا,—,خربة الشونة,—,خربة الشونة,—,قرية مدمَّرة (1948),,,,,,الدائرة الوطنية لشؤون اللاجئين (م.ت.ف) / وكالة وفا — دائرة المعلومات الوطنية,1948,🟢,قرية مدمَّرة 1948 — قضاء حيفا
PS-D143,فلسطين,حيفا,—,خربة قمباز,—,خربة قمباز,—,قرية مدمَّرة (1948),,,,,,الدائرة الوطنية لشؤون اللاجئين (م.ت.ف) / وكالة وفا — دائرة المعلومات الوطنية,1948,🟢,قرية مدمَّرة 1948 — قضاء حيفا
PS-D144,فلسطين,حيفا,—,خربة الكساير,—,خربة الكساير,—,قرية مدمَّرة (1948),,,,,,الدائرة الوطنية لشؤون اللاجئين (م.ت.ف) / وكالة وفا — دائرة المعلومات الوطنية,1948,🟢,قرية مدمَّرة 1948 — قضاء حيفا
PS-D145,فلسطين,حيفا,—,خربة لد,—,خربة لد,—,قرية مدمَّرة (1948),,,,,,الدائرة الوطنية لشؤون اللاجئين (م.ت.ف) / وكالة وفا — دائرة المعلومات الوطنية,1948,🟢,قرية مدمَّرة 1948 — قضاء حيفا
PS-D146,فلسطين,حيفا,—,خربة المنارة,—,خربة المنارة,—,قرية مدمَّرة (1948),,,,,,الدائرة الوطنية لشؤون اللاجئين (م.ت.ف) / وكالة وفا — دائرة المعلومات الوطنية,1948,🟢,قرية مدمَّرة 1948 — قضاء حيفا
PS-D147,فلسطين,حيفا,—,خربة المنصورة,—,خربة المنصورة,—,قرية مدمَّرة (1948),,,,,,الدائرة الوطنية لشؤون اللاجئين (م.ت.ف) / وكالة وفا — دائرة المعلومات الوطنية,1948,🟢,قرية مدمَّرة 1948 — قضاء حيفا
PS-D148,فلسطين,حيفا,—,دالية الروحاء,—,دالية الروحاء,—,قرية مدمَّرة (1948),,,,325,1948,الدائرة الوطنية لشؤون اللاجئين (م.ت.ف) / وكالة وفا — دائرة المعلومات الوطنية,1948,🟢,قرية مدمَّرة 1948 — قضاء حيفا؛ هُجِّرت في 1 مارس 1948
PS-D149,فلسطين,حيفا,—,الريحانية,—,الريحانية,—,قرية مدمَّرة (1948),,,,,,الدائرة الوطنية لشؤون اللاجئين (م.ت.ف) / وكالة وفا — دائرة المعلومات الوطنية,1948,🟢,قرية مدمَّرة 1948 — قضاء حيفا
PS-D150,فلسطين,حيفا,—,السنديانة,—,السنديانة,—,قرية مدمَّرة (1948),,,,,,الدائرة الوطنية لشؤون اللاجئين (م.ت.ف) / وكالة وفا — دائرة المعلومات الوطنية,1948,🟢,قرية مدمَّرة 1948 — قضاء حيفا
PS-D151,فلسطين,حيفا,—,السوامير,—,السوامير,—,قرية مدمَّرة (1948),,,,,,الدائرة الوطنية لشؤون اللاجئين (م.ت.ف) / وكالة وفا — دائرة المعلومات الوطنية,1948,🟢,قرية مدمَّرة 1948 — قضاء حيفا
PS-D152,فلسطين,حيفا,—,صبارين,—,صبارين,—,قرية مدمَّرة (1948),,,,,,الدائرة الوطنية لشؤون اللاجئين (م.ت.ف) / وكالة وفا — دائرة المعلومات الوطنية,1948,🟢,قرية مدمَّرة 1948 — قضاء حيفا
PS-D153,فلسطين,حيفا,—,الصرفند,—,الصرفند,—,قرية مدمَّرة (1948),,,,336,1948,الدائرة الوطنية لشؤون اللاجئين (م.ت.ف) / وكالة وفا — دائرة المعلومات الوطنية,1948,🟢,قرية مدمَّرة 1948 — قضاء حيفا؛ هُجِّرت في 16 يوليو 1948
PS-D154,فلسطين,حيفا,—,الطنطورة,—,الطنطورة,—,قرية مدمَّرة (1948),,,,,,الدائرة الوطنية لشؤون اللاجئين (م.ت.ف) / وكالة وفا — دائرة المعلومات الوطنية,1948,🟢,قرية مدمَّرة 1948 — قضاء حيفا؛ قرية ساحلية — رمز في الذاكرة الفلسطينية
PS-D155,فلسطين,حيفا,—,الطيرة,—,الطيرة,—,قرية مدمَّرة (1948),,,,,,الدائرة الوطنية لشؤون اللاجئين (م.ت.ف) / وكالة وفا — دائرة المعلومات الوطنية,1948,🟢,قرية مدمَّرة 1948 — قضاء حيفا
PS-D156,فلسطين,حيفا,—,عتليت,—,عتليت,—,قرية مدمَّرة (1948),,,,,,الدائرة الوطنية لشؤون اللاجئين (م.ت.ف) / وكالة وفا — دائرة المعلومات الوطنية,1948,🟢,قرية مدمَّرة 1948 — قضاء حيفا؛ موقع صليبي
PS-D157,فلسطين,حيفا,—,عرب ظهرة الضميري,—,عرب ظهرة الضميري,—,قرية مدمَّرة (1948),,,,,,الدائرة الوطنية لشؤون اللاجئين (م.ت.ف) / وكالة وفا — دائرة المعلومات الوطنية,1948,🟢,قرية مدمَّرة 1948 — قضاء حيفا
PS-D158,فلسطين,حيفا,—,عرب الفقراء,—,عرب الفقراء,—,قرية مدمَّرة (1948),,,,,,الدائرة الوطنية لشؤون اللاجئين (م.ت.ف) / وكالة وفا — دائرة المعلومات الوطنية,1948,🟢,قرية مدمَّرة 1948 — قضاء حيفا
PS-D159,فلسطين,حيفا,—,عرب النفعيات,—,عرب النفعيات,—,قرية مدمَّرة (1948),,,,,,الدائرة الوطنية لشؤون اللاجئين (م.ت.ف) / وكالة وفا — دائرة المعلومات الوطنية,1948,🟢,قرية مدمَّرة 1948 — قضاء حيفا
PS-D160,فلسطين,حيفا,—,عين حوض,—,عين حوض,—,قرية مدمَّرة (1948),,,,,,الدائرة الوطنية لشؤون اللاجئين (م.ت.ف) / وكالة وفا — دائرة المعلومات الوطنية,1948,🟢,قرية مدمَّرة 1948 — قضاء حيفا؛ تحولت إلى قرية فنانين
PS-D161,فلسطين,حيفا,—,عين غزال,—,عين غزال,—,قرية مدمَّرة (1948),,,,,,الدائرة الوطنية لشؤون اللاجئين (م.ت.ف) / وكالة وفا — دائرة المعلومات الوطنية,1948,🟢,قرية مدمَّرة 1948 — قضاء حيفا
PS-D162,فلسطين,حيفا,—,الغبية التحتا,—,الغبية التحتا,—,قرية مدمَّرة (1948),,,,,,الدائرة الوطنية لشؤون اللاجئين (م.ت.ف) / وكالة وفا — دائرة المعلومات الوطنية,1948,🟢,قرية مدمَّرة 1948 — قضاء حيفا
PS-D163,فلسطين,حيفا,—,الغبية الفوقا,—,الغبية الفوقا,—,قرية مدمَّرة (1948),,,,,,الدائرة الوطنية لشؤون اللاجئين (م.ت.ف) / وكالة وفا — دائرة المعلومات الوطنية,1948,🟢,قرية مدمَّرة 1948 — قضاء حيفا
PS-D164,فلسطين,حيفا,—,قنير,—,قنير,—,قرية مدمَّرة (1948),,,,,,الدائرة الوطنية لشؤون اللاجئين (م.ت.ف) / وكالة وفا — دائرة المعلومات الوطنية,1948,🟢,قرية مدمَّرة 1948 — قضاء حيفا
PS-D165,فلسطين,حيفا,—,قيرة,—,قيرة,—,قرية مدمَّرة (1948),,,,,,الدائرة الوطنية لشؤون اللاجئين (م.ت.ف) / وكالة وفا — دائرة المعلومات الوطنية,1948,🟢,قرية مدمَّرة 1948 — قضاء حيفا
PS-D166,فلسطين,حيفا,—,قيسارية,—,قيسارية,—,قرية مدمَّرة (1948),,,,,,الدائرة الوطنية لشؤون اللاجئين (م.ت.ف) / وكالة وفا — دائرة المعلومات الوطنية,1948,🟢,قرية مدمَّرة 1948 — قضاء حيفا؛ موقع روماني/بيزنطي
PS-D167,فلسطين,حيفا,—,كبارة,—,كبارة,—,قرية مدمَّرة (1948),,,,,,الدائرة الوطنية لشؤون اللاجئين (م.ت.ف) / وكالة وفا — دائرة المعلومات الوطنية,1948,🟢,قرية مدمَّرة 1948 — قضاء حيفا
PS-D168,فلسطين,حيفا,—,كفر لام,—,كفر لام,—,قرية مدمَّرة (1948),,,,394,1948,الدائرة الوطنية لشؤون اللاجئين (م.ت.ف) / وكالة وفا — دائرة المعلومات الوطنية,1948,🟢,قرية مدمَّرة 1948 — قضاء حيفا؛ هُجِّرت في 16 يوليو 1948
PS-D169,فلسطين,حيفا,—,الكفرين,—,الكفرين,—,قرية مدمَّرة (1948),,,,,,الدائرة الوطنية لشؤون اللاجئين (م.ت.ف) / وكالة وفا — دائرة المعلومات الوطنية,1948,🟢,قرية مدمَّرة 1948 — قضاء حيفا
PS-D170,فلسطين,حيفا,—,المزار,—,المزار,—,قرية مدمَّرة (1948),,,,,,الدائرة الوطنية لشؤون اللاجئين (م.ت.ف) / وكالة وفا — دائرة المعلومات الوطنية,1948,🟢,قرية مدمَّرة 1948 — قضاء حيفا
PS-D171,فلسطين,حيفا,—,المنسي,—,المنسي,—,قرية مدمَّرة (1948),,,,,,الدائرة الوطنية لشؤون اللاجئين (م.ت.ف) / وكالة وفا — دائرة المعلومات الوطنية,1948,🟢,قرية مدمَّرة 1948 — قضاء حيفا
PS-D172,فلسطين,حيفا,—,النغنغية,—,النغنغية,—,قرية مدمَّرة (1948),,,,,,الدائرة الوطنية لشؤون اللاجئين (م.ت.ف) / وكالة وفا — دائرة المعلومات الوطنية,1948,🟢,قرية مدمَّرة 1948 — قضاء حيفا
PS-D173,فلسطين,حيفا,—,هوشة,—,هوشة,—,قرية مدمَّرة (1948),,,,,,الدائرة الوطنية لشؤون اللاجئين (م.ت.ف) / وكالة وفا — دائرة المعلومات الوطنية,1948,🟢,قرية مدمَّرة 1948 — قضاء حيفا
PS-D174,فلسطين,حيفا,—,وادي عارة,—,وادي عارة,—,قرية مدمَّرة (1948),,,,,,الدائرة الوطنية لشؤون اللاجئين (م.ت.ف) / وكالة وفا — دائرة المعلومات الوطنية,1948,🟢,قرية مدمَّرة 1948 — قضاء حيفا
PS-D175,فلسطين,حيفا,—,وعرة السريس,—,وعرة السريس,—,قرية مدمَّرة (1948),,,,,,الدائرة الوطنية لشؤون اللاجئين (م.ت.ف) / وكالة وفا — دائرة المعلومات الوطنية,1948,🟢,قرية مدمَّرة 1948 — قضاء حيفا
PS-D176,فلسطين,حيفا,—,ياجور,—,ياجور,—,قرية مدمَّرة (1948),,,,,,الدائرة الوطنية لشؤون اللاجئين (م.ت.ف) / وكالة وفا — دائرة المعلومات الوطنية,1948,🟢,قرية مدمَّرة 1948 — قضاء حيفا
PS-D177,فلسطين,الرملة,—,أبو شوشة,—,أبو شوشة,—,قرية مدمَّرة (1948),,,,,,الدائرة الوطنية لشؤون اللاجئين (م.ت.ف) / وكالة وفا — دائرة المعلومات الوطنية,1948,🟢,قرية مدمَّرة 1948 — قضاء الرملة
PS-D178,فلسطين,الرملة,—,أبو الفضل,—,أبو الفضل,—,قرية مدمَّرة (1948),,,,,,الدائرة الوطنية لشؤون اللاجئين (م.ت.ف) / وكالة وفا — دائرة المعلومات الوطنية,1948,🟢,قرية مدمَّرة 1948 — قضاء الرملة
PS-D179,فلسطين,الرملة,—,أدنبة,—,أدنبة,—,قرية مدمَّرة (1948),,,,,,الدائرة الوطنية لشؤون اللاجئين (م.ت.ف) / وكالة وفا — دائرة المعلومات الوطنية,1948,🟢,قرية مدمَّرة 1948 — قضاء الرملة
PS-D180,فلسطين,الرملة,—,أم كلخة,—,أم كلخة,—,قرية مدمَّرة (1948),,,,,,الدائرة الوطنية لشؤون اللاجئين (م.ت.ف) / وكالة وفا — دائرة المعلومات الوطنية,1948,🟢,قرية مدمَّرة 1948 — قضاء الرملة
PS-D181,فلسطين,الرملة,—,البرج,—,البرج,—,قرية مدمَّرة (1948),,,,,,الدائرة الوطنية لشؤون اللاجئين (م.ت.ف) / وكالة وفا — دائرة المعلومات الوطنية,1948,🟢,قرية مدمَّرة 1948 — قضاء الرملة
PS-D182,فلسطين,الرملة,—,برفيلية,—,برفيلية,—,قرية مدمَّرة (1948),,,,,,الدائرة الوطنية لشؤون اللاجئين (م.ت.ف) / وكالة وفا — دائرة المعلومات الوطنية,1948,🟢,قرية مدمَّرة 1948 — قضاء الرملة
PS-D183,فلسطين,الرملة,—,البرية,—,البرية,—,قرية مدمَّرة (1948),,,,,,الدائرة الوطنية لشؤون اللاجئين (م.ت.ف) / وكالة وفا — دائرة المعلومات الوطنية,1948,🟢,قرية مدمَّرة 1948 — قضاء الرملة
PS-D184,فلسطين,الرملة,—,بشيت,—,بشيت,—,قرية مدمَّرة (1948),,,,,,الدائرة الوطنية لشؤون اللاجئين (م.ت.ف) / وكالة وفا — دائرة المعلومات الوطنية,1948,🟢,قرية مدمَّرة 1948 — قضاء الرملة
PS-D185,فلسطين,الرملة,—,بيت جيز,—,بيت جيز,—,قرية مدمَّرة (1948),,,,,,الدائرة الوطنية لشؤون اللاجئين (م.ت.ف) / وكالة وفا — دائرة المعلومات الوطنية,1948,🟢,قرية مدمَّرة 1948 — قضاء الرملة
PS-D186,فلسطين,الرملة,—,بيت سوسين,—,بيت سوسين,—,قرية مدمَّرة (1948),,,,,,الدائرة الوطنية لشؤون اللاجئين (م.ت.ف) / وكالة وفا — دائرة المعلومات الوطنية,1948,🟢,قرية مدمَّرة 1948 — قضاء الرملة
PS-D187,فلسطين,الرملة,—,بيت شنة,—,بيت شنة,—,قرية مدمَّرة (1948),,,,,,الدائرة الوطنية لشؤون اللاجئين (م.ت.ف) / وكالة وفا — دائرة المعلومات الوطنية,1948,🟢,قرية مدمَّرة 1948 — قضاء الرملة
PS-D188,فلسطين,الرملة,—,بيت نبالا,—,بيت نبالا,—,قرية مدمَّرة (1948),,,,,,الدائرة الوطنية لشؤون اللاجئين (م.ت.ف) / وكالة وفا — دائرة المعلومات الوطنية,1948,🟢,قرية مدمَّرة 1948 — قضاء الرملة
PS-D189,فلسطين,الرملة,—,بير سالم,—,بير سالم,—,قرية مدمَّرة (1948),,,,,,الدائرة الوطنية لشؤون اللاجئين (م.ت.ف) / وكالة وفا — دائرة المعلومات الوطنية,1948,🟢,قرية مدمَّرة 1948 — قضاء الرملة
PS-D190,فلسطين,الرملة,—,بير معين,—,بير معين,—,قرية مدمَّرة (1948),,,,,,الدائرة الوطنية لشؤون اللاجئين (م.ت.ف) / وكالة وفا — دائرة المعلومات الوطنية,1948,🟢,قرية مدمَّرة 1948 — قضاء الرملة
PS-D191,فلسطين,الرملة,—,التينة,—,التينة,—,قرية مدمَّرة (1948),,,,,,الدائرة الوطنية لشؤون اللاجئين (م.ت.ف) / وكالة وفا — دائرة المعلومات الوطنية,1948,🟢,قرية مدمَّرة 1948 — قضاء الرملة
PS-D192,فلسطين,الرملة,—,جليا,—,جليا,—,قرية مدمَّرة (1948),,,,,,الدائرة الوطنية لشؤون اللاجئين (م.ت.ف) / وكالة وفا — دائرة المعلومات الوطنية,1948,🟢,قرية مدمَّرة 1948 — قضاء الرملة
PS-D193,فلسطين,الرملة,—,جمزو,—,جمزو,—,قرية مدمَّرة (1948),,,,,,الدائرة الوطنية لشؤون اللاجئين (م.ت.ف) / وكالة وفا — دائرة المعلومات الوطنية,1948,🟢,قرية مدمَّرة 1948 — قضاء الرملة
PS-D194,فلسطين,الرملة,—,الحديثة,—,الحديثة,—,قرية مدمَّرة (1948),,,,,,الدائرة الوطنية لشؤون اللاجئين (م.ت.ف) / وكالة وفا — دائرة المعلومات الوطنية,1948,🟢,قرية مدمَّرة 1948 — قضاء الرملة
PS-D195,فلسطين,الرملة,—,خربة البوير,—,خربة البوير,—,قرية مدمَّرة (1948),,,,,,الدائرة الوطنية لشؤون اللاجئين (م.ت.ف) / وكالة وفا — دائرة المعلومات الوطنية,1948,🟢,قرية مدمَّرة 1948 — قضاء الرملة
PS-D196,فلسطين,الرملة,—,خربة بيت فار,—,خربة بيت فار,—,قرية مدمَّرة (1948),,,,,,الدائرة الوطنية لشؤون اللاجئين (م.ت.ف) / وكالة وفا — دائرة المعلومات الوطنية,1948,🟢,قرية مدمَّرة 1948 — قضاء الرملة
PS-D197,فلسطين,الرملة,—,خربة زكريا,—,خربة زكريا,—,قرية مدمَّرة (1948),,,,,,الدائرة الوطنية لشؤون اللاجئين (م.ت.ف) / وكالة وفا — دائرة المعلومات الوطنية,1948,🟢,قرية مدمَّرة 1948 — قضاء الرملة
PS-D198,فلسطين,الرملة,—,خربة الظهيرية,—,خربة الظهيرية,—,قرية مدمَّرة (1948),,,,,,الدائرة الوطنية لشؤون اللاجئين (م.ت.ف) / وكالة وفا — دائرة المعلومات الوطنية,1948,🟢,قرية مدمَّرة 1948 — قضاء الرملة
PS-D199,فلسطين,الرملة,—,خروبة,—,خروبة,—,قرية مدمَّرة (1948),,,,,,الدائرة الوطنية لشؤون اللاجئين (م.ت.ف) / وكالة وفا — دائرة المعلومات الوطنية,1948,🟢,قرية مدمَّرة 1948 — قضاء الرملة
PS-D200,فلسطين,الرملة,—,خلدة,—,خلدة,—,قرية مدمَّرة (1948),,,,,,الدائرة الوطنية لشؤون اللاجئين (م.ت.ف) / وكالة وفا — دائرة المعلومات الوطنية,1948,🟢,قرية مدمَّرة 1948 — قضاء الرملة
PS-D201,فلسطين,الرملة,—,الخيمة,—,الخيمة,—,قرية مدمَّرة (1948),,,,,,الدائرة الوطنية لشؤون اللاجئين (م.ت.ف) / وكالة وفا — دائرة المعلومات الوطنية,1948,🟢,قرية مدمَّرة 1948 — قضاء الرملة
PS-D202,فلسطين,الرملة,—,دانيال,—,دانيال,—,قرية مدمَّرة (1948),,,,,,الدائرة الوطنية لشؤون اللاجئين (م.ت.ف) / وكالة وفا — دائرة المعلومات الوطنية,1948,🟢,قرية مدمَّرة 1948 — قضاء الرملة
PS-D203,فلسطين,الرملة,—,دير أبو سلامة,—,دير أبو سلامة,—,قرية مدمَّرة (1948),,,,,,الدائرة الوطنية لشؤون اللاجئين (م.ت.ف) / وكالة وفا — دائرة المعلومات الوطنية,1948,🟢,قرية مدمَّرة 1948 — قضاء الرملة
PS-D204,فلسطين,الرملة,—,دير أيوب,—,دير أيوب,—,قرية مدمَّرة (1948),,,,,,الدائرة الوطنية لشؤون اللاجئين (م.ت.ف) / وكالة وفا — دائرة المعلومات الوطنية,1948,🟢,قرية مدمَّرة 1948 — قضاء الرملة
PS-D205,فلسطين,الرملة,—,دير طريف,—,دير طريف,—,قرية مدمَّرة (1948),,,,,,الدائرة الوطنية لشؤون اللاجئين (م.ت.ف) / وكالة وفا — دائرة المعلومات الوطنية,1948,🟢,قرية مدمَّرة 1948 — قضاء الرملة
PS-D206,فلسطين,الرملة,—,دير محيسن,—,دير محيسن,—,قرية مدمَّرة (1948),,,,,,الدائرة الوطنية لشؤون اللاجئين (م.ت.ف) / وكالة وفا — دائرة المعلومات الوطنية,1948,🟢,قرية مدمَّرة 1948 — قضاء الرملة
PS-D207,فلسطين,الرملة,—,زرنوقة,—,زرنوقة,—,قرية مدمَّرة (1948),,,,,,الدائرة الوطنية لشؤون اللاجئين (م.ت.ف) / وكالة وفا — دائرة المعلومات الوطنية,1948,🟢,قرية مدمَّرة 1948 — قضاء الرملة
PS-D208,فلسطين,الرملة,—,سجد,—,سجد,—,قرية مدمَّرة (1948),,,,,,الدائرة الوطنية لشؤون اللاجئين (م.ت.ف) / وكالة وفا — دائرة المعلومات الوطنية,1948,🟢,قرية مدمَّرة 1948 — قضاء الرملة
PS-D209,فلسطين,الرملة,—,سلبيت,—,سلبيت,—,قرية مدمَّرة (1948),,,,,,الدائرة الوطنية لشؤون اللاجئين (م.ت.ف) / وكالة وفا — دائرة المعلومات الوطنية,1948,🟢,قرية مدمَّرة 1948 — قضاء الرملة
PS-D210,فلسطين,الرملة,—,شحمة,—,شحمة,—,قرية مدمَّرة (1948),,,,,,الدائرة الوطنية لشؤون اللاجئين (م.ت.ف) / وكالة وفا — دائرة المعلومات الوطنية,1948,🟢,قرية مدمَّرة 1948 — قضاء الرملة
PS-D211,فلسطين,الرملة,—,شلتا,—,شلتا,—,قرية مدمَّرة (1948),,,,,,الدائرة الوطنية لشؤون اللاجئين (م.ت.ف) / وكالة وفا — دائرة المعلومات الوطنية,1948,🟢,قرية مدمَّرة 1948 — قضاء الرملة
PS-D212,فلسطين,الرملة,—,صرفند الخراب,—,صرفند الخراب,—,قرية مدمَّرة (1948),,,,,,الدائرة الوطنية لشؤون اللاجئين (م.ت.ف) / وكالة وفا — دائرة المعلومات الوطنية,1948,🟢,قرية مدمَّرة 1948 — قضاء الرملة
PS-D213,فلسطين,الرملة,—,صرفند العمار,—,صرفند العمار,—,قرية مدمَّرة (1948),,,,,,الدائرة الوطنية لشؤون اللاجئين (م.ت.ف) / وكالة وفا — دائرة المعلومات الوطنية,1948,🟢,قرية مدمَّرة 1948 — قضاء الرملة
PS-D214,فلسطين,الرملة,—,صيدون,—,صيدون,—,قرية مدمَّرة (1948),,,,,,الدائرة الوطنية لشؤون اللاجئين (م.ت.ف) / وكالة وفا — دائرة المعلومات الوطنية,1948,🟢,قرية مدمَّرة 1948 — قضاء الرملة
PS-D215,فلسطين,الرملة,—,الطيرة,—,الطيرة,—,قرية مدمَّرة (1948),,,,,,الدائرة الوطنية لشؤون اللاجئين (م.ت.ف) / وكالة وفا — دائرة المعلومات الوطنية,1948,🟢,قرية مدمَّرة 1948 — قضاء الرملة
PS-D216,فلسطين,الرملة,—,عاقر,—,عاقر,—,قرية مدمَّرة (1948),,,,,,الدائرة الوطنية لشؤون اللاجئين (م.ت.ف) / وكالة وفا — دائرة المعلومات الوطنية,1948,🟢,قرية مدمَّرة 1948 — قضاء الرملة
PS-D217,فلسطين,الرملة,—,عجنجول,—,عجنجول,—,قرية مدمَّرة (1948),,,,,,الدائرة الوطنية لشؤون اللاجئين (م.ت.ف) / وكالة وفا — دائرة المعلومات الوطنية,1948,🟢,قرية مدمَّرة 1948 — قضاء الرملة
PS-D218,فلسطين,الرملة,—,عنابة,—,عنابة,—,قرية مدمَّرة (1948),,,,,,الدائرة الوطنية لشؤون اللاجئين (م.ت.ف) / وكالة وفا — دائرة المعلومات الوطنية,1948,🟢,قرية مدمَّرة 1948 — قضاء الرملة
PS-D219,فلسطين,الرملة,—,القباب,—,القباب,—,قرية مدمَّرة (1948),,,,,,الدائرة الوطنية لشؤون اللاجئين (م.ت.ف) / وكالة وفا — دائرة المعلومات الوطنية,1948,🟢,قرية مدمَّرة 1948 — قضاء الرملة
PS-D220,فلسطين,الرملة,—,القبيبة,—,القبيبة,—,قرية مدمَّرة (1948),,,,,,الدائرة الوطنية لشؤون اللاجئين (م.ت.ف) / وكالة وفا — دائرة المعلومات الوطنية,1948,🟢,قرية مدمَّرة 1948 — قضاء الرملة
PS-D221,فلسطين,الرملة,—,قزازة,—,قزازة,—,قرية مدمَّرة (1948),,,,,,الدائرة الوطنية لشؤون اللاجئين (م.ت.ف) / وكالة وفا — دائرة المعلومات الوطنية,1948,🟢,قرية مدمَّرة 1948 — قضاء الرملة
PS-D222,فلسطين,الرملة,—,قطرة,—,قطرة,—,قرية مدمَّرة (1948),,,,,,الدائرة الوطنية لشؤون اللاجئين (م.ت.ف) / وكالة وفا — دائرة المعلومات الوطنية,1948,🟢,قرية مدمَّرة 1948 — قضاء الرملة
PS-D223,فلسطين,الرملة,—,قولة,—,قولة,—,قرية مدمَّرة (1948),,,,,,الدائرة الوطنية لشؤون اللاجئين (م.ت.ف) / وكالة وفا — دائرة المعلومات الوطنية,1948,🟢,قرية مدمَّرة 1948 — قضاء الرملة
PS-D224,فلسطين,الرملة,—,الكنيسة,—,الكنيسة,—,قرية مدمَّرة (1948),,,,,,الدائرة الوطنية لشؤون اللاجئين (م.ت.ف) / وكالة وفا — دائرة المعلومات الوطنية,1948,🟢,قرية مدمَّرة 1948 — قضاء الرملة
PS-D225,فلسطين,الرملة,—,اللطرون,—,اللطرون,—,قرية مدمَّرة (1948),,,,,,الدائرة الوطنية لشؤون اللاجئين (م.ت.ف) / وكالة وفا — دائرة المعلومات الوطنية,1948,🟢,قرية مدمَّرة 1948 — قضاء الرملة؛ من Le Toron الصليبية
PS-D226,فلسطين,الرملة,—,مجدل يابا,—,مجدل يابا,—,قرية مدمَّرة (1948),,,,,,الدائرة الوطنية لشؤون اللاجئين (م.ت.ف) / وكالة وفا — دائرة المعلومات الوطنية,1948,🟢,قرية مدمَّرة 1948 — قضاء الرملة
PS-D227,فلسطين,الرملة,—,المخيزن,—,المخيزن,—,قرية مدمَّرة (1948),,,,,,الدائرة الوطنية لشؤون اللاجئين (م.ت.ف) / وكالة وفا — دائرة المعلومات الوطنية,1948,🟢,قرية مدمَّرة 1948 — قضاء الرملة
PS-D228,فلسطين,الرملة,—,المزيرعة,—,المزيرعة,—,قرية مدمَّرة (1948),,,,,,الدائرة الوطنية لشؤون اللاجئين (م.ت.ف) / وكالة وفا — دائرة المعلومات الوطنية,1948,🟢,قرية مدمَّرة 1948 — قضاء الرملة
PS-D229,فلسطين,الرملة,—,المغار,—,المغار,—,قرية مدمَّرة (1948),,,,,,الدائرة الوطنية لشؤون اللاجئين (م.ت.ف) / وكالة وفا — دائرة المعلومات الوطنية,1948,🟢,قرية مدمَّرة 1948 — قضاء الرملة
PS-D230,فلسطين,الرملة,—,المنصورة,—,المنصورة,—,قرية مدمَّرة (1948),,,,2482,1948,الدائرة الوطنية لشؤون اللاجئين (م.ت.ف) / وكالة وفا — دائرة المعلومات الوطنية,1948,🟢,قرية مدمَّرة 1948 — قضاء الرملة؛ هُجِّرت في 11 مايو 1948
PS-D231,فلسطين,الرملة,—,النبي روبين,—,النبي روبين,—,قرية مدمَّرة (1948),,,,,,الدائرة الوطنية لشؤون اللاجئين (م.ت.ف) / وكالة وفا — دائرة المعلومات الوطنية,1948,🟢,قرية مدمَّرة 1948 — قضاء الرملة
PS-D232,فلسطين,الرملة,—,النعاني,—,النعاني,—,قرية مدمَّرة (1948),,,,,,الدائرة الوطنية لشؤون اللاجئين (م.ت.ف) / وكالة وفا — دائرة المعلومات الوطنية,1948,🟢,قرية مدمَّرة 1948 — قضاء الرملة
PS-D233,فلسطين,الرملة,—,وادي حنين,—,وادي حنين,—,قرية مدمَّرة (1948),,,,,,الدائرة الوطنية لشؤون اللاجئين (م.ت.ف) / وكالة وفا — دائرة المعلومات الوطنية,1948,🟢,قرية مدمَّرة 1948 — قضاء الرملة
PS-D234,فلسطين,الرملة,—,يبنة,—,يبنة,—,قرية مدمَّرة (1948),,,,,,الدائرة الوطنية لشؤون اللاجئين (م.ت.ف) / وكالة وفا — دائرة المعلومات الوطنية,1948,🟢,قرية مدمَّرة 1948 — قضاء الرملة؛ اسم كنعاني قديم
PS-D235,فلسطين,القدس,—,أشوع,—,أشوع,—,قرية مدمَّرة (1948),,,,,,الدائرة الوطنية لشؤون اللاجئين (م.ت.ف) / وكالة وفا — دائرة المعلومات الوطنية,1948,🟢,قرية مدمَّرة 1948 — قضاء القدس
PS-D236,فلسطين,القدس,—,البريج,—,البريج,—,قرية مدمَّرة (1948),,,,,,الدائرة الوطنية لشؤون اللاجئين (م.ت.ف) / وكالة وفا — دائرة المعلومات الوطنية,1948,🟢,قرية مدمَّرة 1948 — قضاء القدس
PS-D237,فلسطين,القدس,—,بيت أم الميس,—,بيت أم الميس,—,قرية مدمَّرة (1948),,,,,,الدائرة الوطنية لشؤون اللاجئين (م.ت.ف) / وكالة وفا — دائرة المعلومات الوطنية,1948,🟢,قرية مدمَّرة 1948 — قضاء القدس
PS-D238,فلسطين,القدس,—,بيت ثول,—,بيت ثول,—,قرية مدمَّرة (1948),,,,,,الدائرة الوطنية لشؤون اللاجئين (م.ت.ف) / وكالة وفا — دائرة المعلومات الوطنية,1948,🟢,قرية مدمَّرة 1948 — قضاء القدس
PS-D239,فلسطين,القدس,—,بيت عطاب,—,بيت عطاب,—,قرية مدمَّرة (1948),,,,,,الدائرة الوطنية لشؤون اللاجئين (م.ت.ف) / وكالة وفا — دائرة المعلومات الوطنية,1948,🟢,قرية مدمَّرة 1948 — قضاء القدس
PS-D240,فلسطين,القدس,—,بيت محسير,—,بيت محسير,—,قرية مدمَّرة (1948),,,,,,الدائرة الوطنية لشؤون اللاجئين (م.ت.ف) / وكالة وفا — دائرة المعلومات الوطنية,1948,🟢,قرية مدمَّرة 1948 — قضاء القدس
PS-D241,فلسطين,القدس,—,بيت نقوبا,—,بيت نقوبا,—,قرية مدمَّرة (1948),,,,,,الدائرة الوطنية لشؤون اللاجئين (م.ت.ف) / وكالة وفا — دائرة المعلومات الوطنية,1948,🟢,قرية مدمَّرة 1948 — قضاء القدس
PS-D242,فلسطين,القدس,—,جرش,—,جرش,—,قرية مدمَّرة (1948),,,,,,الدائرة الوطنية لشؤون اللاجئين (م.ت.ف) / وكالة وفا — دائرة المعلومات الوطنية,1948,🟢,قرية مدمَّرة 1948 — قضاء القدس
PS-D243,فلسطين,القدس,—,الجورة,—,الجورة,—,قرية مدمَّرة (1948),,,,,,الدائرة الوطنية لشؤون اللاجئين (م.ت.ف) / وكالة وفا — دائرة المعلومات الوطنية,1948,🟢,قرية مدمَّرة 1948 — قضاء القدس
PS-D244,فلسطين,القدس,—,خربة اسم الله,—,خربة اسم الله,—,قرية مدمَّرة (1948),,,,,,الدائرة الوطنية لشؤون اللاجئين (م.ت.ف) / وكالة وفا — دائرة المعلومات الوطنية,1948,🟢,قرية مدمَّرة 1948 — قضاء القدس
PS-D245,فلسطين,القدس,—,خربة التنوير,—,خربة التنوير,—,قرية مدمَّرة (1948),,,,,,الدائرة الوطنية لشؤون اللاجئين (م.ت.ف) / وكالة وفا — دائرة المعلومات الوطنية,1948,🟢,قرية مدمَّرة 1948 — قضاء القدس
PS-D246,فلسطين,القدس,—,خربة العمور,—,خربة العمور,—,قرية مدمَّرة (1948),,,,,,الدائرة الوطنية لشؤون اللاجئين (م.ت.ف) / وكالة وفا — دائرة المعلومات الوطنية,1948,🟢,قرية مدمَّرة 1948 — قضاء القدس
PS-D247,فلسطين,القدس,—,خربة اللوز,—,خربة اللوز,—,قرية مدمَّرة (1948),,,,,,الدائرة الوطنية لشؤون اللاجئين (م.ت.ف) / وكالة وفا — دائرة المعلومات الوطنية,1948,🟢,قرية مدمَّرة 1948 — قضاء القدس
PS-D248,فلسطين,القدس,—,دير أبان,—,دير أبان,—,قرية مدمَّرة (1948),,,,,,الدائرة الوطنية لشؤون اللاجئين (م.ت.ف) / وكالة وفا — دائرة المعلومات الوطنية,1948,🟢,قرية مدمَّرة 1948 — قضاء القدس
PS-D249,فلسطين,القدس,—,دير رافات,—,دير رافات,—,قرية مدمَّرة (1948),,,,,,الدائرة الوطنية لشؤون اللاجئين (م.ت.ف) / وكالة وفا — دائرة المعلومات الوطنية,1948,🟢,قرية مدمَّرة 1948 — قضاء القدس
PS-D250,فلسطين,القدس,—,دير الشيخ,—,دير الشيخ,—,قرية مدمَّرة (1948),,,,,,الدائرة الوطنية لشؤون اللاجئين (م.ت.ف) / وكالة وفا — دائرة المعلومات الوطنية,1948,🟢,قرية مدمَّرة 1948 — قضاء القدس
PS-D251,فلسطين,القدس,—,دير عمرو,—,دير عمرو,—,قرية مدمَّرة (1948),,,,,,الدائرة الوطنية لشؤون اللاجئين (م.ت.ف) / وكالة وفا — دائرة المعلومات الوطنية,1948,🟢,قرية مدمَّرة 1948 — قضاء القدس
PS-D252,فلسطين,القدس,—,دير الهوا,—,دير الهوا,—,قرية مدمَّرة (1948),,,,,,الدائرة الوطنية لشؤون اللاجئين (م.ت.ف) / وكالة وفا — دائرة المعلومات الوطنية,1948,🟢,قرية مدمَّرة 1948 — قضاء القدس
PS-D253,فلسطين,القدس,—,دير ياسين,—,دير ياسين,—,قرية مدمَّرة (1948),,,,,,الدائرة الوطنية لشؤون اللاجئين (م.ت.ف) / وكالة وفا — دائرة المعلومات الوطنية,1948,🟢,قرية مدمَّرة 1948 — قضاء القدس؛ موقع مجزرة 9 أبريل 1948
PS-D254,فلسطين,القدس,—,راس أبو عمار,—,راس أبو عمار,—,قرية مدمَّرة (1948),,,,,,الدائرة الوطنية لشؤون اللاجئين (م.ت.ف) / وكالة وفا — دائرة المعلومات الوطنية,1948,🟢,قرية مدمَّرة 1948 — قضاء القدس
PS-D255,فلسطين,القدس,—,ساريس,—,ساريس,—,قرية مدمَّرة (1948),,,,,,الدائرة الوطنية لشؤون اللاجئين (م.ت.ف) / وكالة وفا — دائرة المعلومات الوطنية,1948,🟢,قرية مدمَّرة 1948 — قضاء القدس
PS-D256,فلسطين,القدس,—,سفلى,—,سفلى,—,قرية مدمَّرة (1948),,,,,,الدائرة الوطنية لشؤون اللاجئين (م.ت.ف) / وكالة وفا — دائرة المعلومات الوطنية,1948,🟢,قرية مدمَّرة 1948 — قضاء القدس
PS-D257,فلسطين,القدس,—,صرعة,—,صرعة,—,قرية مدمَّرة (1948),,,,,,الدائرة الوطنية لشؤون اللاجئين (م.ت.ف) / وكالة وفا — دائرة المعلومات الوطنية,1948,🟢,قرية مدمَّرة 1948 — قضاء القدس
PS-D258,فلسطين,القدس,—,صطاف,—,صطاف,—,قرية مدمَّرة (1948),,,,,,الدائرة الوطنية لشؤون اللاجئين (م.ت.ف) / وكالة وفا — دائرة المعلومات الوطنية,1948,🟢,قرية مدمَّرة 1948 — قضاء القدس
PS-D259,فلسطين,القدس,—,صوبا,—,صوبا,—,قرية مدمَّرة (1948),,,,,,الدائرة الوطنية لشؤون اللاجئين (م.ت.ف) / وكالة وفا — دائرة المعلومات الوطنية,1948,🟢,قرية مدمَّرة 1948 — قضاء القدس
PS-D260,فلسطين,القدس,—,عرتوف,—,عرتوف,—,قرية مدمَّرة (1948),,,,,,الدائرة الوطنية لشؤون اللاجئين (م.ت.ف) / وكالة وفا — دائرة المعلومات الوطنية,1948,🟢,قرية مدمَّرة 1948 — قضاء القدس
PS-D261,فلسطين,القدس,—,عسلين,—,عسلين,—,قرية مدمَّرة (1948),,,,,,الدائرة الوطنية لشؤون اللاجئين (م.ت.ف) / وكالة وفا — دائرة المعلومات الوطنية,1948,🟢,قرية مدمَّرة 1948 — قضاء القدس
PS-D262,فلسطين,القدس,—,عقور,—,عقور,—,قرية مدمَّرة (1948),,,,,,الدائرة الوطنية لشؤون اللاجئين (م.ت.ف) / وكالة وفا — دائرة المعلومات الوطنية,1948,🟢,قرية مدمَّرة 1948 — قضاء القدس
PS-D263,فلسطين,القدس,—,علار,—,علار,—,قرية مدمَّرة (1948),,,,,,الدائرة الوطنية لشؤون اللاجئين (م.ت.ف) / وكالة وفا — دائرة المعلومات الوطنية,1948,🟢,قرية مدمَّرة 1948 — قضاء القدس
PS-D264,فلسطين,القدس,—,عين كارم,—,عين كارم,—,قرية مدمَّرة (1948),,,,,,الدائرة الوطنية لشؤون اللاجئين (م.ت.ف) / وكالة وفا — دائرة المعلومات الوطنية,1948,🟢,قرية مدمَّرة 1948 — قضاء القدس
PS-D265,فلسطين,القدس,—,قالونيا,—,قالونيا,—,قرية مدمَّرة (1948),,,,,,الدائرة الوطنية لشؤون اللاجئين (م.ت.ف) / وكالة وفا — دائرة المعلومات الوطنية,1948,🟢,قرية مدمَّرة 1948 — قضاء القدس
PS-D266,فلسطين,القدس,—,القبو,—,القبو,—,قرية مدمَّرة (1948),,,,,,الدائرة الوطنية لشؤون اللاجئين (م.ت.ف) / وكالة وفا — دائرة المعلومات الوطنية,1948,🟢,قرية مدمَّرة 1948 — قضاء القدس
PS-D267,فلسطين,القدس,—,القسطل,—,القسطل,—,قرية مدمَّرة (1948),,,,,,الدائرة الوطنية لشؤون اللاجئين (م.ت.ف) / وكالة وفا — دائرة المعلومات الوطنية,1948,🟢,قرية مدمَّرة 1948 — قضاء القدس
PS-D268,فلسطين,القدس,—,كسلا,—,كسلا,—,قرية مدمَّرة (1948),,,,,,الدائرة الوطنية لشؤون اللاجئين (م.ت.ف) / وكالة وفا — دائرة المعلومات الوطنية,1948,🟢,قرية مدمَّرة 1948 — قضاء القدس
PS-D269,فلسطين,القدس,—,لفتا,—,لفتا,—,قرية مدمَّرة (1948),,,,,,الدائرة الوطنية لشؤون اللاجئين (م.ت.ف) / وكالة وفا — دائرة المعلومات الوطنية,1948,🟢,قرية مدمَّرة 1948 — قضاء القدس؛ من أكثر القرى بقاءً لمبانيها
PS-D270,فلسطين,القدس,—,المالحة,—,المالحة,—,قرية مدمَّرة (1948),,,,,,الدائرة الوطنية لشؤون اللاجئين (م.ت.ف) / وكالة وفا — دائرة المعلومات الوطنية,1948,🟢,قرية مدمَّرة 1948 — قضاء القدس
PS-D271,فلسطين,القدس,—,نطاف,—,نطاف,—,قرية مدمَّرة (1948),,,,,,الدائرة الوطنية لشؤون اللاجئين (م.ت.ف) / وكالة وفا — دائرة المعلومات الوطنية,1948,🟢,قرية مدمَّرة 1948 — قضاء القدس
PS-D272,فلسطين,القدس,—,الولجة,—,الولجة,—,قرية مدمَّرة (1948),,,,,,الدائرة الوطنية لشؤون اللاجئين (م.ت.ف) / وكالة وفا — دائرة المعلومات الوطنية,1948,🟢,قرية مدمَّرة 1948 — قضاء القدس
PS-D273,فلسطين,غزة,—,أسدود,—,أسدود,—,قرية مدمَّرة (1948),,,,,,الدائرة الوطنية لشؤون اللاجئين (م.ت.ف) / وكالة وفا — دائرة المعلومات الوطنية,1948,🟢,قرية مدمَّرة 1948 — قضاء غزة؛ اسم كنعاني قديم
PS-D274,فلسطين,غزة,—,بربرة,—,بربرة,—,قرية مدمَّرة (1948),,,,,,الدائرة الوطنية لشؤون اللاجئين (م.ت.ف) / وكالة وفا — دائرة المعلومات الوطنية,1948,🟢,قرية مدمَّرة 1948 — قضاء غزة
PS-D275,فلسطين,غزة,—,برقة,—,برقة,—,قرية مدمَّرة (1948),,,,,,الدائرة الوطنية لشؤون اللاجئين (م.ت.ف) / وكالة وفا — دائرة المعلومات الوطنية,1948,🟢,قرية مدمَّرة 1948 — قضاء غزة
PS-D276,فلسطين,غزة,—,برير,—,برير,—,قرية مدمَّرة (1948),,,,,,الدائرة الوطنية لشؤون اللاجئين (م.ت.ف) / وكالة وفا — دائرة المعلومات الوطنية,1948,🟢,قرية مدمَّرة 1948 — قضاء غزة
PS-D277,فلسطين,غزة,—,الباطني الشرقي,—,الباطني الشرقي,—,قرية مدمَّرة (1948),,,,,,الدائرة الوطنية لشؤون اللاجئين (م.ت.ف) / وكالة وفا — دائرة المعلومات الوطنية,1948,🟢,قرية مدمَّرة 1948 — قضاء غزة
PS-D278,فلسطين,غزة,—,الباطني الغربي,—,الباطني الغربي,—,قرية مدمَّرة (1948),,,,,,الدائرة الوطنية لشؤون اللاجئين (م.ت.ف) / وكالة وفا — دائرة المعلومات الوطنية,1948,🟢,قرية مدمَّرة 1948 — قضاء غزة
PS-D279,فلسطين,غزة,—,بعلين,—,بعلين,—,قرية مدمَّرة (1948),,,,,,الدائرة الوطنية لشؤون اللاجئين (م.ت.ف) / وكالة وفا — دائرة المعلومات الوطنية,1948,🟢,قرية مدمَّرة 1948 — قضاء غزة
PS-D280,فلسطين,غزة,—,بيت جرجا,—,بيت جرجا,—,قرية مدمَّرة (1948),,,,,,الدائرة الوطنية لشؤون اللاجئين (م.ت.ف) / وكالة وفا — دائرة المعلومات الوطنية,1948,🟢,قرية مدمَّرة 1948 — قضاء غزة
PS-D281,فلسطين,غزة,—,بيت دراس,—,بيت دراس,—,قرية مدمَّرة (1948),,,,,,الدائرة الوطنية لشؤون اللاجئين (م.ت.ف) / وكالة وفا — دائرة المعلومات الوطنية,1948,🟢,قرية مدمَّرة 1948 — قضاء غزة
PS-D282,فلسطين,غزة,—,بيت طيما,—,بيت طيما,—,قرية مدمَّرة (1948),,,,,,الدائرة الوطنية لشؤون اللاجئين (م.ت.ف) / وكالة وفا — دائرة المعلومات الوطنية,1948,🟢,قرية مدمَّرة 1948 — قضاء غزة
PS-D283,فلسطين,غزة,—,بيت عفا,—,بيت عفا,—,قرية مدمَّرة (1948),,,,,,الدائرة الوطنية لشؤون اللاجئين (م.ت.ف) / وكالة وفا — دائرة المعلومات الوطنية,1948,🟢,قرية مدمَّرة 1948 — قضاء غزة
PS-D284,فلسطين,غزة,—,تل الترمس,—,تل الترمس,—,قرية مدمَّرة (1948),,,,,,الدائرة الوطنية لشؤون اللاجئين (م.ت.ف) / وكالة وفا — دائرة المعلومات الوطنية,1948,🟢,قرية مدمَّرة 1948 — قضاء غزة
PS-D285,فلسطين,غزة,—,جسير,—,جسير,—,قرية مدمَّرة (1948),,,,,,الدائرة الوطنية لشؤون اللاجئين (م.ت.ف) / وكالة وفا — دائرة المعلومات الوطنية,1948,🟢,قرية مدمَّرة 1948 — قضاء غزة
PS-D286,فلسطين,غزة,—,الجلدية,—,الجلدية,—,قرية مدمَّرة (1948),,,,,,الدائرة الوطنية لشؤون اللاجئين (م.ت.ف) / وكالة وفا — دائرة المعلومات الوطنية,1948,🟢,قرية مدمَّرة 1948 — قضاء غزة
PS-D287,فلسطين,غزة,—,الجورة,—,الجورة,—,قرية مدمَّرة (1948),,,,,,الدائرة الوطنية لشؤون اللاجئين (م.ت.ف) / وكالة وفا — دائرة المعلومات الوطنية,1948,🟢,قرية مدمَّرة 1948 — قضاء غزة
PS-D288,فلسطين,غزة,—,جولس,—,جولس,—,قرية مدمَّرة (1948),,,,,,الدائرة الوطنية لشؤون اللاجئين (م.ت.ف) / وكالة وفا — دائرة المعلومات الوطنية,1948,🟢,قرية مدمَّرة 1948 — قضاء غزة
PS-D289,فلسطين,غزة,—,الجية,—,الجية,—,قرية مدمَّرة (1948),,,,,,الدائرة الوطنية لشؤون اللاجئين (م.ت.ف) / وكالة وفا — دائرة المعلومات الوطنية,1948,🟢,قرية مدمَّرة 1948 — قضاء غزة
PS-D290,فلسطين,غزة,—,حتّا,—,حتّا,—,قرية مدمَّرة (1948),,,,,,الدائرة الوطنية لشؤون اللاجئين (م.ت.ف) / وكالة وفا — دائرة المعلومات الوطنية,1948,🟢,قرية مدمَّرة 1948 — قضاء غزة
PS-D291,فلسطين,غزة,—,حليقات,—,حليقات,—,قرية مدمَّرة (1948),,,,,,الدائرة الوطنية لشؤون اللاجئين (م.ت.ف) / وكالة وفا — دائرة المعلومات الوطنية,1948,🟢,قرية مدمَّرة 1948 — قضاء غزة
PS-D292,فلسطين,غزة,—,حمامة,—,حمامة,—,قرية مدمَّرة (1948),,,,,,الدائرة الوطنية لشؤون اللاجئين (م.ت.ف) / وكالة وفا — دائرة المعلومات الوطنية,1948,🟢,قرية مدمَّرة 1948 — قضاء غزة؛ قرب عسقلان
PS-D293,فلسطين,غزة,—,الخصاص,—,الخصاص,—,قرية مدمَّرة (1948),,,,,,الدائرة الوطنية لشؤون اللاجئين (م.ت.ف) / وكالة وفا — دائرة المعلومات الوطنية,1948,🟢,قرية مدمَّرة 1948 — قضاء غزة
PS-D294,فلسطين,غزة,—,دمرة,—,دمرة,—,قرية مدمَّرة (1948),,,,,,الدائرة الوطنية لشؤون اللاجئين (م.ت.ف) / وكالة وفا — دائرة المعلومات الوطنية,1948,🟢,قرية مدمَّرة 1948 — قضاء غزة
PS-D295,فلسطين,غزة,—,دير سنيد,—,دير سنيد,—,قرية مدمَّرة (1948),,,,,,الدائرة الوطنية لشؤون اللاجئين (م.ت.ف) / وكالة وفا — دائرة المعلومات الوطنية,1948,🟢,قرية مدمَّرة 1948 — قضاء غزة؛ ما تبقى منها موثَّق بالصور
PS-D296,فلسطين,غزة,—,سمسم,—,سمسم,—,قرية مدمَّرة (1948),,,,,,الدائرة الوطنية لشؤون اللاجئين (م.ت.ف) / وكالة وفا — دائرة المعلومات الوطنية,1948,🟢,قرية مدمَّرة 1948 — قضاء غزة
PS-D297,فلسطين,غزة,—,السوافير الشرقية,—,السوافير الشرقية,—,قرية مدمَّرة (1948),,,,,,الدائرة الوطنية لشؤون اللاجئين (م.ت.ف) / وكالة وفا — دائرة المعلومات الوطنية,1948,🟢,قرية مدمَّرة 1948 — قضاء غزة
PS-D298,فلسطين,غزة,—,السوافير الغربية,—,السوافير الغربية,—,قرية مدمَّرة (1948),,,,,,الدائرة الوطنية لشؤون اللاجئين (م.ت.ف) / وكالة وفا — دائرة المعلومات الوطنية,1948,🟢,قرية مدمَّرة 1948 — قضاء غزة
PS-D299,فلسطين,غزة,—,السوافير الشمالية,—,السوافير الشمالية,—,قرية مدمَّرة (1948),,,,,,الدائرة الوطنية لشؤون اللاجئين (م.ت.ف) / وكالة وفا — دائرة المعلومات الوطنية,1948,🟢,قرية مدمَّرة 1948 — قضاء غزة
PS-D300,فلسطين,غزة,—,صميل,—,صميل,—,قرية مدمَّرة (1948),,,,,,الدائرة الوطنية لشؤون اللاجئين (م.ت.ف) / وكالة وفا — دائرة المعلومات الوطنية,1948,🟢,قرية مدمَّرة 1948 — قضاء غزة
PS-D301,فلسطين,غزة,—,عبدس,—,عبدس,—,قرية مدمَّرة (1948),,,,,,الدائرة الوطنية لشؤون اللاجئين (م.ت.ف) / وكالة وفا — دائرة المعلومات الوطنية,1948,🟢,قرية مدمَّرة 1948 — قضاء غزة
PS-D302,فلسطين,غزة,—,عراق سويدان,—,عراق سويدان,—,قرية مدمَّرة (1948),,,,,,الدائرة الوطنية لشؤون اللاجئين (م.ت.ف) / وكالة وفا — دائرة المعلومات الوطنية,1948,🟢,قرية مدمَّرة 1948 — قضاء غزة
PS-D303,فلسطين,غزة,—,عراق المنشية,—,عراق المنشية,—,قرية مدمَّرة (1948),,,,,,الدائرة الوطنية لشؤون اللاجئين (م.ت.ف) / وكالة وفا — دائرة المعلومات الوطنية,1948,🟢,قرية مدمَّرة 1948 — قضاء غزة
PS-D304,فلسطين,غزة,—,عرب صقير,—,عرب صقير,—,قرية مدمَّرة (1948),,,,,,الدائرة الوطنية لشؤون اللاجئين (م.ت.ف) / وكالة وفا — دائرة المعلومات الوطنية,1948,🟢,قرية مدمَّرة 1948 — قضاء غزة
PS-D305,فلسطين,غزة,—,الفالوجة,—,الفالوجة,—,قرية مدمَّرة (1948),,,,,,الدائرة الوطنية لشؤون اللاجئين (م.ت.ف) / وكالة وفا — دائرة المعلومات الوطنية,1948,🟢,قرية مدمَّرة 1948 — قضاء غزة؛ رمز في الذاكرة
PS-D306,فلسطين,غزة,—,قسطينة,—,قسطينة,—,قرية مدمَّرة (1948),,,,,,الدائرة الوطنية لشؤون اللاجئين (م.ت.ف) / وكالة وفا — دائرة المعلومات الوطنية,1948,🟢,قرية مدمَّرة 1948 — قضاء غزة
PS-D307,فلسطين,غزة,—,كرتيا,—,كرتيا,—,قرية مدمَّرة (1948),,,,,,الدائرة الوطنية لشؤون اللاجئين (م.ت.ف) / وكالة وفا — دائرة المعلومات الوطنية,1948,🟢,قرية مدمَّرة 1948 — قضاء غزة
PS-D308,فلسطين,غزة,—,كوفخة,—,كوفخة,—,قرية مدمَّرة (1948),,,,,,الدائرة الوطنية لشؤون اللاجئين (م.ت.ف) / وكالة وفا — دائرة المعلومات الوطنية,1948,🟢,قرية مدمَّرة 1948 — قضاء غزة
PS-D309,فلسطين,غزة,—,كوكبا,—,كوكبا,—,قرية مدمَّرة (1948),,,,,,الدائرة الوطنية لشؤون اللاجئين (م.ت.ف) / وكالة وفا — دائرة المعلومات الوطنية,1948,🟢,قرية مدمَّرة 1948 — قضاء غزة
PS-D310,فلسطين,غزة,—,المحرقة,—,المحرقة,—,قرية مدمَّرة (1948),,,,,,الدائرة الوطنية لشؤون اللاجئين (م.ت.ف) / وكالة وفا — دائرة المعلومات الوطنية,1948,🟢,قرية مدمَّرة 1948 — قضاء غزة
PS-D311,فلسطين,غزة,—,المسمية الصغيرة,—,المسمية الصغيرة,—,قرية مدمَّرة (1948),,,,,,الدائرة الوطنية لشؤون اللاجئين (م.ت.ف) / وكالة وفا — دائرة المعلومات الوطنية,1948,🟢,قرية مدمَّرة 1948 — قضاء غزة
PS-D312,فلسطين,غزة,—,المسمية الكبيرة,—,المسمية الكبيرة,—,قرية مدمَّرة (1948),,,,,,الدائرة الوطنية لشؤون اللاجئين (م.ت.ف) / وكالة وفا — دائرة المعلومات الوطنية,1948,🟢,قرية مدمَّرة 1948 — قضاء غزة
PS-D313,فلسطين,غزة,—,نجد,—,نجد,—,قرية مدمَّرة (1948),,,,,,الدائرة الوطنية لشؤون اللاجئين (م.ت.ف) / وكالة وفا — دائرة المعلومات الوطنية,1948,🟢,قرية مدمَّرة 1948 — قضاء غزة
PS-D314,فلسطين,غزة,—,نعليا,—,نعليا,—,قرية مدمَّرة (1948),,,,,,الدائرة الوطنية لشؤون اللاجئين (م.ت.ف) / وكالة وفا — دائرة المعلومات الوطنية,1948,🟢,قرية مدمَّرة 1948 — قضاء غزة؛ ما تبقى منها موثَّق بالصور
PS-D315,فلسطين,غزة,—,هربيا,—,هربيا,—,قرية مدمَّرة (1948),,,,,,الدائرة الوطنية لشؤون اللاجئين (م.ت.ف) / وكالة وفا — دائرة المعلومات الوطنية,1948,🟢,قرية مدمَّرة 1948 — قضاء غزة
PS-D316,فلسطين,غزة,—,هوج,—,هوج,—,قرية مدمَّرة (1948),,,,,,الدائرة الوطنية لشؤون اللاجئين (م.ت.ف) / وكالة وفا — دائرة المعلومات الوطنية,1948,🟢,قرية مدمَّرة 1948 — قضاء غزة
PS-D317,فلسطين,غزة,—,ياصور,—,ياصور,—,قرية مدمَّرة (1948),,,,,,الدائرة الوطنية لشؤون اللاجئين (م.ت.ف) / وكالة وفا — دائرة المعلومات الوطنية,1948,🟢,قرية مدمَّرة 1948 — قضاء غزة
PS-DQ-بئر ا,فلسطين,بئر السبع,—,—,—,قضاء بئر السبع,—,قضاء (قرى مدمَّرة),,,,90507,1948,الدائرة الوطنية لشؤون اللاجئين (م.ت.ف) / وكالة وفا — دائرة المعلومات الوطنية,2009,🟢,"88 قرية مدمَّرة؛ سكانها 1948: 90,507؛ ذريتهم 2009: 768,915"
PS-DQ-الرمل,فلسطين,الرملة,—,—,—,قضاء الرملة,—,قضاء (قرى مدمَّرة),,,,97405,1948,الدائرة الوطنية لشؤون اللاجئين (م.ت.ف) / وكالة وفا — دائرة المعلومات الوطنية,2009,🟢,"64 قرية مدمَّرة؛ سكانها 1948: 97,405؛ ذريتهم 2009: 827,518"
PS-DQ-حيفا,فلسطين,حيفا,—,—,—,قضاء حيفا,—,قضاء (قرى مدمَّرة),,,,121196,1948,الدائرة الوطنية لشؤون اللاجئين (م.ت.ف) / وكالة وفا — دائرة المعلومات الوطنية,2009,🟢,"59 قرية مدمَّرة؛ سكانها 1948: 121,196؛ ذريتهم 2009: 1,029,637"
PS-DQ-غزة,فلسطين,غزة,—,—,—,قضاء غزة,—,قضاء (قرى مدمَّرة),,,,79947,1948,الدائرة الوطنية لشؤون اللاجئين (م.ت.ف) / وكالة وفا — دائرة المعلومات الوطنية,2009,🟢,"46 قرية مدمَّرة؛ سكانها 1948: 79,947؛ ذريتهم 2009: 679,201"
PS-DQ-عكا,فلسطين,عكا,—,—,—,قضاء عكا,—,قضاء (قرى مدمَّرة),,,,47038,1948,الدائرة الوطنية لشؤون اللاجئين (م.ت.ف) / وكالة وفا — دائرة المعلومات الوطنية,2009,🟢,"30 قرية مدمَّرة؛ سكانها 1948: 47,038؛ ذريتهم 2009: 399,618"
PS-DQ-طبريا,فلسطين,طبريا,—,—,—,قضاء طبريا,—,قضاء (قرى مدمَّرة),,,,28872,1948,الدائرة الوطنية لشؤون اللاجئين (م.ت.ف) / وكالة وفا — دائرة المعلومات الوطنية,2009,🟢,"26 قرية مدمَّرة؛ سكانها 1948: 28,872؛ ذريتهم 2009: 245,286"
PS-DQ-يافا,فلسطين,يافا,—,—,—,قضاء يافا,—,قضاء (قرى مدمَّرة),,,,123227,1948,الدائرة الوطنية لشؤون اللاجئين (م.ت.ف) / وكالة وفا — دائرة المعلومات الوطنية,2009,🟢,"25 قرية مدمَّرة؛ سكانها 1948: 123,227؛ ذريتهم 2009: 1,046,892"
PS-DQ-الخلي,فلسطين,الخليل,—,—,—,قضاء الخليل,—,قضاء (قرى مدمَّرة),,,,22991,1948,الدائرة الوطنية لشؤون اللاجئين (م.ت.ف) / وكالة وفا — دائرة المعلومات الوطنية,2009,🟢,"16 قرية مدمَّرة؛ سكانها 1948: 22,991؛ ذريتهم 2009: 195,323"
PS-DX01,فلسطين,جنين,—,عين المنسي,—,عين المنسي,—,قرية مدمَّرة (1948),,,,104,1948,الدائرة الوطنية لشؤون اللاجئين (م.ت.ف) / وكالة وفا — دائرة المعلومات الوطنية,1948,🟢,قرية مهجَّرة 1948 — قضاء جنين؛ هُجِّرت في 12 أبريل 1948
PS-DX02,فلسطين,يافا,—,بيار عدس,—,بيار عدس,—,قرية مدمَّرة (1948),,,,348,1948,الدائرة الوطنية لشؤون اللاجئين (م.ت.ف) / وكالة وفا — دائرة المعلومات الوطنية,1948,🟢,قرية مهجَّرة 1948 — قضاء يافا؛ هُجِّرت في 18 أبريل 1948
PS-DX03,فلسطين,الناصرة,—,عرب الصبيح,—,عرب الصبيح,—,قرية مدمَّرة (1948),,,,,,الدائرة الوطنية لشؤون اللاجئين (م.ت.ف) / وكالة وفا — دائرة المعلومات الوطنية,1948,🟢,قرية مهجَّرة 1948 — قضاء الناصرة؛ هُجِّرت في 19 أبريل 1948
PS-DX04,فلسطين,طولكرم,—,مسكة,—,مسكة,—,قرية مدمَّرة (1948),,,,1021,1948,الدائرة الوطنية لشؤون اللاجئين (م.ت.ف) / وكالة وفا — دائرة المعلومات الوطنية,1948,🟢,قرية مهجَّرة 1948 — قضاء طولكرم؛ هُجِّرت في 20 أبريل 1948
PS-DX05,فلسطين,بيسان,—,قرونة,—,قرونة,—,قرية مدمَّرة (1948),,,,383,1948,الدائرة الوطنية لشؤون اللاجئين (م.ت.ف) / وكالة وفا — دائرة المعلومات الوطنية,1948,🟢,قرية مهجَّرة 1948 — قضاء بيسان؛ هُجِّرت في 11 مايو 1948
PS-DX06,فلسطين,يافا,—,سارونة,—,سارونة,—,قرية مدمَّرة (1948),,,,,,الدائرة الوطنية لشؤون اللاجئين (م.ت.ف) / وكالة وفا — دائرة المعلومات الوطنية,1948,🟢,قرية مهجَّرة 1948 — قضاء يافا؛ هُجِّرت في 15 مايو 1948
PS-DX07,فلسطين,يافا,—,فجة,—,فجة,—,قرية مدمَّرة (1948),,,,1392,1948,الدائرة الوطنية لشؤون اللاجئين (م.ت.ف) / وكالة وفا — دائرة المعلومات الوطنية,1948,🟢,قرية مهجَّرة 1948 — قضاء يافا؛ هُجِّرت في مايو 1948
PS-DX08,فلسطين,الخليل,—,زيتا,—,زيتا,—,قرية مدمَّرة (1948),,,,383,1948,الدائرة الوطنية لشؤون اللاجئين (م.ت.ف) / وكالة وفا — دائرة المعلومات الوطنية,1948,🟢,قرية مهجَّرة 1948 — قضاء الخليل؛ هُجِّرت في 28 سبتمبر 1948
PS-DX09,فلسطين,الخليل,—,خربة أم بريج,—,خربة أم بريج,—,قرية مدمَّرة (1948),,,,162,1948,الدائرة الوطنية لشؤون اللاجئين (م.ت.ف) / وكالة وفا — دائرة المعلومات الوطنية,1948,🟢,قرية مهجَّرة 1948 — قضاء الخليل؛ هُجِّرت في 28 سبتمبر 1948
PS-DX10,فلسطين,طبريا,—,عيلبون,—,عيلبون,—,قرية مدمَّرة (1948),,,,,,الدائرة الوطنية لشؤون اللاجئين (م.ت.ف) / وكالة وفا — دائرة المعلومات الوطنية,1948,🟢,قرية مهجَّرة 1948 — قضاء طبريا؛ هُجِّرت في 29 سبتمبر 1948
PS-DX11,فلسطين,الخليل,—,دير نخاس,—,دير نخاس,—,قرية مدمَّرة (1948),,,,696,1948,الدائرة الوطنية لشؤون اللاجئين (م.ت.ف) / وكالة وفا — دائرة المعلومات الوطنية,1948,🟢,قرية مهجَّرة 1948 — قضاء الخليل؛ هُجِّرت في سبتمبر 1948
PS-DX12,فلسطين,طبريا,—,المنشية,—,المنشية,—,قرية مدمَّرة (1948),,,,,,الدائرة الوطنية لشؤون اللاجئين (م.ت.ف) / وكالة وفا — دائرة المعلومات الوطنية,1948,🟢,قرية مهجَّرة 1948 — قضاء طبريا؛ هُجِّرت في 3 مارس 1948
PS-DX13,فلسطين,طبريا,—,طبريا (عرب),—,طبريا (عرب),—,قرية مدمَّرة (1948),,,,6160,1948,الدائرة الوطنية لشؤون اللاجئين (م.ت.ف) / وكالة وفا — دائرة المعلومات الوطنية,1948,🟢,قرية مهجَّرة 1948 — قضاء طبريا؛ هُجِّرت في 18 أبريل 1948
PS-DX14,فلسطين,يافا,—,بيت دجن,—,بيت دجن,—,قرية مدمَّرة (1948),,,,,,الدائرة الوطنية لشؤون اللاجئين (م.ت.ف) / وكالة وفا — دائرة المعلومات الوطنية,1948,🟢,قرية مهجَّرة 1948 — قضاء يافا
PS-DX15,فلسطين,يافا,—,الخيرية,—,الخيرية,—,قرية مدمَّرة (1948),,,,,,الدائرة الوطنية لشؤون اللاجئين (م.ت.ف) / وكالة وفا — دائرة المعلومات الوطنية,1948,🟢,قرية مهجَّرة 1948 — قضاء يافا
PS-DX16,فلسطين,طولكرم,—,بيارات حنون,—,بيارات حنون,—,قرية مدمَّرة (1948),,,,,,الدائرة الوطنية لشؤون اللاجئين (م.ت.ف) / وكالة وفا — دائرة المعلومات الوطنية,1948,🟢,قرية مهجَّرة 1948 — قضاء طولكرم
PS-DX17,فلسطين,الخليل,—,ذكرين,—,ذكرين,—,قرية مدمَّرة (1948),,,,,,الدائرة الوطنية لشؤون اللاجئين (م.ت.ف) / وكالة وفا — دائرة المعلومات الوطنية,1948,🟢,قرية مهجَّرة 1948 — قضاء الخليل
PS-BS001,فلسطين,بئر السبع,التياها,الظلام أبي جويعد,—,الظلام أبي جويعد,—,قرية بدوية مهجَّرة (1948),,,,,,الدائرة الوطنية لشؤون اللاجئين (م.ت.ف) / أرشيف ذاكرات — قاعدة القرى المهجَّرة,1948,🟠,قضاء بئر السبع — اتحاد التياها
PS-BS002,فلسطين,بئر السبع,التياها,القلازين,—,القلازين,—,قرية بدوية مهجَّرة (1948),,,,,,الدائرة الوطنية لشؤون اللاجئين (م.ت.ف) / أرشيف ذاكرات — قاعدة القرى المهجَّرة,1948,🟠,قضاء بئر السبع — اتحاد التياها
PS-BS003,فلسطين,بئر السبع,التياها,بدينات,—,بدينات,—,قرية بدوية مهجَّرة (1948),,,,649,1948,الدائرة الوطنية لشؤون اللاجئين (م.ت.ف) / أرشيف ذاكرات — قاعدة القرى المهجَّرة,1948,🟢,قضاء بئر السبع — اتحاد التياها — هُجِّرت 20 سبتمبر 1948
PS-BS004,فلسطين,بئر السبع,التياها,بلي,—,بلي,—,قرية بدوية مهجَّرة (1948),,,,,,الدائرة الوطنية لشؤون اللاجئين (م.ت.ف) / أرشيف ذاكرات — قاعدة القرى المهجَّرة,1948,🟠,قضاء بئر السبع — اتحاد التياها
PS-BS005,فلسطين,بئر السبع,التياها,بني عقبة,—,بني عقبة,—,قرية بدوية مهجَّرة (1948),,,,,,الدائرة الوطنية لشؤون اللاجئين (م.ت.ف) / أرشيف ذاكرات — قاعدة القرى المهجَّرة,1948,🟠,قضاء بئر السبع — اتحاد التياها
PS-BS006,فلسطين,بئر السبع,التياها,جنابيب/ظلام,—,جنابيب/ظلام,—,قرية بدوية مهجَّرة (1948),,,,,,الدائرة الوطنية لشؤون اللاجئين (م.ت.ف) / أرشيف ذاكرات — قاعدة القرى المهجَّرة,1948,🟠,قضاء بئر السبع — اتحاد التياها
PS-BS007,فلسطين,بئر السبع,التياها,حكوك أبي عبدون,—,حكوك أبي عبدون,—,قرية بدوية مهجَّرة (1948),,,,,,الدائرة الوطنية لشؤون اللاجئين (م.ت.ف) / أرشيف ذاكرات — قاعدة القرى المهجَّرة,1948,🟠,قضاء بئر السبع — اتحاد التياها
PS-BS008,فلسطين,بئر السبع,التياها,حكوك الأسد,—,حكوك الأسد,—,قرية بدوية مهجَّرة (1948),,,,,,الدائرة الوطنية لشؤون اللاجئين (م.ت.ف) / أرشيف ذاكرات — قاعدة القرى المهجَّرة,1948,🟠,قضاء بئر السبع — اتحاد التياها
PS-BS009,فلسطين,بئر السبع,التياها,حكوك البريقي,—,حكوك البريقي,—,قرية بدوية مهجَّرة (1948),,,,,,الدائرة الوطنية لشؤون اللاجئين (م.ت.ف) / أرشيف ذاكرات — قاعدة القرى المهجَّرة,1948,🟠,قضاء بئر السبع — اتحاد التياها
PS-BS010,فلسطين,بئر السبع,التياها,حكوك الهزيِّل,—,حكوك الهزيِّل,—,قرية بدوية مهجَّرة (1948),,,,,,الدائرة الوطنية لشؤون اللاجئين (م.ت.ف) / أرشيف ذاكرات — قاعدة القرى المهجَّرة,1948,🟠,قضاء بئر السبع — اتحاد التياها
PS-BS011,فلسطين,بئر السبع,التياها,رماضين شعور,—,رماضين شعور,—,قرية بدوية مهجَّرة (1948),,,,545,1948,الدائرة الوطنية لشؤون اللاجئين (م.ت.ف) / أرشيف ذاكرات — قاعدة القرى المهجَّرة,1948,🟢,قضاء بئر السبع — اتحاد التياها — هُجِّرت 20 سبتمبر 1948
PS-BS012,فلسطين,بئر السبع,التياها,رماضين مسامرة,—,رماضين مسامرة,—,قرية بدوية مهجَّرة (1948),,,,,,الدائرة الوطنية لشؤون اللاجئين (م.ت.ف) / أرشيف ذاكرات — قاعدة القرى المهجَّرة,1948,🟢,قضاء بئر السبع — اتحاد التياها — هُجِّرت 20 سبتمبر 1948
PS-BS013,فلسطين,بئر السبع,التياها,رواشدة,—,رواشدة,—,قرية بدوية مهجَّرة (1948),,,,,,الدائرة الوطنية لشؤون اللاجئين (م.ت.ف) / أرشيف ذاكرات — قاعدة القرى المهجَّرة,1948,🟠,قضاء بئر السبع — اتحاد التياها
PS-BS014,فلسطين,بئر السبع,التياها,شلاليين,—,شلاليين,—,قرية بدوية مهجَّرة (1948),,,,,,الدائرة الوطنية لشؤون اللاجئين (م.ت.ف) / أرشيف ذاكرات — قاعدة القرى المهجَّرة,1948,🟠,قضاء بئر السبع — اتحاد التياها
PS-BS015,فلسطين,بئر السبع,التياها,ظلام أبو قرينات,—,ظلام أبو قرينات,—,قرية بدوية مهجَّرة (1948),,,,,,الدائرة الوطنية لشؤون اللاجئين (م.ت.ف) / أرشيف ذاكرات — قاعدة القرى المهجَّرة,1948,🟠,قضاء بئر السبع — اتحاد التياها
PS-BS016,فلسطين,بئر السبع,التياها,ظُلام أبي ربيعة,—,ظُلام أبي ربيعة,—,قرية بدوية مهجَّرة (1948),,,,,,الدائرة الوطنية لشؤون اللاجئين (م.ت.ف) / أرشيف ذاكرات — قاعدة القرى المهجَّرة,1948,🟠,قضاء بئر السبع — اتحاد التياها
PS-BS017,فلسطين,بئر السبع,التياها,عرور,—,عرور,—,قرية بدوية مهجَّرة (1948),,,,,,الدائرة الوطنية لشؤون اللاجئين (م.ت.ف) / أرشيف ذاكرات — قاعدة القرى المهجَّرة,1948,🟠,قضاء بئر السبع — اتحاد التياها
PS-BS018,فلسطين,بئر السبع,التياها,علامات أبي جغيم,—,علامات أبي جغيم,—,قرية بدوية مهجَّرة (1948),,,,684,1948,الدائرة الوطنية لشؤون اللاجئين (م.ت.ف) / أرشيف ذاكرات — قاعدة القرى المهجَّرة,1948,🟢,قضاء بئر السبع — اتحاد التياها — هُجِّرت 20 سبتمبر 1948
PS-BS019,فلسطين,بئر السبع,التياها,علامات أبي شنار,—,علامات أبي شنار,—,قرية بدوية مهجَّرة (1948),,,,,,الدائرة الوطنية لشؤون اللاجئين (م.ت.ف) / أرشيف ذاكرات — قاعدة القرى المهجَّرة,1948,🟠,قضاء بئر السبع — اتحاد التياها
PS-BS020,فلسطين,بئر السبع,التياها,علامات أبي لبّة,—,علامات أبي لبّة,—,قرية بدوية مهجَّرة (1948),,,,1451,1948,الدائرة الوطنية لشؤون اللاجئين (م.ت.ف) / أرشيف ذاكرات — قاعدة القرى المهجَّرة,1948,🟢,قضاء بئر السبع — اتحاد التياها — هُجِّرت 20 سبتمبر 1948
PS-BS021,فلسطين,بئر السبع,التياها,قديرات أبي الأعسم,—,قديرات أبي الأعسم,—,قرية بدوية مهجَّرة (1948),,,,,,الدائرة الوطنية لشؤون اللاجئين (م.ت.ف) / أرشيف ذاكرات — قاعدة القرى المهجَّرة,1948,🟠,قضاء بئر السبع — اتحاد التياها
PS-BS022,فلسطين,بئر السبع,التياها,قديرات أبو رقيّق,—,قديرات أبو رقيّق,—,قرية بدوية مهجَّرة (1948),,,,,,الدائرة الوطنية لشؤون اللاجئين (م.ت.ف) / أرشيف ذاكرات — قاعدة القرى المهجَّرة,1948,🟠,قضاء بئر السبع — اتحاد التياها
PS-BS023,فلسطين,بئر السبع,التياها,قديرات أبي كف,—,قديرات أبي كف,—,قرية بدوية مهجَّرة (1948),,,,,,الدائرة الوطنية لشؤون اللاجئين (م.ت.ف) / أرشيف ذاكرات — قاعدة القرى المهجَّرة,1948,🟠,قضاء بئر السبع — اتحاد التياها
PS-BS024,فلسطين,بئر السبع,التياها,قديرات الصانع,—,قديرات الصانع,—,قرية بدوية مهجَّرة (1948),,,,,,الدائرة الوطنية لشؤون اللاجئين (م.ت.ف) / أرشيف ذاكرات — قاعدة القرى المهجَّرة,1948,🟠,قضاء بئر السبع — اتحاد التياها
PS-BS025,فلسطين,بئر السبع,التياها,قطاطوة,—,قطاطوة,—,قرية بدوية مهجَّرة (1948),,,,,,الدائرة الوطنية لشؤون اللاجئين (م.ت.ف) / أرشيف ذاكرات — قاعدة القرى المهجَّرة,1948,🟠,قضاء بئر السبع — اتحاد التياها
PS-BS026,فلسطين,بئر السبع,التياها,نتوش العطاونة,—,نتوش العطاونة,—,قرية بدوية مهجَّرة (1948),,,,,,الدائرة الوطنية لشؤون اللاجئين (م.ت.ف) / أرشيف ذاكرات — قاعدة القرى المهجَّرة,1948,🟠,قضاء بئر السبع — اتحاد التياها
PS-BS027,فلسطين,بئر السبع,الترابين,جراوين أبو صعيليك,—,جراوين أبو صعيليك,—,قرية بدوية مهجَّرة (1948),,,,,,الدائرة الوطنية لشؤون اللاجئين (م.ت.ف) / أرشيف ذاكرات — قاعدة القرى المهجَّرة,1948,🟠,قضاء بئر السبع — اتحاد الترابين
PS-BS028,فلسطين,بئر السبع,الترابين,جراوين أبي غليون,—,جراوين أبي غليون,—,قرية بدوية مهجَّرة (1948),,,,,,الدائرة الوطنية لشؤون اللاجئين (م.ت.ف) / أرشيف ذاكرات — قاعدة القرى المهجَّرة,1948,🟠,قضاء بئر السبع — اتحاد الترابين
PS-BS029,فلسطين,بئر السبع,الترابين,جراوين أبي يحيى,—,جراوين أبي يحيى,—,قرية بدوية مهجَّرة (1948),,,,,,الدائرة الوطنية لشؤون اللاجئين (م.ت.ف) / أرشيف ذاكرات — قاعدة القرى المهجَّرة,1948,🟠,قضاء بئر السبع — اتحاد الترابين
PS-BS030,فلسطين,بئر السبع,الترابين,حسنات أبي معيلق,—,حسنات أبي معيلق,—,قرية بدوية مهجَّرة (1948),,,,991,1948,الدائرة الوطنية لشؤون اللاجئين (م.ت.ف) / أرشيف ذاكرات — قاعدة القرى المهجَّرة,1948,🟢,قضاء بئر السبع — اتحاد الترابين — هُجِّرت 5 نوفمبر 1948
PS-BS031,فلسطين,بئر السبع,الترابين,غوالي أبو ستة,—,غوالي أبو ستة,—,قرية بدوية مهجَّرة (1948),,,,1335,1948,الدائرة الوطنية لشؤون اللاجئين (م.ت.ف) / أرشيف ذاكرات — قاعدة القرى المهجَّرة,1948,🟢,قضاء بئر السبع — اتحاد الترابين — هُجِّرت 5 نوفمبر 1948
PS-BS032,فلسطين,بئر السبع,الترابين,غوالي أبي الحصين,—,غوالي أبي الحصين,—,قرية بدوية مهجَّرة (1948),,,,1705,1948,الدائرة الوطنية لشؤون اللاجئين (م.ت.ف) / أرشيف ذاكرات — قاعدة القرى المهجَّرة,1948,🟢,قضاء بئر السبع — اتحاد الترابين — هُجِّرت 5 نوفمبر 1948
PS-BS033,فلسطين,بئر السبع,الترابين,غوالي أبي بكرة,—,غوالي أبي بكرة,—,قرية بدوية مهجَّرة (1948),,,,,,الدائرة الوطنية لشؤون اللاجئين (م.ت.ف) / أرشيف ذاكرات — قاعدة القرى المهجَّرة,1948,🟠,قضاء بئر السبع — اتحاد الترابين
PS-BS034,فلسطين,بئر السبع,الترابين,غوالي أبي ختلة,—,غوالي أبي ختلة,—,قرية بدوية مهجَّرة (1948),,,,,,الدائرة الوطنية لشؤون اللاجئين (م.ت.ف) / أرشيف ذاكرات — قاعدة القرى المهجَّرة,1948,🟠,قضاء بئر السبع — اتحاد الترابين
PS-BS035,فلسطين,بئر السبع,الترابين,غوالي أبي شلهوب,—,غوالي أبي شلهوب,—,قرية بدوية مهجَّرة (1948),,,,521,1948,الدائرة الوطنية لشؤون اللاجئين (م.ت.ف) / أرشيف ذاكرات — قاعدة القرى المهجَّرة,1948,🟢,قضاء بئر السبع — اتحاد الترابين — هُجِّرت 5 نوفمبر 1948
PS-BS036,فلسطين,بئر السبع,الترابين,غوالي أبي عمرة,—,غوالي أبي عمرة,—,قرية بدوية مهجَّرة (1948),,,,866,1948,الدائرة الوطنية لشؤون اللاجئين (م.ت.ف) / أرشيف ذاكرات — قاعدة القرى المهجَّرة,1948,🟢,قضاء بئر السبع — اتحاد الترابين — هُجِّرت 5 نوفمبر 1948
PS-BS037,فلسطين,بئر السبع,الترابين,غوالي أبي بركة,—,غوالي أبي بركة,—,قرية بدوية مهجَّرة (1948),,,,203,1948,الدائرة الوطنية لشؤون اللاجئين (م.ت.ف) / أرشيف ذاكرات — قاعدة القرى المهجَّرة,1948,🟢,قضاء بئر السبع — اتحاد الترابين — هُجِّرت 5 نوفمبر 1948
PS-BS038,فلسطين,بئر السبع,الترابين,غوالي الزريعي,—,غوالي الزريعي,—,قرية بدوية مهجَّرة (1948),,,,,,الدائرة الوطنية لشؤون اللاجئين (م.ت.ف) / أرشيف ذاكرات — قاعدة القرى المهجَّرة,1948,🟠,قضاء بئر السبع — اتحاد الترابين
PS-BS039,فلسطين,بئر السبع,الترابين,غوالي العمور,—,غوالي العمور,—,قرية بدوية مهجَّرة (1948),,,,,,الدائرة الوطنية لشؤون اللاجئين (م.ت.ف) / أرشيف ذاكرات — قاعدة القرى المهجَّرة,1948,🟠,قضاء بئر السبع — اتحاد الترابين
PS-BS040,فلسطين,بئر السبع,الترابين,نجمات أبو صوصين,—,نجمات أبو صوصين,—,قرية بدوية مهجَّرة (1948),,,,1225,1948,الدائرة الوطنية لشؤون اللاجئين (م.ت.ف) / أرشيف ذاكرات — قاعدة القرى المهجَّرة,1948,🟢,قضاء بئر السبع — اتحاد الترابين — هُجِّرت 1 أكتوبر 1948
PS-BS041,فلسطين,بئر السبع,الترابين,نجمات أبي صهيبان,—,نجمات أبي صهيبان,—,قرية بدوية مهجَّرة (1948),,,,4673,1948,الدائرة الوطنية لشؤون اللاجئين (م.ت.ف) / أرشيف ذاكرات — قاعدة القرى المهجَّرة,1948,🟢,قضاء بئر السبع — اتحاد الترابين — هُجِّرت 1 أكتوبر 1948
PS-BS042,فلسطين,بئر السبع,الترابين,نجمات أبي عاذرة,—,نجمات أبي عاذرة,—,قرية بدوية مهجَّرة (1948),,,,1390,1948,الدائرة الوطنية لشؤون اللاجئين (م.ت.ف) / أرشيف ذاكرات — قاعدة القرى المهجَّرة,1948,🟢,قضاء بئر السبع — اتحاد الترابين — هُجِّرت 1 أكتوبر 1948
PS-BS043,فلسطين,بئر السبع,الترابين,نجمات الصانع,—,نجمات الصانع,—,قرية بدوية مهجَّرة (1948),,,,,,الدائرة الوطنية لشؤون اللاجئين (م.ت.ف) / أرشيف ذاكرات — قاعدة القرى المهجَّرة,1948,🟠,قضاء بئر السبع — اتحاد الترابين
PS-BS044,فلسطين,بئر السبع,الترابين,نجمات الصوفي,—,نجمات الصوفي,—,قرية بدوية مهجَّرة (1948),,,,,,الدائرة الوطنية لشؤون اللاجئين (م.ت.ف) / أرشيف ذاكرات — قاعدة القرى المهجَّرة,1948,🟠,قضاء بئر السبع — اتحاد الترابين
PS-BS045,فلسطين,بئر السبع,الترابين,نجمات القصار,—,نجمات القصار,—,قرية بدوية مهجَّرة (1948),,,,1831,1948,الدائرة الوطنية لشؤون اللاجئين (م.ت.ف) / أرشيف ذاكرات — قاعدة القرى المهجَّرة,1948,🟢,قضاء بئر السبع — اتحاد الترابين — هُجِّرت 1 أكتوبر 1948
PS-BS046,فلسطين,بئر السبع,الترابين,وحيدات الترابين,—,وحيدات الترابين,—,قرية بدوية مهجَّرة (1948),,,,952,1948,الدائرة الوطنية لشؤون اللاجئين (م.ت.ف) / أرشيف ذاكرات — قاعدة القرى المهجَّرة,1948,🟢,قضاء بئر السبع — اتحاد الترابين — هُجِّرت 5 نوفمبر 1948
PS-BS047,فلسطين,بئر السبع,الجبارات,أبو جابر,—,أبو جابر,—,قرية بدوية مهجَّرة (1948),,,,818,1948,الدائرة الوطنية لشؤون اللاجئين (م.ت.ف) / أرشيف ذاكرات — قاعدة القرى المهجَّرة,1948,🟢,قضاء بئر السبع — اتحاد الجبارات — هُجِّرت 20 سبتمبر 1948
PS-BS048,فلسطين,بئر السبع,الجبارات,أبو روّاع,—,أبو روّاع,—,قرية بدوية مهجَّرة (1948),,,,230,1948,الدائرة الوطنية لشؤون اللاجئين (م.ت.ف) / أرشيف ذاكرات — قاعدة القرى المهجَّرة,1948,🟢,قضاء بئر السبع — اتحاد الجبارات — هُجِّرت 20 سبتمبر 1948
PS-BS049,فلسطين,بئر السبع,الجبارات,ارتيمات أبي العدوس,—,ارتيمات أبي العدوس,—,قرية بدوية مهجَّرة (1948),,,,1111,1948,الدائرة الوطنية لشؤون اللاجئين (م.ت.ف) / أرشيف ذاكرات — قاعدة القرى المهجَّرة,1948,🟢,قضاء بئر السبع — اتحاد الجبارات — هُجِّرت 20 سبتمبر 1948
PS-BS050,فلسطين,بئر السبع,الجبارات,ارتيمات الفقراء,—,ارتيمات الفقراء,—,قرية بدوية مهجَّرة (1948),,,,,,الدائرة الوطنية لشؤون اللاجئين (م.ت.ف) / أرشيف ذاكرات — قاعدة القرى المهجَّرة,1948,🟠,قضاء بئر السبع — اتحاد الجبارات
PS-BS051,فلسطين,بئر السبع,الجبارات,الزربة,—,الزربة,—,قرية بدوية مهجَّرة (1948),,,,,,الدائرة الوطنية لشؤون اللاجئين (م.ت.ف) / أرشيف ذاكرات — قاعدة القرى المهجَّرة,1948,🟠,قضاء بئر السبع — اتحاد الجبارات
PS-BS052,فلسطين,بئر السبع,الجبارات,الولايدة,—,الولايدة,—,قرية بدوية مهجَّرة (1948),,,,,,الدائرة الوطنية لشؤون اللاجئين (م.ت.ف) / أرشيف ذاكرات — قاعدة القرى المهجَّرة,1948,🟠,قضاء بئر السبع — اتحاد الجبارات
PS-BS053,فلسطين,بئر السبع,الجبارات,جبارات الدقس,—,جبارات الدقس,—,قرية بدوية مهجَّرة (1948),,,,1233,1948,الدائرة الوطنية لشؤون اللاجئين (م.ت.ف) / أرشيف ذاكرات — قاعدة القرى المهجَّرة,1948,🟢,قضاء بئر السبع — اتحاد الجبارات — هُجِّرت 20 سبتمبر 1948
PS-BS054,فلسطين,بئر السبع,الجبارات,جبارات الوحيدات,—,جبارات الوحيدات,—,قرية بدوية مهجَّرة (1948),,,,576,1948,الدائرة الوطنية لشؤون اللاجئين (م.ت.ف) / أرشيف ذاكرات — قاعدة القرى المهجَّرة,1948,🟢,قضاء بئر السبع — اتحاد الجبارات — هُجِّرت 20 سبتمبر 1948
PS-BS055,فلسطين,بئر السبع,الجبارات,حسنات بني صباح,—,حسنات بني صباح,—,قرية بدوية مهجَّرة (1948),,,,460,1948,الدائرة الوطنية لشؤون اللاجئين (م.ت.ف) / أرشيف ذاكرات — قاعدة القرى المهجَّرة,1948,🟢,قضاء بئر السبع — اتحاد الجبارات — هُجِّرت 20 سبتمبر 1948
PS-BS056,فلسطين,بئر السبع,الجبارات,سعادنة أبي جريبان,—,سعادنة أبي جريبان,—,قرية بدوية مهجَّرة (1948),,,,419,1948,الدائرة الوطنية لشؤون اللاجئين (م.ت.ف) / أرشيف ذاكرات — قاعدة القرى المهجَّرة,1948,🟢,قضاء بئر السبع — اتحاد الجبارات — هُجِّرت 20 سبتمبر 1948
PS-BS057,فلسطين,بئر السبع,الجبارات,سعادنة النويري,—,سعادنة النويري,—,قرية بدوية مهجَّرة (1948),,,,273,1948,الدائرة الوطنية لشؤون اللاجئين (م.ت.ف) / أرشيف ذاكرات — قاعدة القرى المهجَّرة,1948,🟢,قضاء بئر السبع — اتحاد الجبارات — هُجِّرت 20 سبتمبر 1948
PS-BS058,فلسطين,بئر السبع,الجبارات,سواركة بن رفيع,—,سواركة بن رفيع,—,قرية بدوية مهجَّرة (1948),,,,985,1948,الدائرة الوطنية لشؤون اللاجئين (م.ت.ف) / أرشيف ذاكرات — قاعدة القرى المهجَّرة,1948,🟢,قضاء بئر السبع — اتحاد الجبارات — هُجِّرت 20 سبتمبر 1948
PS-BS059,فلسطين,بئر السبع,الجبارات,عمارين بني عجلان,—,عمارين بني عجلان,—,قرية بدوية مهجَّرة (1948),,,,1265,1948,الدائرة الوطنية لشؤون اللاجئين (م.ت.ف) / أرشيف ذاكرات — قاعدة القرى المهجَّرة,1948,🟢,قضاء بئر السبع — اتحاد الجبارات — هُجِّرت 20 سبتمبر 1948
PS-BS060,فلسطين,بئر السبع,الجبارات,قلازين ثوابتة,—,قلازين ثوابتة,—,قرية بدوية مهجَّرة (1948),,,,619,1948,الدائرة الوطنية لشؤون اللاجئين (م.ت.ف) / أرشيف ذاكرات — قاعدة القرى المهجَّرة,1948,🟢,قضاء بئر السبع — اتحاد الجبارات — هُجِّرت 20 سبتمبر 1948
PS-BS061,فلسطين,بئر السبع,الجبارات,جليدة,—,جليدة,—,قرية بدوية مهجَّرة (1948),,,,275,1948,الدائرة الوطنية لشؤون اللاجئين (م.ت.ف) / أرشيف ذاكرات — قاعدة القرى المهجَّرة,1948,🟢,قضاء بئر السبع — اتحاد الجبارات — هُجِّرت 20 سبتمبر 1948
PS-BS062,فلسطين,بئر السبع,العزازمة,السواخنة,—,السواخنة,—,قرية بدوية مهجَّرة (1948),,,,,,الدائرة الوطنية لشؤون اللاجئين (م.ت.ف) / أرشيف ذاكرات — قاعدة القرى المهجَّرة,1948,🟠,قضاء بئر السبع — اتحاد العزازمة
PS-BS063,فلسطين,بئر السبع,العزازمة,الصبحيين,—,الصبحيين,—,قرية بدوية مهجَّرة (1948),,,,,,الدائرة الوطنية لشؤون اللاجئين (م.ت.ف) / أرشيف ذاكرات — قاعدة القرى المهجَّرة,1948,🟠,قضاء بئر السبع — اتحاد العزازمة
PS-BS064,فلسطين,بئر السبع,العزازمة,الصبيحات,—,الصبيحات,—,قرية بدوية مهجَّرة (1948),,,,,,الدائرة الوطنية لشؤون اللاجئين (م.ت.ف) / أرشيف ذاكرات — قاعدة القرى المهجَّرة,1948,🟠,قضاء بئر السبع — اتحاد العزازمة
PS-BS065,فلسطين,بئر السبع,العزازمة,الفراحين,—,الفراحين,—,قرية بدوية مهجَّرة (1948),,,,,,الدائرة الوطنية لشؤون اللاجئين (م.ت.ف) / أرشيف ذاكرات — قاعدة القرى المهجَّرة,1948,🟠,قضاء بئر السبع — اتحاد العزازمة
PS-BS066,فلسطين,بئر السبع,العزازمة,المحمديين,—,المحمديين,—,قرية بدوية مهجَّرة (1948),,,,,,الدائرة الوطنية لشؤون اللاجئين (م.ت.ف) / أرشيف ذاكرات — قاعدة القرى المهجَّرة,1948,🟠,قضاء بئر السبع — اتحاد العزازمة
PS-BS067,فلسطين,بئر السبع,العزازمة,المريعات,—,المريعات,—,قرية بدوية مهجَّرة (1948),,,,,,الدائرة الوطنية لشؤون اللاجئين (م.ت.ف) / أرشيف ذاكرات — قاعدة القرى المهجَّرة,1948,🟠,قضاء بئر السبع — اتحاد العزازمة
PS-BS068,فلسطين,بئر السبع,العزازمة,المسعوديين,—,المسعوديين,—,قرية بدوية مهجَّرة (1948),,,,,,الدائرة الوطنية لشؤون اللاجئين (م.ت.ف) / أرشيف ذاكرات — قاعدة القرى المهجَّرة,1948,🟠,قضاء بئر السبع — اتحاد العزازمة
PS-BS069,فلسطين,بئر السبع,الحناجرة,أبو مدين,—,أبو مدين,—,قرية بدوية مهجَّرة (1948),,,,2887,1948,الدائرة الوطنية لشؤون اللاجئين (م.ت.ف) / أرشيف ذاكرات — قاعدة القرى المهجَّرة,1948,🟢,قضاء بئر السبع — اتحاد الحناجرة — هُجِّرت 22 نوفمبر 1948
PS-BS070,فلسطين,بئر السبع,الحناجرة,السميري,—,السميري,—,قرية بدوية مهجَّرة (1948),,,,1528,1948,الدائرة الوطنية لشؤون اللاجئين (م.ت.ف) / أرشيف ذاكرات — قاعدة القرى المهجَّرة,1948,🟢,قضاء بئر السبع — اتحاد الحناجرة — هُجِّرت 22 نوفمبر 1948
PS-BS071,فلسطين,بئر السبع,الحناجرة,النصيرات,—,النصيرات,—,قرية بدوية مهجَّرة (1948),,,,2246,1948,الدائرة الوطنية لشؤون اللاجئين (م.ت.ف) / أرشيف ذاكرات — قاعدة القرى المهجَّرة,1948,🟢,قضاء بئر السبع — اتحاد الحناجرة — هُجِّرت 22 نوفمبر 1948
PS-BS072,فلسطين,بئر السبع,الحناجرة,الظواهرة,—,الظواهرة,—,قرية بدوية مهجَّرة (1948),,,,938,1948,الدائرة الوطنية لشؤون اللاجئين (م.ت.ف) / أرشيف ذاكرات — قاعدة القرى المهجَّرة,1948,🟢,قضاء بئر السبع — اتحاد الحناجرة — هُجِّرت 22 نوفمبر 1948
PS-BS073,فلسطين,بئر السبع,—,بئر السبع,—,بئر السبع,—,مدينة مهجَّرة (1948),,,,,,الدائرة الوطنية لشؤون اللاجئين (م.ت.ف) / أرشيف ذاكرات — قاعدة القرى المهجَّرة,1948,🟠,قضاء بئر السبع — مركز القضاء — أُسست عثمانيًا نحو 1900
PS-BS074,فلسطين,بئر السبع,—,الجمّامة,—,الجمّامة,—,قرية مهجَّرة (1948),,,,,,الدائرة الوطنية لشؤون اللاجئين (م.ت.ف) / أرشيف ذاكرات — قاعدة القرى المهجَّرة,1948,🟠,قضاء بئر السبع
PS-BS075,فلسطين,بئر السبع,—,الخلصة,—,الخلصة,—,مدينة أثرية مهجَّرة (1948),,,,,,الدائرة الوطنية لشؤون اللاجئين (م.ت.ف) / أرشيف ذاكرات — قاعدة القرى المهجَّرة,1948,🟢,قضاء بئر السبع — مدينة نبطية-بيزنطية على طريق البخور — هُجِّرت 9 أكتوبر 1948
PS-BS076,فلسطين,بئر السبع,—,عبدة,—,عبدة,—,مدينة أثرية مهجَّرة (1948),,,,,,الدائرة الوطنية لشؤون اللاجئين (م.ت.ف) / أرشيف ذاكرات — قاعدة القرى المهجَّرة,1948,🟠,قضاء بئر السبع — مدينة نبطية-بيزنطية على طريق البخور
PS-BS077,فلسطين,بئر السبع,—,كرنب,—,كرنب,—,مدينة أثرية مهجَّرة (1948),,,,,,الدائرة الوطنية لشؤون اللاجئين (م.ت.ف) / أرشيف ذاكرات — قاعدة القرى المهجَّرة,1948,🟢,قضاء بئر السبع — مدينة نبطية — هُجِّرت 17 أكتوبر 1948
PS-BS078,فلسطين,بئر السبع,—,الزويرة,—,الزويرة,—,موقع مهجَّر (1948),,,,,,الدائرة الوطنية لشؤون اللاجئين (م.ت.ف) / أرشيف ذاكرات — قاعدة القرى المهجَّرة,1948,🟢,قضاء بئر السبع — هُجِّرت 23 أكتوبر 1948
PS-BS079,فلسطين,بئر السبع,—,عسلوج,—,عسلوج,—,بلدة مهجَّرة (1948),,,,,,الدائرة الوطنية لشؤون اللاجئين (م.ت.ف) / أرشيف ذاكرات — قاعدة القرى المهجَّرة,1948,🟢,قضاء بئر السبع — هُجِّرت 26 نوفمبر 1948
PS-BS080,فلسطين,بئر السبع,—,عوجة الحفير,—,عوجة الحفير,—,بلدة حدودية مهجَّرة (1948),,,,,,الدائرة الوطنية لشؤون اللاجئين (م.ت.ف) / أرشيف ذاكرات — قاعدة القرى المهجَّرة,1948,🟢,قضاء بئر السبع — آخر تهجير موثَّق في القضاء — هُجِّرت 27 نوفمبر 1948
PS-BS081,فلسطين,بئر السبع,—,أم الرشراش,—,أم الرشراش,—,ميناء مهجَّر (1949),,,,,,الدائرة الوطنية لشؤون اللاجئين (م.ت.ف) / أرشيف ذاكرات — قاعدة القرى المهجَّرة,1948,🟢,قضاء بئر السبع — إيلات اليوم — احتُلّ بعد انتهاء الحرب رسميًا — هُجِّرت 10 مارس 1949
PS-BS082,فلسطين,بئر السبع,—,العراقيب,—,العراقيب,—,قرية غير معترف بها,,,,,,الدائرة الوطنية لشؤون اللاجئين (م.ت.ف) / أرشيف ذاكرات — قاعدة القرى المهجَّرة,1948,🟠,قضاء بئر السبع — هُدمت عشرات المرات بعد 1948 ولا تزال
PS-BS083,فلسطين,بئر السبع,—,الشيخ نوران,—,الشيخ نوران,—,مقام وقرية مهجَّرة (1948),,,,,,الدائرة الوطنية لشؤون اللاجئين (م.ت.ف) / أرشيف ذاكرات — قاعدة القرى المهجَّرة,1948,🟠,قضاء بئر السبع
PS-BS084,فلسطين,بئر السبع,—,العمارة,—,العمارة,—,خربة مهجَّرة (1948),,,,,,الدائرة الوطنية لشؤون اللاجئين (م.ت.ف) / أرشيف ذاكرات — قاعدة القرى المهجَّرة,1948,🟠,قضاء بئر السبع — 29 كم غرب بئر السبع
PS-BS085,فلسطين,بئر السبع,—,أبو غليون,—,أبو غليون,—,خربة مهجَّرة (1948),,,,,,الدائرة الوطنية لشؤون اللاجئين (م.ت.ف) / أرشيف ذاكرات — قاعدة القرى المهجَّرة,1948,🟠,قضاء بئر السبع — خربة الخسيف — 20 كم غرب بئر السبع
PS-BS086,فلسطين,بئر السبع,—,خربة الخسيف,—,خربة الخسيف,—,خربة مهجَّرة (1948),,,,,,الدائرة الوطنية لشؤون اللاجئين (م.ت.ف) / أرشيف ذاكرات — قاعدة القرى المهجَّرة,1948,🟠,قضاء بئر السبع
PS-BS087,فلسطين,بئر السبع,—,خربة القريتين,—,خربة القريتين,—,خربة مهجَّرة (1948),,,,,,الدائرة الوطنية لشؤون اللاجئين (م.ت.ف) / أرشيف ذاكرات — قاعدة القرى المهجَّرة,1948,🟠,قضاء بئر السبع
PS-BS088,فلسطين,بئر السبع,—,خربة عتير,—,خربة عتير,—,خربة مهجَّرة (1948),,,,,,الدائرة الوطنية لشؤون اللاجئين (م.ت.ف) / أرشيف ذاكرات — قاعدة القرى المهجَّرة,1948,🟠,قضاء بئر السبع
PS-BS089,فلسطين,بئر السبع,—,أبو سمارة,—,أبو سمارة,—,موقع مهجَّر (1948),,,,,,الدائرة الوطنية لشؤون اللاجئين (م.ت.ف) / أرشيف ذاكرات — قاعدة القرى المهجَّرة,1948,🟠,قضاء بئر السبع
PS-BS090,فلسطين,بئر السبع,—,زرابة,—,زرابة,—,موقع مهجَّر (1948),,,,,,الدائرة الوطنية لشؤون اللاجئين (م.ت.ف) / أرشيف ذاكرات — قاعدة القرى المهجَّرة,1948,🟠,قضاء بئر السبع
PS-BS091,فلسطين,بئر السبع,—,نبعات,—,نبعات,—,موقع مهجَّر (1948),,,,,,الدائرة الوطنية لشؤون اللاجئين (م.ت.ف) / أرشيف ذاكرات — قاعدة القرى المهجَّرة,1948,🟠,قضاء بئر السبع
PS-BS092,فلسطين,بئر السبع,—,وادي زُبالة,—,وادي زُبالة,—,موقع مهجَّر (1948),,,,,,الدائرة الوطنية لشؤون اللاجئين (م.ت.ف) / أرشيف ذاكرات — قاعدة القرى المهجَّرة,1948,🟠,قضاء بئر السبع
PS-BS093,فلسطين,بئر السبع,—,عرب الصبحين (جنوب),—,عرب الصبحين (جنوب),—,عشيرة مهجَّرة (1948),,,,,,الدائرة الوطنية لشؤون اللاجئين (م.ت.ف) / أرشيف ذاكرات — قاعدة القرى المهجَّرة,1948,🟠,قضاء بئر السبع
PS-BS094,فلسطين,بئر السبع,—,عرب الصوفيين,—,عرب الصوفيين,—,عشيرة مهجَّرة (1948),,,,,,الدائرة الوطنية لشؤون اللاجئين (م.ت.ف) / أرشيف ذاكرات — قاعدة القرى المهجَّرة,1948,🟠,قضاء بئر السبع
PS-BS095,فلسطين,بئر السبع,—,عرب العصيات,—,عرب العصيات,—,عشيرة مهجَّرة (1948),,,,,,الدائرة الوطنية لشؤون اللاجئين (م.ت.ف) / أرشيف ذاكرات — قاعدة القرى المهجَّرة,1948,🟠,قضاء بئر السبع
PS-BS096,فلسطين,بئر السبع,—,عرب القلاعية,—,عرب القلاعية,—,عشيرة مهجَّرة (1948),,,,,,الدائرة الوطنية لشؤون اللاجئين (م.ت.ف) / أرشيف ذاكرات — قاعدة القرى المهجَّرة,1948,🟠,قضاء بئر السبع
PS-BS097,فلسطين,بئر السبع,—,عرب عسلوج,—,عرب عسلوج,—,عشيرة مهجَّرة (1948),,,,,,الدائرة الوطنية لشؤون اللاجئين (م.ت.ف) / أرشيف ذاكرات — قاعدة القرى المهجَّرة,1948,🟢,قضاء بئر السبع — رقم السكان 46 متكرر في المصدر — يُتحفَّظ عليه — هُجِّرت 26 نوفمبر 1948
PS-BS098,فلسطين,بئر السبع,—,عرب عوجة الحفير,—,عرب عوجة الحفير,—,عشيرة مهجَّرة (1948),,,,,,الدائرة الوطنية لشؤون اللاجئين (م.ت.ف) / أرشيف ذاكرات — قاعدة القرى المهجَّرة,1948,🟢,قضاء بئر السبع — رقم السكان 46 متكرر في المصدر — يُتحفَّظ عليه — هُجِّرت 27 نوفمبر 1948
PS-BS099,فلسطين,بئر السبع,—,رهط,—,رهط,—,مدينة حالية,,,,,,الدائرة الوطنية لشؤون اللاجئين (م.ت.ف) / أرشيف ذاكرات — قاعدة القرى المهجَّرة,1948,🟡,قضاء بئر السبع — من القرى السبع التي أُقيمت بعد 1948 لتوطين مهجَّري النقب داخليًا
PS-BS100,فلسطين,بئر السبع,—,تل السبع,—,تل السبع,—,قرية مستحدثة,,,,,,الدائرة الوطنية لشؤون اللاجئين (م.ت.ف) / أرشيف ذاكرات — قاعدة القرى المهجَّرة,1948,🟡,قضاء بئر السبع — من القرى السبع التي أُقيمت بعد 1948 لتوطين مهجَّري النقب داخليًا
PS-BS101,فلسطين,بئر السبع,—,حورا,—,حورا,—,قرية مستحدثة,,,,,,الدائرة الوطنية لشؤون اللاجئين (م.ت.ف) / أرشيف ذاكرات — قاعدة القرى المهجَّرة,1948,🟡,قضاء بئر السبع — من القرى السبع التي أُقيمت بعد 1948 لتوطين مهجَّري النقب داخليًا
PS-BS102,فلسطين,بئر السبع,—,شقيب السلام,—,شقيب السلام,—,قرية مستحدثة,,,,,,الدائرة الوطنية لشؤون اللاجئين (م.ت.ف) / أرشيف ذاكرات — قاعدة القرى المهجَّرة,1948,🟡,قضاء بئر السبع — من القرى السبع التي أُقيمت بعد 1948 لتوطين مهجَّري النقب داخليًا
PS-BS103,فلسطين,بئر السبع,—,عرعرة النقب,—,عرعرة النقب,—,قرية مستحدثة,,,,,,الدائرة الوطنية لشؤون اللاجئين (م.ت.ف) / أرشيف ذاكرات — قاعدة القرى المهجَّرة,1948,🟡,قضاء بئر السبع — من القرى السبع التي أُقيمت بعد 1948 لتوطين مهجَّري النقب داخليًا
PS-BS104,فلسطين,بئر السبع,—,كسيفة,—,كسيفة,—,قرية مستحدثة,,,,,,الدائرة الوطنية لشؤون اللاجئين (م.ت.ف) / أرشيف ذاكرات — قاعدة القرى المهجَّرة,1948,🟡,قضاء بئر السبع — من القرى السبع التي أُقيمت بعد 1948 لتوطين مهجَّري النقب داخليًا
PS-BS105,فلسطين,بئر السبع,—,اللقية,—,اللقية,—,قرية مستحدثة,,,,,,الدائرة الوطنية لشؤون اللاجئين (م.ت.ف) / أرشيف ذاكرات — قاعدة القرى المهجَّرة,1948,🟡,قضاء بئر السبع — من القرى السبع التي أُقيمت بعد 1948 لتوطين مهجَّري النقب داخليًا
PS-D4001,فلسطين,بيسان,—,الأشرفيّة,—,الأشرفيّة,—,قرية/موقع مهجَّر (1948),,,,,,أرشيف ذاكرات — قاعدة القرى المهجَّرة حسب القضاء,1948,🟢,قضاء بيسان — الحصر الاسمي عن أرشيف ذاكرات
PS-D4002,فلسطين,بيسان,—,البيرة,—,البيرة,—,قرية/موقع مهجَّر (1948),,,,,,أرشيف ذاكرات — قاعدة القرى المهجَّرة حسب القضاء,1948,🟢,قضاء بيسان — الحصر الاسمي عن أرشيف ذاكرات
PS-D4003,فلسطين,بيسان,—,الحمرا,—,الحمرا,—,قرية/موقع مهجَّر (1948),,,,,,أرشيف ذاكرات — قاعدة القرى المهجَّرة حسب القضاء,1948,🟢,قضاء بيسان — الحصر الاسمي عن أرشيف ذاكرات
PS-D4004,فلسطين,بيسان,—,الحميديّة,—,الحميديّة,—,قرية/موقع مهجَّر (1948),,,,,,أرشيف ذاكرات — قاعدة القرى المهجَّرة حسب القضاء,1948,🟢,قضاء بيسان — الحصر الاسمي عن أرشيف ذاكرات
PS-D4005,فلسطين,بيسان,—,الخنيزير,—,الخنيزير,—,قرية/موقع مهجَّر (1948),,,,,,أرشيف ذاكرات — قاعدة القرى المهجَّرة حسب القضاء,1948,🟢,قضاء بيسان — الحصر الاسمي عن أرشيف ذاكرات
PS-D4006,فلسطين,بيسان,—,الساخنة,—,الساخنة,—,قرية/موقع مهجَّر (1948),,,,,,أرشيف ذاكرات — قاعدة القرى المهجَّرة حسب القضاء,1948,🟢,قضاء بيسان — الحصر الاسمي عن أرشيف ذاكرات
PS-D4007,فلسطين,بيسان,—,السامريّة,—,السامريّة,—,قرية/موقع مهجَّر (1948),,,,,,أرشيف ذاكرات — قاعدة القرى المهجَّرة حسب القضاء,1948,🟢,قضاء بيسان — الحصر الاسمي عن أرشيف ذاكرات
PS-D4008,فلسطين,بيسان,—,الطيرة (بيسان),—,الطيرة (بيسان),—,قرية/موقع مهجَّر (1948),,,,,,أرشيف ذاكرات — قاعدة القرى المهجَّرة حسب القضاء,1948,🟢,قضاء بيسان — الحصر الاسمي عن أرشيف ذاكرات
PS-D4009,فلسطين,بيسان,—,الغزّاويّة,—,الغزّاويّة,—,قرية/موقع مهجَّر (1948),,,,,,أرشيف ذاكرات — قاعدة القرى المهجَّرة حسب القضاء,1948,🟢,قضاء بيسان — الحصر الاسمي عن أرشيف ذاكرات
PS-D4010,فلسطين,بيسان,—,الفاتور,—,الفاتور,—,قرية/موقع مهجَّر (1948),,,,,,أرشيف ذاكرات — قاعدة القرى المهجَّرة حسب القضاء,1948,🟢,قضاء بيسان — الحصر الاسمي عن أرشيف ذاكرات
PS-D4011,فلسطين,بيسان,—,المرصّص,—,المرصّص,—,قرية/موقع مهجَّر (1948),,,,,,أرشيف ذاكرات — قاعدة القرى المهجَّرة حسب القضاء,1948,🟢,قضاء بيسان — الحصر الاسمي عن أرشيف ذاكرات
PS-D4012,فلسطين,بيسان,—,أم عجرة,—,أم عجرة,—,قرية/موقع مهجَّر (1948),,,,,,أرشيف ذاكرات — قاعدة القرى المهجَّرة حسب القضاء,1948,🟢,قضاء بيسان — الحصر الاسمي عن أرشيف ذاكرات
PS-D4013,فلسطين,بيسان,—,بيسان,—,بيسان,—,قرية/موقع مهجَّر (1948),,,,,,أرشيف ذاكرات — قاعدة القرى المهجَّرة حسب القضاء,1948,🟢,قضاء بيسان — الحصر الاسمي عن أرشيف ذاكرات
PS-D4014,فلسطين,بيسان,—,تلّ الشوك,—,تلّ الشوك,—,قرية/موقع مهجَّر (1948),,,,,,أرشيف ذاكرات — قاعدة القرى المهجَّرة حسب القضاء,1948,🟢,قضاء بيسان — الحصر الاسمي عن أرشيف ذاكرات
PS-D4015,فلسطين,بيسان,—,جبّول,—,جبّول,—,قرية/موقع مهجَّر (1948),,,,,,أرشيف ذاكرات — قاعدة القرى المهجَّرة حسب القضاء,1948,🟢,قضاء بيسان — الحصر الاسمي عن أرشيف ذاكرات
PS-D4016,فلسطين,بيسان,—,خربة أم صابونة,—,خربة أم صابونة,—,قرية/موقع مهجَّر (1948),,,,,,أرشيف ذاكرات — قاعدة القرى المهجَّرة حسب القضاء,1948,🟢,قضاء بيسان — الحصر الاسمي عن أرشيف ذاكرات
PS-D4017,فلسطين,بيسان,—,خربة الزاوية,—,خربة الزاوية,—,قرية/موقع مهجَّر (1948),,,,,,أرشيف ذاكرات — قاعدة القرى المهجَّرة حسب القضاء,1948,🟢,قضاء بيسان — الحصر الاسمي عن أرشيف ذاكرات
PS-D4018,فلسطين,بيسان,—,خربة الطاقة,—,خربة الطاقة,—,قرية/موقع مهجَّر (1948),,,,,,أرشيف ذاكرات — قاعدة القرى المهجَّرة حسب القضاء,1948,🟢,قضاء بيسان — الحصر الاسمي عن أرشيف ذاكرات
PS-D4019,فلسطين,بيسان,—,دنّة,—,دنّة,—,قرية/موقع مهجَّر (1948),,,,,,أرشيف ذاكرات — قاعدة القرى المهجَّرة حسب القضاء,1948,🟢,قضاء بيسان — الحصر الاسمي عن أرشيف ذاكرات
PS-D4020,فلسطين,بيسان,—,زبعة,—,زبعة,—,قرية/موقع مهجَّر (1948),,,,,,أرشيف ذاكرات — قاعدة القرى المهجَّرة حسب القضاء,1948,🟢,قضاء بيسان — الحصر الاسمي عن أرشيف ذاكرات
PS-D4021,فلسطين,بيسان,—,سيرين,—,سيرين,—,قرية/موقع مهجَّر (1948),,,,,,أرشيف ذاكرات — قاعدة القرى المهجَّرة حسب القضاء,1948,🟢,قضاء بيسان — الحصر الاسمي عن أرشيف ذاكرات
PS-D4022,فلسطين,بيسان,—,شطّة,—,شطّة,—,قرية/موقع مهجَّر (1948),,,,,,أرشيف ذاكرات — قاعدة القرى المهجَّرة حسب القضاء,1948,🟢,قضاء بيسان — الحصر الاسمي عن أرشيف ذاكرات
PS-D4023,فلسطين,بيسان,—,عرب البواطي,—,عرب البواطي,—,قرية/موقع مهجَّر (1948),,,,,,أرشيف ذاكرات — قاعدة القرى المهجَّرة حسب القضاء,1948,🟢,قضاء بيسان — الحصر الاسمي عن أرشيف ذاكرات
PS-D4024,فلسطين,بيسان,—,عرب الزرّاعة,—,عرب الزرّاعة,—,قرية/موقع مهجَّر (1948),,,,,,أرشيف ذاكرات — قاعدة القرى المهجَّرة حسب القضاء,1948,🟢,قضاء بيسان — الحصر الاسمي عن أرشيف ذاكرات
PS-D4025,فلسطين,بيسان,—,عرب الصفا,—,عرب الصفا,—,قرية/موقع مهجَّر (1948),,,,,,أرشيف ذاكرات — قاعدة القرى المهجَّرة حسب القضاء,1948,🟢,قضاء بيسان — الحصر الاسمي عن أرشيف ذاكرات
PS-D4026,فلسطين,بيسان,—,عرب العريضة,—,عرب العريضة,—,قرية/موقع مهجَّر (1948),,,,,,أرشيف ذاكرات — قاعدة القرى المهجَّرة حسب القضاء,1948,🟢,قضاء بيسان — الحصر الاسمي عن أرشيف ذاكرات
PS-D4027,فلسطين,بيسان,—,فرونة,—,فرونة,—,قرية/موقع مهجَّر (1948),,,,,,أرشيف ذاكرات — قاعدة القرى المهجَّرة حسب القضاء,1948,🟢,قضاء بيسان — الحصر الاسمي عن أرشيف ذاكرات
PS-D4028,فلسطين,بيسان,—,قومية,—,قومية,—,قرية/موقع مهجَّر (1948),,,,,,أرشيف ذاكرات — قاعدة القرى المهجَّرة حسب القضاء,1948,🟢,قضاء بيسان — الحصر الاسمي عن أرشيف ذاكرات
PS-D4029,فلسطين,بيسان,—,كفرة,—,كفرة,—,قرية/موقع مهجَّر (1948),,,,,,أرشيف ذاكرات — قاعدة القرى المهجَّرة حسب القضاء,1948,🟢,قضاء بيسان — الحصر الاسمي عن أرشيف ذاكرات
PS-D4030,فلسطين,بيسان,—,كوكب الهوا,—,كوكب الهوا,—,قرية/موقع مهجَّر (1948),,,,,,أرشيف ذاكرات — قاعدة القرى المهجَّرة حسب القضاء,1948,🟢,قضاء بيسان — الحصر الاسمي عن أرشيف ذاكرات
PS-D4031,فلسطين,بيسان,—,مسيل الجزل,—,مسيل الجزل,—,قرية/موقع مهجَّر (1948),,,,,,أرشيف ذاكرات — قاعدة القرى المهجَّرة حسب القضاء,1948,🟢,قضاء بيسان — الحصر الاسمي عن أرشيف ذاكرات
PS-D4032,فلسطين,بيسان,—,يبلى,—,يبلى,—,قرية/موقع مهجَّر (1948),,,,,,أرشيف ذاكرات — قاعدة القرى المهجَّرة حسب القضاء,1948,🟢,قضاء بيسان — الحصر الاسمي عن أرشيف ذاكرات
PS-D4033,فلسطين,طولكرم,—,الجلمة (طولكرم),—,الجلمة (طولكرم),—,قرية/موقع مهجَّر (1948),,,,,,أرشيف ذاكرات — قاعدة القرى المهجَّرة حسب القضاء,1948,🟢,قضاء طولكرم — الحصر الاسمي عن أرشيف ذاكرات
PS-D4034,فلسطين,طولكرم,—,النصيرات,—,النصيرات,—,قرية/موقع مهجَّر (1948),,,,,,أرشيف ذاكرات — قاعدة القرى المهجَّرة حسب القضاء,1948,🟢,قضاء طولكرم — الحصر الاسمي عن أرشيف ذاكرات
PS-D4035,فلسطين,طولكرم,—,أم خالد,—,أم خالد,—,قرية/موقع مهجَّر (1948),,,,,,أرشيف ذاكرات — قاعدة القرى المهجَّرة حسب القضاء,1948,🟢,قضاء طولكرم — الحصر الاسمي عن أرشيف ذاكرات
PS-D4036,فلسطين,طولكرم,—,بصّة الفالق (بركة رمضان),—,بصّة الفالق (بركة رمضان),—,قرية/موقع مهجَّر (1948),,,,,,أرشيف ذاكرات — قاعدة القرى المهجَّرة حسب القضاء,1948,🟢,قضاء طولكرم — الحصر الاسمي عن أرشيف ذاكرات
PS-D4037,فلسطين,طولكرم,—,بيّارة حنّون,—,بيّارة حنّون,—,قرية/موقع مهجَّر (1948),,,,,,أرشيف ذاكرات — قاعدة القرى المهجَّرة حسب القضاء,1948,🟢,قضاء طولكرم — الحصر الاسمي عن أرشيف ذاكرات
PS-D4038,فلسطين,طولكرم,—,تبصر (خربة عزون),—,تبصر (خربة عزون),—,قرية/موقع مهجَّر (1948),,,,,,أرشيف ذاكرات — قاعدة القرى المهجَّرة حسب القضاء,1948,🟢,قضاء طولكرم — الحصر الاسمي عن أرشيف ذاكرات
PS-D4039,فلسطين,طولكرم,—,خربة الزبابدة,—,خربة الزبابدة,—,قرية/موقع مهجَّر (1948),,,,,,أرشيف ذاكرات — قاعدة القرى المهجَّرة حسب القضاء,1948,🟢,قضاء طولكرم — الحصر الاسمي عن أرشيف ذاكرات
PS-D4040,فلسطين,طولكرم,—,خربة المجدل,—,خربة المجدل,—,قرية/موقع مهجَّر (1948),,,,,,أرشيف ذاكرات — قاعدة القرى المهجَّرة حسب القضاء,1948,🟢,قضاء طولكرم — الحصر الاسمي عن أرشيف ذاكرات
PS-D4041,فلسطين,طولكرم,—,خربة المنشيّة,—,خربة المنشيّة,—,قرية/موقع مهجَّر (1948),,,,,,أرشيف ذاكرات — قاعدة القرى المهجَّرة حسب القضاء,1948,🟢,قضاء طولكرم — الحصر الاسمي عن أرشيف ذاكرات
PS-D4042,فلسطين,طولكرم,—,خربة بيت لد,—,خربة بيت لد,—,قرية/موقع مهجَّر (1948),,,,,,أرشيف ذاكرات — قاعدة القرى المهجَّرة حسب القضاء,1948,🟢,قضاء طولكرم — الحصر الاسمي عن أرشيف ذاكرات
PS-D4043,فلسطين,طولكرم,—,خربة خريش,—,خربة خريش,—,قرية/موقع مهجَّر (1948),,,,,,أرشيف ذاكرات — قاعدة القرى المهجَّرة حسب القضاء,1948,🟢,قضاء طولكرم — الحصر الاسمي عن أرشيف ذاكرات
PS-D4044,فلسطين,طولكرم,—,خربة زلفة,—,خربة زلفة,—,قرية/موقع مهجَّر (1948),,,,,,أرشيف ذاكرات — قاعدة القرى المهجَّرة حسب القضاء,1948,🟢,قضاء طولكرم — الحصر الاسمي عن أرشيف ذاكرات
PS-D4045,فلسطين,طولكرم,—,رمل زيتة/قزازة,—,رمل زيتة/قزازة,—,قرية/موقع مهجَّر (1948),,,,,,أرشيف ذاكرات — قاعدة القرى المهجَّرة حسب القضاء,1948,🟢,قضاء طولكرم — الحصر الاسمي عن أرشيف ذاكرات
PS-D4046,فلسطين,طولكرم,—,غابة كفر صور,—,غابة كفر صور,—,قرية/موقع مهجَّر (1948),,,,,,أرشيف ذاكرات — قاعدة القرى المهجَّرة حسب القضاء,1948,🟢,قضاء طولكرم — الحصر الاسمي عن أرشيف ذاكرات
PS-D4047,فلسطين,طولكرم,—,غابة عبابيش,—,غابة عبابيش,—,قرية/موقع مهجَّر (1948),,,,,,أرشيف ذاكرات — قاعدة القرى المهجَّرة حسب القضاء,1948,🟢,قضاء طولكرم — الحصر الاسمي عن أرشيف ذاكرات
PS-D4048,فلسطين,طولكرم,—,فرديسيا,—,فرديسيا,—,قرية/موقع مهجَّر (1948),,,,,,أرشيف ذاكرات — قاعدة القرى المهجَّرة حسب القضاء,1948,🟢,قضاء طولكرم — الحصر الاسمي عن أرشيف ذاكرات
PS-D4049,فلسطين,طولكرم,—,قاقون,—,قاقون,—,قرية/موقع مهجَّر (1948),,,,,,أرشيف ذاكرات — قاعدة القرى المهجَّرة حسب القضاء,1948,🟢,قضاء طولكرم — الحصر الاسمي عن أرشيف ذاكرات
PS-D4050,فلسطين,طولكرم,—,كفر سابا,—,كفر سابا,—,قرية/موقع مهجَّر (1948),,,,,,أرشيف ذاكرات — قاعدة القرى المهجَّرة حسب القضاء,1948,🟢,قضاء طولكرم — الحصر الاسمي عن أرشيف ذاكرات
PS-D4051,فلسطين,طولكرم,—,مسكة,—,مسكة,—,قرية/موقع مهجَّر (1948),,,,,,أرشيف ذاكرات — قاعدة القرى المهجَّرة حسب القضاء,1948,🟢,قضاء طولكرم — الحصر الاسمي عن أرشيف ذاكرات
PS-D4052,فلسطين,طولكرم,—,وادي الحوارث,—,وادي الحوارث,—,قرية/موقع مهجَّر (1948),,,,,,أرشيف ذاكرات — قاعدة القرى المهجَّرة حسب القضاء,1948,🟢,قضاء طولكرم — الحصر الاسمي عن أرشيف ذاكرات
PS-D4053,فلسطين,طولكرم,—,وادي قبّاني,—,وادي قبّاني,—,قرية/موقع مهجَّر (1948),,,,,,أرشيف ذاكرات — قاعدة القرى المهجَّرة حسب القضاء,1948,🟢,قضاء طولكرم — الحصر الاسمي عن أرشيف ذاكرات
PS-D4054,فلسطين,الخليل,—,الدوايمة,—,الدوايمة,—,قرية/موقع مهجَّر (1948),,,,,,أرشيف ذاكرات — قاعدة القرى المهجَّرة حسب القضاء,1948,🟢,قضاء الخليل — الحصر الاسمي عن أرشيف ذاكرات
PS-D4055,فلسطين,الخليل,—,القبيبة (الخليل),—,القبيبة (الخليل),—,قرية/موقع مهجَّر (1948),,,,,,أرشيف ذاكرات — قاعدة القرى المهجَّرة حسب القضاء,1948,🟢,قضاء الخليل — الحصر الاسمي عن أرشيف ذاكرات
PS-D4056,فلسطين,الخليل,—,بركوسيا,—,بركوسيا,—,قرية/موقع مهجَّر (1948),,,,,,أرشيف ذاكرات — قاعدة القرى المهجَّرة حسب القضاء,1948,🟢,قضاء الخليل — الحصر الاسمي عن أرشيف ذاكرات
PS-D4057,فلسطين,الخليل,—,بيت جبرين,—,بيت جبرين,—,قرية/موقع مهجَّر (1948),,,,,,أرشيف ذاكرات — قاعدة القرى المهجَّرة حسب القضاء,1948,🟢,قضاء الخليل — الحصر الاسمي عن أرشيف ذاكرات
PS-D4058,فلسطين,الخليل,—,بيت نتّيف,—,بيت نتّيف,—,قرية/موقع مهجَّر (1948),,,,,,أرشيف ذاكرات — قاعدة القرى المهجَّرة حسب القضاء,1948,🟢,قضاء الخليل — الحصر الاسمي عن أرشيف ذاكرات
PS-D4059,فلسطين,الخليل,—,تلّ الصافي,—,تلّ الصافي,—,قرية/موقع مهجَّر (1948),,,,,,أرشيف ذاكرات — قاعدة القرى المهجَّرة حسب القضاء,1948,🟢,قضاء الخليل — الحصر الاسمي عن أرشيف ذاكرات
PS-D4060,فلسطين,الخليل,—,خربة أم الشقف (دير المحيسن),—,خربة أم الشقف (دير المحيسن),—,قرية/موقع مهجَّر (1948),,,,,,أرشيف ذاكرات — قاعدة القرى المهجَّرة حسب القضاء,1948,🟢,قضاء الخليل — الحصر الاسمي عن أرشيف ذاكرات
PS-D4061,فلسطين,الخليل,—,خربة أمّ برج,—,خربة أمّ برج,—,قرية/موقع مهجَّر (1948),,,,,,أرشيف ذاكرات — قاعدة القرى المهجَّرة حسب القضاء,1948,🟢,قضاء الخليل — الحصر الاسمي عن أرشيف ذاكرات
PS-D4062,فلسطين,الخليل,—,دير الدبّان,—,دير الدبّان,—,قرية/موقع مهجَّر (1948),,,,,,أرشيف ذاكرات — قاعدة القرى المهجَّرة حسب القضاء,1948,🟢,قضاء الخليل — الحصر الاسمي عن أرشيف ذاكرات
PS-D4063,فلسطين,الخليل,—,دير نخّاس,—,دير نخّاس,—,قرية/موقع مهجَّر (1948),,,,,,أرشيف ذاكرات — قاعدة القرى المهجَّرة حسب القضاء,1948,🟢,قضاء الخليل — الحصر الاسمي عن أرشيف ذاكرات
PS-D4064,فلسطين,الخليل,—,رعنا,—,رعنا,—,قرية/موقع مهجَّر (1948),,,,,,أرشيف ذاكرات — قاعدة القرى المهجَّرة حسب القضاء,1948,🟢,قضاء الخليل — الحصر الاسمي عن أرشيف ذاكرات
PS-D4065,فلسطين,الخليل,—,زكرين,—,زكرين,—,قرية/موقع مهجَّر (1948),,,,,,أرشيف ذاكرات — قاعدة القرى المهجَّرة حسب القضاء,1948,🟢,قضاء الخليل — الحصر الاسمي عن أرشيف ذاكرات
PS-D4066,فلسطين,الخليل,—,زكريّا,—,زكريّا,—,قرية/موقع مهجَّر (1948),,,,,,أرشيف ذاكرات — قاعدة القرى المهجَّرة حسب القضاء,1948,🟢,قضاء الخليل — الحصر الاسمي عن أرشيف ذاكرات
PS-D4067,فلسطين,الخليل,—,زيتا,—,زيتا,—,قرية/موقع مهجَّر (1948),,,,,,أرشيف ذاكرات — قاعدة القرى المهجَّرة حسب القضاء,1948,🟢,قضاء الخليل — الحصر الاسمي عن أرشيف ذاكرات
PS-D4068,فلسطين,الخليل,—,سوسيا,—,سوسيا,—,قرية/موقع مهجَّر (1948),,,,,,أرشيف ذاكرات — قاعدة القرى المهجَّرة حسب القضاء,1948,🟢,قضاء الخليل — الحصر الاسمي عن أرشيف ذاكرات
PS-D4069,فلسطين,الخليل,—,عجّور,—,عجّور,—,قرية/موقع مهجَّر (1948),,,,,,أرشيف ذاكرات — قاعدة القرى المهجَّرة حسب القضاء,1948,🟢,قضاء الخليل — الحصر الاسمي عن أرشيف ذاكرات
PS-D4070,فلسطين,الخليل,—,كُدنا,—,كُدنا,—,قرية/موقع مهجَّر (1948),,,,,,أرشيف ذاكرات — قاعدة القرى المهجَّرة حسب القضاء,1948,🟢,قضاء الخليل — الحصر الاسمي عن أرشيف ذاكرات
PS-D4071,فلسطين,الخليل,—,مغلّس,—,مغلّس,—,قرية/موقع مهجَّر (1948),,,,,,أرشيف ذاكرات — قاعدة القرى المهجَّرة حسب القضاء,1948,🟢,قضاء الخليل — الحصر الاسمي عن أرشيف ذاكرات
PS-D4072,فلسطين,الناصرة,—,إندور,—,إندور,—,قرية/موقع مهجَّر (1948),,,,,,أرشيف ذاكرات — قاعدة القرى المهجَّرة حسب القضاء,1948,🟢,قضاء الناصرة — الحصر الاسمي عن أرشيف ذاكرات
PS-D4073,فلسطين,الناصرة,—,المجيدل,—,المجيدل,—,قرية/موقع مهجَّر (1948),,,,,,أرشيف ذاكرات — قاعدة القرى المهجَّرة حسب القضاء,1948,🟢,قضاء الناصرة — الحصر الاسمي عن أرشيف ذاكرات
PS-D4074,فلسطين,الناصرة,—,الناصرة,—,الناصرة,—,قرية/موقع مهجَّر (1948),,,,,,أرشيف ذاكرات — قاعدة القرى المهجَّرة حسب القضاء,1948,🟢,قضاء الناصرة — الحصر الاسمي عن أرشيف ذاكرات
PS-D4075,فلسطين,الناصرة,—,صفوريّة,—,صفوريّة,—,قرية/موقع مهجَّر (1948),,,,,,أرشيف ذاكرات — قاعدة القرى المهجَّرة حسب القضاء,1948,🟢,قضاء الناصرة — الحصر الاسمي عن أرشيف ذاكرات
PS-D4076,فلسطين,الناصرة,—,معلول,—,معلول,—,قرية/موقع مهجَّر (1948),,,,,,أرشيف ذاكرات — قاعدة القرى المهجَّرة حسب القضاء,1948,🟢,قضاء الناصرة — الحصر الاسمي عن أرشيف ذاكرات
PS-PR001,فلسطين,قضاء صفد,,صفد,,صفد,,قرية/خربة/تجمّع (1948),,,,,,palestineremembered.com — لقطة القضاء,2025,🟡,ملف: الحارات_والأحياء/القرى_الفلسطينية_المدمرة/قضاء_صفد.md
PS-PR002,فلسطين,قضاء صفد,,آبل القمح,,آبل القمح,,قرية/خربة/تجمّع (1948),,,,,,palestineremembered.com — لقطة القضاء,2025,🟡,ملف: الحارات_والأحياء/القرى_الفلسطينية_المدمرة/قضاء_صفد.md
PS-PR003,فلسطين,قضاء صفد,,العابسية,,العابسية,,قرية/خربة/تجمّع (1948),,,,,,palestineremembered.com — لقطة القضاء,2025,🟡,ملف: الحارات_والأحياء/القرى_الفلسطينية_المدمرة/قضاء_صفد.md
PS-PR004,فلسطين,قضاء صفد,,عكبرة,,عكبرة,,قرية/خربة/تجمّع (1948),,,,,,palestineremembered.com — لقطة القضاء,2025,🟡,ملف: الحارات_والأحياء/القرى_الفلسطينية_المدمرة/قضاء_صفد.md
PS-PR005,فلسطين,قضاء صفد,,علما,,علما,,قرية/خربة/تجمّع (1948),,,,,,palestineremembered.com — لقطة القضاء,2025,🟡,ملف: الحارات_والأحياء/القرى_الفلسطينية_المدمرة/قضاء_صفد.md
PS-PR006,فلسطين,قضاء صفد,,عموقه,,عموقه,,قرية/خربة/تجمّع (1948),,,,,,palestineremembered.com — لقطة القضاء,2025,🟡,ملف: الحارات_والأحياء/القرى_الفلسطينية_المدمرة/قضاء_صفد.md
PS-PR007,فلسطين,قضاء صفد,,عرب الشمالنه,,عرب الشمالنه,,قرية/خربة/تجمّع (1948),,,,,,palestineremembered.com — لقطة القضاء,2025,🟡,ملف: الحارات_والأحياء/القرى_الفلسطينية_المدمرة/قضاء_صفد.md
PS-PR008,فلسطين,قضاء صفد,,عرب الزبيد,,عرب الزبيد,,قرية/خربة/تجمّع (1948),,,,,,palestineremembered.com — لقطة القضاء,2025,🟡,ملف: الحارات_والأحياء/القرى_الفلسطينية_المدمرة/قضاء_صفد.md
PS-PR009,فلسطين,قضاء صفد,,عين الزيتون,,عين الزيتون,,قرية/خربة/تجمّع (1948),,,,,,palestineremembered.com — لقطة القضاء,2025,🟡,ملف: الحارات_والأحياء/القرى_الفلسطينية_المدمرة/قضاء_صفد.md
PS-PR010,فلسطين,قضاء صفد,,بيسمون,,بيسمون,,قرية/خربة/تجمّع (1948),,,,,,palestineremembered.com — لقطة القضاء,2025,🟡,ملف: الحارات_والأحياء/القرى_الفلسطينية_المدمرة/قضاء_صفد.md
PS-PR011,فلسطين,قضاء صفد,,بيريا,,بيريا,,قرية/خربة/تجمّع (1948),,,,,,palestineremembered.com — لقطة القضاء,2025,🟡,ملف: الحارات_والأحياء/القرى_الفلسطينية_المدمرة/قضاء_صفد.md
PS-PR012,فلسطين,قضاء صفد,,بليده,,بليده,,قرية/خربة/تجمّع (1948),,,,,,palestineremembered.com — لقطة القضاء,2025,🟡,ملف: الحارات_والأحياء/القرى_الفلسطينية_المدمرة/قضاء_صفد.md
PS-PR013,فلسطين,قضاء صفد,,البطيحه,,البطيحه,,قرية/خربة/تجمّع (1948),,,,,,palestineremembered.com — لقطة القضاء,2025,🟡,ملف: الحارات_والأحياء/القرى_الفلسطينية_المدمرة/قضاء_صفد.md
PS-PR014,فلسطين,قضاء صفد,,البويزية والميس,,البويزية والميس,,قرية/خربة/تجمّع (1948),,,,,,palestineremembered.com — لقطة القضاء,2025,🟡,ملف: الحارات_والأحياء/القرى_الفلسطينية_المدمرة/قضاء_صفد.md
PS-PR015,فلسطين,قضاء صفد,,دلاتة,,دلاتة,,قرية/خربة/تجمّع (1948),,,,,,palestineremembered.com — لقطة القضاء,2025,🟡,ملف: الحارات_والأحياء/القرى_الفلسطينية_المدمرة/قضاء_صفد.md
PS-PR016,فلسطين,قضاء صفد,,الدوارة,,الدوارة,,قرية/خربة/تجمّع (1948),,,,,,palestineremembered.com — لقطة القضاء,2025,🟡,ملف: الحارات_والأحياء/القرى_الفلسطينية_المدمرة/قضاء_صفد.md
PS-PR017,فلسطين,قضاء صفد,,ديشوم,,ديشوم,,قرية/خربة/تجمّع (1948),,,,,,palestineremembered.com — لقطة القضاء,2025,🟡,ملف: الحارات_والأحياء/القرى_الفلسطينية_المدمرة/قضاء_صفد.md
PS-PR018,فلسطين,قضاء صفد,,الدرباشية,,الدرباشية,,قرية/خربة/تجمّع (1948),,,,,,palestineremembered.com — لقطة القضاء,2025,🟡,ملف: الحارات_والأحياء/القرى_الفلسطينية_المدمرة/قضاء_صفد.md
PS-PR019,فلسطين,قضاء صفد,,الدردارة,,الدردارة,,قرية/خربة/تجمّع (1948),,,,,,palestineremembered.com — لقطة القضاء,2025,🟡,ملف: الحارات_والأحياء/القرى_الفلسطينية_المدمرة/قضاء_صفد.md
PS-PR020,فلسطين,قضاء صفد,,فارة,,فارة,,قرية/خربة/تجمّع (1948),,,,,,palestineremembered.com — لقطة القضاء,2025,🟡,ملف: الحارات_والأحياء/القرى_الفلسطينية_المدمرة/قضاء_صفد.md
PS-PR021,فلسطين,قضاء صفد,,الفراضية,,الفراضية,,قرية/خربة/تجمّع (1948),,,,,,palestineremembered.com — لقطة القضاء,2025,🟡,ملف: الحارات_والأحياء/القرى_الفلسطينية_المدمرة/قضاء_صفد.md
PS-PR022,فلسطين,قضاء صفد,,فرعم,,فرعم,,قرية/خربة/تجمّع (1948),,,,,,palestineremembered.com — لقطة القضاء,2025,🟡,ملف: الحارات_والأحياء/القرى_الفلسطينية_المدمرة/قضاء_صفد.md
PS-PR023,فلسطين,قضاء صفد,,غباطية,,غباطية,,قرية/خربة/تجمّع (1948),,,,,,palestineremembered.com — لقطة القضاء,2025,🟡,ملف: الحارات_والأحياء/القرى_الفلسطينية_المدمرة/قضاء_صفد.md
PS-PR024,فلسطين,قضاء صفد,,غجر,,غجر,,قرية/خربة/تجمّع (1948),,,,,,palestineremembered.com — لقطة القضاء,2025,🟡,ملف: الحارات_والأحياء/القرى_الفلسطينية_المدمرة/قضاء_صفد.md
PS-PR025,فلسطين,قضاء صفد,,غرابة,,غرابة,,قرية/خربة/تجمّع (1948),,,,,,palestineremembered.com — لقطة القضاء,2025,🟡,ملف: الحارات_والأحياء/القرى_الفلسطينية_المدمرة/قضاء_صفد.md
PS-PR026,فلسطين,قضاء صفد,,الحمراء,,الحمراء,,قرية/خربة/تجمّع (1948),,,,,,palestineremembered.com — لقطة القضاء,2025,🟡,ملف: الحارات_والأحياء/القرى_الفلسطينية_المدمرة/قضاء_صفد.md
PS-PR027,فلسطين,قضاء صفد,,هراوي (عرب الحمدون),,هراوي (عرب الحمدون),,قرية/خربة/تجمّع (1948),,,,,,palestineremembered.com — لقطة القضاء,2025,🟡,ملف: الحارات_والأحياء/القرى_الفلسطينية_المدمرة/قضاء_صفد.md
PS-PR028,فلسطين,قضاء صفد,,الحقاب,,الحقاب,,قرية/خربة/تجمّع (1948),,,,,,palestineremembered.com — لقطة القضاء,2025,🟡,ملف: الحارات_والأحياء/القرى_الفلسطينية_المدمرة/قضاء_صفد.md
PS-PR029,فلسطين,قضاء صفد,,هونين,,هونين,,قرية/خربة/تجمّع (1948),,,,,,palestineremembered.com — لقطة القضاء,2025,🟡,ملف: الحارات_والأحياء/القرى_الفلسطينية_المدمرة/قضاء_صفد.md
PS-PR030,فلسطين,قضاء صفد,,حرفيش,,حرفيش,,قرية/خربة/تجمّع (1948),,,,,,palestineremembered.com — لقطة القضاء,2025,🟡,ملف: الحارات_والأحياء/القرى_الفلسطينية_المدمرة/قضاء_صفد.md
PS-PR031,فلسطين,قضاء صفد,,الحسينية,,الحسينية,,قرية/خربة/تجمّع (1948),,,,,,palestineremembered.com — لقطة القضاء,2025,🟡,ملف: الحارات_والأحياء/القرى_الفلسطينية_المدمرة/قضاء_صفد.md
PS-PR032,فلسطين,قضاء صفد,,جاحولا,,جاحولا,,قرية/خربة/تجمّع (1948),,,,,,palestineremembered.com — لقطة القضاء,2025,🟡,ملف: الحارات_والأحياء/القرى_الفلسطينية_المدمرة/قضاء_صفد.md
PS-PR033,فلسطين,قضاء صفد,,الجاعونة,,الجاعونة,,قرية/خربة/تجمّع (1948),,,,,,palestineremembered.com — لقطة القضاء,2025,🟡,ملف: الحارات_والأحياء/القرى_الفلسطينية_المدمرة/قضاء_صفد.md
PS-PR034,فلسطين,قضاء صفد,,جزاير الهنداج,,جزاير الهنداج,,قرية/خربة/تجمّع (1948),,,,,,palestineremembered.com — لقطة القضاء,2025,🟡,ملف: الحارات_والأحياء/القرى_الفلسطينية_المدمرة/قضاء_صفد.md
PS-PR035,فلسطين,قضاء صفد,,الجش,,الجش,,قرية/خربة/تجمّع (1948),,,,,,palestineremembered.com — لقطة القضاء,2025,🟡,ملف: الحارات_والأحياء/القرى_الفلسطينية_المدمرة/قضاء_صفد.md
PS-PR036,فلسطين,قضاء صفد,,جب يوسف,,جب يوسف,,قرية/خربة/تجمّع (1948),,,,,,palestineremembered.com — لقطة القضاء,2025,🟡,ملف: الحارات_والأحياء/القرى_الفلسطينية_المدمرة/قضاء_صفد.md
PS-PR037,فلسطين,قضاء صفد,,كفر برعم,,كفر برعم,,قرية/خربة/تجمّع (1948),,,,,,palestineremembered.com — لقطة القضاء,2025,🟡,ملف: الحارات_والأحياء/القرى_الفلسطينية_المدمرة/قضاء_صفد.md
PS-PR038,فلسطين,قضاء صفد,,خربة كرازة,,خربة كرازة,,قرية/خربة/تجمّع (1948),,,,,,palestineremembered.com — لقطة القضاء,2025,🟡,ملف: الحارات_والأحياء/القرى_الفلسطينية_المدمرة/قضاء_صفد.md
PS-PR039,فلسطين,قضاء صفد,,خربة العزازيات,,خربة العزازيات,,قرية/خربة/تجمّع (1948),,,,,,palestineremembered.com — لقطة القضاء,2025,🟡,ملف: الحارات_والأحياء/القرى_الفلسطينية_المدمرة/قضاء_صفد.md
PS-PR040,فلسطين,قضاء صفد,,الخالصة,,الخالصة,,قرية/خربة/تجمّع (1948),,,,,,palestineremembered.com — لقطة القضاء,2025,🟡,ملف: الحارات_والأحياء/القرى_الفلسطينية_المدمرة/قضاء_صفد.md
PS-PR041,فلسطين,قضاء صفد,,خان الدوير,,خان الدوير,,قرية/خربة/تجمّع (1948),,,,,,palestineremembered.com — لقطة القضاء,2025,🟡,ملف: الحارات_والأحياء/القرى_الفلسطينية_المدمرة/قضاء_صفد.md
PS-PR042,فلسطين,قضاء صفد,,الخرار,,الخرار,,قرية/خربة/تجمّع (1948),,,,,,palestineremembered.com — لقطة القضاء,2025,🟡,ملف: الحارات_والأحياء/القرى_الفلسطينية_المدمرة/قضاء_صفد.md
PS-PR043,فلسطين,قضاء صفد,,الخصاص,,الخصاص,,قرية/خربة/تجمّع (1948),,,,,,palestineremembered.com — لقطة القضاء,2025,🟡,ملف: الحارات_والأحياء/القرى_الفلسطينية_المدمرة/قضاء_صفد.md
PS-PR044,فلسطين,قضاء صفد,,خيام الوليد,,خيام الوليد,,قرية/خربة/تجمّع (1948),,,,,,palestineremembered.com — لقطة القضاء,2025,🟡,ملف: الحارات_والأحياء/القرى_الفلسطينية_المدمرة/قضاء_صفد.md
PS-PR045,فلسطين,قضاء صفد,,كراد البقارة,,كراد البقارة,,قرية/خربة/تجمّع (1948),,,,,,palestineremembered.com — لقطة القضاء,2025,🟡,ملف: الحارات_والأحياء/القرى_الفلسطينية_المدمرة/قضاء_صفد.md
PS-PR046,فلسطين,قضاء صفد,,كراد الغنامة,,كراد الغنامة,,قرية/خربة/تجمّع (1948),,,,,,palestineremembered.com — لقطة القضاء,2025,🟡,ملف: الحارات_والأحياء/القرى_الفلسطينية_المدمرة/قضاء_صفد.md
PS-PR047,فلسطين,قضاء صفد,,لزازة,,لزازة,,قرية/خربة/تجمّع (1948),,,,,,palestineremembered.com — لقطة القضاء,2025,🟡,ملف: الحارات_والأحياء/القرى_الفلسطينية_المدمرة/قضاء_صفد.md
PS-PR048,فلسطين,قضاء صفد,,مداحل,,مداحل,,قرية/خربة/تجمّع (1948),,,,,,palestineremembered.com — لقطة القضاء,2025,🟡,ملف: الحارات_والأحياء/القرى_الفلسطينية_المدمرة/قضاء_صفد.md
PS-PR049,فلسطين,قضاء صفد,,المالكية,,المالكية,,قرية/خربة/تجمّع (1948),,,,,,palestineremembered.com — لقطة القضاء,2025,🟡,ملف: الحارات_والأحياء/القرى_الفلسطينية_المدمرة/قضاء_صفد.md
PS-PR050,فلسطين,قضاء صفد,,ملاحة (عرب الزبيد),,ملاحة (عرب الزبيد),,قرية/خربة/تجمّع (1948),,,,,,palestineremembered.com — لقطة القضاء,2025,🟡,ملف: الحارات_والأحياء/القرى_الفلسطينية_المدمرة/قضاء_صفد.md
PS-PR051,فلسطين,قضاء صفد,,المناره,,المناره,,قرية/خربة/تجمّع (1948),,,,,,palestineremembered.com — لقطة القضاء,2025,🟡,ملف: الحارات_والأحياء/القرى_الفلسطينية_المدمرة/قضاء_صفد.md
PS-PR052,فلسطين,قضاء صفد,,المنشية,,المنشية,,قرية/خربة/تجمّع (1948),,,,,,palestineremembered.com — لقطة القضاء,2025,🟡,ملف: الحارات_والأحياء/القرى_الفلسطينية_المدمرة/قضاء_صفد.md
PS-PR053,فلسطين,قضاء صفد,,المنصورة,,المنصورة,,قرية/خربة/تجمّع (1948),,,,,,palestineremembered.com — لقطة القضاء,2025,🟡,ملف: الحارات_والأحياء/القرى_الفلسطينية_المدمرة/قضاء_صفد.md
PS-PR054,فلسطين,قضاء صفد,,منصورة الخيط,,منصورة الخيط,,قرية/خربة/تجمّع (1948),,,,,,palestineremembered.com — لقطة القضاء,2025,🟡,ملف: الحارات_والأحياء/القرى_الفلسطينية_المدمرة/قضاء_صفد.md
PS-PR055,فلسطين,قضاء صفد,,ماروس,,ماروس,,قرية/خربة/تجمّع (1948),,,,,,palestineremembered.com — لقطة القضاء,2025,🟡,ملف: الحارات_والأحياء/القرى_الفلسطينية_المدمرة/قضاء_صفد.md
PS-PR056,فلسطين,قضاء صفد,,مزارع الدراج,,مزارع الدراج,,قرية/خربة/تجمّع (1948),,,,,,palestineremembered.com — لقطة القضاء,2025,🟡,ملف: الحارات_والأحياء/القرى_الفلسطينية_المدمرة/قضاء_صفد.md
PS-PR057,فلسطين,قضاء صفد,,ميس,,ميس,,قرية/خربة/تجمّع (1948),,,,,,palestineremembered.com — لقطة القضاء,2025,🟡,ملف: الحارات_والأحياء/القرى_الفلسطينية_المدمرة/قضاء_صفد.md
PS-PR058,فلسطين,قضاء صفد,,ميرون,,ميرون,,قرية/خربة/تجمّع (1948),,,,,,palestineremembered.com — لقطة القضاء,2025,🟡,ملف: الحارات_والأحياء/القرى_الفلسطينية_المدمرة/قضاء_صفد.md
PS-PR059,فلسطين,قضاء صفد,,المفتخرة,,المفتخرة,,قرية/خربة/تجمّع (1948),,,,,,palestineremembered.com — لقطة القضاء,2025,🟡,ملف: الحارات_والأحياء/القرى_الفلسطينية_المدمرة/قضاء_صفد.md
PS-PR060,فلسطين,قضاء صفد,,مغر الدروز,,مغر الدروز,,قرية/خربة/تجمّع (1948),,,,,,palestineremembered.com — لقطة القضاء,2025,🟡,ملف: الحارات_والأحياء/القرى_الفلسطينية_المدمرة/قضاء_صفد.md
PS-PR061,فلسطين,قضاء صفد,,مغر الخيط,,مغر الخيط,,قرية/خربة/تجمّع (1948),,,,,,palestineremembered.com — لقطة القضاء,2025,🟡,ملف: الحارات_والأحياء/القرى_الفلسطينية_المدمرة/قضاء_صفد.md
PS-PR062,فلسطين,قضاء صفد,,خربة المنظار,,خربة المنظار,,قرية/خربة/تجمّع (1948),,,,,,palestineremembered.com — لقطة القضاء,2025,🟡,ملف: الحارات_والأحياء/القرى_الفلسطينية_المدمرة/قضاء_صفد.md
PS-PR063,فلسطين,قضاء صفد,,النبي يوشع,,النبي يوشع,,قرية/خربة/تجمّع (1948),,,,,,palestineremembered.com — لقطة القضاء,2025,🟡,ملف: الحارات_والأحياء/القرى_الفلسطينية_المدمرة/قضاء_صفد.md
PS-PR064,فلسطين,قضاء صفد,,الناعمة,,الناعمة,,قرية/خربة/تجمّع (1948),,,,,,palestineremembered.com — لقطة القضاء,2025,🟡,ملف: الحارات_والأحياء/القرى_الفلسطينية_المدمرة/قضاء_صفد.md
PS-PR065,فلسطين,قضاء صفد,,قباعة,,قباعة,,قرية/خربة/تجمّع (1948),,,,,,palestineremembered.com — لقطة القضاء,2025,🟡,ملف: الحارات_والأحياء/القرى_الفلسطينية_المدمرة/قضاء_صفد.md
PS-PR066,فلسطين,قضاء صفد,,قدس,,قدس,,قرية/خربة/تجمّع (1948),,,,,,palestineremembered.com — لقطة القضاء,2025,🟡,ملف: الحارات_والأحياء/القرى_الفلسطينية_المدمرة/قضاء_صفد.md
PS-PR067,فلسطين,قضاء صفد,,قديتا,,قديتا,,قرية/خربة/تجمّع (1948),,,,,,palestineremembered.com — لقطة القضاء,2025,🟡,ملف: الحارات_والأحياء/القرى_الفلسطينية_المدمرة/قضاء_صفد.md
PS-PR068,فلسطين,قضاء صفد,,قيطية,,قيطية,,قرية/خربة/تجمّع (1948),,,,,,palestineremembered.com — لقطة القضاء,2025,🟡,ملف: الحارات_والأحياء/القرى_الفلسطينية_المدمرة/قضاء_صفد.md
PS-PR069,فلسطين,قضاء صفد,,القديرية,,القديرية,,قرية/خربة/تجمّع (1948),,,,,,palestineremembered.com — لقطة القضاء,2025,🟡,ملف: الحارات_والأحياء/القرى_الفلسطينية_المدمرة/قضاء_صفد.md
PS-PR070,فلسطين,قضاء صفد,,الرأس الأحمر,,الرأس الأحمر,,قرية/خربة/تجمّع (1948),,,,,,palestineremembered.com — لقطة القضاء,2025,🟡,ملف: الحارات_والأحياء/القرى_الفلسطينية_المدمرة/قضاء_صفد.md
PS-PR071,فلسطين,قضاء صفد,,ريحانيه,,ريحانيه,,قرية/خربة/تجمّع (1948),,,,,,palestineremembered.com — لقطة القضاء,2025,🟡,ملف: الحارات_والأحياء/القرى_الفلسطينية_المدمرة/قضاء_صفد.md
PS-PR072,فلسطين,قضاء صفد,,سبلان,,سبلان,,قرية/خربة/تجمّع (1948),,,,,,palestineremembered.com — لقطة القضاء,2025,🟡,ملف: الحارات_والأحياء/القرى_الفلسطينية_المدمرة/قضاء_صفد.md
PS-PR073,فلسطين,قضاء صفد,,صفصاف,,صفصاف,,قرية/خربة/تجمّع (1948),,,,,,palestineremembered.com — لقطة القضاء,2025,🟡,ملف: الحارات_والأحياء/القرى_الفلسطينية_المدمرة/قضاء_صفد.md
PS-PR074,فلسطين,قضاء صفد,,صلحة,,صلحة,,قرية/خربة/تجمّع (1948),,,,,,palestineremembered.com — لقطة القضاء,2025,🟡,ملف: الحارات_والأحياء/القرى_الفلسطينية_المدمرة/قضاء_صفد.md
PS-PR075,فلسطين,قضاء صفد,,الصالحية,,الصالحية,,قرية/خربة/تجمّع (1948),,,,,,palestineremembered.com — لقطة القضاء,2025,🟡,ملف: الحارات_والأحياء/القرى_الفلسطينية_المدمرة/قضاء_صفد.md
PS-PR076,فلسطين,قضاء صفد,,السموعي,,السموعي,,قرية/خربة/تجمّع (1948),,,,,,palestineremembered.com — لقطة القضاء,2025,🟡,ملف: الحارات_والأحياء/القرى_الفلسطينية_المدمرة/قضاء_صفد.md
PS-PR077,فلسطين,قضاء صفد,,السنبرية,,السنبرية,,قرية/خربة/تجمّع (1948),,,,,,palestineremembered.com — لقطة القضاء,2025,🟡,ملف: الحارات_والأحياء/القرى_الفلسطينية_المدمرة/قضاء_صفد.md
PS-PR078,فلسطين,قضاء صفد,,سعسع,,سعسع,,قرية/خربة/تجمّع (1948),,,,,,palestineremembered.com — لقطة القضاء,2025,🟡,ملف: الحارات_والأحياء/القرى_الفلسطينية_المدمرة/قضاء_صفد.md
PS-PR079,فلسطين,قضاء صفد,,الصيادة,,الصيادة,,قرية/خربة/تجمّع (1948),,,,,,palestineremembered.com — لقطة القضاء,2025,🟡,ملف: الحارات_والأحياء/القرى_الفلسطينية_المدمرة/قضاء_صفد.md
PS-PR080,فلسطين,قضاء صفد,,الشوكة التحتا,,الشوكة التحتا,,قرية/خربة/تجمّع (1948),,,,,,palestineremembered.com — لقطة القضاء,2025,🟡,ملف: الحارات_والأحياء/القرى_الفلسطينية_المدمرة/قضاء_صفد.md
PS-PR081,فلسطين,قضاء صفد,,الشونة,,الشونة,,قرية/خربة/تجمّع (1948),,,,,,palestineremembered.com — لقطة القضاء,2025,🟡,ملف: الحارات_والأحياء/القرى_الفلسطينية_المدمرة/قضاء_صفد.md
PS-PR082,فلسطين,قضاء صفد,,طيطبا,,طيطبا,,قرية/خربة/تجمّع (1948),,,,,,palestineremembered.com — لقطة القضاء,2025,🟡,ملف: الحارات_والأحياء/القرى_الفلسطينية_المدمرة/قضاء_صفد.md
PS-PR083,فلسطين,قضاء صفد,,طوبا زنجرية,,طوبا زنجرية,,قرية/خربة/تجمّع (1948),,,,,,palestineremembered.com — لقطة القضاء,2025,🟡,ملف: الحارات_والأحياء/القرى_الفلسطينية_المدمرة/قضاء_صفد.md
PS-PR084,فلسطين,قضاء صفد,,طوبا (عرب الهيب),,طوبا (عرب الهيب),,قرية/خربة/تجمّع (1948),,,,,,palestineremembered.com — لقطة القضاء,2025,🟡,ملف: الحارات_والأحياء/القرى_الفلسطينية_المدمرة/قضاء_صفد.md
PS-PR085,فلسطين,قضاء صفد,,تليل,,تليل,,قرية/خربة/تجمّع (1948),,,,,,palestineremembered.com — لقطة القضاء,2025,🟡,ملف: الحارات_والأحياء/القرى_الفلسطينية_المدمرة/قضاء_صفد.md
PS-PR086,فلسطين,قضاء صفد,,العلمانية,,العلمانية,,قرية/خربة/تجمّع (1948),,,,,,palestineremembered.com — لقطة القضاء,2025,🟡,ملف: الحارات_والأحياء/القرى_الفلسطينية_المدمرة/قضاء_صفد.md
PS-PR087,فلسطين,قضاء صفد,,العريفية,,العريفية,,قرية/خربة/تجمّع (1948),,,,,,palestineremembered.com — لقطة القضاء,2025,🟡,ملف: الحارات_والأحياء/القرى_الفلسطينية_المدمرة/قضاء_صفد.md
PS-PR088,فلسطين,قضاء صفد,,الويزية,,الويزية,,قرية/خربة/تجمّع (1948),,,,,,palestineremembered.com — لقطة القضاء,2025,🟡,ملف: الحارات_والأحياء/القرى_الفلسطينية_المدمرة/قضاء_صفد.md
PS-PR089,فلسطين,قضاء صفد,,ياردا,,ياردا,,قرية/خربة/تجمّع (1948),,,,,,palestineremembered.com — لقطة القضاء,2025,🟡,ملف: الحارات_والأحياء/القرى_الفلسطينية_المدمرة/قضاء_صفد.md
PS-PR090,فلسطين,قضاء صفد,,الضاهريه الفوقه,,الضاهريه الفوقه,,قرية/خربة/تجمّع (1948),,,,,,palestineremembered.com — لقطة القضاء,2025,🟡,ملف: الحارات_والأحياء/القرى_الفلسطينية_المدمرة/قضاء_صفد.md
PS-PR091,فلسطين,قضاء صفد,,الظاهرية التحته,,الظاهرية التحته,,قرية/خربة/تجمّع (1948),,,,,,palestineremembered.com — لقطة القضاء,2025,🟡,ملف: الحارات_والأحياء/القرى_الفلسطينية_المدمرة/قضاء_صفد.md
PS-PR092,فلسطين,قضاء صفد,,زحلق (الزنغرية),,زحلق (الزنغرية),,قرية/خربة/تجمّع (1948),,,,,,palestineremembered.com — لقطة القضاء,2025,🟡,ملف: الحارات_والأحياء/القرى_الفلسطينية_المدمرة/قضاء_صفد.md
PS-PR093,فلسطين,قضاء صفد,,الزوية,,الزوية,,قرية/خربة/تجمّع (1948),,,,,,palestineremembered.com — لقطة القضاء,2025,🟡,ملف: الحارات_والأحياء/القرى_الفلسطينية_المدمرة/قضاء_صفد.md
PS-PR094,فلسطين,قضاء صفد,,الزوق الفوقاني,,الزوق الفوقاني,,قرية/خربة/تجمّع (1948),,,,,,palestineremembered.com — لقطة القضاء,2025,🟡,ملف: الحارات_والأحياء/القرى_الفلسطينية_المدمرة/قضاء_صفد.md
PS-PR095,فلسطين,قضاء صفد,,الزوق التحتاني,,الزوق التحتاني,,قرية/خربة/تجمّع (1948),,,,,,palestineremembered.com — لقطة القضاء,2025,🟡,ملف: الحارات_والأحياء/القرى_الفلسطينية_المدمرة/قضاء_صفد.md
PS-PR096,فلسطين,قضاء عكا,,عكا,,عكا,,قرية/خربة/تجمّع (1948),,,,,,palestineremembered.com — لقطة القضاء,2025,🟡,ملف: الحارات_والأحياء/القرى_الفلسطينية_المدمرة/قضاء_عكا.md
PS-PR097,فلسطين,قضاء عكا,,ابو سنان,,ابو سنان,,قرية/خربة/تجمّع (1948),,,,,,palestineremembered.com — لقطة القضاء,2025,🟡,ملف: الحارات_والأحياء/القرى_الفلسطينية_المدمرة/قضاء_عكا.md
PS-PR098,فلسطين,قضاء عكا,,عمقا,,عمقا,,قرية/خربة/تجمّع (1948),,,,,,palestineremembered.com — لقطة القضاء,2025,🟡,ملف: الحارات_والأحياء/القرى_الفلسطينية_المدمرة/قضاء_عكا.md
PS-PR099,فلسطين,قضاء عكا,,عرب الغوارينى,,عرب الغوارينى,,قرية/خربة/تجمّع (1948),,,,,,palestineremembered.com — لقطة القضاء,2025,🟡,ملف: الحارات_والأحياء/القرى_الفلسطينية_المدمرة/قضاء_عكا.md
PS-PR100,فلسطين,قضاء عكا,,عرب النعيم,,عرب النعيم,,قرية/خربة/تجمّع (1948),,,,,,palestineremembered.com — لقطة القضاء,2025,🟡,ملف: الحارات_والأحياء/القرى_الفلسطينية_المدمرة/قضاء_عكا.md
PS-PR101,فلسطين,قضاء عكا,,عرب السمنيه,,عرب السمنيه,,قرية/خربة/تجمّع (1948),,,,,,palestineremembered.com — لقطة القضاء,2025,🟡,ملف: الحارات_والأحياء/القرى_الفلسطينية_المدمرة/قضاء_عكا.md
PS-PR102,فلسطين,قضاء عكا,,عرابة البطوف,,عرابة البطوف,,قرية/خربة/تجمّع (1948),,,,,,palestineremembered.com — لقطة القضاء,2025,🟡,ملف: الحارات_والأحياء/القرى_الفلسطينية_المدمرة/قضاء_عكا.md
PS-PR103,فلسطين,قضاء عكا,,عين الاسد,,عين الاسد,,قرية/خربة/تجمّع (1948),,,,,,palestineremembered.com — لقطة القضاء,2025,🟡,ملف: الحارات_والأحياء/القرى_الفلسطينية_المدمرة/قضاء_عكا.md
PS-PR104,فلسطين,قضاء عكا,,البصة,,البصة,,قرية/خربة/تجمّع (1948),,,,,,palestineremembered.com — لقطة القضاء,2025,🟡,ملف: الحارات_والأحياء/القرى_الفلسطينية_المدمرة/قضاء_عكا.md
PS-PR105,فلسطين,قضاء عكا,,بيت جن,,بيت جن,,قرية/خربة/تجمّع (1948),,,,,,palestineremembered.com — لقطة القضاء,2025,🟡,ملف: الحارات_والأحياء/القرى_الفلسطينية_المدمرة/قضاء_عكا.md
PS-PR106,فلسطين,قضاء عكا,,بعنة,,بعنة,,قرية/خربة/تجمّع (1948),,,,,,palestineremembered.com — لقطة القضاء,2025,🟡,ملف: الحارات_والأحياء/القرى_الفلسطينية_المدمرة/قضاء_عكا.md
PS-PR107,فلسطين,قضاء عكا,,البروه,,البروه,,قرية/خربة/تجمّع (1948),,,,,,palestineremembered.com — لقطة القضاء,2025,🟡,ملف: الحارات_والأحياء/القرى_الفلسطينية_المدمرة/قضاء_عكا.md
PS-PR108,فلسطين,قضاء عكا,,بقيعه,,بقيعه,,قرية/خربة/تجمّع (1948),,,,,,palestineremembered.com — لقطة القضاء,2025,🟡,ملف: الحارات_والأحياء/القرى_الفلسطينية_المدمرة/قضاء_عكا.md
PS-PR109,فلسطين,قضاء عكا,,الدامون,,الدامون,,قرية/خربة/تجمّع (1948),,,,,,palestineremembered.com — لقطة القضاء,2025,🟡,ملف: الحارات_والأحياء/القرى_الفلسطينية_المدمرة/قضاء_عكا.md
PS-PR110,فلسطين,قضاء عكا,,دير الاسد,,دير الاسد,,قرية/خربة/تجمّع (1948),,,,,,palestineremembered.com — لقطة القضاء,2025,🟡,ملف: الحارات_والأحياء/القرى_الفلسطينية_المدمرة/قضاء_عكا.md
PS-PR111,فلسطين,قضاء عكا,,دير حنا,,دير حنا,,قرية/خربة/تجمّع (1948),,,,,,palestineremembered.com — لقطة القضاء,2025,🟡,ملف: الحارات_والأحياء/القرى_الفلسطينية_المدمرة/قضاء_عكا.md
PS-PR112,فلسطين,قضاء عكا,,دير القاسي,,دير القاسي,,قرية/خربة/تجمّع (1948),,,,,,palestineremembered.com — لقطة القضاء,2025,🟡,ملف: الحارات_والأحياء/القرى_الفلسطينية_المدمرة/قضاء_عكا.md
PS-PR113,فلسطين,قضاء عكا,,فسوطه,,فسوطه,,قرية/خربة/تجمّع (1948),,,,,,palestineremembered.com — لقطة القضاء,2025,🟡,ملف: الحارات_والأحياء/القرى_الفلسطينية_المدمرة/قضاء_عكا.md
PS-PR114,فلسطين,قضاء عكا,,الغابسية,,الغابسية,,قرية/خربة/تجمّع (1948),,,,,,palestineremembered.com — لقطة القضاء,2025,🟡,ملف: الحارات_والأحياء/القرى_الفلسطينية_المدمرة/قضاء_عكا.md
PS-PR115,فلسطين,قضاء عكا,,الحسينيه,,الحسينيه,,قرية/خربة/تجمّع (1948),,,,,,palestineremembered.com — لقطة القضاء,2025,🟡,ملف: الحارات_والأحياء/القرى_الفلسطينية_المدمرة/قضاء_عكا.md
PS-PR116,فلسطين,قضاء عكا,,إقرت,,إقرت,,قرية/خربة/تجمّع (1948),,,,,,palestineremembered.com — لقطة القضاء,2025,🟡,ملف: الحارات_والأحياء/القرى_الفلسطينية_المدمرة/قضاء_عكا.md
PS-PR117,فلسطين,قضاء عكا,,خربة عربين (القليطات),,خربة عربين (القليطات),,قرية/خربة/تجمّع (1948),,,,,,palestineremembered.com — لقطة القضاء,2025,🟡,ملف: الحارات_والأحياء/القرى_الفلسطينية_المدمرة/قضاء_عكا.md
PS-PR118,فلسطين,قضاء عكا,,الجديدة,,الجديدة,,قرية/خربة/تجمّع (1948),,,,,,palestineremembered.com — لقطة القضاء,2025,🟡,ملف: الحارات_والأحياء/القرى_الفلسطينية_المدمرة/قضاء_عكا.md
PS-PR119,فلسطين,قضاء عكا,,جتّ,,جتّ,,قرية/خربة/تجمّع (1948),,,,,,palestineremembered.com — لقطة القضاء,2025,🟡,ملف: الحارات_والأحياء/القرى_الفلسطينية_المدمرة/قضاء_عكا.md
PS-PR120,فلسطين,قضاء عكا,,خربة جدين,,خربة جدين,,قرية/خربة/تجمّع (1948),,,,,,palestineremembered.com — لقطة القضاء,2025,🟡,ملف: الحارات_والأحياء/القرى_الفلسطينية_المدمرة/قضاء_عكا.md
PS-PR121,فلسطين,قضاء عكا,,جولس,,جولس,,قرية/خربة/تجمّع (1948),,,,,,palestineremembered.com — لقطة القضاء,2025,🟡,ملف: الحارات_والأحياء/القرى_الفلسطينية_المدمرة/قضاء_عكا.md
PS-PR122,فلسطين,قضاء عكا,,الكابري,,الكابري,,قرية/خربة/تجمّع (1948),,,,,,palestineremembered.com — لقطة القضاء,2025,🟡,ملف: الحارات_والأحياء/القرى_الفلسطينية_المدمرة/قضاء_عكا.md
PS-PR123,فلسطين,قضاء عكا,,كابول,,كابول,,قرية/خربة/تجمّع (1948),,,,,,palestineremembered.com — لقطة القضاء,2025,🟡,ملف: الحارات_والأحياء/القرى_الفلسطينية_المدمرة/قضاء_عكا.md
PS-PR124,فلسطين,قضاء عكا,,كفر عنان,,كفر عنان,,قرية/خربة/تجمّع (1948),,,,,,palestineremembered.com — لقطة القضاء,2025,🟡,ملف: الحارات_والأحياء/القرى_الفلسطينية_المدمرة/قضاء_عكا.md
PS-PR125,فلسطين,قضاء عكا,,كفر سميع,,كفر سميع,,قرية/خربة/تجمّع (1948),,,,,,palestineremembered.com — لقطة القضاء,2025,🟡,ملف: الحارات_والأحياء/القرى_الفلسطينية_المدمرة/قضاء_عكا.md
PS-PR126,فلسطين,قضاء عكا,,كفر ياسيف,,كفر ياسيف,,قرية/خربة/تجمّع (1948),,,,,,palestineremembered.com — لقطة القضاء,2025,🟡,ملف: الحارات_والأحياء/القرى_الفلسطينية_المدمرة/قضاء_عكا.md
PS-PR127,فلسطين,قضاء عكا,,كمانة الشرقية,,كمانة الشرقية,,قرية/خربة/تجمّع (1948),,,,,,palestineremembered.com — لقطة القضاء,2025,🟡,ملف: الحارات_والأحياء/القرى_الفلسطينية_المدمرة/قضاء_عكا.md
PS-PR128,فلسطين,قضاء عكا,,كمانة الغربية,,كمانة الغربية,,قرية/خربة/تجمّع (1948),,,,,,palestineremembered.com — لقطة القضاء,2025,🟡,ملف: الحارات_والأحياء/القرى_الفلسطينية_المدمرة/قضاء_عكا.md
PS-PR129,فلسطين,قضاء عكا,,خربة إدميث,,خربة إدميث,,قرية/خربة/تجمّع (1948),,,,,,palestineremembered.com — لقطة القضاء,2025,🟡,ملف: الحارات_والأحياء/القرى_الفلسطينية_المدمرة/قضاء_عكا.md
PS-PR130,فلسطين,قضاء عكا,,خربة جرديح,,خربة جرديح,,قرية/خربة/تجمّع (1948),,,,,,palestineremembered.com — لقطة القضاء,2025,🟡,ملف: الحارات_والأحياء/القرى_الفلسطينية_المدمرة/قضاء_عكا.md
PS-PR131,فلسطين,قضاء عكا,,خربة السوانة,,خربة السوانة,,قرية/خربة/تجمّع (1948),,,,,,palestineremembered.com — لقطة القضاء,2025,🟡,ملف: الحارات_والأحياء/القرى_الفلسطينية_المدمرة/قضاء_عكا.md
PS-PR132,فلسطين,قضاء عكا,,كيسرى كفر سميع,,كيسرى كفر سميع,,قرية/خربة/تجمّع (1948),,,,,,palestineremembered.com — لقطة القضاء,2025,🟡,ملف: الحارات_والأحياء/القرى_الفلسطينية_المدمرة/قضاء_عكا.md
PS-PR133,فلسطين,قضاء عكا,,كويكات,,كويكات,,قرية/خربة/تجمّع (1948),,,,,,palestineremembered.com — لقطة القضاء,2025,🟡,ملف: الحارات_والأحياء/القرى_الفلسطينية_المدمرة/قضاء_عكا.md
PS-PR134,فلسطين,قضاء عكا,,مجد الكروم,,مجد الكروم,,قرية/خربة/تجمّع (1948),,,,,,palestineremembered.com — لقطة القضاء,2025,🟡,ملف: الحارات_والأحياء/القرى_الفلسطينية_المدمرة/قضاء_عكا.md
PS-PR135,فلسطين,قضاء عكا,,مكر,,مكر,,قرية/خربة/تجمّع (1948),,,,,,palestineremembered.com — لقطة القضاء,2025,🟡,ملف: الحارات_والأحياء/القرى_الفلسطينية_المدمرة/قضاء_عكا.md
PS-PR136,فلسطين,قضاء عكا,,المنشيه,,المنشيه,,قرية/خربة/تجمّع (1948),,,,,,palestineremembered.com — لقطة القضاء,2025,🟡,ملف: الحارات_والأحياء/القرى_الفلسطينية_المدمرة/قضاء_عكا.md
PS-PR137,فلسطين,قضاء عكا,,المنصوره,,المنصوره,,قرية/خربة/تجمّع (1948),,,,,,palestineremembered.com — لقطة القضاء,2025,🟡,ملف: الحارات_والأحياء/القرى_الفلسطينية_المدمرة/قضاء_عكا.md
PS-PR138,فلسطين,قضاء عكا,,مصعب,,مصعب,,قرية/خربة/تجمّع (1948),,,,,,palestineremembered.com — لقطة القضاء,2025,🟡,ملف: الحارات_والأحياء/القرى_الفلسطينية_المدمرة/قضاء_عكا.md
PS-PR139,فلسطين,قضاء عكا,,المزرعة,,المزرعة,,قرية/خربة/تجمّع (1948),,,,,,palestineremembered.com — لقطة القضاء,2025,🟡,ملف: الحارات_والأحياء/القرى_الفلسطينية_المدمرة/قضاء_عكا.md
PS-PR140,فلسطين,قضاء عكا,,ميعار,,ميعار,,قرية/خربة/تجمّع (1948),,,,,,palestineremembered.com — لقطة القضاء,2025,🟡,ملف: الحارات_والأحياء/القرى_الفلسطينية_المدمرة/قضاء_عكا.md
PS-PR141,فلسطين,قضاء عكا,,معليا,,معليا,,قرية/خربة/تجمّع (1948),,,,,,palestineremembered.com — لقطة القضاء,2025,🟡,ملف: الحارات_والأحياء/القرى_الفلسطينية_المدمرة/قضاء_عكا.md
PS-PR142,فلسطين,قضاء عكا,,النبي روبين,,النبي روبين,,قرية/خربة/تجمّع (1948),,,,,,palestineremembered.com — لقطة القضاء,2025,🟡,ملف: الحارات_والأحياء/القرى_الفلسطينية_المدمرة/قضاء_عكا.md
PS-PR143,فلسطين,قضاء عكا,,نحف,,نحف,,قرية/خربة/تجمّع (1948),,,,,,palestineremembered.com — لقطة القضاء,2025,🟡,ملف: الحارات_والأحياء/القرى_الفلسطينية_المدمرة/قضاء_عكا.md
PS-PR144,فلسطين,قضاء عكا,,النهر,,النهر,,قرية/خربة/تجمّع (1948),,,,,,palestineremembered.com — لقطة القضاء,2025,🟡,ملف: الحارات_والأحياء/القرى_الفلسطينية_المدمرة/قضاء_عكا.md
PS-PR145,فلسطين,قضاء عكا,,نواقير,,نواقير,,قرية/خربة/تجمّع (1948),,,,,,palestineremembered.com — لقطة القضاء,2025,🟡,ملف: الحارات_والأحياء/القرى_الفلسطينية_المدمرة/قضاء_عكا.md
PS-PR146,فلسطين,قضاء عكا,,القبسي,,القبسي,,قرية/خربة/تجمّع (1948),,,,,,palestineremembered.com — لقطة القضاء,2025,🟡,ملف: الحارات_والأحياء/القرى_الفلسطينية_المدمرة/قضاء_عكا.md
PS-PR147,فلسطين,قضاء عكا,,الرامه,,الرامه,,قرية/خربة/تجمّع (1948),,,,,,palestineremembered.com — لقطة القضاء,2025,🟡,ملف: الحارات_والأحياء/القرى_الفلسطينية_المدمرة/قضاء_عكا.md
PS-PR148,فلسطين,قضاء عكا,,رأس النبع,,رأس النبع,,قرية/خربة/تجمّع (1948),,,,,,palestineremembered.com — لقطة القضاء,2025,🟡,ملف: الحارات_والأحياء/القرى_الفلسطينية_المدمرة/قضاء_عكا.md
PS-PR149,فلسطين,قضاء عكا,,الرويس,,الرويس,,قرية/خربة/تجمّع (1948),,,,,,palestineremembered.com — لقطة القضاء,2025,🟡,ملف: الحارات_والأحياء/القرى_الفلسطينية_المدمرة/قضاء_عكا.md
PS-PR150,فلسطين,قضاء عكا,,سجور,,سجور,,قرية/خربة/تجمّع (1948),,,,,,palestineremembered.com — لقطة القضاء,2025,🟡,ملف: الحارات_والأحياء/القرى_الفلسطينية_المدمرة/قضاء_عكا.md
PS-PR151,فلسطين,قضاء عكا,,سخنين,,سخنين,,قرية/خربة/تجمّع (1948),,,,,,palestineremembered.com — لقطة القضاء,2025,🟡,ملف: الحارات_والأحياء/القرى_الفلسطينية_المدمرة/قضاء_عكا.md
PS-PR152,فلسطين,قضاء عكا,,وادي سلامة,,وادي سلامة,,قرية/خربة/تجمّع (1948),,,,,,palestineremembered.com — لقطة القضاء,2025,🟡,ملف: الحارات_والأحياء/القرى_الفلسطينية_المدمرة/قضاء_عكا.md
PS-PR153,فلسطين,قضاء عكا,,سواعد,,سواعد,,قرية/خربة/تجمّع (1948),,,,,,palestineremembered.com — لقطة القضاء,2025,🟡,ملف: الحارات_والأحياء/القرى_الفلسطينية_المدمرة/قضاء_عكا.md
PS-PR154,فلسطين,قضاء عكا,,شعب,,شعب,,قرية/خربة/تجمّع (1948),,,,,,palestineremembered.com — لقطة القضاء,2025,🟡,ملف: الحارات_والأحياء/القرى_الفلسطينية_المدمرة/قضاء_عكا.md
PS-PR155,فلسطين,قضاء عكا,,الشيخ دنون,,الشيخ دنون,,قرية/خربة/تجمّع (1948),,,,,,palestineremembered.com — لقطة القضاء,2025,🟡,ملف: الحارات_والأحياء/القرى_الفلسطينية_المدمرة/قضاء_عكا.md
PS-PR156,فلسطين,قضاء عكا,,الشيخ داود,,الشيخ داود,,قرية/خربة/تجمّع (1948),,,,,,palestineremembered.com — لقطة القضاء,2025,🟡,ملف: الحارات_والأحياء/القرى_الفلسطينية_المدمرة/قضاء_عكا.md
PS-PR157,فلسطين,قضاء عكا,,سحماتا,,سحماتا,,قرية/خربة/تجمّع (1948),,,,,,palestineremembered.com — لقطة القضاء,2025,🟡,ملف: الحارات_والأحياء/القرى_الفلسطينية_المدمرة/قضاء_عكا.md
PS-PR158,فلسطين,قضاء عكا,,السميريه,,السميريه,,قرية/خربة/تجمّع (1948),,,,,,palestineremembered.com — لقطة القضاء,2025,🟡,ملف: الحارات_والأحياء/القرى_الفلسطينية_المدمرة/قضاء_عكا.md
PS-PR159,فلسطين,قضاء عكا,,سروح,,سروح,,قرية/خربة/تجمّع (1948),,,,,,palestineremembered.com — لقطة القضاء,2025,🟡,ملف: الحارات_والأحياء/القرى_الفلسطينية_المدمرة/قضاء_عكا.md
PS-PR160,فلسطين,قضاء عكا,,التل,,التل,,قرية/خربة/تجمّع (1948),,,,,,palestineremembered.com — لقطة القضاء,2025,🟡,ملف: الحارات_والأحياء/القرى_الفلسطينية_المدمرة/قضاء_عكا.md
PS-PR161,فلسطين,قضاء عكا,,طمره,,طمره,,قرية/خربة/تجمّع (1948),,,,,,palestineremembered.com — لقطة القضاء,2025,🟡,ملف: الحارات_والأحياء/القرى_الفلسطينية_المدمرة/قضاء_عكا.md
PS-PR162,فلسطين,قضاء عكا,,تربيخا,,تربيخا,,قرية/خربة/تجمّع (1948),,,,,,palestineremembered.com — لقطة القضاء,2025,🟡,ملف: الحارات_والأحياء/القرى_الفلسطينية_المدمرة/قضاء_عكا.md
PS-PR163,فلسطين,قضاء عكا,,ترشيحا,,ترشيحا,,قرية/خربة/تجمّع (1948),,,,,,palestineremembered.com — لقطة القضاء,2025,🟡,ملف: الحارات_والأحياء/القرى_الفلسطينية_المدمرة/قضاء_عكا.md
PS-PR164,فلسطين,قضاء عكا,,أم الفرج,,أم الفرج,,قرية/خربة/تجمّع (1948),,,,,,palestineremembered.com — لقطة القضاء,2025,🟡,ملف: الحارات_والأحياء/القرى_الفلسطينية_المدمرة/قضاء_عكا.md
PS-PR165,فلسطين,قضاء عكا,,بقيعة الغربية,,بقيعة الغربية,,قرية/خربة/تجمّع (1948),,,,,,palestineremembered.com — لقطة القضاء,2025,🟡,ملف: الحارات_والأحياء/القرى_الفلسطينية_المدمرة/قضاء_عكا.md
PS-PR166,فلسطين,قضاء عكا,,يانوح,,يانوح,,قرية/خربة/تجمّع (1948),,,,,,palestineremembered.com — لقطة القضاء,2025,🟡,ملف: الحارات_والأحياء/القرى_الفلسطينية_المدمرة/قضاء_عكا.md
PS-PR167,فلسطين,قضاء عكا,,يركه,,يركه,,قرية/خربة/تجمّع (1948),,,,,,palestineremembered.com — لقطة القضاء,2025,🟡,ملف: الحارات_والأحياء/القرى_الفلسطينية_المدمرة/قضاء_عكا.md
PS-PR168,فلسطين,قضاء عكا,,الزيب,,الزيب,,قرية/خربة/تجمّع (1948),,,,,,palestineremembered.com — لقطة القضاء,2025,🟡,ملف: الحارات_والأحياء/القرى_الفلسطينية_المدمرة/قضاء_عكا.md
PS-PR169,فلسطين,قضاء حيفا,,حيفا,,حيفا,,قرية/خربة/تجمّع (1948),,,,,,palestineremembered.com — لقطة القضاء,2025,🟡,ملف: الحارات_والأحياء/القرى_الفلسطينية_المدمرة/قضاء_حيفا.md
PS-PR170,فلسطين,قضاء حيفا,,ابو شوشة,,ابو شوشة,,قرية/خربة/تجمّع (1948),,,,,,palestineremembered.com — لقطة القضاء,2025,🟡,ملف: الحارات_والأحياء/القرى_الفلسطينية_المدمرة/قضاء_حيفا.md
PS-PR171,فلسطين,قضاء حيفا,,ابو زريق,,ابو زريق,,قرية/خربة/تجمّع (1948),,,,,,palestineremembered.com — لقطة القضاء,2025,🟡,ملف: الحارات_والأحياء/القرى_الفلسطينية_المدمرة/قضاء_حيفا.md
PS-PR172,فلسطين,قضاء حيفا,,عمرية,,عمرية,,قرية/خربة/تجمّع (1948),,,,,,palestineremembered.com — لقطة القضاء,2025,🟡,ملف: الحارات_والأحياء/القرى_الفلسطينية_المدمرة/قضاء_حيفا.md
PS-PR173,فلسطين,قضاء حيفا,,عاره,,عاره,,قرية/خربة/تجمّع (1948),,,,,,palestineremembered.com — لقطة القضاء,2025,🟡,ملف: الحارات_والأحياء/القرى_الفلسطينية_المدمرة/قضاء_حيفا.md
PS-PR174,فلسطين,قضاء حيفا,,عرب الفقراء (الشيخ حلو),,عرب الفقراء (الشيخ حلو),,قرية/خربة/تجمّع (1948),,,,,,palestineremembered.com — لقطة القضاء,2025,🟡,ملف: الحارات_والأحياء/القرى_الفلسطينية_المدمرة/قضاء_حيفا.md
PS-PR175,فلسطين,قضاء حيفا,,عرب المفجر,,عرب المفجر,,قرية/خربة/تجمّع (1948),,,,,,palestineremembered.com — لقطة القضاء,2025,🟡,ملف: الحارات_والأحياء/القرى_الفلسطينية_المدمرة/قضاء_حيفا.md
PS-PR176,فلسطين,قضاء حيفا,,عرب النفيعات,,عرب النفيعات,,قرية/خربة/تجمّع (1948),,,,,,palestineremembered.com — لقطة القضاء,2025,🟡,ملف: الحارات_والأحياء/القرى_الفلسطينية_المدمرة/قضاء_حيفا.md
PS-PR177,فلسطين,قضاء حيفا,,عرب ظهرة الضميري,,عرب ظهرة الضميري,,قرية/خربة/تجمّع (1948),,,,,,palestineremembered.com — لقطة القضاء,2025,🟡,ملف: الحارات_والأحياء/القرى_الفلسطينية_المدمرة/قضاء_حيفا.md
PS-PR178,فلسطين,قضاء حيفا,,عرعره,,عرعره,,قرية/خربة/تجمّع (1948),,,,,,palestineremembered.com — لقطة القضاء,2025,🟡,ملف: الحارات_والأحياء/القرى_الفلسطينية_المدمرة/قضاء_حيفا.md
PS-PR179,فلسطين,قضاء حيفا,,عتليت,,عتليت,,قرية/خربة/تجمّع (1948),,,,,,palestineremembered.com — لقطة القضاء,2025,🟡,ملف: الحارات_والأحياء/القرى_الفلسطينية_المدمرة/قضاء_حيفا.md
PS-PR180,فلسطين,قضاء حيفا,,عين غزال,,عين غزال,,قرية/خربة/تجمّع (1948),,,,,,palestineremembered.com — لقطة القضاء,2025,🟡,ملف: الحارات_والأحياء/القرى_الفلسطينية_المدمرة/قضاء_حيفا.md
PS-PR181,فلسطين,قضاء حيفا,,عين حوض,,عين حوض,,قرية/خربة/تجمّع (1948),,,,,,palestineremembered.com — لقطة القضاء,2025,🟡,ملف: الحارات_والأحياء/القرى_الفلسطينية_المدمرة/قضاء_حيفا.md
PS-PR182,فلسطين,قضاء حيفا,,بلد الشيخ,,بلد الشيخ,,قرية/خربة/تجمّع (1948),,,,,,palestineremembered.com — لقطة القضاء,2025,🟡,ملف: الحارات_والأحياء/القرى_الفلسطينية_المدمرة/قضاء_حيفا.md
PS-PR183,فلسطين,قضاء حيفا,,برة قيسارية,,برة قيسارية,,قرية/خربة/تجمّع (1948),,,,,,palestineremembered.com — لقطة القضاء,2025,🟡,ملف: الحارات_والأحياء/القرى_الفلسطينية_المدمرة/قضاء_حيفا.md
PS-PR184,فلسطين,قضاء حيفا,,بسمة طبعن,,بسمة طبعن,,قرية/خربة/تجمّع (1948),,,,,,palestineremembered.com — لقطة القضاء,2025,🟡,ملف: الحارات_والأحياء/القرى_الفلسطينية_المدمرة/قضاء_حيفا.md
PS-PR185,فلسطين,قضاء حيفا,,بيت لحم (الجليلية),,بيت لحم (الجليلية),,قرية/خربة/تجمّع (1948),,,,,,palestineremembered.com — لقطة القضاء,2025,🟡,ملف: الحارات_والأحياء/القرى_الفلسطينية_المدمرة/قضاء_حيفا.md
PS-PR186,فلسطين,قضاء حيفا,,بريكة (السنديانات),,بريكة (السنديانات),,قرية/خربة/تجمّع (1948),,,,,,palestineremembered.com — لقطة القضاء,2025,🟡,ملف: الحارات_والأحياء/القرى_الفلسطينية_المدمرة/قضاء_حيفا.md
PS-PR187,فلسطين,قضاء حيفا,,خربة البرج,,خربة البرج,,قرية/خربة/تجمّع (1948),,,,,,palestineremembered.com — لقطة القضاء,2025,🟡,ملف: الحارات_والأحياء/القرى_الفلسطينية_المدمرة/قضاء_حيفا.md
PS-PR188,فلسطين,قضاء حيفا,,البطيمات,,البطيمات,,قرية/خربة/تجمّع (1948),,,,,,palestineremembered.com — لقطة القضاء,2025,🟡,ملف: الحارات_والأحياء/القرى_الفلسطينية_المدمرة/قضاء_حيفا.md
PS-PR189,فلسطين,قضاء حيفا,,بويشات,,بويشات,,قرية/خربة/تجمّع (1948),,,,,,palestineremembered.com — لقطة القضاء,2025,🟡,ملف: الحارات_والأحياء/القرى_الفلسطينية_المدمرة/قضاء_حيفا.md
PS-PR190,فلسطين,قضاء حيفا,,دالية الكرمل,,دالية الكرمل,,قرية/خربة/تجمّع (1948),,,,,,palestineremembered.com — لقطة القضاء,2025,🟡,ملف: الحارات_والأحياء/القرى_الفلسطينية_المدمرة/قضاء_حيفا.md
PS-PR191,فلسطين,قضاء حيفا,,دالية الروحة,,دالية الروحة,,قرية/خربة/تجمّع (1948),,,,,,palestineremembered.com — لقطة القضاء,2025,🟡,ملف: الحارات_والأحياء/القرى_الفلسطينية_المدمرة/قضاء_حيفا.md
PS-PR192,فلسطين,قضاء حيفا,,خربة الدامون,,خربة الدامون,,قرية/خربة/تجمّع (1948),,,,,,palestineremembered.com — لقطة القضاء,2025,🟡,ملف: الحارات_والأحياء/القرى_الفلسطينية_المدمرة/قضاء_حيفا.md
PS-PR193,فلسطين,قضاء حيفا,,دار الحنون,,دار الحنون,,قرية/خربة/تجمّع (1948),,,,,,palestineremembered.com — لقطة القضاء,2025,🟡,ملف: الحارات_والأحياء/القرى_الفلسطينية_المدمرة/قضاء_حيفا.md
PS-PR194,فلسطين,قضاء حيفا,,الضميري,,الضميري,,قرية/خربة/تجمّع (1948),,,,,,palestineremembered.com — لقطة القضاء,2025,🟡,ملف: الحارات_والأحياء/القرى_الفلسطينية_المدمرة/قضاء_حيفا.md
PS-PR195,فلسطين,قضاء حيفا,,فريديس,,فريديس,,قرية/خربة/تجمّع (1948),,,,,,palestineremembered.com — لقطة القضاء,2025,🟡,ملف: الحارات_والأحياء/القرى_الفلسطينية_المدمرة/قضاء_حيفا.md
PS-PR196,فلسطين,قضاء حيفا,,الغبية الفوقا,,الغبية الفوقا,,قرية/خربة/تجمّع (1948),,,,,,palestineremembered.com — لقطة القضاء,2025,🟡,ملف: الحارات_والأحياء/القرى_الفلسطينية_المدمرة/قضاء_حيفا.md
PS-PR197,فلسطين,قضاء حيفا,,الغبية التحتا,,الغبية التحتا,,قرية/خربة/تجمّع (1948),,,,,,palestineremembered.com — لقطة القضاء,2025,🟡,ملف: الحارات_والأحياء/القرى_الفلسطينية_المدمرة/قضاء_حيفا.md
PS-PR198,فلسطين,قضاء حيفا,,حجاجرة,,حجاجرة,,قرية/خربة/تجمّع (1948),,,,,,palestineremembered.com — لقطة القضاء,2025,🟡,ملف: الحارات_والأحياء/القرى_الفلسطينية_المدمرة/قضاء_حيفا.md
PS-PR199,فلسطين,قضاء حيفا,,هوشة,,هوشة,,قرية/خربة/تجمّع (1948),,,,,,palestineremembered.com — لقطة القضاء,2025,🟡,ملف: الحارات_والأحياء/القرى_الفلسطينية_المدمرة/قضاء_حيفا.md
PS-PR200,فلسطين,قضاء حيفا,,حلف,,حلف,,قرية/خربة/تجمّع (1948),,,,,,palestineremembered.com — لقطة القضاء,2025,🟡,ملف: الحارات_والأحياء/القرى_الفلسطينية_المدمرة/قضاء_حيفا.md
PS-PR201,فلسطين,قضاء حيفا,,الحميرة,,الحميرة,,قرية/خربة/تجمّع (1948),,,,,,palestineremembered.com — لقطة القضاء,2025,🟡,ملف: الحارات_والأحياء/القرى_الفلسطينية_المدمرة/قضاء_حيفا.md
PS-PR202,فلسطين,قضاء حيفا,,إعبلين,,إعبلين,,قرية/خربة/تجمّع (1948),,,,,,palestineremembered.com — لقطة القضاء,2025,🟡,ملف: الحارات_والأحياء/القرى_الفلسطينية_المدمرة/قضاء_حيفا.md
PS-PR203,فلسطين,قضاء حيفا,,إبطن,,إبطن,,قرية/خربة/تجمّع (1948),,,,,,palestineremembered.com — لقطة القضاء,2025,🟡,ملف: الحارات_والأحياء/القرى_الفلسطينية_المدمرة/قضاء_حيفا.md
PS-PR204,فلسطين,قضاء حيفا,,إجزم,,إجزم,,قرية/خربة/تجمّع (1948),,,,,,palestineremembered.com — لقطة القضاء,2025,🟡,ملف: الحارات_والأحياء/القرى_الفلسطينية_المدمرة/قضاء_حيفا.md
PS-PR205,فلسطين,قضاء حيفا,,عسفيا,,عسفيا,,قرية/خربة/تجمّع (1948),,,,,,palestineremembered.com — لقطة القضاء,2025,🟡,ملف: الحارات_والأحياء/القرى_الفلسطينية_المدمرة/قضاء_حيفا.md
PS-PR206,فلسطين,قضاء حيفا,,جبع,,جبع,,قرية/خربة/تجمّع (1948),,,,,,palestineremembered.com — لقطة القضاء,2025,🟡,ملف: الحارات_والأحياء/القرى_الفلسطينية_المدمرة/قضاء_حيفا.md
PS-PR207,فلسطين,قضاء حيفا,,الجلمة,,الجلمة,,قرية/خربة/تجمّع (1948),,,,,,palestineremembered.com — لقطة القضاء,2025,🟡,ملف: الحارات_والأحياء/القرى_الفلسطينية_المدمرة/قضاء_حيفا.md
PS-PR208,فلسطين,قضاء حيفا,,جيدا,,جيدا,,قرية/خربة/تجمّع (1948),,,,,,palestineremembered.com — لقطة القضاء,2025,🟡,ملف: الحارات_والأحياء/القرى_الفلسطينية_المدمرة/قضاء_حيفا.md
PS-PR209,فلسطين,قضاء حيفا,,كعبية (طباش - حجاجرة),,كعبية (طباش - حجاجرة),,قرية/خربة/تجمّع (1948),,,,,,palestineremembered.com — لقطة القضاء,2025,🟡,ملف: الحارات_والأحياء/القرى_الفلسطينية_المدمرة/قضاء_حيفا.md
PS-PR210,فلسطين,قضاء حيفا,,الكبابير,,الكبابير,,قرية/خربة/تجمّع (1948),,,,,,palestineremembered.com — لقطة القضاء,2025,🟡,ملف: الحارات_والأحياء/القرى_الفلسطينية_المدمرة/قضاء_حيفا.md
PS-PR211,فلسطين,قضاء حيفا,,كبارة,,كبارة,,قرية/خربة/تجمّع (1948),,,,,,palestineremembered.com — لقطة القضاء,2025,🟡,ملف: الحارات_والأحياء/القرى_الفلسطينية_المدمرة/قضاء_حيفا.md
PS-PR212,فلسطين,قضاء حيفا,,كفر لام,,كفر لام,,قرية/خربة/تجمّع (1948),,,,,,palestineremembered.com — لقطة القضاء,2025,🟡,ملف: الحارات_والأحياء/القرى_الفلسطينية_المدمرة/قضاء_حيفا.md
PS-PR213,فلسطين,قضاء حيفا,,كفر قرع,,كفر قرع,,قرية/خربة/تجمّع (1948),,,,,,palestineremembered.com — لقطة القضاء,2025,🟡,ملف: الحارات_والأحياء/القرى_الفلسطينية_المدمرة/قضاء_حيفا.md
PS-PR214,فلسطين,قضاء حيفا,,الكفرين,,الكفرين,,قرية/خربة/تجمّع (1948),,,,,,palestineremembered.com — لقطة القضاء,2025,🟡,ملف: الحارات_والأحياء/القرى_الفلسطينية_المدمرة/قضاء_حيفا.md
PS-PR215,فلسطين,قضاء حيفا,,خربة الكساير,,خربة الكساير,,قرية/خربة/تجمّع (1948),,,,,,palestineremembered.com — لقطة القضاء,2025,🟡,ملف: الحارات_والأحياء/القرى_الفلسطينية_المدمرة/قضاء_حيفا.md
PS-PR216,فلسطين,قضاء حيفا,,جسر الزرقاء,,جسر الزرقاء,,قرية/خربة/تجمّع (1948),,,,,,palestineremembered.com — لقطة القضاء,2025,🟡,ملف: الحارات_والأحياء/القرى_الفلسطينية_المدمرة/قضاء_حيفا.md
PS-PR217,فلسطين,قضاء حيفا,,خربة رأس علي,,خربة رأس علي,,قرية/خربة/تجمّع (1948),,,,,,palestineremembered.com — لقطة القضاء,2025,🟡,ملف: الحارات_والأحياء/القرى_الفلسطينية_المدمرة/قضاء_حيفا.md
PS-PR218,فلسطين,قضاء حيفا,,خربة أم العلق,,خربة أم العلق,,قرية/خربة/تجمّع (1948),,,,,,palestineremembered.com — لقطة القضاء,2025,🟡,ملف: الحارات_والأحياء/القرى_الفلسطينية_المدمرة/قضاء_حيفا.md
PS-PR219,فلسطين,قضاء حيفا,,خوالد,,خوالد,,قرية/خربة/تجمّع (1948),,,,,,palestineremembered.com — لقطة القضاء,2025,🟡,ملف: الحارات_والأحياء/القرى_الفلسطينية_المدمرة/قضاء_حيفا.md
PS-PR220,فلسطين,قضاء حيفا,,خربة المقورة,,خربة المقورة,,قرية/خربة/تجمّع (1948),,,,,,palestineremembered.com — لقطة القضاء,2025,🟡,ملف: الحارات_والأحياء/القرى_الفلسطينية_المدمرة/قضاء_حيفا.md
PS-PR221,فلسطين,قضاء حيفا,,خبيزة,,خبيزة,,قرية/خربة/تجمّع (1948),,,,,,palestineremembered.com — لقطة القضاء,2025,🟡,ملف: الحارات_والأحياء/القرى_الفلسطينية_المدمرة/قضاء_حيفا.md
PS-PR222,فلسطين,قضاء حيفا,,الخريبه,,الخريبه,,قرية/خربة/تجمّع (1948),,,,,,palestineremembered.com — لقطة القضاء,2025,🟡,ملف: الحارات_والأحياء/القرى_الفلسطينية_المدمرة/قضاء_حيفا.md
PS-PR223,فلسطين,قضاء حيفا,,خربة لد العوادين,,خربة لد العوادين,,قرية/خربة/تجمّع (1948),,,,,,palestineremembered.com — لقطة القضاء,2025,🟡,ملف: الحارات_والأحياء/القرى_الفلسطينية_المدمرة/قضاء_حيفا.md
PS-PR224,فلسطين,قضاء حيفا,,المنارة,,المنارة,,قرية/خربة/تجمّع (1948),,,,,,palestineremembered.com — لقطة القضاء,2025,🟡,ملف: الحارات_والأحياء/القرى_الفلسطينية_المدمرة/قضاء_حيفا.md
PS-PR225,فلسطين,قضاء حيفا,,خربة المنارة,,خربة المنارة,,قرية/خربة/تجمّع (1948),,,,,,palestineremembered.com — لقطة القضاء,2025,🟡,ملف: الحارات_والأحياء/القرى_الفلسطينية_المدمرة/قضاء_حيفا.md
PS-PR226,فلسطين,قضاء حيفا,,منشية زبده (السعدية),,منشية زبده (السعدية),,قرية/خربة/تجمّع (1948),,,,,,palestineremembered.com — لقطة القضاء,2025,🟡,ملف: الحارات_والأحياء/القرى_الفلسطينية_المدمرة/قضاء_حيفا.md
PS-PR227,فلسطين,قضاء حيفا,,المنسي (عرب بنيها),,المنسي (عرب بنيها),,قرية/خربة/تجمّع (1948),,,,,,palestineremembered.com — لقطة القضاء,2025,🟡,ملف: الحارات_والأحياء/القرى_الفلسطينية_المدمرة/قضاء_حيفا.md
PS-PR228,فلسطين,قضاء حيفا,,خربة المنصورة,,خربة المنصورة,,قرية/خربة/تجمّع (1948),,,,,,palestineremembered.com — لقطة القضاء,2025,🟡,ملف: الحارات_والأحياء/القرى_الفلسطينية_المدمرة/قضاء_حيفا.md
PS-PR229,فلسطين,قضاء حيفا,,المزار,,المزار,,قرية/خربة/تجمّع (1948),,,,,,palestineremembered.com — لقطة القضاء,2025,🟡,ملف: الحارات_والأحياء/القرى_الفلسطينية_المدمرة/قضاء_حيفا.md
PS-PR230,فلسطين,قضاء حيفا,,النغنغية,,النغنغية,,قرية/خربة/تجمّع (1948),,,,,,palestineremembered.com — لقطة القضاء,2025,🟡,ملف: الحارات_والأحياء/القرى_الفلسطينية_المدمرة/قضاء_حيفا.md
PS-PR231,فلسطين,قضاء حيفا,,قنير,,قنير,,قرية/خربة/تجمّع (1948),,,,,,palestineremembered.com — لقطة القضاء,2025,🟡,ملف: الحارات_والأحياء/القرى_الفلسطينية_المدمرة/قضاء_حيفا.md
PS-PR232,فلسطين,قضاء حيفا,,قيرة وقامون,,قيرة وقامون,,قرية/خربة/تجمّع (1948),,,,,,palestineremembered.com — لقطة القضاء,2025,🟡,ملف: الحارات_والأحياء/القرى_الفلسطينية_المدمرة/قضاء_حيفا.md
PS-PR233,فلسطين,قضاء حيفا,,قيسارية,,قيسارية,,قرية/خربة/تجمّع (1948),,,,,,palestineremembered.com — لقطة القضاء,2025,🟡,ملف: الحارات_والأحياء/القرى_الفلسطينية_المدمرة/قضاء_حيفا.md
PS-PR234,فلسطين,قضاء حيفا,,خربة قمبازة,,خربة قمبازة,,قرية/خربة/تجمّع (1948),,,,,,palestineremembered.com — لقطة القضاء,2025,🟡,ملف: الحارات_والأحياء/القرى_الفلسطينية_المدمرة/قضاء_حيفا.md
PS-PR235,فلسطين,قضاء حيفا,,قسقس,,قسقس,,قرية/خربة/تجمّع (1948),,,,,,palestineremembered.com — لقطة القضاء,2025,🟡,ملف: الحارات_والأحياء/القرى_الفلسطينية_المدمرة/قضاء_حيفا.md
PS-PR236,فلسطين,قضاء حيفا,,الريحانية,,الريحانية,,قرية/خربة/تجمّع (1948),,,,,,palestineremembered.com — لقطة القضاء,2025,🟡,ملف: الحارات_والأحياء/القرى_الفلسطينية_المدمرة/قضاء_حيفا.md
PS-PR237,فلسطين,قضاء حيفا,,صبارين,,صبارين,,قرية/خربة/تجمّع (1948),,,,,,palestineremembered.com — لقطة القضاء,2025,🟡,ملف: الحارات_والأحياء/القرى_الفلسطينية_المدمرة/قضاء_حيفا.md
PS-PR238,فلسطين,قضاء حيفا,,صفصافا,,صفصافا,,قرية/خربة/تجمّع (1948),,,,,,palestineremembered.com — لقطة القضاء,2025,🟡,ملف: الحارات_والأحياء/القرى_الفلسطينية_المدمرة/قضاء_حيفا.md
PS-PR239,فلسطين,قضاء حيفا,,الصرفند,,الصرفند,,قرية/خربة/تجمّع (1948),,,,,,palestineremembered.com — لقطة القضاء,2025,🟡,ملف: الحارات_والأحياء/القرى_الفلسطينية_المدمرة/قضاء_حيفا.md
PS-PR240,فلسطين,قضاء حيفا,,خربة السركس,,خربة السركس,,قرية/خربة/تجمّع (1948),,,,,,palestineremembered.com — لقطة القضاء,2025,🟡,ملف: الحارات_والأحياء/القرى_الفلسطينية_المدمرة/قضاء_حيفا.md
PS-PR241,فلسطين,قضاء حيفا,,سركيس,,سركيس,,قرية/خربة/تجمّع (1948),,,,,,palestineremembered.com — لقطة القضاء,2025,🟡,ملف: الحارات_والأحياء/القرى_الفلسطينية_المدمرة/قضاء_حيفا.md
PS-PR242,فلسطين,قضاء حيفا,,خربة سعسع,,خربة سعسع,,قرية/خربة/تجمّع (1948),,,,,,palestineremembered.com — لقطة القضاء,2025,🟡,ملف: الحارات_والأحياء/القرى_الفلسطينية_المدمرة/قضاء_حيفا.md
PS-PR243,فلسطين,قضاء حيفا,,السوامير,,السوامير,,قرية/خربة/تجمّع (1948),,,,,,palestineremembered.com — لقطة القضاء,2025,🟡,ملف: الحارات_والأحياء/القرى_الفلسطينية_المدمرة/قضاء_حيفا.md
PS-PR244,فلسطين,قضاء حيفا,,شفا عمرو,,شفا عمرو,,قرية/خربة/تجمّع (1948),,,,,,palestineremembered.com — لقطة القضاء,2025,🟡,ملف: الحارات_والأحياء/القرى_الفلسطينية_المدمرة/قضاء_حيفا.md
PS-PR245,فلسطين,قضاء حيفا,,خربة الشونة,,خربة الشونة,,قرية/خربة/تجمّع (1948),,,,,,palestineremembered.com — لقطة القضاء,2025,🟡,ملف: الحارات_والأحياء/القرى_الفلسطينية_المدمرة/قضاء_حيفا.md
PS-PR246,فلسطين,قضاء حيفا,,السنديانة,,السنديانة,,قرية/خربة/تجمّع (1948),,,,,,palestineremembered.com — لقطة القضاء,2025,🟡,ملف: الحارات_والأحياء/القرى_الفلسطينية_المدمرة/قضاء_حيفا.md
PS-PR247,فلسطين,قضاء حيفا,,طبعون,,طبعون,,قرية/خربة/تجمّع (1948),,,,,,palestineremembered.com — لقطة القضاء,2025,🟡,ملف: الحارات_والأحياء/القرى_الفلسطينية_المدمرة/قضاء_حيفا.md
PS-PR248,فلسطين,قضاء حيفا,,طبعون المدمرة,,طبعون المدمرة,,قرية/خربة/تجمّع (1948),,,,,,palestineremembered.com — لقطة القضاء,2025,🟡,ملف: الحارات_والأحياء/القرى_الفلسطينية_المدمرة/قضاء_حيفا.md
PS-PR249,فلسطين,قضاء حيفا,,تل الشمام (خربة دباشة),,تل الشمام (خربة دباشة),,قرية/خربة/تجمّع (1948),,,,,,palestineremembered.com — لقطة القضاء,2025,🟡,ملف: الحارات_والأحياء/القرى_الفلسطينية_المدمرة/قضاء_حيفا.md
PS-PR250,فلسطين,قضاء حيفا,,الطنطورة,,الطنطورة,,قرية/خربة/تجمّع (1948),,,,,,palestineremembered.com — لقطة القضاء,2025,🟡,ملف: الحارات_والأحياء/القرى_الفلسطينية_المدمرة/قضاء_حيفا.md
PS-PR251,فلسطين,قضاء حيفا,,الطيرة,,الطيرة,,قرية/خربة/تجمّع (1948),,,,,,palestineremembered.com — لقطة القضاء,2025,🟡,ملف: الحارات_والأحياء/القرى_الفلسطينية_المدمرة/قضاء_حيفا.md
PS-PR252,فلسطين,قضاء حيفا,,ام القطف,,ام القطف,,قرية/خربة/تجمّع (1948),,,,,,palestineremembered.com — لقطة القضاء,2025,🟡,ملف: الحارات_والأحياء/القرى_الفلسطينية_المدمرة/قضاء_حيفا.md
PS-PR253,فلسطين,قضاء حيفا,,أم السحالي,,أم السحالي,,قرية/خربة/تجمّع (1948),,,,,,palestineremembered.com — لقطة القضاء,2025,🟡,ملف: الحارات_والأحياء/القرى_الفلسطينية_المدمرة/قضاء_حيفا.md
PS-PR254,فلسطين,قضاء حيفا,,ام الشوف,,ام الشوف,,قرية/خربة/تجمّع (1948),,,,,,palestineremembered.com — لقطة القضاء,2025,🟡,ملف: الحارات_والأحياء/القرى_الفلسطينية_المدمرة/قضاء_حيفا.md
PS-PR255,فلسطين,قضاء حيفا,,ام الزينات,,ام الزينات,,قرية/خربة/تجمّع (1948),,,,,,palestineremembered.com — لقطة القضاء,2025,🟡,ملف: الحارات_والأحياء/القرى_الفلسطينية_المدمرة/قضاء_حيفا.md
PS-PR256,فلسطين,قضاء حيفا,,وعرة السريس,,وعرة السريس,,قرية/خربة/تجمّع (1948),,,,,,palestineremembered.com — لقطة القضاء,2025,🟡,ملف: الحارات_والأحياء/القرى_الفلسطينية_المدمرة/قضاء_حيفا.md
PS-PR257,فلسطين,قضاء حيفا,,وادي عارة,,وادي عارة,,قرية/خربة/تجمّع (1948),,,,,,palestineremembered.com — لقطة القضاء,2025,🟡,ملف: الحارات_والأحياء/القرى_الفلسطينية_المدمرة/قضاء_حيفا.md
PS-PR258,فلسطين,قضاء حيفا,,أم العمد (والدهيم),,أم العمد (والدهيم),,قرية/خربة/تجمّع (1948),,,,,,palestineremembered.com — لقطة القضاء,2025,🟡,ملف: الحارات_والأحياء/القرى_الفلسطينية_المدمرة/قضاء_حيفا.md
PS-PR259,فلسطين,قضاء حيفا,,ياجور,,ياجور,,قرية/خربة/تجمّع (1948),,,,,,palestineremembered.com — لقطة القضاء,2025,🟡,ملف: الحارات_والأحياء/القرى_الفلسطينية_المدمرة/قضاء_حيفا.md
PS-PR260,فلسطين,قضاء حيفا,,الزبيدات,,الزبيدات,,قرية/خربة/تجمّع (1948),,,,,,palestineremembered.com — لقطة القضاء,2025,🟡,ملف: الحارات_والأحياء/القرى_الفلسطينية_المدمرة/قضاء_حيفا.md
PS-PR261,فلسطين,قضاء جنين,,جنين,,جنين,,قرية/خربة/تجمّع (1948),,,,,,palestineremembered.com — لقطة القضاء,2025,🟡,ملف: الحارات_والأحياء/القرى_الفلسطينية_المدمرة/قضاء_جنين.md
PS-PR262,فلسطين,قضاء جنين,,عجه,,عجه,,قرية/خربة/تجمّع (1948),,,,,,palestineremembered.com — لقطة القضاء,2025,🟡,ملف: الحارات_والأحياء/القرى_الفلسطينية_المدمرة/قضاء_جنين.md
PS-PR263,فلسطين,قضاء جنين,,عانين,,عانين,,قرية/خربة/تجمّع (1948),,,,,,palestineremembered.com — لقطة القضاء,2025,🟡,ملف: الحارات_والأحياء/القرى_الفلسطينية_المدمرة/قضاء_جنين.md
PS-PR264,فلسطين,قضاء جنين,,عنزه,,عنزه,,قرية/خربة/تجمّع (1948),,,,,,palestineremembered.com — لقطة القضاء,2025,🟡,ملف: الحارات_والأحياء/القرى_الفلسطينية_المدمرة/قضاء_جنين.md
PS-PR265,فلسطين,قضاء جنين,,عقادة,,عقادة,,قرية/خربة/تجمّع (1948),,,,,,palestineremembered.com — لقطة القضاء,2025,🟡,ملف: الحارات_والأحياء/القرى_الفلسطينية_المدمرة/قضاء_جنين.md
PS-PR266,فلسطين,قضاء جنين,,عرابه,,عرابه,,قرية/خربة/تجمّع (1948),,,,,,palestineremembered.com — لقطة القضاء,2025,🟡,ملف: الحارات_والأحياء/القرى_الفلسطينية_المدمرة/قضاء_جنين.md
PS-PR267,فلسطين,قضاء جنين,,عربونه,,عربونه,,قرية/خربة/تجمّع (1948),,,,,,palestineremembered.com — لقطة القضاء,2025,🟡,ملف: الحارات_والأحياء/القرى_الفلسطينية_المدمرة/قضاء_جنين.md
PS-PR268,فلسطين,قضاء جنين,,عرقه,,عرقه,,قرية/خربة/تجمّع (1948),,,,,,palestineremembered.com — لقطة القضاء,2025,🟡,ملف: الحارات_والأحياء/القرى_الفلسطينية_المدمرة/قضاء_جنين.md
PS-PR269,فلسطين,قضاء جنين,,عرانه,,عرانه,,قرية/خربة/تجمّع (1948),,,,,,palestineremembered.com — لقطة القضاء,2025,🟡,ملف: الحارات_والأحياء/القرى_الفلسطينية_المدمرة/قضاء_جنين.md
PS-PR270,فلسطين,قضاء جنين,,العريان,,العريان,,قرية/خربة/تجمّع (1948),,,,,,palestineremembered.com — لقطة القضاء,2025,🟡,ملف: الحارات_والأحياء/القرى_الفلسطينية_المدمرة/قضاء_جنين.md
PS-PR271,فلسطين,قضاء جنين,,العطارة,,العطارة,,قرية/خربة/تجمّع (1948),,,,,,palestineremembered.com — لقطة القضاء,2025,🟡,ملف: الحارات_والأحياء/القرى_الفلسطينية_المدمرة/قضاء_جنين.md
PS-PR272,فلسطين,قضاء جنين,,عين إبراهيم,,عين إبراهيم,,قرية/خربة/تجمّع (1948),,,,,,palestineremembered.com — لقطة القضاء,2025,🟡,ملف: الحارات_والأحياء/القرى_الفلسطينية_المدمرة/قضاء_جنين.md
PS-PR273,فلسطين,قضاء جنين,,عين المنسي,,عين المنسي,,قرية/خربة/تجمّع (1948),,,,,,palestineremembered.com — لقطة القضاء,2025,🟡,ملف: الحارات_والأحياء/القرى_الفلسطينية_المدمرة/قضاء_جنين.md
PS-PR274,فلسطين,قضاء جنين,,البارد الهاشمية,,البارد الهاشمية,,قرية/خربة/تجمّع (1948),,,,,,palestineremembered.com — لقطة القضاء,2025,🟡,ملف: الحارات_والأحياء/القرى_الفلسطينية_المدمرة/قضاء_جنين.md
PS-PR275,فلسطين,قضاء جنين,,برطعه,,برطعه,,قرية/خربة/تجمّع (1948),,,,,,palestineremembered.com — لقطة القضاء,2025,🟡,ملف: الحارات_والأحياء/القرى_الفلسطينية_المدمرة/قضاء_جنين.md
PS-PR276,فلسطين,قضاء جنين,,بيت مسعود,,بيت مسعود,,قرية/خربة/تجمّع (1948),,,,,,palestineremembered.com — لقطة القضاء,2025,🟡,ملف: الحارات_والأحياء/القرى_الفلسطينية_المدمرة/قضاء_جنين.md
PS-PR277,فلسطين,قضاء جنين,,بيت قاد,,بيت قاد,,قرية/خربة/تجمّع (1948),,,,,,palestineremembered.com — لقطة القضاء,2025,🟡,ملف: الحارات_والأحياء/القرى_الفلسطينية_المدمرة/قضاء_جنين.md
PS-PR278,فلسطين,قضاء جنين,,بئر الباشا,,بئر الباشا,,قرية/خربة/تجمّع (1948),,,,,,palestineremembered.com — لقطة القضاء,2025,🟡,ملف: الحارات_والأحياء/القرى_الفلسطينية_المدمرة/قضاء_جنين.md
PS-PR279,فلسطين,قضاء جنين,,برقين,,برقين,,قرية/خربة/تجمّع (1948),,,,,,palestineremembered.com — لقطة القضاء,2025,🟡,ملف: الحارات_والأحياء/القرى_الفلسطينية_المدمرة/قضاء_جنين.md
PS-PR280,فلسطين,قضاء جنين,,البيار,,البيار,,قرية/خربة/تجمّع (1948),,,,,,palestineremembered.com — لقطة القضاء,2025,🟡,ملف: الحارات_والأحياء/القرى_الفلسطينية_المدمرة/قضاء_جنين.md
PS-PR281,فلسطين,قضاء جنين,,دير ابو ضعيف,,دير ابو ضعيف,,قرية/خربة/تجمّع (1948),,,,,,palestineremembered.com — لقطة القضاء,2025,🟡,ملف: الحارات_والأحياء/القرى_الفلسطينية_المدمرة/قضاء_جنين.md
PS-PR282,فلسطين,قضاء جنين,,دير غزاله,,دير غزاله,,قرية/خربة/تجمّع (1948),,,,,,palestineremembered.com — لقطة القضاء,2025,🟡,ملف: الحارات_والأحياء/القرى_الفلسطينية_المدمرة/قضاء_جنين.md
PS-PR283,فلسطين,قضاء جنين,,ظهر المالح,,ظهر المالح,,قرية/خربة/تجمّع (1948),,,,,,palestineremembered.com — لقطة القضاء,2025,🟡,ملف: الحارات_والأحياء/القرى_الفلسطينية_المدمرة/قضاء_جنين.md
PS-PR284,فلسطين,قضاء جنين,,فحمه,,فحمه,,قرية/خربة/تجمّع (1948),,,,,,palestineremembered.com — لقطة القضاء,2025,🟡,ملف: الحارات_والأحياء/القرى_الفلسطينية_المدمرة/قضاء_جنين.md
PS-PR285,فلسطين,قضاء جنين,,الفندقومية,,الفندقومية,,قرية/خربة/تجمّع (1948),,,,,,palestineremembered.com — لقطة القضاء,2025,🟡,ملف: الحارات_والأحياء/القرى_الفلسطينية_المدمرة/قضاء_جنين.md
PS-PR286,فلسطين,قضاء جنين,,فقوعه,,فقوعه,,قرية/خربة/تجمّع (1948),,,,,,palestineremembered.com — لقطة القضاء,2025,🟡,ملف: الحارات_والأحياء/القرى_الفلسطينية_المدمرة/قضاء_جنين.md
PS-PR287,فلسطين,قضاء جنين,,فراسين,,فراسين,,قرية/خربة/تجمّع (1948),,,,,,palestineremembered.com — لقطة القضاء,2025,🟡,ملف: الحارات_والأحياء/القرى_الفلسطينية_المدمرة/قضاء_جنين.md
PS-PR288,فلسطين,قضاء جنين,,إمريحه,,إمريحه,,قرية/خربة/تجمّع (1948),,,,,,palestineremembered.com — لقطة القضاء,2025,🟡,ملف: الحارات_والأحياء/القرى_الفلسطينية_المدمرة/قضاء_جنين.md
PS-PR289,فلسطين,قضاء جنين,,جبع,,جبع,,قرية/خربة/تجمّع (1948),,,,,,palestineremembered.com — لقطة القضاء,2025,🟡,ملف: الحارات_والأحياء/القرى_الفلسطينية_المدمرة/قضاء_جنين.md
PS-PR290,فلسطين,قضاء جنين,,جلمه,,جلمه,,قرية/خربة/تجمّع (1948),,,,,,palestineremembered.com — لقطة القضاء,2025,🟡,ملف: الحارات_والأحياء/القرى_الفلسطينية_المدمرة/قضاء_جنين.md
PS-PR291,فلسطين,قضاء جنين,,جلبون,,جلبون,,قرية/خربة/تجمّع (1948),,,,,,palestineremembered.com — لقطة القضاء,2025,🟡,ملف: الحارات_والأحياء/القرى_الفلسطينية_المدمرة/قضاء_جنين.md
PS-PR292,فلسطين,قضاء جنين,,جلقموس,,جلقموس,,قرية/خربة/تجمّع (1948),,,,,,palestineremembered.com — لقطة القضاء,2025,🟡,ملف: الحارات_والأحياء/القرى_الفلسطينية_المدمرة/قضاء_جنين.md
PS-PR293,فلسطين,قضاء جنين,,جنزور,,جنزور,,قرية/خربة/تجمّع (1948),,,,,,palestineremembered.com — لقطة القضاء,2025,🟡,ملف: الحارات_والأحياء/القرى_الفلسطينية_المدمرة/قضاء_جنين.md
PS-PR294,فلسطين,قضاء جنين,,جربا,,جربا,,قرية/خربة/تجمّع (1948),,,,,,palestineremembered.com — لقطة القضاء,2025,🟡,ملف: الحارات_والأحياء/القرى_الفلسطينية_المدمرة/قضاء_جنين.md
PS-PR295,فلسطين,قضاء جنين,,خربة الجوفة,,خربة الجوفة,,قرية/خربة/تجمّع (1948),,,,,,palestineremembered.com — لقطة القضاء,2025,🟡,ملف: الحارات_والأحياء/القرى_الفلسطينية_المدمرة/قضاء_جنين.md
PS-PR296,فلسطين,قضاء جنين,,جديده,,جديده,,قرية/خربة/تجمّع (1948),,,,,,palestineremembered.com — لقطة القضاء,2025,🟡,ملف: الحارات_والأحياء/القرى_الفلسطينية_المدمرة/قضاء_جنين.md
PS-PR297,فلسطين,قضاء جنين,,كفر دان,,كفر دان,,قرية/خربة/تجمّع (1948),,,,,,palestineremembered.com — لقطة القضاء,2025,🟡,ملف: الحارات_والأحياء/القرى_الفلسطينية_المدمرة/قضاء_جنين.md
PS-PR298,فلسطين,قضاء جنين,,كفر قود,,كفر قود,,قرية/خربة/تجمّع (1948),,,,,,palestineremembered.com — لقطة القضاء,2025,🟡,ملف: الحارات_والأحياء/القرى_الفلسطينية_المدمرة/قضاء_جنين.md
PS-PR299,فلسطين,قضاء جنين,,كفر راعي,,كفر راعي,,قرية/خربة/تجمّع (1948),,,,,,palestineremembered.com — لقطة القضاء,2025,🟡,ملف: الحارات_والأحياء/القرى_الفلسطينية_المدمرة/قضاء_جنين.md
PS-PR300,فلسطين,قضاء جنين,,خربة آبا,,خربة آبا,,قرية/خربة/تجمّع (1948),,,,,,palestineremembered.com — لقطة القضاء,2025,🟡,ملف: الحارات_والأحياء/القرى_الفلسطينية_المدمرة/قضاء_جنين.md
PS-PR301,فلسطين,قضاء جنين,,خربة عبدالله اليونس,,خربة عبدالله اليونس,,قرية/خربة/تجمّع (1948),,,,,,palestineremembered.com — لقطة القضاء,2025,🟡,ملف: الحارات_والأحياء/القرى_الفلسطينية_المدمرة/قضاء_جنين.md
PS-PR302,فلسطين,قضاء جنين,,خربة البياضة,,خربة البياضة,,قرية/خربة/تجمّع (1948),,,,,,palestineremembered.com — لقطة القضاء,2025,🟡,ملف: الحارات_والأحياء/القرى_الفلسطينية_المدمرة/قضاء_جنين.md
PS-PR303,فلسطين,قضاء جنين,,خربة برطعة,,خربة برطعة,,قرية/خربة/تجمّع (1948),,,,,,palestineremembered.com — لقطة القضاء,2025,🟡,ملف: الحارات_والأحياء/القرى_الفلسطينية_المدمرة/قضاء_جنين.md
PS-PR304,فلسطين,قضاء جنين,,خربة برقين,,خربة برقين,,قرية/خربة/تجمّع (1948),,,,,,palestineremembered.com — لقطة القضاء,2025,🟡,ملف: الحارات_والأحياء/القرى_الفلسطينية_المدمرة/قضاء_جنين.md
PS-PR305,فلسطين,قضاء جنين,,خربة ظهر العبد,,خربة ظهر العبد,,قرية/خربة/تجمّع (1948),,,,,,palestineremembered.com — لقطة القضاء,2025,🟡,ملف: الحارات_والأحياء/القرى_الفلسطينية_المدمرة/قضاء_جنين.md
PS-PR306,فلسطين,قضاء جنين,,خربة إبزيق,,خربة إبزيق,,قرية/خربة/تجمّع (1948),,,,,,palestineremembered.com — لقطة القضاء,2025,🟡,ملف: الحارات_والأحياء/القرى_الفلسطينية_المدمرة/قضاء_جنين.md
PS-PR307,فلسطين,قضاء جنين,,خربة الخلجان,,خربة الخلجان,,قرية/خربة/تجمّع (1948),,,,,,palestineremembered.com — لقطة القضاء,2025,🟡,ملف: الحارات_والأحياء/القرى_الفلسطينية_المدمرة/قضاء_جنين.md
PS-PR308,فلسطين,قضاء جنين,,خربة نزلة زيد,,خربة نزلة زيد,,قرية/خربة/تجمّع (1948),,,,,,palestineremembered.com — لقطة القضاء,2025,🟡,ملف: الحارات_والأحياء/القرى_الفلسطينية_المدمرة/قضاء_جنين.md
PS-PR309,فلسطين,قضاء جنين,,خربة صلحب,,خربة صلحب,,قرية/خربة/تجمّع (1948),,,,,,palestineremembered.com — لقطة القضاء,2025,🟡,ملف: الحارات_والأحياء/القرى_الفلسطينية_المدمرة/قضاء_جنين.md
PS-PR310,فلسطين,قضاء جنين,,خربة طرم,,خربة طرم,,قرية/خربة/تجمّع (1948),,,,,,palestineremembered.com — لقطة القضاء,2025,🟡,ملف: الحارات_والأحياء/القرى_الفلسطينية_المدمرة/قضاء_جنين.md
PS-PR311,فلسطين,قضاء جنين,,خربة الطيبه,,خربة الطيبه,,قرية/خربة/تجمّع (1948),,,,,,palestineremembered.com — لقطة القضاء,2025,🟡,ملف: الحارات_والأحياء/القرى_الفلسطينية_المدمرة/قضاء_جنين.md
PS-PR312,فلسطين,قضاء جنين,,خربة طوره الغربيه,,خربة طوره الغربيه,,قرية/خربة/تجمّع (1948),,,,,,palestineremembered.com — لقطة القضاء,2025,🟡,ملف: الحارات_والأحياء/القرى_الفلسطينية_المدمرة/قضاء_جنين.md
PS-PR313,فلسطين,قضاء جنين,,خربة أم دار,,خربة أم دار,,قرية/خربة/تجمّع (1948),,,,,,palestineremembered.com — لقطة القضاء,2025,🟡,ملف: الحارات_والأحياء/القرى_الفلسطينية_المدمرة/قضاء_جنين.md
PS-PR314,فلسطين,قضاء جنين,,خربة أُم الريحان,,خربة أُم الريحان,,قرية/خربة/تجمّع (1948),,,,,,palestineremembered.com — لقطة القضاء,2025,🟡,ملف: الحارات_والأحياء/القرى_الفلسطينية_المدمرة/قضاء_جنين.md
PS-PR315,فلسطين,قضاء جنين,,خربة وادي الضبع,,خربة وادي الضبع,,قرية/خربة/تجمّع (1948),,,,,,palestineremembered.com — لقطة القضاء,2025,🟡,ملف: الحارات_والأحياء/القرى_الفلسطينية_المدمرة/قضاء_جنين.md
PS-PR316,فلسطين,قضاء جنين,,خربة عين السهلة,,خربة عين السهلة,,قرية/خربة/تجمّع (1948),,,,,,palestineremembered.com — لقطة القضاء,2025,🟡,ملف: الحارات_والأحياء/القرى_الفلسطينية_المدمرة/قضاء_جنين.md
PS-PR317,فلسطين,قضاء جنين,,خربة المطله,,خربة المطله,,قرية/خربة/تجمّع (1948),,,,,,palestineremembered.com — لقطة القضاء,2025,🟡,ملف: الحارات_والأحياء/القرى_الفلسطينية_المدمرة/قضاء_جنين.md
PS-PR318,فلسطين,قضاء جنين,,خور صقر,,خور صقر,,قرية/خربة/تجمّع (1948),,,,,,palestineremembered.com — لقطة القضاء,2025,🟡,ملف: الحارات_والأحياء/القرى_الفلسطينية_المدمرة/قضاء_جنين.md
PS-PR319,فلسطين,قضاء جنين,,كفير,,كفير,,قرية/خربة/تجمّع (1948),,,,,,palestineremembered.com — لقطة القضاء,2025,🟡,ملف: الحارات_والأحياء/القرى_الفلسطينية_المدمرة/قضاء_جنين.md
PS-PR320,فلسطين,قضاء جنين,,كفيرت,,كفيرت,,قرية/خربة/تجمّع (1948),,,,,,palestineremembered.com — لقطة القضاء,2025,🟡,ملف: الحارات_والأحياء/القرى_الفلسطينية_المدمرة/قضاء_جنين.md
PS-PR321,فلسطين,قضاء جنين,,اللجون,,اللجون,,قرية/خربة/تجمّع (1948),,,,,,palestineremembered.com — لقطة القضاء,2025,🟡,ملف: الحارات_والأحياء/القرى_الفلسطينية_المدمرة/قضاء_جنين.md
PS-PR322,فلسطين,قضاء جنين,,المنشيه,,المنشيه,,قرية/خربة/تجمّع (1948),,,,,,palestineremembered.com — لقطة القضاء,2025,🟡,ملف: الحارات_والأحياء/القرى_الفلسطينية_المدمرة/قضاء_جنين.md
PS-PR323,فلسطين,قضاء جنين,,المزار,,المزار,,قرية/خربة/تجمّع (1948),,,,,,palestineremembered.com — لقطة القضاء,2025,🟡,ملف: الحارات_والأحياء/القرى_الفلسطينية_المدمرة/قضاء_جنين.md
PS-PR324,فلسطين,قضاء جنين,,ميثلون,,ميثلون,,قرية/خربة/تجمّع (1948),,,,,,palestineremembered.com — لقطة القضاء,2025,🟡,ملف: الحارات_والأحياء/القرى_الفلسطينية_المدمرة/قضاء_جنين.md
PS-PR325,فلسطين,قضاء جنين,,مركة,,مركة,,قرية/خربة/تجمّع (1948),,,,,,palestineremembered.com — لقطة القضاء,2025,🟡,ملف: الحارات_والأحياء/القرى_الفلسطينية_المدمرة/قضاء_جنين.md
PS-PR326,فلسطين,قضاء جنين,,مسلية,,مسلية,,قرية/خربة/تجمّع (1948),,,,,,palestineremembered.com — لقطة القضاء,2025,🟡,ملف: الحارات_والأحياء/القرى_الفلسطينية_المدمرة/قضاء_جنين.md
PS-PR327,فلسطين,قضاء جنين,,معلقه,,معلقه,,قرية/خربة/تجمّع (1948),,,,,,palestineremembered.com — لقطة القضاء,2025,🟡,ملف: الحارات_والأحياء/القرى_الفلسطينية_المدمرة/قضاء_جنين.md
PS-PR328,فلسطين,قضاء جنين,,معاويه,,معاويه,,قرية/خربة/تجمّع (1948),,,,,,palestineremembered.com — لقطة القضاء,2025,🟡,ملف: الحارات_والأحياء/القرى_الفلسطينية_المدمرة/قضاء_جنين.md
PS-PR329,فلسطين,قضاء جنين,,المغير,,المغير,,قرية/خربة/تجمّع (1948),,,,,,palestineremembered.com — لقطة القضاء,2025,🟡,ملف: الحارات_والأحياء/القرى_الفلسطينية_المدمرة/قضاء_جنين.md
PS-PR330,فلسطين,قضاء جنين,,مقيبلة,,مقيبلة,,قرية/خربة/تجمّع (1948),,,,,,palestineremembered.com — لقطة القضاء,2025,🟡,ملف: الحارات_والأحياء/القرى_الفلسطينية_المدمرة/قضاء_جنين.md
PS-PR331,فلسطين,قضاء جنين,,المرتفعه,,المرتفعه,,قرية/خربة/تجمّع (1948),,,,,,palestineremembered.com — لقطة القضاء,2025,🟡,ملف: الحارات_والأحياء/القرى_الفلسطينية_المدمرة/قضاء_جنين.md
PS-PR332,فلسطين,قضاء جنين,,مشيرفه,,مشيرفه,,قرية/خربة/تجمّع (1948),,,,,,palestineremembered.com — لقطة القضاء,2025,🟡,ملف: الحارات_والأحياء/القرى_الفلسطينية_المدمرة/قضاء_جنين.md
PS-PR333,فلسطين,قضاء جنين,,مصمص,,مصمص,,قرية/خربة/تجمّع (1948),,,,,,palestineremembered.com — لقطة القضاء,2025,🟡,ملف: الحارات_والأحياء/القرى_الفلسطينية_المدمرة/قضاء_جنين.md
PS-PR334,فلسطين,قضاء جنين,,نورس,,نورس,,قرية/خربة/تجمّع (1948),,,,,,palestineremembered.com — لقطة القضاء,2025,🟡,ملف: الحارات_والأحياء/القرى_الفلسطينية_المدمرة/قضاء_جنين.md
PS-PR335,فلسطين,قضاء جنين,,قباطية,,قباطية,,قرية/خربة/تجمّع (1948),,,,,,palestineremembered.com — لقطة القضاء,2025,🟡,ملف: الحارات_والأحياء/القرى_الفلسطينية_المدمرة/قضاء_جنين.md
PS-PR336,فلسطين,قضاء جنين,,رابا,,رابا,,قرية/خربة/تجمّع (1948),,,,,,palestineremembered.com — لقطة القضاء,2025,🟡,ملف: الحارات_والأحياء/القرى_الفلسطينية_المدمرة/قضاء_جنين.md
PS-PR337,فلسطين,قضاء جنين,,الراضية,,الراضية,,قرية/خربة/تجمّع (1948),,,,,,palestineremembered.com — لقطة القضاء,2025,🟡,ملف: الحارات_والأحياء/القرى_الفلسطينية_المدمرة/قضاء_جنين.md
PS-PR338,فلسطين,قضاء جنين,,الرامه,,الرامه,,قرية/خربة/تجمّع (1948),,,,,,palestineremembered.com — لقطة القضاء,2025,🟡,ملف: الحارات_والأحياء/القرى_الفلسطينية_المدمرة/قضاء_جنين.md
PS-PR339,فلسطين,قضاء جنين,,رمانه,,رمانه,,قرية/خربة/تجمّع (1948),,,,,,palestineremembered.com — لقطة القضاء,2025,🟡,ملف: الحارات_والأحياء/القرى_الفلسطينية_المدمرة/قضاء_جنين.md
PS-PR340,فلسطين,قضاء جنين,,سالم,,سالم,,قرية/خربة/تجمّع (1948),,,,,,palestineremembered.com — لقطة القضاء,2025,🟡,ملف: الحارات_والأحياء/القرى_الفلسطينية_المدمرة/قضاء_جنين.md
PS-PR341,فلسطين,قضاء جنين,,صندله,,صندله,,قرية/خربة/تجمّع (1948),,,,,,palestineremembered.com — لقطة القضاء,2025,🟡,ملف: الحارات_والأحياء/القرى_الفلسطينية_المدمرة/قضاء_جنين.md
PS-PR342,فلسطين,قضاء جنين,,صانور,,صانور,,قرية/خربة/تجمّع (1948),,,,,,palestineremembered.com — لقطة القضاء,2025,🟡,ملف: الحارات_والأحياء/القرى_الفلسطينية_المدمرة/قضاء_جنين.md
PS-PR343,فلسطين,قضاء جنين,,الشريعة,,الشريعة,,قرية/خربة/تجمّع (1948),,,,,,palestineremembered.com — لقطة القضاء,2025,🟡,ملف: الحارات_والأحياء/القرى_الفلسطينية_المدمرة/قضاء_جنين.md
PS-PR344,فلسطين,قضاء جنين,,الشهداء,,الشهداء,,قرية/خربة/تجمّع (1948),,,,,,palestineremembered.com — لقطة القضاء,2025,🟡,ملف: الحارات_والأحياء/القرى_الفلسطينية_المدمرة/قضاء_جنين.md
PS-PR345,فلسطين,قضاء جنين,,سيلة الظهر,,سيلة الظهر,,قرية/خربة/تجمّع (1948),,,,,,palestineremembered.com — لقطة القضاء,2025,🟡,ملف: الحارات_والأحياء/القرى_الفلسطينية_المدمرة/قضاء_جنين.md
PS-PR346,فلسطين,قضاء جنين,,سيلة الحارثية,,سيلة الحارثية,,قرية/خربة/تجمّع (1948),,,,,,palestineremembered.com — لقطة القضاء,2025,🟡,ملف: الحارات_والأحياء/القرى_الفلسطينية_المدمرة/قضاء_جنين.md
PS-PR347,فلسطين,قضاء جنين,,صير,,صير,,قرية/خربة/تجمّع (1948),,,,,,palestineremembered.com — لقطة القضاء,2025,🟡,ملف: الحارات_والأحياء/القرى_الفلسطينية_المدمرة/قضاء_جنين.md
PS-PR348,فلسطين,قضاء جنين,,سيريس,,سيريس,,قرية/خربة/تجمّع (1948),,,,,,palestineremembered.com — لقطة القضاء,2025,🟡,ملف: الحارات_والأحياء/القرى_الفلسطينية_المدمرة/قضاء_جنين.md
PS-PR349,فلسطين,قضاء جنين,,تعنك,,تعنك,,قرية/خربة/تجمّع (1948),,,,,,palestineremembered.com — لقطة القضاء,2025,🟡,ملف: الحارات_والأحياء/القرى_الفلسطينية_المدمرة/قضاء_جنين.md
PS-PR350,فلسطين,قضاء جنين,,تلفيت,,تلفيت,,قرية/خربة/تجمّع (1948),,,,,,palestineremembered.com — لقطة القضاء,2025,🟡,ملف: الحارات_والأحياء/القرى_الفلسطينية_المدمرة/قضاء_جنين.md
PS-PR351,فلسطين,قضاء جنين,,أم الفحم,,أم الفحم,,قرية/خربة/تجمّع (1948),,,,,,palestineremembered.com — لقطة القضاء,2025,🟡,ملف: الحارات_والأحياء/القرى_الفلسطينية_المدمرة/قضاء_جنين.md
PS-PR352,فلسطين,قضاء جنين,,ام التوت,,ام التوت,,قرية/خربة/تجمّع (1948),,,,,,palestineremembered.com — لقطة القضاء,2025,🟡,ملف: الحارات_والأحياء/القرى_الفلسطينية_المدمرة/قضاء_جنين.md
PS-PR353,فلسطين,قضاء جنين,,يعبد,,يعبد,,قرية/خربة/تجمّع (1948),,,,,,palestineremembered.com — لقطة القضاء,2025,🟡,ملف: الحارات_والأحياء/القرى_الفلسطينية_المدمرة/قضاء_جنين.md
PS-PR354,فلسطين,قضاء جنين,,اليامون,,اليامون,,قرية/خربة/تجمّع (1948),,,,,,palestineremembered.com — لقطة القضاء,2025,🟡,ملف: الحارات_والأحياء/القرى_الفلسطينية_المدمرة/قضاء_جنين.md
PS-PR355,فلسطين,قضاء جنين,,الزبابده,,الزبابده,,قرية/خربة/تجمّع (1948),,,,,,palestineremembered.com — لقطة القضاء,2025,🟡,ملف: الحارات_والأحياء/القرى_الفلسطينية_المدمرة/قضاء_جنين.md
PS-PR356,فلسطين,قضاء جنين,,زلفه,,زلفه,,قرية/خربة/تجمّع (1948),,,,,,palestineremembered.com — لقطة القضاء,2025,🟡,ملف: الحارات_والأحياء/القرى_الفلسطينية_المدمرة/قضاء_جنين.md
PS-PR357,فلسطين,قضاء جنين,,زاويه,,زاويه,,قرية/خربة/تجمّع (1948),,,,,,palestineremembered.com — لقطة القضاء,2025,🟡,ملف: الحارات_والأحياء/القرى_الفلسطينية_المدمرة/قضاء_جنين.md
PS-PR358,فلسطين,قضاء جنين,,زبده,,زبده,,قرية/خربة/تجمّع (1948),,,,,,palestineremembered.com — لقطة القضاء,2025,🟡,ملف: الحارات_والأحياء/القرى_الفلسطينية_المدمرة/قضاء_جنين.md
PS-PR359,فلسطين,قضاء جنين,,زرعين,,زرعين,,قرية/خربة/تجمّع (1948),,,,,,palestineremembered.com — لقطة القضاء,2025,🟡,ملف: الحارات_والأحياء/القرى_الفلسطينية_المدمرة/قضاء_جنين.md
PS-PR360,فلسطين,قضاء جنين,,زبوبا,,زبوبا,,قرية/خربة/تجمّع (1948),,,,,,palestineremembered.com — لقطة القضاء,2025,🟡,ملف: الحارات_والأحياء/القرى_الفلسطينية_المدمرة/قضاء_جنين.md
PS-PS001,فلسطين,قضاء طبريا,,طبريا,,طبريا,,قرية/خربة/تجمّع (1948),,,,,,palestineremembered.com,2025,🟡,ملف: الحارات_والأحياء/القرى_الفلسطينية_المدمرة/قضاء_طبريا.md
PS-PS002,فلسطين,قضاء طبريا,,عولم,,عولم,,قرية/خربة/تجمّع (1948),,,,,,palestineremembered.com,2025,🟡,ملف: الحارات_والأحياء/القرى_الفلسطينية_المدمرة/قضاء_طبريا.md
PS-PS003,فلسطين,قضاء طبريا,,الدلهمية,,الدلهمية,,قرية/خربة/تجمّع (1948),,,,,,palestineremembered.com,2025,🟡,ملف: الحارات_والأحياء/القرى_الفلسطينية_المدمرة/قضاء_طبريا.md
PS-PS004,فلسطين,قضاء طبريا,,عيلبون,,عيلبون,,قرية/خربة/تجمّع (1948),,,,,,palestineremembered.com,2025,🟡,ملف: الحارات_والأحياء/القرى_الفلسطينية_المدمرة/قضاء_طبريا.md
PS-PS005,فلسطين,قضاء طبريا,,غوير أبو شوشة,,غوير أبو شوشة,,قرية/خربة/تجمّع (1948),,,,,,palestineremembered.com,2025,🟡,ملف: الحارات_والأحياء/القرى_الفلسطينية_المدمرة/قضاء_طبريا.md
PS-PS006,فلسطين,قضاء طبريا,,حدثا,,حدثا,,قرية/خربة/تجمّع (1948),,,,,,palestineremembered.com,2025,🟡,ملف: الحارات_والأحياء/القرى_الفلسطينية_المدمرة/قضاء_طبريا.md
PS-PS007,فلسطين,قضاء طبريا,,الحمة,,الحمة,,قرية/خربة/تجمّع (1948),,,,,,palestineremembered.com,2025,🟡,ملف: الحارات_والأحياء/القرى_الفلسطينية_المدمرة/قضاء_طبريا.md
PS-PS008,فلسطين,قضاء طبريا,,حطين,,حطين,,قرية/خربة/تجمّع (1948),,,,,,palestineremembered.com,2025,🟡,ملف: الحارات_والأحياء/القرى_الفلسطينية_المدمرة/قضاء_طبريا.md
PS-PS009,فلسطين,قضاء طبريا,,كفر كمه,,كفر كمه,,قرية/خربة/تجمّع (1948),,,,,,palestineremembered.com,2025,🟡,ملف: الحارات_والأحياء/القرى_الفلسطينية_المدمرة/قضاء_طبريا.md
PS-PS010,فلسطين,قضاء طبريا,,كفر سبت,,كفر سبت,,قرية/خربة/تجمّع (1948),,,,,,palestineremembered.com,2025,🟡,ملف: الحارات_والأحياء/القرى_الفلسطينية_المدمرة/قضاء_طبريا.md
PS-PS011,فلسطين,قضاء طبريا,,خربة المنيه,,خربة المنيه,,قرية/خربة/تجمّع (1948),,,,,,palestineremembered.com,2025,🟡,ملف: الحارات_والأحياء/القرى_الفلسطينية_المدمرة/قضاء_طبريا.md
PS-PS012,فلسطين,قضاء طبريا,,لوبيا,,لوبيا,,قرية/خربة/تجمّع (1948),,,,,,palestineremembered.com,2025,🟡,ملف: الحارات_والأحياء/القرى_الفلسطينية_المدمرة/قضاء_طبريا.md
PS-PS013,فلسطين,قضاء طبريا,,معذر,,معذر,,قرية/خربة/تجمّع (1948),,,,,,palestineremembered.com,2025,🟡,ملف: الحارات_والأحياء/القرى_الفلسطينية_المدمرة/قضاء_طبريا.md
PS-PS014,فلسطين,قضاء طبريا,,مغار,,مغار,,قرية/خربة/تجمّع (1948),,,,,,palestineremembered.com,2025,🟡,ملف: الحارات_والأحياء/القرى_الفلسطينية_المدمرة/قضاء_طبريا.md
PS-PS015,فلسطين,قضاء طبريا,,المجدل,,المجدل,,قرية/خربة/تجمّع (1948),,,,,,palestineremembered.com,2025,🟡,ملف: الحارات_والأحياء/القرى_الفلسطينية_المدمرة/قضاء_طبريا.md
PS-PS016,فلسطين,قضاء طبريا,,المنارة,,المنارة,,قرية/خربة/تجمّع (1948),,,,,,palestineremembered.com,2025,🟡,ملف: الحارات_والأحياء/القرى_الفلسطينية_المدمرة/قضاء_طبريا.md
PS-PS017,فلسطين,قضاء طبريا,,منشية سمخ,,منشية سمخ,,قرية/خربة/تجمّع (1948),,,,,,palestineremembered.com,2025,🟡,ملف: الحارات_والأحياء/القرى_الفلسطينية_المدمرة/قضاء_طبريا.md
PS-PS018,فلسطين,قضاء طبريا,,المنصورة,,المنصورة,,قرية/خربة/تجمّع (1948),,,,,,palestineremembered.com,2025,🟡,ملف: الحارات_والأحياء/القرى_الفلسطينية_المدمرة/قضاء_طبريا.md
PS-PS019,فلسطين,قضاء طبريا,,نصر الدين,,نصر الدين,,قرية/خربة/تجمّع (1948),,,,,,palestineremembered.com,2025,🟡,ملف: الحارات_والأحياء/القرى_الفلسطينية_المدمرة/قضاء_طبريا.md
PS-PS020,فلسطين,قضاء طبريا,,نمرين,,نمرين,,قرية/خربة/تجمّع (1948),,,,,,palestineremembered.com,2025,🟡,ملف: الحارات_والأحياء/القرى_الفلسطينية_المدمرة/قضاء_طبريا.md
PS-PS021,فلسطين,قضاء طبريا,,النقيب,,النقيب,,قرية/خربة/تجمّع (1948),,,,,,palestineremembered.com,2025,🟡,ملف: الحارات_والأحياء/القرى_الفلسطينية_المدمرة/قضاء_طبريا.md
PS-PS022,فلسطين,قضاء طبريا,,سمخ,,سمخ,,قرية/خربة/تجمّع (1948),,,,,,palestineremembered.com,2025,🟡,ملف: الحارات_والأحياء/القرى_الفلسطينية_المدمرة/قضاء_طبريا.md
PS-PS023,فلسطين,قضاء طبريا,,السمكية,,السمكية,,قرية/خربة/تجمّع (1948),,,,,,palestineremembered.com,2025,🟡,ملف: الحارات_والأحياء/القرى_الفلسطينية_المدمرة/قضاء_طبريا.md
PS-PS024,فلسطين,قضاء طبريا,,السمرا,,السمرا,,قرية/خربة/تجمّع (1948),,,,,,palestineremembered.com,2025,🟡,ملف: الحارات_والأحياء/القرى_الفلسطينية_المدمرة/قضاء_طبريا.md
PS-PS025,فلسطين,قضاء طبريا,,الشجرة,,الشجرة,,قرية/خربة/تجمّع (1948),,,,,,palestineremembered.com,2025,🟡,ملف: الحارات_والأحياء/القرى_الفلسطينية_المدمرة/قضاء_طبريا.md
PS-PS026,فلسطين,قضاء طبريا,,الطابغة,,الطابغة,,قرية/خربة/تجمّع (1948),,,,,,palestineremembered.com,2025,🟡,ملف: الحارات_والأحياء/القرى_الفلسطينية_المدمرة/قضاء_طبريا.md
PS-PS027,فلسطين,قضاء طبريا,,تل الهنود,,تل الهنود,,قرية/خربة/تجمّع (1948),,,,,,palestineremembered.com,2025,🟡,ملف: الحارات_والأحياء/القرى_الفلسطينية_المدمرة/قضاء_طبريا.md
PS-PS028,فلسطين,قضاء طبريا,,العبيدية,,العبيدية,,قرية/خربة/تجمّع (1948),,,,,,palestineremembered.com,2025,🟡,ملف: الحارات_والأحياء/القرى_الفلسطينية_المدمرة/قضاء_طبريا.md
PS-PS029,فلسطين,قضاء طبريا,,وادي الحمام,,وادي الحمام,,قرية/خربة/تجمّع (1948),,,,,,palestineremembered.com,2025,🟡,ملف: الحارات_والأحياء/القرى_الفلسطينية_المدمرة/قضاء_طبريا.md
PS-PS030,فلسطين,قضاء طبريا,,خربة الوعرة السوداء,,خربة الوعرة السوداء,,قرية/خربة/تجمّع (1948),,,,,,palestineremembered.com,2025,🟡,ملف: الحارات_والأحياء/القرى_الفلسطينية_المدمرة/قضاء_طبريا.md
PS-PS031,فلسطين,قضاء طبريا,,ياقوق,,ياقوق,,قرية/خربة/تجمّع (1948),,,,,,palestineremembered.com,2025,🟡,ملف: الحارات_والأحياء/القرى_الفلسطينية_المدمرة/قضاء_طبريا.md
PS-PS032,فلسطين,قضاء الرملة,,الرمله,,الرمله,,قرية/خربة/تجمّع (1948),,,,,,palestineremembered.com,2025,🟡,ملف: الحارات_والأحياء/القرى_الفلسطينية_المدمرة/قضاء_الرملة.md
PS-PS033,فلسطين,قضاء الرملة,,أبو الفضل (السطرية),,أبو الفضل (السطرية),,قرية/خربة/تجمّع (1948),,,,,,palestineremembered.com,2025,🟡,ملف: الحارات_والأحياء/القرى_الفلسطينية_المدمرة/قضاء_الرملة.md
PS-PS034,فلسطين,قضاء الرملة,,ابو شوشة,,ابو شوشة,,قرية/خربة/تجمّع (1948),,,,,,palestineremembered.com,2025,🟡,ملف: الحارات_والأحياء/القرى_الفلسطينية_المدمرة/قضاء_الرملة.md
PS-PS035,فلسطين,قضاء الرملة,,عجنجول,,عجنجول,,قرية/خربة/تجمّع (1948),,,,,,palestineremembered.com,2025,🟡,ملف: الحارات_والأحياء/القرى_الفلسطينية_المدمرة/قضاء_الرملة.md
PS-PS036,فلسطين,قضاء الرملة,,عاقر,,عاقر,,قرية/خربة/تجمّع (1948),,,,,,palestineremembered.com,2025,🟡,ملف: الحارات_والأحياء/القرى_الفلسطينية_المدمرة/قضاء_الرملة.md
PS-PS037,فلسطين,قضاء الرملة,,برفيلية,,برفيلية,,قرية/خربة/تجمّع (1948),,,,,,palestineremembered.com,2025,🟡,ملف: الحارات_والأحياء/القرى_الفلسطينية_المدمرة/قضاء_الرملة.md
PS-PS038,فلسطين,قضاء الرملة,,البرية,,البرية,,قرية/خربة/تجمّع (1948),,,,,,palestineremembered.com,2025,🟡,ملف: الحارات_والأحياء/القرى_الفلسطينية_المدمرة/قضاء_الرملة.md
PS-PS039,فلسطين,قضاء الرملة,,بشيت,,بشيت,,قرية/خربة/تجمّع (1948),,,,,,palestineremembered.com,2025,🟡,ملف: الحارات_والأحياء/القرى_الفلسطينية_المدمرة/قضاء_الرملة.md
PS-PS040,فلسطين,قضاء الرملة,,خربة بيت فار,,خربة بيت فار,,قرية/خربة/تجمّع (1948),,,,,,palestineremembered.com,2025,🟡,ملف: الحارات_والأحياء/القرى_الفلسطينية_المدمرة/قضاء_الرملة.md
PS-PS041,فلسطين,قضاء الرملة,,بيت جيز,,بيت جيز,,قرية/خربة/تجمّع (1948),,,,,,palestineremembered.com,2025,🟡,ملف: الحارات_والأحياء/القرى_الفلسطينية_المدمرة/قضاء_الرملة.md
PS-PS042,فلسطين,قضاء الرملة,,بيت نبالا,,بيت نبالا,,قرية/خربة/تجمّع (1948),,,,,,palestineremembered.com,2025,🟡,ملف: الحارات_والأحياء/القرى_الفلسطينية_المدمرة/قضاء_الرملة.md
PS-PS043,فلسطين,قضاء الرملة,,بيت نوبا,,بيت نوبا,,قرية/خربة/تجمّع (1948),,,,,,palestineremembered.com,2025,🟡,ملف: الحارات_والأحياء/القرى_الفلسطينية_المدمرة/قضاء_الرملة.md
PS-PS044,فلسطين,قضاء الرملة,,بيت شنة,,بيت شنة,,قرية/خربة/تجمّع (1948),,,,,,palestineremembered.com,2025,🟡,ملف: الحارات_والأحياء/القرى_الفلسطينية_المدمرة/قضاء_الرملة.md
PS-PS045,فلسطين,قضاء الرملة,,بيت سوسين,,بيت سوسين,,قرية/خربة/تجمّع (1948),,,,,,palestineremembered.com,2025,🟡,ملف: الحارات_والأحياء/القرى_الفلسطينية_المدمرة/قضاء_الرملة.md
PS-PS046,فلسطين,قضاء الرملة,,بئر ماعين,,بئر ماعين,,قرية/خربة/تجمّع (1948),,,,,,palestineremembered.com,2025,🟡,ملف: الحارات_والأحياء/القرى_الفلسطينية_المدمرة/قضاء_الرملة.md
PS-PS047,فلسطين,قضاء الرملة,,بئر سالم,,بئر سالم,,قرية/خربة/تجمّع (1948),,,,,,palestineremembered.com,2025,🟡,ملف: الحارات_والأحياء/القرى_الفلسطينية_المدمرة/قضاء_الرملة.md
PS-PS048,فلسطين,قضاء الرملة,,البرج,,البرج,,قرية/خربة/تجمّع (1948),,,,,,palestineremembered.com,2025,🟡,ملف: الحارات_والأحياء/القرى_الفلسطينية_المدمرة/قضاء_الرملة.md
PS-PS049,فلسطين,قضاء الرملة,,خربة البويرة,,خربة البويرة,,قرية/خربة/تجمّع (1948),,,,,,palestineremembered.com,2025,🟡,ملف: الحارات_والأحياء/القرى_الفلسطينية_المدمرة/قضاء_الرملة.md
PS-PS050,فلسطين,قضاء الرملة,,دنيال,,دنيال,,قرية/خربة/تجمّع (1948),,,,,,palestineremembered.com,2025,🟡,ملف: الحارات_والأحياء/القرى_الفلسطينية_المدمرة/قضاء_الرملة.md
PS-PS051,فلسطين,قضاء الرملة,,دير أبو سلمه,,دير أبو سلمه,,قرية/خربة/تجمّع (1948),,,,,,palestineremembered.com,2025,🟡,ملف: الحارات_والأحياء/القرى_الفلسطينية_المدمرة/قضاء_الرملة.md
PS-PS052,فلسطين,قضاء الرملة,,دير أيوب,,دير أيوب,,قرية/خربة/تجمّع (1948),,,,,,palestineremembered.com,2025,🟡,ملف: الحارات_والأحياء/القرى_الفلسطينية_المدمرة/قضاء_الرملة.md
PS-PS053,فلسطين,قضاء الرملة,,دير محيسن,,دير محيسن,,قرية/خربة/تجمّع (1948),,,,,,palestineremembered.com,2025,🟡,ملف: الحارات_والأحياء/القرى_الفلسطينية_المدمرة/قضاء_الرملة.md
PS-PS054,فلسطين,قضاء الرملة,,دير طريف,,دير طريف,,قرية/خربة/تجمّع (1948),,,,,,palestineremembered.com,2025,🟡,ملف: الحارات_والأحياء/القرى_الفلسطينية_المدمرة/قضاء_الرملة.md
PS-PS055,فلسطين,قضاء الرملة,,خربة الضهيرية,,خربة الضهيرية,,قرية/خربة/تجمّع (1948),,,,,,palestineremembered.com,2025,🟡,ملف: الحارات_والأحياء/القرى_الفلسطينية_المدمرة/قضاء_الرملة.md
PS-PS056,فلسطين,قضاء الرملة,,الحديثة,,الحديثة,,قرية/خربة/تجمّع (1948),,,,,,palestineremembered.com,2025,🟡,ملف: الحارات_والأحياء/القرى_الفلسطينية_المدمرة/قضاء_الرملة.md
PS-PS057,فلسطين,قضاء الرملة,,إدنبة,,إدنبة,,قرية/خربة/تجمّع (1948),,,,,,palestineremembered.com,2025,🟡,ملف: الحارات_والأحياء/القرى_الفلسطينية_المدمرة/قضاء_الرملة.md
PS-PS058,فلسطين,قضاء الرملة,,عمواس,,عمواس,,قرية/خربة/تجمّع (1948),,,,,,palestineremembered.com,2025,🟡,ملف: الحارات_والأحياء/القرى_الفلسطينية_المدمرة/قضاء_الرملة.md
PS-PS059,فلسطين,قضاء الرملة,,عنابة,,عنابة,,قرية/خربة/تجمّع (1948),,,,,,palestineremembered.com,2025,🟡,ملف: الحارات_والأحياء/القرى_الفلسطينية_المدمرة/قضاء_الرملة.md
PS-PS060,فلسطين,قضاء الرملة,,جِليا,,جِليا,,قرية/خربة/تجمّع (1948),,,,,,palestineremembered.com,2025,🟡,ملف: الحارات_والأحياء/القرى_الفلسطينية_المدمرة/قضاء_الرملة.md
PS-PS061,فلسطين,قضاء الرملة,,جمزو,,جمزو,,قرية/خربة/تجمّع (1948),,,,,,palestineremembered.com,2025,🟡,ملف: الحارات_والأحياء/القرى_الفلسطينية_المدمرة/قضاء_الرملة.md
PS-PS062,فلسطين,قضاء الرملة,,جنداس,,جنداس,,قرية/خربة/تجمّع (1948),,,,,,palestineremembered.com,2025,🟡,ملف: الحارات_والأحياء/القرى_الفلسطينية_المدمرة/قضاء_الرملة.md
PS-PS063,فلسطين,قضاء الرملة,,خربة القبيبه,,خربة القبيبه,,قرية/خربة/تجمّع (1948),,,,,,palestineremembered.com,2025,🟡,ملف: الحارات_والأحياء/القرى_الفلسطينية_المدمرة/قضاء_الرملة.md
PS-PS064,فلسطين,قضاء الرملة,,الخلايل,,الخلايل,,قرية/خربة/تجمّع (1948),,,,,,palestineremembered.com,2025,🟡,ملف: الحارات_والأحياء/القرى_الفلسطينية_المدمرة/قضاء_الرملة.md
PS-PS065,فلسطين,قضاء الرملة,,خروبة,,خروبة,,قرية/خربة/تجمّع (1948),,,,,,palestineremembered.com,2025,🟡,ملف: الحارات_والأحياء/القرى_الفلسطينية_المدمرة/قضاء_الرملة.md
PS-PS066,فلسطين,قضاء الرملة,,الخيمة,,الخيمة,,قرية/خربة/تجمّع (1948),,,,,,palestineremembered.com,2025,🟡,ملف: الحارات_والأحياء/القرى_الفلسطينية_المدمرة/قضاء_الرملة.md
PS-PS067,فلسطين,قضاء الرملة,,خلدة,,خلدة,,قرية/خربة/تجمّع (1948),,,,,,palestineremembered.com,2025,🟡,ملف: الحارات_والأحياء/القرى_الفلسطينية_المدمرة/قضاء_الرملة.md
PS-PS068,فلسطين,قضاء الرملة,,الكنيسة,,الكنيسة,,قرية/خربة/تجمّع (1948),,,,,,palestineremembered.com,2025,🟡,ملف: الحارات_والأحياء/القرى_الفلسطينية_المدمرة/قضاء_الرملة.md
PS-PS069,فلسطين,قضاء الرملة,,اللطرون,,اللطرون,,قرية/خربة/تجمّع (1948),,,,,,palestineremembered.com,2025,🟡,ملف: الحارات_والأحياء/القرى_الفلسطينية_المدمرة/قضاء_الرملة.md
PS-PS070,فلسطين,قضاء الرملة,,اللد,,اللد,,قرية/خربة/تجمّع (1948),,,,,,palestineremembered.com,2025,🟡,ملف: الحارات_والأحياء/القرى_الفلسطينية_المدمرة/قضاء_الرملة.md
PS-PS071,فلسطين,قضاء الرملة,,المغار,,المغار,,قرية/خربة/تجمّع (1948),,,,,,palestineremembered.com,2025,🟡,ملف: الحارات_والأحياء/القرى_الفلسطينية_المدمرة/قضاء_الرملة.md
PS-PS072,فلسطين,قضاء الرملة,,مجدل يابا (الصادق),,مجدل يابا (الصادق),,قرية/خربة/تجمّع (1948),,,,,,palestineremembered.com,2025,🟡,ملف: الحارات_والأحياء/القرى_الفلسطينية_المدمرة/قضاء_الرملة.md
PS-PS073,فلسطين,قضاء الرملة,,المنصورة,,المنصورة,,قرية/خربة/تجمّع (1948),,,,,,palestineremembered.com,2025,🟡,ملف: الحارات_والأحياء/القرى_الفلسطينية_المدمرة/قضاء_الرملة.md
PS-PS074,فلسطين,قضاء الرملة,,المخيزن,,المخيزن,,قرية/خربة/تجمّع (1948),,,,,,palestineremembered.com,2025,🟡,ملف: الحارات_والأحياء/القرى_الفلسطينية_المدمرة/قضاء_الرملة.md
PS-PS075,فلسطين,قضاء الرملة,,المزيرعة,,المزيرعة,,قرية/خربة/تجمّع (1948),,,,,,palestineremembered.com,2025,🟡,ملف: الحارات_والأحياء/القرى_الفلسطينية_المدمرة/قضاء_الرملة.md
PS-PS076,فلسطين,قضاء الرملة,,النعاني,,النعاني,,قرية/خربة/تجمّع (1948),,,,,,palestineremembered.com,2025,🟡,ملف: الحارات_والأحياء/القرى_الفلسطينية_المدمرة/قضاء_الرملة.md
PS-PS077,فلسطين,قضاء الرملة,,النبي روبين,,النبي روبين,,قرية/خربة/تجمّع (1948),,,,,,palestineremembered.com,2025,🟡,ملف: الحارات_والأحياء/القرى_الفلسطينية_المدمرة/قضاء_الرملة.md
PS-PS078,فلسطين,قضاء الرملة,,النبي ذاري,,النبي ذاري,,قرية/خربة/تجمّع (1948),,,,,,palestineremembered.com,2025,🟡,ملف: الحارات_والأحياء/القرى_الفلسطينية_المدمرة/قضاء_الرملة.md
PS-PS079,فلسطين,قضاء الرملة,,قطرة,,قطرة,,قرية/خربة/تجمّع (1948),,,,,,palestineremembered.com,2025,🟡,ملف: الحارات_والأحياء/القرى_الفلسطينية_المدمرة/قضاء_الرملة.md
PS-PS080,فلسطين,قضاء الرملة,,قزازة,,قزازة,,قرية/خربة/تجمّع (1948),,,,,,palestineremembered.com,2025,🟡,ملف: الحارات_والأحياء/القرى_الفلسطينية_المدمرة/قضاء_الرملة.md
PS-PS081,فلسطين,قضاء الرملة,,القباب,,القباب,,قرية/خربة/تجمّع (1948),,,,,,palestineremembered.com,2025,🟡,ملف: الحارات_والأحياء/القرى_الفلسطينية_المدمرة/قضاء_الرملة.md
PS-PS082,فلسطين,قضاء الرملة,,القبيبة,,القبيبة,,قرية/خربة/تجمّع (1948),,,,,,palestineremembered.com,2025,🟡,ملف: الحارات_والأحياء/القرى_الفلسطينية_المدمرة/قضاء_الرملة.md
PS-PS083,فلسطين,قضاء الرملة,,قولة,,قولة,,قرية/خربة/تجمّع (1948),,,,,,palestineremembered.com,2025,🟡,ملف: الحارات_والأحياء/القرى_الفلسطينية_المدمرة/قضاء_الرملة.md
PS-PS084,فلسطين,قضاء الرملة,,رأس علي,,رأس علي,,قرية/خربة/تجمّع (1948),,,,,,palestineremembered.com,2025,🟡,ملف: الحارات_والأحياء/القرى_الفلسطينية_المدمرة/قضاء_الرملة.md
PS-PS085,فلسطين,قضاء الرملة,,رأس العين,,رأس العين,,قرية/خربة/تجمّع (1948),,,,,,palestineremembered.com,2025,🟡,ملف: الحارات_والأحياء/القرى_الفلسطينية_المدمرة/قضاء_الرملة.md
PS-PS086,فلسطين,قضاء الرملة,,سجد,,سجد,,قرية/خربة/تجمّع (1948),,,,,,palestineremembered.com,2025,🟡,ملف: الحارات_والأحياء/القرى_الفلسطينية_المدمرة/قضاء_الرملة.md
PS-PS087,فلسطين,قضاء الرملة,,سلبيت,,سلبيت,,قرية/خربة/تجمّع (1948),,,,,,palestineremembered.com,2025,🟡,ملف: الحارات_والأحياء/القرى_الفلسطينية_المدمرة/قضاء_الرملة.md
PS-PS088,فلسطين,قضاء الرملة,,صرفند العمار,,صرفند العمار,,قرية/خربة/تجمّع (1948),,,,,,palestineremembered.com,2025,🟡,ملف: الحارات_والأحياء/القرى_الفلسطينية_المدمرة/قضاء_الرملة.md
PS-PS089,فلسطين,قضاء الرملة,,صرفند الخراب,,صرفند الخراب,,قرية/خربة/تجمّع (1948),,,,,,palestineremembered.com,2025,🟡,ملف: الحارات_والأحياء/القرى_الفلسطينية_المدمرة/قضاء_الرملة.md
PS-PS090,فلسطين,قضاء الرملة,,صيدون,,صيدون,,قرية/خربة/تجمّع (1948),,,,,,palestineremembered.com,2025,🟡,ملف: الحارات_والأحياء/القرى_الفلسطينية_المدمرة/قضاء_الرملة.md
PS-PS091,فلسطين,قضاء الرملة,,شحمة,,شحمة,,قرية/خربة/تجمّع (1948),,,,,,palestineremembered.com,2025,🟡,ملف: الحارات_والأحياء/القرى_الفلسطينية_المدمرة/قضاء_الرملة.md
PS-PS092,فلسطين,قضاء الرملة,,شلتة,,شلتة,,قرية/خربة/تجمّع (1948),,,,,,palestineremembered.com,2025,🟡,ملف: الحارات_والأحياء/القرى_الفلسطينية_المدمرة/قضاء_الرملة.md
PS-PS093,فلسطين,قضاء الرملة,,تل البطيخ,,تل البطيخ,,قرية/خربة/تجمّع (1948),,,,,,palestineremembered.com,2025,🟡,ملف: الحارات_والأحياء/القرى_الفلسطينية_المدمرة/قضاء_الرملة.md
PS-PS094,فلسطين,قضاء الرملة,,التينة,,التينة,,قرية/خربة/تجمّع (1948),,,,,,palestineremembered.com,2025,🟡,ملف: الحارات_والأحياء/القرى_الفلسطينية_المدمرة/قضاء_الرملة.md
PS-PS095,فلسطين,قضاء الرملة,,طيرة دندن,,طيرة دندن,,قرية/خربة/تجمّع (1948),,,,,,palestineremembered.com,2025,🟡,ملف: الحارات_والأحياء/القرى_الفلسطينية_المدمرة/قضاء_الرملة.md
PS-PS096,فلسطين,قضاء الرملة,,ام كلخة,,ام كلخة,,قرية/خربة/تجمّع (1948),,,,,,palestineremembered.com,2025,🟡,ملف: الحارات_والأحياء/القرى_الفلسطينية_المدمرة/قضاء_الرملة.md
PS-PS097,فلسطين,قضاء الرملة,,وادي حنين,,وادي حنين,,قرية/خربة/تجمّع (1948),,,,,,palestineremembered.com,2025,🟡,ملف: الحارات_والأحياء/القرى_الفلسطينية_المدمرة/قضاء_الرملة.md
PS-PS098,فلسطين,قضاء الرملة,,يالو,,يالو,,قرية/خربة/تجمّع (1948),,,,,,palestineremembered.com,2025,🟡,ملف: الحارات_والأحياء/القرى_الفلسطينية_المدمرة/قضاء_الرملة.md
PS-PS099,فلسطين,قضاء الرملة,,يبنا,,يبنا,,قرية/خربة/تجمّع (1948),,,,,,palestineremembered.com,2025,🟡,ملف: الحارات_والأحياء/القرى_الفلسطينية_المدمرة/قضاء_الرملة.md
PS-PS100,فلسطين,قضاء الرملة,,خربة زكرية,,خربة زكرية,,قرية/خربة/تجمّع (1948),,,,,,palestineremembered.com,2025,🟡,ملف: الحارات_والأحياء/القرى_الفلسطينية_المدمرة/قضاء_الرملة.md
PS-PS101,فلسطين,قضاء الرملة,,زرنوقة,,زرنوقة,,قرية/خربة/تجمّع (1948),,,,,,palestineremembered.com,2025,🟡,ملف: الحارات_والأحياء/القرى_الفلسطينية_المدمرة/قضاء_الرملة.md
