layer,research_code,parent_research_code,name_ar,name_fr,latitude,longitude,source_locator,existing_entity_id
governorate,11,,تونس,Tunis,36.832653,10.241235,ADM2 row / research governorate code 11,ENT-TN-GOVERNORATE-DB8D5C457676
governorate,12,,اريانة,Ariana,36.899487,10.138065,ADM2 row / research governorate code 12,ENT-TN-GOVERNORATE-78D6D85AF6A0
governorate,13,,بن عروس,Ben Arous,36.69982,10.254932,ADM2 row / research governorate code 13,ENT-TN-GOVERNORATE-D5ED89886664
governorate,14,,منوبة,Mannouba,36.784791,9.95672,ADM2 row / research governorate code 14,ENT-TN-GOVERNORATE-CC06DF550344
governorate,15,,نابل,Nabeul,36.680575,10.740648,ADM2 row / research governorate code 15,ENT-TN-GOVERNORATE-EA30E853F598
governorate,16,,زغوان,Zaghouan,36.33634,10.032114,ADM2 row / research governorate code 16,ENT-TN-GOVERNORATE-81845FB6BE40
governorate,17,,بنزرت,Bizerte,37.13699,9.805756,ADM2 row / research governorate code 17,ENT-TN-GOVERNORATE-B1787F907937
governorate,21,,باجة,Beja,36.682836,9.277187,ADM2 row / research governorate code 21,ENT-TN-GOVERNORATE-EA2D44B4F25E
governorate,22,,جندوبة,Jendouba,36.648316,8.698013,ADM2 row / research governorate code 22,ENT-TN-GOVERNORATE-7A4D0C3A889C
governorate,23,,الكاف,Kef,36.034355,8.709834,ADM2 row / research governorate code 23,ENT-TN-GOVERNORATE-0D738EAC753C
governorate,24,,سليانة,Siliana,36.040285,9.329112,ADM2 row / research governorate code 24,ENT-TN-GOVERNORATE-A460B4F223EB
governorate,31,,سوسة,Sousse,35.894163,10.480603,ADM2 row / research governorate code 31,ENT-TN-GOVERNORATE-07DB5E6D265C
governorate,32,,المنستير,Monastir,35.619914,10.801408,ADM2 row / research governorate code 32,ENT-TN-GOVERNORATE-5BC9A7217C8C
governorate,33,,المهدية,Mahdia,35.351605,10.751349,ADM2 row / research governorate code 33,ENT-TN-GOVERNORATE-E7D96FEF5043
governorate,34,,صفاقس,Sfax,34.807444,10.609379,ADM2 row / research governorate code 34,ENT-TN-GOVERNORATE-97D2B1489F90
governorate,41,,القيروان,Kairouan,35.552088,9.863077,ADM2 row / research governorate code 41,ENT-TN-GOVERNORATE-D28A09D558AD
governorate,42,,القصرين,Kasserine,35.256676,8.815693,ADM2 row / research governorate code 42,ENT-TN-GOVERNORATE-36E4260B310C
governorate,43,,سيدي بوزيد,Sidi Bouzid,34.932564,9.493733,ADM2 row / research governorate code 43,ENT-TN-GOVERNORATE-47F772AA4A84
governorate,51,,قابس,Gabes,33.797906,9.978276,ADM2 row / research governorate code 51,ENT-TN-GOVERNORATE-DF747014232C
governorate,52,,مدنين,Medenine,33.4927,10.763731,ADM2 row / research governorate code 52,ENT-TN-GOVERNORATE-902616FE3988
governorate,53,,تطاوين,Tataouine,32.595468,10.394314,ADM2 row / research governorate code 53,ENT-TN-GOVERNORATE-DAC2A2592975
governorate,61,,قفصة,Gafsa,34.431567,8.769905,ADM2 row / research governorate code 61,ENT-TN-GOVERNORATE-467CAA2B1928
governorate,62,,توزر,Tozeur,33.970385,8.023509,ADM2 row / research governorate code 62,ENT-TN-GOVERNORATE-D7972CC63F7E
governorate,63,,قبلي,Kebeli,33.544451,8.867688,ADM2 row / research governorate code 63,ENT-TN-GOVERNORATE-1864AE41D5B4
delegation,1151,11,قرطاج,Carthage,36.860024,10.329451,ADM3 row / dated 264-delegation research code 1151,ENT-TN-DELEGATION-CEF958458571
delegation,1152,11,تونس المدينة,La Medina,36.798117,10.169436,ADM3 row / dated 264-delegation research code 1152,ENT-TN-DELEGATION-CC12560912DD
delegation,1153,11,باب بحر,Bab El Bhar,36.798999,10.195694,ADM3 row / dated 264-delegation research code 1153,ENT-TN-DELEGATION-FE7ADA16AB50
delegation,1154,11,باب سويقة,Bab Souika,36.806278,10.162247,ADM3 row / dated 264-delegation research code 1154,ENT-TN-DELEGATION-22BE73F7EFB2
delegation,1155,11,العمران,El Omrane,36.820083,10.156771,ADM3 row / dated 264-delegation research code 1155,ENT-TN-DELEGATION-6027493801C5
delegation,1156,11,العمران الاعلي,El Omrane Supérieur,36.835248,10.130097,ADM3 row / dated 264-delegation research code 1156,ENT-TN-DELEGATION-F68992D7EA16
delegation,1157,11,التحرير,Ettahrir,36.825929,10.126654,ADM3 row / dated 264-delegation research code 1157,ENT-TN-DELEGATION-5C87693EF7C1
delegation,1158,11,المنزه,El Menzah,36.838062,10.157399,ADM3 row / dated 264-delegation research code 1158,ENT-TN-DELEGATION-B426671C7506
delegation,1159,11,حي الخضراء,Cité El Khadhra,36.830509,10.222489,ADM3 row / dated 264-delegation research code 1159,ENT-TN-DELEGATION-0B11B353C556
delegation,1160,11,باردو,Le Bardo,36.810565,10.130842,ADM3 row / dated 264-delegation research code 1160,ENT-TN-DELEGATION-93C5837DFCBF
delegation,1161,11,السيجومي,Sijoumi,36.788135,10.162276,ADM3 row / dated 264-delegation research code 1161,ENT-TN-DELEGATION-9BE55C4562EE
delegation,1162,11,الزهور,Ezzouhour,36.795107,10.137316,ADM3 row / dated 264-delegation research code 1162,ENT-TN-DELEGATION-D75198EE6BB5
delegation,1163,11,الحرايرية,El Hrairia,36.785436,10.063863,ADM3 row / dated 264-delegation research code 1163,ENT-TN-DELEGATION-FE081F997DC5
delegation,1164,11,سيدي حسين,Sidi Hassine,36.738499,10.092673,ADM3 row / dated 264-delegation research code 1164,ENT-TN-DELEGATION-1F3317733151
delegation,1165,11,الوردية,El Ouardia,36.770844,10.183144,ADM3 row / dated 264-delegation research code 1165,ENT-TN-DELEGATION-0156C9A906A2
delegation,1166,11,الكبارية,El Kabaria,36.74523,10.188098,ADM3 row / dated 264-delegation research code 1166,ENT-TN-DELEGATION-D592FC6CD4D2
delegation,1167,11,سيدي البشير,Sidi El Béchir,36.784795,10.176494,ADM3 row / dated 264-delegation research code 1167,ENT-TN-DELEGATION-40268C8E9C06
delegation,1168,11,جبل الجلود,Djebel Djelloud,36.766627,10.20539,ADM3 row / dated 264-delegation research code 1168,ENT-TN-DELEGATION-3178EC239E79
delegation,1169,11,حلق الوادي,La Goulette,36.834313,10.27815,ADM3 row / dated 264-delegation research code 1169,ENT-TN-DELEGATION-C93CA450F43B
delegation,1170,11,الكرم,Le Kram,36.850494,10.29629,ADM3 row / dated 264-delegation research code 1170,ENT-TN-DELEGATION-2576985BFCE5
delegation,1171,11,المرسي,La Marsa,36.895871,10.297757,ADM3 row / dated 264-delegation research code 1171,ENT-TN-DELEGATION-3C575B9AF71B
delegation,1251,12,اريانة المدينة,L'Ariana Ville,36.86474,10.169165,ADM3 row / dated 264-delegation research code 1251,ENT-TN-DELEGATION-907386F80604
delegation,1252,12,سكرة,Soukra,36.87812,10.230881,ADM3 row / dated 264-delegation research code 1252,ENT-TN-DELEGATION-2230C03437B2
delegation,1253,12,رواد,Raoued,36.929411,10.170922,ADM3 row / dated 264-delegation research code 1253,ENT-TN-DELEGATION-11CCF21EE571
delegation,1254,12,قلعة الاندلس,Kalaât El Andalous,37.015309,10.129395,ADM3 row / dated 264-delegation research code 1254,ENT-TN-DELEGATION-7D060F057E64
delegation,1255,12,سيدي ثابت,Sidi Thabet,36.90966,10.048566,ADM3 row / dated 264-delegation research code 1255,ENT-TN-DELEGATION-EE9A7B5ED169
delegation,1256,12,حي التضامن,Cité Ettadhamen,36.834476,10.105676,ADM3 row / dated 264-delegation research code 1256,ENT-TN-DELEGATION-4F055D8E4C5F
delegation,1257,12,المنيهلة,El Mnihla,36.864693,10.111847,ADM3 row / dated 264-delegation research code 1257,ENT-TN-DELEGATION-CC185FFE164C
delegation,1351,13,بن عروس,Ben Arous,36.750225,10.225725,ADM3 row / dated 264-delegation research code 1351,ENT-TN-DELEGATION-8460EAF855E4
delegation,1352,13,المدينة الجديدة,La Nouvelle Medina,36.736561,10.246811,ADM3 row / dated 264-delegation research code 1352,ENT-TN-DELEGATION-10DD70515DA0
delegation,1353,13,المروج,El Mourouj,36.718347,10.216022,ADM3 row / dated 264-delegation research code 1353,ENT-TN-DELEGATION-B8BFE8FFB2B8
delegation,1354,13,حمام الانف,Hammam Lif,36.718564,10.336134,ADM3 row / dated 264-delegation research code 1354,ENT-TN-DELEGATION-A6449AC11294
delegation,1355,13,حمام الشط,Hammam Chôtt,36.688766,10.379855,ADM3 row / dated 264-delegation research code 1355,ENT-TN-DELEGATION-19EB9068FDEB
delegation,1356,13,بومهل البساتين,Bou Mhel El Bassatine,36.719439,10.291315,ADM3 row / dated 264-delegation research code 1356,ENT-TN-DELEGATION-06F62E53748D
delegation,1357,13,الزهراء,Ezzahra,36.745388,10.301611,ADM3 row / dated 264-delegation research code 1357,ENT-TN-DELEGATION-0E56BD3D1B3A
delegation,1358,13,رادس,Radès,36.774184,10.275622,ADM3 row / dated 264-delegation research code 1358,ENT-TN-DELEGATION-7667BCFBBD94
delegation,1359,13,مقرين,Megrine,36.774089,10.236606,ADM3 row / dated 264-delegation research code 1359,ENT-TN-DELEGATION-28027896EDDD
delegation,1360,13,المحمدية,Mohamedia,36.648093,10.119325,ADM3 row / dated 264-delegation research code 1360,ENT-TN-DELEGATION-01345A7C882C
delegation,1361,13,فوشانة,Fouchana,36.696524,10.190775,ADM3 row / dated 264-delegation research code 1361,ENT-TN-DELEGATION-678C562CAA1C
delegation,1362,13,مرناق,Mornag,36.59103,10.267423,ADM3 row / dated 264-delegation research code 1362,ENT-TN-DELEGATION-D4FC46D8AB0D
delegation,1451,14,منوبة‬,Mannouba,36.81023,10.08941,ADM3 row / dated 264-delegation research code 1451,ENT-TN-DELEGATION-6334381D4972
delegation,1452,14,دوار هيشر,Douar Hicher,36.833199,10.08298,ADM3 row / dated 264-delegation research code 1452,ENT-TN-DELEGATION-64DB1B613F50
delegation,1453,14,واد الليل,Oued Ellil,36.82789,10.025535,ADM3 row / dated 264-delegation research code 1453,ENT-TN-DELEGATION-9F59B0DA797D
delegation,1454,14,المرناقية,Mornaguia,36.691174,9.975469,ADM3 row / dated 264-delegation research code 1454,ENT-TN-DELEGATION-3DDA099AD6C7
delegation,1455,14,برج العامري,Borj Amri,36.680434,9.853195,ADM3 row / dated 264-delegation research code 1455,ENT-TN-DELEGATION-A8FC78D96A53
delegation,1456,14,الجديدة,Djedeida,36.863034,9.924573,ADM3 row / dated 264-delegation research code 1456,ENT-TN-DELEGATION-2592EE0518F8
delegation,1457,14,طبربة,Tebourba,36.858009,9.746091,ADM3 row / dated 264-delegation research code 1457,ENT-TN-DELEGATION-99CBAA7046B8
delegation,1458,14,البطان,El Battane,36.775488,9.763913,ADM3 row / dated 264-delegation research code 1458,ENT-TN-DELEGATION-8CAB25CD1628
delegation,1551,15,نابل,Nabeul,36.478667,10.680073,ADM3 row / dated 264-delegation research code 1551,ENT-TN-DELEGATION-909BD4DC039A
delegation,1552,15,دار شعبان الفهري,Dar Châabane El Fehri,36.523979,10.701684,ADM3 row / dated 264-delegation research code 1552,ENT-TN-DELEGATION-14077DE6F00B
delegation,1553,15,بني خيار,Beni khiar,36.529081,10.769973,ADM3 row / dated 264-delegation research code 1553,ENT-TN-DELEGATION-00F12985BEC9
delegation,1554,15,قربة,Korba,36.61999,10.808496,ADM3 row / dated 264-delegation research code 1554,ENT-TN-DELEGATION-25551A4A8808
delegation,1555,15,منزل تميم,Menzel Temime,36.805462,10.911295,ADM3 row / dated 264-delegation research code 1555,ENT-TN-DELEGATION-C7B4FEE5AE08
delegation,1556,15,الميدة,El Mida,36.720772,10.84955,ADM3 row / dated 264-delegation research code 1556,ENT-TN-DELEGATION-8CCC58460F99
delegation,1557,15,قليبية,Kelibia,36.878688,11.022608,ADM3 row / dated 264-delegation research code 1557,ENT-TN-DELEGATION-6DD1C12A1852
delegation,1558,15,حمام الغزاز,Hammam El Guezaz,36.932269,11.068747,ADM3 row / dated 264-delegation research code 1558,ENT-TN-DELEGATION-D59DE8736127
delegation,1559,15,الهوارية,El Haouaria,36.956333,10.918232,ADM3 row / dated 264-delegation research code 1559,ENT-TN-DELEGATION-ACB1178786DC
delegation,1560,15,تاكلسة,Takelsa,36.810052,10.683275,ADM3 row / dated 264-delegation research code 1560,ENT-TN-DELEGATION-29092E1ECD11
delegation,1561,15,سليمان,Soliman,36.726138,10.527815,ADM3 row / dated 264-delegation research code 1561,ENT-TN-DELEGATION-4A822090C35C
delegation,1562,15,منزل بوزلفة,Menzel Bouzelfa,36.698163,10.66997,ADM3 row / dated 264-delegation research code 1562,ENT-TN-DELEGATION-4AE753194B10
delegation,1563,15,بني خلاد,Beni Khalled,36.628493,10.63052,ADM3 row / dated 264-delegation research code 1563,ENT-TN-DELEGATION-C12FC68E8013
delegation,1564,15,قرمبالية,Grombalia,36.58735,10.445602,ADM3 row / dated 264-delegation research code 1564,ENT-TN-DELEGATION-8708C7088CBC
delegation,1565,15,بو عرقوب,Bou Argoub,36.530056,10.57926,ADM3 row / dated 264-delegation research code 1565,ENT-TN-DELEGATION-AFCCE19F1CD3
delegation,1566,15,الحمامات,Hammamet,36.432747,10.49413,ADM3 row / dated 264-delegation research code 1566,ENT-TN-DELEGATION-B95D26E1207F
delegation,1651,16,زغوان,Zaghouan,36.414703,10.180613,ADM3 row / dated 264-delegation research code 1651,ENT-TN-DELEGATION-D52472FD9496
delegation,1652,16,الزريبة,Ez-Zeriba,36.307341,10.237372,ADM3 row / dated 264-delegation research code 1652,ENT-TN-DELEGATION-C73B8495072E
delegation,1653,16,بئر مشارقة,Bir Mchergua,36.519217,9.984537,ADM3 row / dated 264-delegation research code 1653,ENT-TN-DELEGATION-FE6A0D05DF67
delegation,1654,16,الفحص,El Fahs,36.290013,9.849893,ADM3 row / dated 264-delegation research code 1654,ENT-TN-DELEGATION-43EBF7A156A6
delegation,1655,16,الناظور,En-Nadhour,36.117378,9.985995,ADM3 row / dated 264-delegation research code 1655,ENT-TN-DELEGATION-ECE5F1EB80F4
delegation,1656,16,صواف,Saouaf,36.207238,10.149527,ADM3 row / dated 264-delegation research code 1656,ENT-TN-DELEGATION-88077D99D243
delegation,1751,17,بنزرت الشمالية,Bizerte Nord,37.33719,9.704058,ADM3 row / dated 264-delegation research code 1751,ENT-TN-DELEGATION-AADE7E444312
delegation,1752,17,جرزونة,Zarzouna,37.25641,9.888663,ADM3 row / dated 264-delegation research code 1752,ENT-TN-DELEGATION-FCEB64E05ED0
delegation,1753,17,بنزرت الجنوبية,Bizerte Sud,37.254292,9.662853,ADM3 row / dated 264-delegation research code 1753,ENT-TN-DELEGATION-529F20CCEFFA
delegation,1754,17,سجنان,Sedjnane,37.141203,9.283659,ADM3 row / dated 264-delegation research code 1754,ENT-TN-DELEGATION-00E4826B36E2
delegation,1755,17,جومين,Djoumine,36.89429,9.397986,ADM3 row / dated 264-delegation research code 1755,ENT-TN-DELEGATION-148C846991C4
delegation,1756,17,ماطر,Mateur,36.983795,9.668903,ADM3 row / dated 264-delegation research code 1756,ENT-TN-DELEGATION-39EFA7D5C92F
delegation,1757,17,غزالة,Ghezala,37.083722,9.488999,ADM3 row / dated 264-delegation research code 1757,ENT-TN-DELEGATION-4021556E2BEF
delegation,1758,17,منزل بورقيبة,Menzel Bourguiba,37.107223,9.844366,ADM3 row / dated 264-delegation research code 1758,ENT-TN-DELEGATION-F3529789545D
delegation,1759,17,تينجة,Tinja,37.119292,9.723297,ADM3 row / dated 264-delegation research code 1759,ENT-TN-DELEGATION-FFE2346B14CF
delegation,1760,17,اوتيك,Utique,37.029973,9.974881,ADM3 row / dated 264-delegation research code 1760,ENT-TN-DELEGATION-920707B361CE
delegation,1761,17,غار الملح,Ghar El Meleh,37.157783,10.102499,ADM3 row / dated 264-delegation research code 1761,ENT-TN-DELEGATION-5E40024695DE
delegation,1762,17,منزل جميل,Menzel Djemil,37.217195,9.946591,ADM3 row / dated 264-delegation research code 1762,ENT-TN-DELEGATION-F7ED1EE6DC53
delegation,1763,17,العالية,El Alia,37.154537,9.99474,ADM3 row / dated 264-delegation research code 1763,ENT-TN-DELEGATION-CB0D8DF8758C
delegation,1764,17,راس الجبل,Ras Djebel,37.217877,10.104954,ADM3 row / dated 264-delegation research code 1764,ENT-TN-DELEGATION-28A3B2254932
delegation,2151,21,باجة الشمالية,Béja Nord,36.800744,9.239162,ADM3 row / dated 264-delegation research code 2151,ENT-TN-DELEGATION-89B5CE300A2D
delegation,2152,21,باجة الجنوبية,Béja Sud,36.643669,9.185231,ADM3 row / dated 264-delegation research code 2152,ENT-TN-DELEGATION-08DFD967FB8E
delegation,2153,21,عمدون,Amdoun,36.792966,9.035551,ADM3 row / dated 264-delegation research code 2153,ENT-TN-DELEGATION-64B47287C7CC
delegation,2154,21,نفزة,Nefza,36.985491,9.067921,ADM3 row / dated 264-delegation research code 2154,ENT-TN-DELEGATION-028DF902ABF9
delegation,2155,21,تبرسق,Teboursouk,36.452781,9.232285,ADM3 row / dated 264-delegation research code 2155,ENT-TN-DELEGATION-A97443748914
delegation,2156,21,تيبار,Tibar,36.507175,9.095985,ADM3 row / dated 264-delegation research code 2156,ENT-TN-DELEGATION-E8E567F03E9D
delegation,2157,21,تستور,Testour,36.583705,9.428344,ADM3 row / dated 264-delegation research code 2157,ENT-TN-DELEGATION-CCDB3F1D6604
delegation,2158,21,قبلاط,Goubellat,36.529259,9.691234,ADM3 row / dated 264-delegation research code 2158,ENT-TN-DELEGATION-E8E2CE15323A
delegation,2159,21,مجاز الباب,Medjez El Bab,36.698458,9.617382,ADM3 row / dated 264-delegation research code 2159,ENT-TN-DELEGATION-34E2240B6A54
delegation,2251,22,جندوبة,Jendouba,36.466592,8.813567,ADM3 row / dated 264-delegation research code 2251,ENT-TN-DELEGATION-819F7F2E27F9
delegation,2252,22,جندوبة الشمالية,Jendouba Nord,36.543177,8.683915,ADM3 row / dated 264-delegation research code 2252,ENT-TN-DELEGATION-A2C2D831ECC0
delegation,2253,22,بوسالم,Bou Salem,36.554059,8.975117,ADM3 row / dated 264-delegation research code 2253,ENT-TN-DELEGATION-997BFDED88CF
delegation,2254,22,طبرقة,Tabarka,36.905861,8.831226,ADM3 row / dated 264-delegation research code 2254,ENT-TN-DELEGATION-0A43143796F7
delegation,2255,22,عين دراهم,Ain Draham,36.779002,8.697776,ADM3 row / dated 264-delegation research code 2255,ENT-TN-DELEGATION-3D8C44AF7D14
delegation,2256,22,فرنانة,Fernana,36.651242,8.646964,ADM3 row / dated 264-delegation research code 2256,ENT-TN-DELEGATION-F12F59DBC46E
delegation,2257,22,غار الدماء,Ghardimaou,36.492625,8.380716,ADM3 row / dated 264-delegation research code 2257,ENT-TN-DELEGATION-36D776E11570
delegation,2258,22,وادي مليز,Oued Meliz,36.464571,8.569912,ADM3 row / dated 264-delegation research code 2258,ENT-TN-DELEGATION-7B1B28620EBA
delegation,2259,22,بلطة بوعوان,Balta - Bou Aouane,36.687633,8.915535,ADM3 row / dated 264-delegation research code 2259,ENT-TN-DELEGATION-A1AD72837943
delegation,2351,23,الكاف الغربية,Kef Ouest,36.147911,8.628346,ADM3 row / dated 264-delegation research code 2351,ENT-TN-DELEGATION-40F8C393FB98
delegation,2352,23,الكاف الشرقية,Kef Est,36.180128,8.871338,ADM3 row / dated 264-delegation research code 2352,ENT-TN-DELEGATION-D4441080949B
delegation,2353,23,نبر,Nebeur,36.324558,8.75785,ADM3 row / dated 264-delegation research code 2353,ENT-TN-DELEGATION-F153AA210A4D
delegation,2354,23,ساقية سيدي يوسف,Sakiet Sidi Youssef,36.179732,8.437737,ADM3 row / dated 264-delegation research code 2354,ENT-TN-DELEGATION-D77747883E55
delegation,2355,23,تاجروين,Tajerouine,35.963203,8.552206,ADM3 row / dated 264-delegation research code 2355,ENT-TN-DELEGATION-FF2BD30691C0
delegation,2356,23,قلعة سنان,Kalâat Snan,35.80175,8.369563,ADM3 row / dated 264-delegation research code 2356,ENT-TN-DELEGATION-C151EAFA4BD1
delegation,2357,23,القلعة الخصباء,Kalâat Khasbah,35.71625,8.534199,ADM3 row / dated 264-delegation research code 2357,ENT-TN-DELEGATION-D2E46DB3C8BC
delegation,2358,23,الجريصة,Djerissa,35.823216,8.648232,ADM3 row / dated 264-delegation research code 2358,ENT-TN-DELEGATION-9D12AE8B04F4
delegation,2359,23,القصور,El Ksour,35.834153,8.95636,ADM3 row / dated 264-delegation research code 2359,ENT-TN-DELEGATION-E3E9C5077EA4
delegation,2360,23,الدهماني,Dahmani,35.949357,8.816239,ADM3 row / dated 264-delegation research code 2360,ENT-TN-DELEGATION-0AAD4BD027D5
delegation,2361,23,السرس,Es-Sers,36.05939,9.004414,ADM3 row / dated 264-delegation research code 2361,ENT-TN-DELEGATION-05E0AB3C372D
delegation,2451,24,سليانة الشمالية,Siliana Nord,36.059858,9.28429,ADM3 row / dated 264-delegation research code 2451,ENT-TN-DELEGATION-BACCAA713057
delegation,2452,24,سليانة الجنوبية,Siliana Sud,35.974011,9.402893,ADM3 row / dated 264-delegation research code 2452,ENT-TN-DELEGATION-37E43863E13C
delegation,2453,24,بوعرادة,Bou Arada,36.321602,9.623149,ADM3 row / dated 264-delegation research code 2453,ENT-TN-DELEGATION-E6F9AC3B6A1F
delegation,2454,24,قعفور,Gaâfour,36.23313,9.343804,ADM3 row / dated 264-delegation research code 2454,ENT-TN-DELEGATION-AF66ED06B9B8
delegation,2455,24,الكريب,El  Krib,36.343114,9.079921,ADM3 row / dated 264-delegation research code 2455,ENT-TN-DELEGATION-27DFBC8894A9
delegation,2456,24,بورويس,Bourouis,36.185595,9.134929,ADM3 row / dated 264-delegation research code 2456,ENT-TN-DELEGATION-5D1C1977A0A6
delegation,2457,24,مكثر,Makthar,35.857787,9.161687,ADM3 row / dated 264-delegation research code 2457,ENT-TN-DELEGATION-78A6B0904A2B
delegation,2458,24,الروحية,Er-Rouhia,35.645877,9.203837,ADM3 row / dated 264-delegation research code 2458,ENT-TN-DELEGATION-2F6C05AAB735
delegation,2459,24,كسري,Kesra,35.790116,9.382059,ADM3 row / dated 264-delegation research code 2459,ENT-TN-DELEGATION-09D1B99F85DC
delegation,2460,24,برقو,Bargou,36.102579,9.616342,ADM3 row / dated 264-delegation research code 2460,ENT-TN-DELEGATION-3CEADA31C198
delegation,2461,24,العروسة,El Aroussa,36.365304,9.460467,ADM3 row / dated 264-delegation research code 2461,ENT-TN-DELEGATION-BE50E5DE6BD2
delegation,3151,31,سوسة المدينة,Sousse Medina,35.838697,10.627492,ADM3 row / dated 264-delegation research code 3151,ENT-TN-DELEGATION-3487617C49DD
delegation,3152,31,سوسة الرياض,Sousse Riadh,35.801631,10.587275,ADM3 row / dated 264-delegation research code 3152,ENT-TN-DELEGATION-F0023FB066A4
delegation,3153,31,سوسة جوهرة,Sousse Jawhara,35.828835,10.610306,ADM3 row / dated 264-delegation research code 3153,ENT-TN-DELEGATION-9D652FC873EB
delegation,3154,31,سوسة سيدي عبد الحميد,Sousse Sidi Abdelhamid,35.79639,10.651663,ADM3 row / dated 264-delegation research code 3154,ENT-TN-DELEGATION-C433D277206E
delegation,3155,31,حمام سوسة,Hammam Sousse,35.870602,10.586657,ADM3 row / dated 264-delegation research code 3155,ENT-TN-DELEGATION-14FA2AE0C064
delegation,3156,31,اكودة,Akouda,35.909734,10.548238,ADM3 row / dated 264-delegation research code 3156,ENT-TN-DELEGATION-5CA39F3BFF07
delegation,3157,31,القلعة الكبري,Kalaâ Kebira,35.869712,10.430094,ADM3 row / dated 264-delegation research code 3157,ENT-TN-DELEGATION-CA29D85670F9
delegation,3158,31,سيدي بو علي,Sidi Bou Ali,35.969459,10.41825,ADM3 row / dated 264-delegation research code 3158,ENT-TN-DELEGATION-498ED0DE384B
delegation,3159,31,هرقلة,Hergla,36.027973,10.453348,ADM3 row / dated 264-delegation research code 3159,ENT-TN-DELEGATION-EF5957AC15F4
delegation,3160,31,النفيضة,Enfidha,36.114105,10.32876,ADM3 row / dated 264-delegation research code 3160,ENT-TN-DELEGATION-AC41B378E3D9
delegation,3161,31,بوفيشة,Bouficha,36.275803,10.424761,ADM3 row / dated 264-delegation research code 3161,ENT-TN-DELEGATION-D06EBCEA26BA
delegation,3162,31,كندار,Kondar,35.916004,10.258225,ADM3 row / dated 264-delegation research code 3162,ENT-TN-DELEGATION-BFF07C1D0C4A
delegation,3163,31,سيدي الهاني,Sidi El Héni,35.711916,10.316621,ADM3 row / dated 264-delegation research code 3163,ENT-TN-DELEGATION-E401587A83A1
delegation,3164,31,مساكن,M'saken,35.697469,10.522393,ADM3 row / dated 264-delegation research code 3164,ENT-TN-DELEGATION-9ADFA1D292D9
delegation,3165,31,القلعة الصغري,Kalaâ Seghira,35.79992,10.476672,ADM3 row / dated 264-delegation research code 3165,ENT-TN-DELEGATION-E8F02D6B4EF9
delegation,3166,31,الزاوية قصيبة الثريات,Zaouia - Ksiba - Thrayet,35.769692,10.631206,ADM3 row / dated 264-delegation research code 3166,ENT-TN-DELEGATION-05AAF8FA23F6
delegation,3251,32,المنستير,Monastir,35.748187,10.78252,ADM3 row / dated 264-delegation research code 3251,ENT-TN-DELEGATION-386953CDE2D6
delegation,3252,32,الوردانين,Ouerdanine,35.699326,10.670813,ADM3 row / dated 264-delegation research code 3252,ENT-TN-DELEGATION-7D47DBFD2C6B
delegation,3253,32,الساحلين,Sahline,35.736751,10.71462,ADM3 row / dated 264-delegation research code 3253,ENT-TN-DELEGATION-B0C081DB1344
delegation,3254,32,زرمدين,Zermadine,35.552134,10.6159,ADM3 row / dated 264-delegation research code 3254,ENT-TN-DELEGATION-EFAC1514C55E
delegation,3255,32,بني حسان,Beni Hassen,35.526995,10.757238,ADM3 row / dated 264-delegation research code 3255,ENT-TN-DELEGATION-00EC6583A4A3
delegation,3256,32,جمال,Jammel,35.616664,10.706246,ADM3 row / dated 264-delegation research code 3256,ENT-TN-DELEGATION-9D23A36B72E1
delegation,3257,32,بنبلة,Bembla,35.682257,10.763826,ADM3 row / dated 264-delegation research code 3257,ENT-TN-DELEGATION-A9FD50013858
delegation,3258,32,المكنين,Moknine,35.53026,10.851063,ADM3 row / dated 264-delegation research code 3258,ENT-TN-DELEGATION-4E58B3CD9CB1
delegation,3259,32,البقالطة,Bekalta,35.600833,11.010795,ADM3 row / dated 264-delegation research code 3259,ENT-TN-DELEGATION-714F4FED1031
delegation,3260,32,طبلبة,Teboulba,35.639918,10.957132,ADM3 row / dated 264-delegation research code 3260,ENT-TN-DELEGATION-BDF031A58E55
delegation,3261,32,قصر هلال,Ksar Helal,35.640739,10.869948,ADM3 row / dated 264-delegation research code 3261,ENT-TN-DELEGATION-6417F8B088EB
delegation,3262,32,قصيبة المديوني,Ksibet El Mediouni,35.65309,10.828667,ADM3 row / dated 264-delegation research code 3262,ENT-TN-DELEGATION-1172E32A37EA
delegation,3263,32,صيادة - لمطة - بوحجر,Sayada-Lamta Bou-Hjar,35.665854,10.888739,ADM3 row / dated 264-delegation research code 3263,ENT-TN-DELEGATION-7F9EBE1F4EA1
delegation,3351,33,المهدية,Mahdia,35.489834,10.96172,ADM3 row / dated 264-delegation research code 3351,ENT-TN-DELEGATION-E56B524C71BE
delegation,3352,33,بومرداس,Bou Merdès,35.427641,10.694526,ADM3 row / dated 264-delegation research code 3352,ENT-TN-DELEGATION-8B2B3E3BDE8C
delegation,3353,33,اولاد شامخ,Ouled Chamekh,35.4567,10.310257,ADM3 row / dated 264-delegation research code 3353,ENT-TN-DELEGATION-1A266F9B008F
delegation,3354,33,شربان,Chorbane,35.219295,10.422603,ADM3 row / dated 264-delegation research code 3354,ENT-TN-DELEGATION-64DEA9083EA0
delegation,3355,33,هبيرة,Hebira,35.271754,10.259811,ADM3 row / dated 264-delegation research code 3355,ENT-TN-DELEGATION-7893E2F13C86
delegation,3356,33,السواسي,Essouassi,35.345948,10.517522,ADM3 row / dated 264-delegation research code 3356,ENT-TN-DELEGATION-706200A5C126
delegation,3357,33,الجم,El Djem,35.303721,10.719895,ADM3 row / dated 264-delegation research code 3357,ENT-TN-DELEGATION-47EFAA8BC79F
delegation,3358,33,الشابة,Chebba,35.233524,11.060194,ADM3 row / dated 264-delegation research code 3358,ENT-TN-DELEGATION-C2548493A23C
delegation,3359,33,ملولش,Melloulech,35.171197,10.981691,ADM3 row / dated 264-delegation research code 3359,ENT-TN-DELEGATION-2A637B595634
delegation,3360,33,سيدي علوان,Sidi Alouane,35.292381,10.875062,ADM3 row / dated 264-delegation research code 3360,ENT-TN-DELEGATION-5D5CDCB7496E
delegation,3361,33,قصور الساف,Ksour Essef,35.368702,10.977631,ADM3 row / dated 264-delegation research code 3361,ENT-TN-DELEGATION-8CD3CBC66F17
delegation,3451,34,صفاقس المدينة,Sfax Ville,34.739365,10.754965,ADM3 row / dated 264-delegation research code 3451,ENT-TN-DELEGATION-A43DBAE26B8A
delegation,3452,34,صفاقس الغربية,Sfax Ouest,34.736,10.721438,ADM3 row / dated 264-delegation research code 3452,ENT-TN-DELEGATION-5589DBA6CB89
delegation,3453,34,ساقية الزيت,Sakiet Ezzit,34.864859,10.736724,ADM3 row / dated 264-delegation research code 3453,ENT-TN-DELEGATION-EA875BA2BFE0
delegation,3454,34,ساقية الدائر,Sakiet Eddaïer,34.835088,10.813622,ADM3 row / dated 264-delegation research code 3454,ENT-TN-DELEGATION-3757F6B83BE1
delegation,3455,34,صفاقس الجنوبية,Sfax Sud,34.821082,10.664119,ADM3 row / dated 264-delegation research code 3455,ENT-TN-DELEGATION-CC6DBA2640FB
delegation,3456,34,طينة,Tina,34.684963,10.676173,ADM3 row / dated 264-delegation research code 3456,ENT-TN-DELEGATION-99EBA5A17CB9
delegation,3457,34,‫عقارب‬,Agareb,34.744788,10.449226,ADM3 row / dated 264-delegation research code 3457,ENT-TN-DELEGATION-B1DB2FE90D10
delegation,3458,34,جبنيانة,Djebeniana,35.079758,10.904088,ADM3 row / dated 264-delegation research code 3458,ENT-TN-DELEGATION-05852EF74252
delegation,3459,34,العامرة,El Amra,34.945392,10.872894,ADM3 row / dated 264-delegation research code 3459,ENT-TN-DELEGATION-D8723103173B
delegation,3460,34,لحنشة,El Hencha,35.10488,10.73005,ADM3 row / dated 264-delegation research code 3460,ENT-TN-DELEGATION-15A144D6467E
delegation,3461,34,منزل شاكر,Menzel Chaker,34.997295,10.382093,ADM3 row / dated 264-delegation research code 3461,ENT-TN-DELEGATION-0B9CE76F3AD6
delegation,3462,34,الغريبة,Ghraiba,34.50135,10.217839,ADM3 row / dated 264-delegation research code 3462,ENT-TN-DELEGATION-5CE249CD9A5F
delegation,3463,34,بئر علي بن خليفة,Bir ali Ben Kelifa,34.721684,10.096758,ADM3 row / dated 264-delegation research code 3463,ENT-TN-DELEGATION-17B9E0494EC7
delegation,3464,34,الصخيرة,Skhira,34.334937,9.96785,ADM3 row / dated 264-delegation research code 3464,ENT-TN-DELEGATION-02E328685503
delegation,3465,34,‫المحرس‬,Mahres,34.54602,10.436047,ADM3 row / dated 264-delegation research code 3465,ENT-TN-DELEGATION-BE40270E2393
delegation,3466,34,قرقنة,Kerkenah,34.702852,11.154052,ADM3 row / dated 264-delegation research code 3466,ENT-TN-DELEGATION-E83D07EB9C29
delegation,4151,41,القيروان الشمالية,Kairouan Nord,35.737795,10.095135,ADM3 row / dated 264-delegation research code 4151,ENT-TN-DELEGATION-9CCDCAF94A4A
delegation,4152,41,القيروان الجنوبية,Kairouan Sud,35.582392,10.114237,ADM3 row / dated 264-delegation research code 4152,ENT-TN-DELEGATION-3568AB5821B0
delegation,4153,41,الشبيكة,Echebika,35.639614,9.910911,ADM3 row / dated 264-delegation research code 4153,ENT-TN-DELEGATION-70B00114B3C2
delegation,4154,41,السبيخة,Sbikha,35.943271,10.028666,ADM3 row / dated 264-delegation research code 4154,ENT-TN-DELEGATION-A6D2E459547E
delegation,4155,41,الوسلاتية,EL Ouslatia,35.880577,9.68547,ADM3 row / dated 264-delegation research code 4155,ENT-TN-DELEGATION-6EC1A2137D0E
delegation,4156,41,حفوز,Haffouz,35.618443,9.706654,ADM3 row / dated 264-delegation research code 4156,ENT-TN-DELEGATION-7E9A8227F3FE
delegation,4157,41,العلاء,El Alâa,35.644893,9.464932,ADM3 row / dated 264-delegation research code 4157,ENT-TN-DELEGATION-5E9C54B26170
delegation,4158,41,حاجب العيون,Hajeb el Ayoun,35.420269,9.578229,ADM3 row / dated 264-delegation research code 4158,ENT-TN-DELEGATION-A9A2E64081DA
delegation,4159,41,نصر الله,Nasrallah,35.321695,9.816988,ADM3 row / dated 264-delegation research code 4159,ENT-TN-DELEGATION-533D4E540C29
delegation,4160,41,الشراردة,Echrarda,35.162774,10.071562,ADM3 row / dated 264-delegation research code 4160,ENT-TN-DELEGATION-46D8F9A49020
delegation,4161,41,بوحجلة,Bouhajla,35.370351,10.068171,ADM3 row / dated 264-delegation research code 4161,ENT-TN-DELEGATION-F9557E5DC693
delegation,4251,42,القصرين الشمالية,Kasserine Nord,35.207624,8.784542,ADM3 row / dated 264-delegation research code 4251,ENT-TN-DELEGATION-F0E269317685
delegation,4252,42,القصرين الجنوبية,Kasserine Sud,35.10558,8.767583,ADM3 row / dated 264-delegation research code 4252,ENT-TN-DELEGATION-FA7572893BAA
delegation,4253,42,الزهور,Ezzouhour,35.158591,8.830658,ADM3 row / dated 264-delegation research code 4253,ENT-TN-DELEGATION-762D553CB7DA
delegation,4254,42,حاسي الفريد,Hassi Ferid,34.959458,8.928029,ADM3 row / dated 264-delegation research code 4254,ENT-TN-DELEGATION-00555D763B13
delegation,4255,42,سبيطلة,Sbeitla,35.257901,9.073918,ADM3 row / dated 264-delegation research code 4255,ENT-TN-DELEGATION-5D62B4C8161F
delegation,4256,42,سبيبة,Sbiba,35.502269,9.158736,ADM3 row / dated 264-delegation research code 4256,ENT-TN-DELEGATION-FD2AE43A4C3D
delegation,4257,42,جدليان,Djedeliane,35.650786,8.917973,ADM3 row / dated 264-delegation research code 4257,ENT-TN-DELEGATION-184C444E7833
delegation,4258,42,العيون,El Ayoun,35.510582,8.887692,ADM3 row / dated 264-delegation research code 4258,ENT-TN-DELEGATION-8B659FB150BF
delegation,4259,42,تالة,Thala,35.591414,8.705183,ADM3 row / dated 264-delegation research code 4259,ENT-TN-DELEGATION-9AB968FD4EE0
delegation,4260,42,حيدرة,Hidra,35.54346,8.491029,ADM3 row / dated 264-delegation research code 4260,ENT-TN-DELEGATION-D555F337D568
delegation,4261,42,فوسانة,Foussana,35.334664,8.544352,ADM3 row / dated 264-delegation research code 4261,ENT-TN-DELEGATION-52AE19694D81
delegation,4262,42,فريانة,Feriana,35.014846,8.465678,ADM3 row / dated 264-delegation research code 4262,ENT-TN-DELEGATION-C41B01AE892E
delegation,4263,42,ماجل بالعباس,Majel Bel Abbès,34.771411,8.548632,ADM3 row / dated 264-delegation research code 4263,ENT-TN-DELEGATION-A9463801F6AD
delegation,4351,43,سيدي بوزيد الغربية,Sidi Bouzid Ouest,35.007802,9.406829,ADM3 row / dated 264-delegation research code 4351,ENT-TN-DELEGATION-DB05A1325AE3
delegation,4352,43,سيدي بوزيد الشرقية,Sidi Bouzid Est,35.085449,9.596047,ADM3 row / dated 264-delegation research code 4352,ENT-TN-DELEGATION-B5CD972E98C1
delegation,4353,43,جلمة,Jilma,35.340288,9.392445,ADM3 row / dated 264-delegation research code 4353,ENT-TN-DELEGATION-B63E32B2BC3F
delegation,4354,43,سبالة اولاد عسكر,Cebalet Ouled Asker,35.227724,9.275075,ADM3 row / dated 264-delegation research code 4354,ENT-TN-DELEGATION-AD509F0A9D79
delegation,4355,43,بئر الحفي,Bir El Hafey,34.896523,9.277078,ADM3 row / dated 264-delegation research code 4355,ENT-TN-DELEGATION-6F8D6872B9E9
delegation,4356,43,سيدي علي بن عون,Sidi Ali Ben Aoûn,34.798159,9.120317,ADM3 row / dated 264-delegation research code 4356,ENT-TN-DELEGATION-A5B79B7F0981
delegation,4357,43,منزل بوزيان,Menzel Bouzaïenne,34.638211,9.407512,ADM3 row / dated 264-delegation research code 4357,ENT-TN-DELEGATION-69C4DE6E547E
delegation,4358,43,المكناسي,Meknassy,34.629862,9.621183,ADM3 row / dated 264-delegation research code 4358,ENT-TN-DELEGATION-9846A16575C2
delegation,4359,43,سوق الجديد,Souk Jedid,34.862356,9.563566,ADM3 row / dated 264-delegation research code 4359,ENT-TN-DELEGATION-21E89D9190E3
delegation,4360,43,المزونة,Mezzouna,34.456242,9.741139,ADM3 row / dated 264-delegation research code 4360,ENT-TN-DELEGATION-89139C7B1553
delegation,4361,43,الرقاب,Regueb,34.865806,9.839952,ADM3 row / dated 264-delegation research code 4361,ENT-TN-DELEGATION-755242916060
delegation,4362,43,اولاد حفوز,Ouled Haffouz,35.108931,9.855752,ADM3 row / dated 264-delegation research code 4362,ENT-TN-DELEGATION-E45902371203
delegation,5151,51,قابس المدينة,Gabes Medina,33.900502,10.095063,ADM3 row / dated 264-delegation research code 5151,ENT-TN-DELEGATION-7075A1113804
delegation,5152,51,قابس الغربية,Gabes Ouest,33.878956,9.992565,ADM3 row / dated 264-delegation research code 5152,ENT-TN-DELEGATION-AFAE2BE79F31
delegation,5153,51,قابس الجنوبية,Gabes Sud,33.785216,10.060806,ADM3 row / dated 264-delegation research code 5153,ENT-TN-DELEGATION-5B401B5FE360
delegation,5154,51,غنوش,Ghanouch,33.945228,10.054525,ADM3 row / dated 264-delegation research code 5154,ENT-TN-DELEGATION-7D9681B14049
delegation,5155,51,المطوية,El Metouia,34.053322,9.954864,ADM3 row / dated 264-delegation research code 5155,ENT-TN-DELEGATION-336FE0336AC9
delegation,5156,51,منزل الحبيب,Menzel El Habib,34.160313,9.61838,ADM3 row / dated 264-delegation research code 5156,ENT-TN-DELEGATION-381871ACE873
delegation,5157,51,الحامة,El Hamma,33.876556,9.586605,ADM3 row / dated 264-delegation research code 5157,ENT-TN-DELEGATION-5BAD0A66CCEB
delegation,5158,51,مطماطة,Matmata,33.448475,9.805517,ADM3 row / dated 264-delegation research code 5158,ENT-TN-DELEGATION-F7614EE1CE5C
delegation,5159,51,مطماطة الجديدة,Nouvelle Matmata,33.623296,9.917965,ADM3 row / dated 264-delegation research code 5159,ENT-TN-DELEGATION-996BCFD91FDD
delegation,5160,51,مارث,Mareth,33.561376,10.211095,ADM3 row / dated 264-delegation research code 5160,ENT-TN-DELEGATION-5BB9BF889AC5
delegation,5251,52,مدنين الشمالية,Medenine Nord,33.369544,10.382616,ADM3 row / dated 264-delegation research code 5251,ENT-TN-DELEGATION-EE60D65B9935
delegation,5252,52,مدنين الجنوبية,Medenine Sud,33.376205,10.627964,ADM3 row / dated 264-delegation research code 5252,ENT-TN-DELEGATION-B117D836FA70
delegation,5253,52,بني خداش,Beni Khedech,33.227949,10.119264,ADM3 row / dated 264-delegation research code 5253,ENT-TN-DELEGATION-82A4AF3884E0
delegation,5254,52,بن قردان,Ben Guerdane,32.895071,11.194514,ADM3 row / dated 264-delegation research code 5254,ENT-TN-DELEGATION-F7ED4B759BD6
delegation,5255,52,جرجيس,Zarzis,33.443432,10.977455,ADM3 row / dated 264-delegation research code 5255,ENT-TN-DELEGATION-6EFE1FF87CAA
delegation,5256,52,جربة حومة السوق,Djerba Houmet Souk,33.851568,10.861461,ADM3 row / dated 264-delegation research code 5256,ENT-TN-DELEGATION-584902C8EEE0
delegation,5257,52,جربة ميدون,Djerba Midoun,33.769892,10.956221,ADM3 row / dated 264-delegation research code 5257,ENT-TN-DELEGATION-F66C4659B2C0
delegation,5258,52,جربة اجيم,Djerba Ajim,33.758635,10.809028,ADM3 row / dated 264-delegation research code 5258,ENT-TN-DELEGATION-210B7D8A5B50
delegation,5259,52,سيدي مخلوف,Sidi Makhloulf,33.54389,10.522352,ADM3 row / dated 264-delegation research code 5259,ENT-TN-DELEGATION-F6FA367C4B52
delegation,5351,53,تطاوين الشمالية,Tataouine Nord,32.68551,10.704273,ADM3 row / dated 264-delegation research code 5351,ENT-TN-DELEGATION-36BABB1475F8
delegation,5352,53,تطاوين الجنوبية,Tataouine Sud,32.787224,10.188191,ADM3 row / dated 264-delegation research code 5352,ENT-TN-DELEGATION-D3ABF7936ACA
delegation,5353,53,الصمار,Smâr,32.772308,10.96935,ADM3 row / dated 264-delegation research code 5353,ENT-TN-DELEGATION-9571A404E72D
delegation,5354,53,بئر الاحمر,Bir Lahmar,33.149803,10.450899,ADM3 row / dated 264-delegation research code 5354,ENT-TN-DELEGATION-390678B1D4C7
delegation,5355,53,غمراسن,Ghomrassen,33.044173,10.241326,ADM3 row / dated 264-delegation research code 5355,ENT-TN-DELEGATION-2D3CF4EC1C11
delegation,5356,53,ذهيبة,Dhehiba,31.968402,10.516893,ADM3 row / dated 264-delegation research code 5356,ENT-TN-DELEGATION-15D8C5E6532A
delegation,5357,53,رمادة,Remada,31.760149,9.697399,ADM3 row / dated 264-delegation research code 5357,ENT-TN-DELEGATION-4A4ADB1F39D5
delegation,6151,61,قفصة الشمالية,Gafsa Nord,34.582132,8.914182,ADM3 row / dated 264-delegation research code 6151,ENT-TN-DELEGATION-08BF6BF26FFF
delegation,6152,61,سيدي عيش,Sidi Aïch,34.685481,8.826421,ADM3 row / dated 264-delegation research code 6152,ENT-TN-DELEGATION-A20DE8BF6185
delegation,6153,61,القصر,El Ksar,34.406496,8.88143,ADM3 row / dated 264-delegation research code 6153,ENT-TN-DELEGATION-8C1A5CC41315
delegation,6154,61,قفصة الجنوبية,Gafsa Sud,34.450078,8.629873,ADM3 row / dated 264-delegation research code 6154,ENT-TN-DELEGATION-7A57DEB42C2E
delegation,6155,61,ام العرائس,Oum El Araies,34.545879,8.367291,ADM3 row / dated 264-delegation research code 6155,ENT-TN-DELEGATION-57457D07E717
delegation,6156,61,الرديف,Redeyef,34.366822,8.177069,ADM3 row / dated 264-delegation research code 6156,ENT-TN-DELEGATION-A16A1E882313
delegation,6157,61,المتلوي,Metlaoui,34.225007,8.390319,ADM3 row / dated 264-delegation research code 6157,ENT-TN-DELEGATION-55B6CFADA185
delegation,6158,61,المضيلة,Mdhila,34.203661,8.69966,ADM3 row / dated 264-delegation research code 6158,ENT-TN-DELEGATION-A638A51CF8F7
delegation,6159,61,القطار,EL Guetar,34.270051,9.019287,ADM3 row / dated 264-delegation research code 6159,ENT-TN-DELEGATION-17D9D56D8808
delegation,6160,61,بلخير,Belkhir,34.325182,9.360853,ADM3 row / dated 264-delegation research code 6160,ENT-TN-DELEGATION-434F19B638E3
delegation,6161,61,السند,Sned,34.531821,9.157149,ADM3 row / dated 264-delegation research code 6161,ENT-TN-DELEGATION-B06C74E3ED6B
delegation,6251,62,توزر,Tozeur,33.892133,8.115141,ADM3 row / dated 264-delegation research code 6251,ENT-TN-DELEGATION-0410399059C4
delegation,6252,62,دقاش,Degach,34.026504,8.294625,ADM3 row / dated 264-delegation research code 6252,ENT-TN-DELEGATION-3240C5021B36
delegation,6253,62,تمغزة,Tameghza,34.2636,7.89369,ADM3 row / dated 264-delegation research code 6253,ENT-TN-DELEGATION-21A9D436EAA7
delegation,6254,62,نفطة,Nefta,33.819111,7.898876,ADM3 row / dated 264-delegation research code 6254,ENT-TN-DELEGATION-CB23A7885CA7
delegation,6255,62,حزوة,Hazoua,33.761166,7.686417,ADM3 row / dated 264-delegation research code 6255,ENT-TN-DELEGATION-DAC482090AC5
delegation,6351,63,قبلي الجنوبية,Kebili Sud,33.608187,9.077978,ADM3 row / dated 264-delegation research code 6351,ENT-TN-DELEGATION-83574F602607
delegation,6352,63,قبلي الشمالية,Kebeli Nord,33.840835,9.156485,ADM3 row / dated 264-delegation research code 6352,ENT-TN-DELEGATION-DEB9F3EFCD2D
delegation,6353,63,سوق الاحد,Souk El Ahed,33.90964,8.816955,ADM3 row / dated 264-delegation research code 6353,ENT-TN-DELEGATION-44DC92075FFF
delegation,6354,63,دوز الشمالية,Douz Nord,33.233842,9.524009,ADM3 row / dated 264-delegation research code 6354,ENT-TN-DELEGATION-3512572DC050
delegation,6355,63,دوز الجنوبية,Douz Sud,32.99169,9.245611,ADM3 row / dated 264-delegation research code 6355,ENT-TN-DELEGATION-010FEC49E881
delegation,6356,63,الفوار,Faouar,33.162377,8.46366,ADM3 row / dated 264-delegation research code 6356,ENT-TN-DELEGATION-46FFC1059453
imada,34571269,3457,عقارب,Agareb,34.72365,10.54399,ADM4 row / research sector code 34571269; dated ADM3 parent 3457,
imada,34571276,3457,الصغار,Es-Soghar,34.764849,10.583298,ADM4 row / research sector code 34571276; dated ADM3 parent 3457,
imada,34571273,3457,التربة,Ettorba,34.81011,10.462066,ADM4 row / research sector code 34571273; dated ADM3 parent 3457,
imada,34571275,3457,زليانة,Zeliana,34.85116,10.334955,ADM4 row / research sector code 34571275; dated ADM3 parent 3457,
imada,34571272,3457,المحروقــة,El Mahrouka,34.768625,10.385744,ADM4 row / research sector code 34571272; dated ADM3 parent 3457,
imada,34571271,3457,بولذيــاب,Bouledhieb,34.712147,10.363708,ADM4 row / research sector code 34571271; dated ADM3 parent 3457,
imada,34571274,3457,بن سهلون,Ben Sahloun,34.667318,10.41249,ADM4 row / research sector code 34571274; dated ADM3 parent 3457,
imada,34571270,3457,قرقــور,Gargour,34.653001,10.582038,ADM4 row / research sector code 34571270; dated ADM3 parent 3457,
imada,1171149,1171,المرسي الشاطئ,La Marsa Plage,36.915703,10.289282,ADM4 row / research sector code 1171149; dated ADM3 parent 1171,
imada,1171154,1171,المرسي المنتزه,La Marsa El Montazeh,36.873428,10.3262,ADM4 row / research sector code 1171154; dated ADM3 parent 1171,
imada,1171157,1171,سيدي داود,Sidi Daoued,36.864491,10.309363,ADM4 row / research sector code 1171157; dated ADM3 parent 1171,
imada,1171158,1171,البحر الازرق,El Bahr El Azrak,36.879559,10.291487,ADM4 row / research sector code 1171158; dated ADM3 parent 1171,
imada,1171151,1171,المرسي حدائق,La Marsa Hadayek,36.877358,10.311824,ADM4 row / research sector code 1171151; dated ADM3 parent 1171,
imada,1171155,1171,قمرت,Gammarth,36.908461,10.295468,ADM4 row / research sector code 1171155; dated ADM3 parent 1171,
imada,1171153,1171,الرميلة,Er-Rmila,36.890742,10.301922,ADM4 row / research sector code 1171153; dated ADM3 parent 1171,
imada,1171156,1171,قمرت العليا,Gammarth Supérieur,36.893134,10.31167,ADM4 row / research sector code 1171156; dated ADM3 parent 1171,
imada,1171152,1171,مرسي الرياض,La Marsa Erriadh,36.888309,10.31295,ADM4 row / research sector code 1171152; dated ADM3 parent 1171,
imada,1171150,1171,المرسي مدينة,La Marsa Medina,36.880649,10.319984,ADM4 row / research sector code 1171150; dated ADM3 parent 1171,
imada,1170142,1170,كرم الشرقية,Le Kram Est,36.834714,10.318273,ADM4 row / research sector code 1170142; dated ADM3 parent 1170,
imada,1170143,1170,الرياض,Erriadh,36.8373,10.312011,ADM4 row / research sector code 1170143; dated ADM3 parent 1170,
imada,1170148,1170,بير لحلو,Bir El Helou,36.844078,10.312493,ADM4 row / research sector code 1170148; dated ADM3 parent 1170,
imada,1170146,1170,الكرم الغربية,Le Kram Ouest,36.840548,10.303711,ADM4 row / research sector code 1170146; dated ADM3 parent 1170,
imada,1170147,1170,سيدي عمر,Sidi Amor,36.846274,10.299882,ADM4 row / research sector code 1170147; dated ADM3 parent 1170,
imada,1170145,1170,سيدي فرج,Sidi Fredj,36.860436,10.280255,ADM4 row / research sector code 1170145; dated ADM3 parent 1170,
imada,1170144,1170,البحيرة,El Bouhaïra,36.854644,10.293127,ADM4 row / research sector code 1170144; dated ADM3 parent 1170,
imada,63512029,6351,جمنة الجنوبية,Jemna Sud,33.571395,9.234357,ADM4 row / research sector code 63512029; dated ADM3 parent 6351,
imada,63512028,6351,جمنة الشمالية,Jemna Nord,33.634678,9.202225,ADM4 row / research sector code 63512028; dated ADM3 parent 6351,
imada,63562065,6356,المطروحة,El Matrouha,33.350575,7.84046,ADM4 row / research sector code 63562065; dated ADM3 parent 6356,
imada,63562064,6356,رجيم معتوق,Rejim Mâatoug,33.433026,8.1578,ADM4 row / research sector code 63562064; dated ADM3 parent 6356,
imada,63522043,6352,القتاية,El Gattaya,33.642964,8.880552,ADM4 row / research sector code 63522043; dated ADM3 parent 6352,
imada,63512032,6351,البليدات‫‪,El Blidete,33.634228,8.776467,ADM4 row / research sector code 63512032; dated ADM3 parent 6351,
imada,63512031,6351,‫جرسين‬,Jersine,33.612785,8.731106,ADM4 row / research sector code 63512031; dated ADM3 parent 6351,
imada,63512030,6351,بشلي,Bechelli,33.603186,8.948701,ADM4 row / research sector code 63512030; dated ADM3 parent 6351,
imada,63512033,6351,بن محمد,Beni Mehemed,33.56722,8.888456,ADM4 row / research sector code 63512033; dated ADM3 parent 6351,
imada,63532048,6353,بشري,Bèchri,33.923263,8.685373,ADM4 row / research sector code 63532048; dated ADM3 parent 6353,
imada,63532049,6353,فطناسة,Fatnassa,33.814209,8.590822,ADM4 row / research sector code 63532049; dated ADM3 parent 6353,
imada,63532050,6353,نقة,Negga,33.702458,8.800175,ADM4 row / research sector code 63532050; dated ADM3 parent 6353,
imada,1451284,1451,سيدي عمر,Sidi Amor,36.809399,10.074494,ADM4 row / research sector code 1451284; dated ADM3 parent 1451,
imada,1451283,1451,منوبة الوسطي,Manouba Centre,36.808646,10.102615,ADM4 row / research sector code 1451283; dated ADM3 parent 1451,
imada,1451287,1451,الدندان الجنوبية,Den-Den Sud,36.799961,10.112699,ADM4 row / research sector code 1451287; dated ADM3 parent 1451,
imada,1451285,1451,‫الدندان‬,Den-Den,36.804899,10.112662,ADM4 row / research sector code 1451285; dated ADM3 parent 1451,
imada,1451282,1451,‫منوبة‬,Manouba,36.813383,10.091394,ADM4 row / research sector code 1451282; dated ADM3 parent 1451,
imada,1452290,1452,حي الرياض,Cité Er- Riadh,36.826226,10.074034,ADM4 row / research sector code 1452290; dated ADM3 parent 1452,
imada,1452292,1452,حي الشباب,Cité Ech - Chabeb,36.840991,10.079851,ADM4 row / research sector code 1452292; dated ADM3 parent 1452,
imada,1452291,1452,حي النسيم,Cité Ennassim,36.829604,10.091875,ADM4 row / research sector code 1452291; dated ADM3 parent 1452,
imada,1452289,1452,خالد ابن الوليد,Khaled Ibn El Oualid,36.827344,10.082006,ADM4 row / research sector code 1452289; dated ADM3 parent 1452,
imada,1452288,1452,‫‫دوار‬ ھيشر‬,Douar Hicher,36.821922,10.096568,ADM4 row / research sector code 1452288; dated ADM3 parent 1452,
imada,1453297,1453,النجاة,Ennajet,36.853844,10.056728,ADM4 row / research sector code 1453297; dated ADM3 parent 1453,
imada,63562062,6356,غريب,Gharib,33.27836,8.410054,ADM4 row / research sector code 63562062; dated ADM3 parent 6356,
imada,63562060,6356,صبرية غرب,Sabria Ouest,32.933565,8.470575,ADM4 row / research sector code 63562060; dated ADM3 parent 6356,
imada,63562061,6356,صبرية شرق,Sabria Est,32.884268,8.803393,ADM4 row / research sector code 63562061; dated ADM3 parent 6356,
imada,63562063,6356,قايدمة,Gueïdma,33.40921,8.810153,ADM4 row / research sector code 63562063; dated ADM3 parent 6356,
imada,63569999,6356,بشني ادرجين,Bechni-Eddorjine,33.596311,8.553129,ADM4 row / research sector code 63569999; dated ADM3 parent 6356,
imada,1559375,1559,الهوارية الشمالية,El Haouaria Nord,37.043342,11.027768,ADM4 row / research sector code 1559375; dated ADM3 parent 1559,
imada,1453295,1453,الرياض,Er Riadh,36.827141,9.990353,ADM4 row / research sector code 1453295; dated ADM3 parent 1453,
imada,1453294,1453,السيدة,Es Saida,36.818281,9.977069,ADM4 row / research sector code 1453294; dated ADM3 parent 1453,
imada,1453299,1453,القبعة,El Kobbâa,36.820479,10.061621,ADM4 row / research sector code 1453299; dated ADM3 parent 1453,
imada,1453296,1453,حي الورد,Cité El Ouerd,36.843779,10.006371,ADM4 row / research sector code 1453296; dated ADM3 parent 1453,
imada,1453298,1453,صنهاجة,Sanhaja,36.809523,10.027132,ADM4 row / research sector code 1453298; dated ADM3 parent 1453,
imada,1453293,1453,وادي الليل‬,Oued Ellil,36.83267,10.041513,ADM4 row / research sector code 1453293; dated ADM3 parent 1453,
imada,1559376,1559,الهوارية الجنوبية,El Haouaria Sud,37.001574,11.001896,ADM4 row / research sector code 1559376; dated ADM3 parent 1559,
imada,1451286,1451,قصر سعيد,Ksar - Said,36.815577,10.11114,ADM4 row / research sector code 1451286; dated ADM3 parent 1451,
imada,1559377,1559,صاحب الجبل جنوبية,Saheb El Jebel Nord,36.973522,10.964327,ADM4 row / research sector code 1559377; dated ADM3 parent 1559,
imada,1559378,1559,صاحب الجبل القبلية,Saheb El Jebel Sud,37.023229,10.94361,ADM4 row / research sector code 1559378; dated ADM3 parent 1559,
imada,1558372,1558,دار علوش,Dar Allouch,36.957301,11.061261,ADM4 row / research sector code 1558372; dated ADM3 parent 1558,
imada,1558373,1558,حارة الشعراء,Harat Ech-Choara,36.95999,11.023897,ADM4 row / research sector code 1558373; dated ADM3 parent 1558,
imada,1558371,1558,حمام الغزاز,Hammam El Guezaz,36.884692,11.083057,ADM4 row / research sector code 1558371; dated ADM3 parent 1558,
imada,1558374,1558,وزدرة,Ouezdra,36.895066,11.100163,ADM4 row / research sector code 1558374; dated ADM3 parent 1558,
imada,1456313,1456,شواط,Chaouat,36.908738,9.928627,ADM4 row / research sector code 1456313; dated ADM3 parent 1456,
imada,1559379,1559,بو كريم,Bou Krim,36.950996,10.911454,ADM4 row / research sector code 1559379; dated ADM3 parent 1559,
imada,1559381,1559,تزغران الغربية,Tazaghrane Ouest,36.87823,10.835085,ADM4 row / research sector code 1559381; dated ADM3 parent 1559,
imada,1559382,1559,زاوية المقيز,Zaouiet El Megaiez,36.936442,10.848567,ADM4 row / research sector code 1559382; dated ADM3 parent 1559,
imada,1559380,1559,تزغران الشرقية,Tazaghrane Est,36.900842,10.889788,ADM4 row / research sector code 1559380; dated ADM3 parent 1559,
imada,1456312,1456,الجديدة حشاد,Djedaïda Hached,36.865385,9.930189,ADM4 row / research sector code 1456312; dated ADM3 parent 1456,
imada,1456311,1456,الجديدة,Djedaïda,36.845539,9.914365,ADM4 row / research sector code 1456311; dated ADM3 parent 1456,
imada,1456315,1456,الزهرة,Ez - Zahra,36.822839,9.905199,ADM4 row / research sector code 1456315; dated ADM3 parent 1456,
imada,1456316,1456,الحبيبية,El Habibia,36.809558,9.959908,ADM4 row / research sector code 1456316; dated ADM3 parent 1456,
imada,1456314,1456,المنصورة,El Mansoura,36.78649,9.898902,ADM4 row / research sector code 1456314; dated ADM3 parent 1456,
imada,1557370,1557,قليبية الغربية,Kelibia Ouest,36.828349,11.057096,ADM4 row / research sector code 1557370; dated ADM3 parent 1557,
imada,1557369,1557,قليبية الشرقية,Kelibia Est,36.857479,11.094755,ADM4 row / research sector code 1557369; dated ADM3 parent 1557,
imada,1557367,1557,ملّول,Melloul,36.89934,10.970524,ADM4 row / research sector code 1557367; dated ADM3 parent 1557,
imada,1557368,1557,ازمور,Azmour,36.923148,11.010959,ADM4 row / research sector code 1557368; dated ADM3 parent 1557,
imada,1457317,1457,طبربة,Tebourba,36.822947,9.862475,ADM4 row / research sector code 1457317; dated ADM3 parent 1457,
imada,1457322,1457,الرجاء,Er - Raja,36.845424,9.859526,ADM4 row / research sector code 1457322; dated ADM3 parent 1457,
imada,1457321,1457,احواز طبربة,Banlieue de Tebourba,36.832022,9.825145,ADM4 row / research sector code 1457321; dated ADM3 parent 1457,
imada,1457323,1457,الشويقي,Ech - Chouigui,36.887592,9.807122,ADM4 row / research sector code 1457323; dated ADM3 parent 1457,
imada,1457320,1457,الملاحة,El Mellaha,36.825411,9.608966,ADM4 row / research sector code 1457320; dated ADM3 parent 1457,
imada,1457318,1457,الانصارين,El Ansarine,36.818732,9.684306,ADM4 row / research sector code 1457318; dated ADM3 parent 1457,
imada,1457319,1457,الدخيلة,Edkhila,36.865783,9.697562,ADM4 row / research sector code 1457319; dated ADM3 parent 1457,
imada,1555353,1555,بني عبد العزيز,Beni-Abdelaziz,36.840973,10.976015,ADM4 row / research sector code 1555353; dated ADM3 parent 1555,
imada,1555354,1555,الصقالبة,Skalba,36.794024,10.941102,ADM4 row / research sector code 1555354; dated ADM3 parent 1555,
imada,1555355,1555,علي بلهوان,Ali Belhaouene,36.790932,10.99641,ADM4 row / research sector code 1555355; dated ADM3 parent 1555,
imada,1555356,1555,طيب مهيري,Taieb Mehiri,36.777421,11.00518,ADM4 row / research sector code 1555356; dated ADM3 parent 1555,
imada,1555352,1555,الرعينين,Erainine,36.859736,10.920043,ADM4 row / research sector code 1555352; dated ADM3 parent 1555,
imada,1560386,1560,تاكلسة الشمالية,Takelsa Nord,36.846397,10.632175,ADM4 row / research sector code 1560386; dated ADM3 parent 1560,
imada,1560383,1560,واد العبيد,Oued El Abid,36.854094,10.731651,ADM4 row / research sector code 1560383; dated ADM3 parent 1560,
imada,1560384,1560,بير الزيت,Bir Ezzit,36.789493,10.699545,ADM4 row / research sector code 1560384; dated ADM3 parent 1560,
imada,1560387,1560,تاكلسة الوسطي,Takelsa Centre,36.790616,10.613097,ADM4 row / research sector code 1560387; dated ADM3 parent 1560,
imada,1560385,1560,العريمة,El Arima,36.736253,10.663918,ADM4 row / research sector code 1560385; dated ADM3 parent 1560,
imada,1555351,1555,الوديان,El Ouediane,36.80758,10.819565,ADM4 row / research sector code 1555351; dated ADM3 parent 1555,
imada,1555358,1555,العصفور,El Asfour,36.758012,10.908211,ADM4 row / research sector code 1555358; dated ADM3 parent 1555,
imada,1555357,1555,منزل حر,Menzel Horr,36.740993,10.967685,ADM4 row / research sector code 1555357; dated ADM3 parent 1555,
imada,1555359,1555,لزدين,Lezdine,36.817977,10.888732,ADM4 row / research sector code 1555359; dated ADM3 parent 1555,
imada,1556361,1556,الميدة,El Mida,36.739298,10.850684,ADM4 row / research sector code 1556361; dated ADM3 parent 1556,
imada,1556364,1556,لبنة,Lebna,36.715537,10.92928,ADM4 row / research sector code 1556364; dated ADM3 parent 1556,
imada,1556365,1556,قرشيين,Korchine,36.685346,10.860837,ADM4 row / research sector code 1556365; dated ADM3 parent 1556,
imada,1556363,1556,ام ذويل,Oum Dhouil,36.71471,10.809788,ADM4 row / research sector code 1556363; dated ADM3 parent 1556,
imada,1556362,1556,فرطونة,Fartouna,36.762234,10.777829,ADM4 row / research sector code 1556362; dated ADM3 parent 1556,
imada,1561388,1561,المريسة,El Mraissa,36.774709,10.574925,ADM4 row / research sector code 1561388; dated ADM3 parent 1561,
imada,1561391,1561,سليمان,Soliman,36.718275,10.478329,ADM4 row / research sector code 1561391; dated ADM3 parent 1561,
imada,1561392,1561,سليمان الجنوبية,Soliman Sud,36.693142,10.492198,ADM4 row / research sector code 1561392; dated ADM3 parent 1561,
imada,1458325,1458,برج التومي,Borj Ettoumi,36.760446,9.706405,ADM4 row / research sector code 1458325; dated ADM3 parent 1458,
imada,1562396,1562,منزل بوزلفة الجنوبية,Menzel Bou Zelfa Sud,36.666072,10.631999,ADM4 row / research sector code 1562396; dated ADM3 parent 1562,
imada,1562394,1562,الرحمة,Errahma,36.694823,10.722504,ADM4 row / research sector code 1562394; dated ADM3 parent 1562,
imada,1562393,1562,داموس الهجة,Damous El Hajja,36.736906,10.738473,ADM4 row / research sector code 1562393; dated ADM3 parent 1562,
imada,1562395,1562,منزل بوزلفة الشمالية,Menzel Bou Zelfa Nord,36.694399,10.627709,ADM4 row / research sector code 1562395; dated ADM3 parent 1562,
imada,1562397,1562,منزل بوزلفة الغربية,Menzel Bou Zelfa Ouest,36.708067,10.57722,ADM4 row / research sector code 1562397; dated ADM3 parent 1562,
imada,1458324,1458,البطان,El Battane,36.797192,9.826672,ADM4 row / research sector code 1458324; dated ADM3 parent 1458,
imada,1458327,1458,العروسية,El Aroussia,36.79536,9.749055,ADM4 row / research sector code 1458327; dated ADM3 parent 1458,
imada,1458326,1458,المهرين,Mehrine,36.762844,9.809959,ADM4 row / research sector code 1458326; dated ADM3 parent 1458,
imada,1454306,1454,البساتين,El Bassatine,36.766381,9.940584,ADM4 row / research sector code 1454306; dated ADM3 parent 1454,
imada,1454303,1454,الفجة,El Fejja,36.654732,9.943212,ADM4 row / research sector code 1454303; dated ADM3 parent 1454,
imada,1454304,1454,سيدي علي الحطاب,Sidi Ali El Hattab,36.752885,9.97572,ADM4 row / research sector code 1454304; dated ADM3 parent 1454,
imada,1455310,1455,المساعدين,El Moussadine,36.704275,9.841454,ADM4 row / research sector code 1455310; dated ADM3 parent 1455,
imada,1455307,1455,برج العامري,Borj El Amri,36.729022,9.885338,ADM4 row / research sector code 1455307; dated ADM3 parent 1455,
imada,1455309,1455,برج النور,Borj Ennour,36.689235,9.804019,ADM4 row / research sector code 1455309; dated ADM3 parent 1455,
imada,1455308,1455,منزل حبيب,Menzel Habib,36.638799,9.870258,ADM4 row / research sector code 1455308; dated ADM3 parent 1455,
imada,1454301,1454,20 مارس,20 mars,36.757973,10.000869,ADM4 row / research sector code 1454301; dated ADM3 parent 1454,
imada,14549999,1454,المرناقية الشمالي,Mornaguia Nord,36.754544,10.024161,ADM4 row / research sector code 14549999; dated ADM3 parent 1454,
imada,1454300,1454,المرناقية,Mornaguia,36.771805,10.011055,ADM4 row / research sector code 1454300; dated ADM3 parent 1454,
imada,1454302,1454,بورقبة,Bouragba,36.730196,10.026821,ADM4 row / research sector code 1454302; dated ADM3 parent 1454,
imada,1454305,1454,حميم,HmaIem,36.68397,10.039068,ADM4 row / research sector code 1454305; dated ADM3 parent 1454,
imada,1554350,1554,بو اليدين,Boulidine,36.607788,10.801912,ADM4 row / research sector code 1554350; dated ADM3 parent 1554,
imada,1554343,1554,بن عياش,Beni Ayache,36.661899,10.788237,ADM4 row / research sector code 1554343; dated ADM3 parent 1554,
imada,1554349,1554,بوجريدة,Bou - Jerida,36.605846,10.740864,ADM4 row / research sector code 1554349; dated ADM3 parent 1554,
imada,1554344,1554,قرعة ساسي,Garâet Sassi,36.648292,10.852397,ADM4 row / research sector code 1554344; dated ADM3 parent 1554,
imada,1554345,1554,ديار الحجاج,Diar El Hojaj,36.630485,10.883391,ADM4 row / research sector code 1554345; dated ADM3 parent 1554,
imada,1554346,1554,قربة الشرقية,Korba Est,36.598522,10.853293,ADM4 row / research sector code 1554346; dated ADM3 parent 1554,
imada,1554347,1554,قربة الغربية,Korba Ouest,36.575859,10.83778,ADM4 row / research sector code 1554347; dated ADM3 parent 1554,
imada,1561390,1561,بو شراي,Bou Charray,36.667234,10.522014,ADM4 row / research sector code 1561390; dated ADM3 parent 1561,
imada,1561389,1561,الشريفات,Ech-Cherifet,36.708453,10.537116,ADM4 row / research sector code 1561389; dated ADM3 parent 1561,
imada,1563402,1563,بير دراسن,Bir Drassen,36.625098,10.692057,ADM4 row / research sector code 1563402; dated ADM3 parent 1563,
imada,15639999,1563,بني خلاد الشرقية,Beni Khalled Est,36.651578,10.624401,ADM4 row / research sector code 15639999; dated ADM3 parent 1563,
imada,1563399,1563,بني خلاد الجوفية,Beni Khalled Sud (Toumi),36.629429,10.629211,ADM4 row / research sector code 1563399; dated ADM3 parent 1563,
imada,1563398,1563,بني خلاد الشمالية,Beni Khalled Nord,36.652359,10.580315,ADM4 row / research sector code 1563398; dated ADM3 parent 1563,
imada,1553340,1553,المعمورة,El Maamoura,36.484653,10.812542,ADM4 row / research sector code 1553340; dated ADM3 parent 1553,
imada,1553339,1553,ديار بن سالم,Diar Ben Salem,36.508186,10.793908,ADM4 row / research sector code 1553339; dated ADM3 parent 1553,
imada,1554348,1554,تازركة,Tazerka,36.541663,10.829159,ADM4 row / research sector code 1554348; dated ADM3 parent 1554,
imada,1553338,1553,بني خيار,Beni Khiar,36.507917,10.756626,ADM4 row / research sector code 1553338; dated ADM3 parent 1553,
imada,1553341,1553,صمعة,Somaa,36.553222,10.777977,ADM4 row / research sector code 1553341; dated ADM3 parent 1553,
imada,1553342,1553,حلفة,Halfa,36.576649,10.712707,ADM4 row / research sector code 1553342; dated ADM3 parent 1553,
imada,1551333,1551,الهادي شاكر,Hedi Chaker,36.491244,10.662723,ADM4 row / research sector code 1551333; dated ADM3 parent 1551,
imada,1551329,1551,النور,Ennour,36.475698,10.717675,ADM4 row / research sector code 1551329; dated ADM3 parent 1551,
imada,1551330,1551,بير شلّوف,Bir Challouf,36.461184,10.702703,ADM4 row / research sector code 1551330; dated ADM3 parent 1551,
imada,1551331,1551,نيابوليس,Niapolis,36.441444,10.704308,ADM4 row / research sector code 1551331; dated ADM3 parent 1551,
imada,1551332,1551,الحدائق,El Hadayek,36.448417,10.742556,ADM4 row / research sector code 1551332; dated ADM3 parent 1551,
imada,1551328,1551,الاسواق,El Asouak,36.457765,10.733678,ADM4 row / research sector code 1551328; dated ADM3 parent 1551,
imada,1552337,1552,عمرون,Amroun,36.512541,10.72064,ADM4 row / research sector code 1552337; dated ADM3 parent 1552,
imada,1552334,1552,دار شعبان,Dar Chaabane,36.469809,10.745325,ADM4 row / research sector code 1552334; dated ADM3 parent 1552,
imada,1552335,1552,الفهري,El Fehri,36.45417,10.75884,ADM4 row / research sector code 1552335; dated ADM3 parent 1552,
imada,1552336,1552,الفرينين,El Frinine,36.556794,10.66306,ADM4 row / research sector code 1552336; dated ADM3 parent 1552,
imada,1563400,1563,زاوية الجديدي,Zaouiet Djedidi,36.623945,10.587164,ADM4 row / research sector code 1563400; dated ADM3 parent 1563,
imada,1563401,1563,القبة الكبيرة,Kobba El Kebira,36.601419,10.584883,ADM4 row / research sector code 1563401; dated ADM3 parent 1563,
imada,1565414,1565,برج حفيد,Borj Hefaied,36.494363,10.607198,ADM4 row / research sector code 1565414; dated ADM3 parent 1565,
imada,1565416,1565,بو عرقوب الجنوبية,Bou Argoub Sud,36.500031,10.543738,ADM4 row / research sector code 1565416; dated ADM3 parent 1565,
imada,1565413,1565,المشروحة,El Machrouha,36.528913,10.593841,ADM4 row / research sector code 1565413; dated ADM3 parent 1565,
imada,1565415,1565,بو عرقوب الشمالية,Bou Argoub Nord,36.529331,10.529524,ADM4 row / research sector code 1565415; dated ADM3 parent 1565,
imada,1565412,1565,سيدي الظاهر,Sidi Dhaher,36.553494,10.558195,ADM4 row / research sector code 1565412; dated ADM3 parent 1565,
imada,1565417,1565,بلّي,Belli,36.560339,10.591739,ADM4 row / research sector code 1565417; dated ADM3 parent 1565,
imada,1565418,1565,الخرّوبة,El Kharrouba,36.574023,10.625196,ADM4 row / research sector code 1565418; dated ADM3 parent 1565,
imada,1564409,1564,قرنبالية الغربية,Grombalia Ouest,36.592202,10.467987,ADM4 row / research sector code 1564409; dated ADM3 parent 1564,
imada,1564408,1564,قرنبالية الشرقية,Grombalia Est,36.618329,10.512605,ADM4 row / research sector code 1564408; dated ADM3 parent 1564,
imada,1564406,1564,تركي,Turki,36.569954,10.512642,ADM4 row / research sector code 1564406; dated ADM3 parent 1564,
imada,1564405,1564,نيانو,Nianou,36.601535,10.558941,ADM4 row / research sector code 1564405; dated ADM3 parent 1564,
imada,1566421,1566,بير بورقبة,Bir Bou Regba,36.45282,10.555053,ADM4 row / research sector code 1566421; dated ADM3 parent 1566,
imada,1566423,1566,الحمامات الجوفية,Hammamet Nord,36.435229,10.630341,ADM4 row / research sector code 1566423; dated ADM3 parent 1566,
imada,1566426,1566,المرازقة,Mrezga,36.42199,10.664408,ADM4 row / research sector code 1566426; dated ADM3 parent 1566,
imada,1566424,1566,الحمامات الشرقية,Hammamet Est,36.401197,10.623577,ADM4 row / research sector code 1566424; dated ADM3 parent 1566,
imada,1566425,1566,الحمامات الغربية,Hammamet Ouest,36.410922,10.586444,ADM4 row / research sector code 1566425; dated ADM3 parent 1566,
imada,1566422,1566,براكة الساحل,Baraket Es-Sahel,36.402015,10.536774,ADM4 row / research sector code 1566422; dated ADM3 parent 1566,
imada,15669999,1566,ياسمين الحمامات,Yasmine Hammamet,36.330097,10.510481,ADM4 row / research sector code 15669999; dated ADM3 parent 1566,
imada,1564407,1564,خنقة الحجاج,Khanguet EL Hojjej,36.598218,10.398443,ADM4 row / research sector code 1564407; dated ADM3 parent 1564,
imada,1564404,1564,شماس,Chammes,36.636039,10.470626,ADM4 row / research sector code 1564404; dated ADM3 parent 1564,
imada,1564403,1564,فندق الجديد,Fondouk Djedid,36.666883,10.429365,ADM4 row / research sector code 1564403; dated ADM3 parent 1564,
imada,1564411,1564,عين طبرنق,Aïn Tebournouk,36.536994,10.446905,ADM4 row / research sector code 1564411; dated ADM3 parent 1564,
imada,1564410,1564,جبل طريف,Djebel Terif,36.511737,10.387753,ADM4 row / research sector code 1564410; dated ADM3 parent 1564,
imada,1566419,1566,سيدي الجديدي,Sidi Djedidi,36.424385,10.426758,ADM4 row / research sector code 1566419; dated ADM3 parent 1566,
imada,31611013,3161,السلوم,Esselloum,36.287538,10.475828,ADM4 row / research sector code 31611013; dated ADM3 parent 3161,
imada,31611006,3161,بوفيشة,Bouficha,36.309704,10.453373,ADM4 row / research sector code 31611006; dated ADM3 parent 3161,
imada,31611007,3161,واد الخروب,Oued El Kharroub,36.298883,10.394298,ADM4 row / research sector code 31611007; dated ADM3 parent 3161,
imada,31611008,3161,سيدي خليفة,Sidi Khalifa,36.265926,10.416076,ADM4 row / research sector code 31611008; dated ADM3 parent 3161,
imada,31611011,3161,عين الرحمة,Aïn Errahma,36.222948,10.439437,ADM4 row / research sector code 31611011; dated ADM3 parent 3161,
imada,31611009,3161,الصفحة,Essafha,36.199474,10.354876,ADM4 row / research sector code 31611009; dated ADM3 parent 3161,
imada,31611012,3161,المثاليت,El Methalit,36.192398,10.42032,ADM4 row / research sector code 31611012; dated ADM3 parent 3161,
imada,31611010,3161,سيدي سعيد,Sidi Saïd,36.34844,10.413422,ADM4 row / research sector code 31611010; dated ADM3 parent 3161,
imada,31611014,3161,سيدي مطير,Sidi Mtir,36.355864,10.492697,ADM4 row / research sector code 31611014; dated ADM3 parent 3161,
imada,3160994,3160,الفرادة,El Frada,36.094474,10.322405,ADM4 row / research sector code 3160994; dated ADM3 parent 3160,
imada,31601002,3160,عين مذاكر,Aïn Medhaker,36.185342,10.293152,ADM4 row / research sector code 31601002; dated ADM3 parent 3160,
imada,3160999,3160,تكرونة,Takrouna,36.158445,10.349068,ADM4 row / research sector code 3160999; dated ADM3 parent 3160,
imada,3160998,3160,ولاد عبد الله,Ouled Abdellah,36.150733,10.326677,ADM4 row / research sector code 3160998; dated ADM3 parent 3160,
imada,31601000,3160,منزل فاتح,Menzel Fateh,36.133278,10.320904,ADM4 row / research sector code 31601000; dated ADM3 parent 3160,
imada,3160997,3160,الشقارنية,Chégarnia,36.158566,10.415995,ADM4 row / research sector code 3160997; dated ADM3 parent 3160,
imada,3160993,3160,النفيضة,Enfidha,36.097417,10.404896,ADM4 row / research sector code 3160993; dated ADM3 parent 3160,
imada,32511055,3251,الحلية 2,El Halia 2,35.750107,10.798723,ADM4 row / research sector code 32511055; dated ADM3 parent 3251,
imada,32511054,3251,الحلية,El Helia,35.741706,10.817481,ADM4 row / research sector code 32511054; dated ADM3 parent 3251,
imada,32511053,3251,الربط,Er-Rbat,35.777954,10.824795,ADM4 row / research sector code 32511053; dated ADM3 parent 3251,
imada,32511051,3251,المدينة 2,EL Medina 2,35.757687,10.831964,ADM4 row / research sector code 32511051; dated ADM3 parent 3251,
imada,32511050,3251,المدينة,El Medina,35.769834,10.832945,ADM4 row / research sector code 32511050; dated ADM3 parent 3251,
imada,32511052,3251,باب الغربي,Bab El Gharbi,35.769726,10.818612,ADM4 row / research sector code 32511052; dated ADM3 parent 3251,
imada,32511056,3251,صقانص,Skanes,35.765063,10.753005,ADM4 row / research sector code 32511056; dated ADM3 parent 3251,
imada,32531063,3253,الساحلين الشرقية,Sahline Est,35.735715,10.743201,ADM4 row / research sector code 32531063; dated ADM3 parent 3253,
imada,32531064,3253,الساحلين الغربية,Sahline Ouest,35.755172,10.698154,ADM4 row / research sector code 32531064; dated ADM3 parent 3253,
imada,32531066,3253,معتمر,Mootmar,35.742132,10.681372,ADM4 row / research sector code 32531066; dated ADM3 parent 3253,
imada,32519999,3251,خنيس الشمالية,Khnis Nord,35.723032,10.785804,ADM4 row / research sector code 32519999; dated ADM3 parent 3251,
imada,32511057,3251,خنيس,Khenis,35.702887,10.819397,ADM4 row / research sector code 32511057; dated ADM3 parent 3251,
imada,3159992,3159,السويح,Essouieh,36.035727,10.40915,ADM4 row / research sector code 3159992; dated ADM3 parent 3159,
imada,3159991,3159,العريبات,El Aribet,36.025442,10.46468,ADM4 row / research sector code 3159991; dated ADM3 parent 3159,
imada,3159990,3159,هرقلة,Hergla,36.021695,10.491305,ADM4 row / research sector code 3159990; dated ADM3 parent 3159,
imada,3160995,3160,قريمات الشرقية,Gerimet est,36.0982,10.268458,ADM4 row / research sector code 3160995; dated ADM3 parent 3160,
imada,31601003,3160,هيشر,Hicher,36.123866,10.222139,ADM4 row / research sector code 31601003; dated ADM3 parent 3160,
imada,31601001,3160,القارصي,El Garci,36.146618,10.256242,ADM4 row / research sector code 31601001; dated ADM3 parent 3160,
imada,3160996,3160,قريمات الغربية,Gerimet Ouest,36.068392,10.233985,ADM4 row / research sector code 3160996; dated ADM3 parent 3160,
imada,31601005,3160,مرابط حشاد,Mrabet Hached,36.055073,10.285972,ADM4 row / research sector code 31601005; dated ADM3 parent 3160,
imada,31601004,3160,منزل دار بلواعر,Menzel Dar Belouar,36.033972,10.331982,ADM4 row / research sector code 31601004; dated ADM3 parent 3160,
imada,31621021,3162,اولاد عامر,Ouled Ameur,36.014848,10.284517,ADM4 row / research sector code 31621021; dated ADM3 parent 3162,
imada,31621020,3162,قماطة,Gmata,35.961383,10.331849,ADM4 row / research sector code 31621020; dated ADM3 parent 3162,
imada,31621019,3162,اولاد العابد,Ouled El Abed,35.97922,10.285718,ADM4 row / research sector code 31621019; dated ADM3 parent 3162,
imada,31621015,3162,كندار,Kondar,35.933321,10.290257,ADM4 row / research sector code 31621015; dated ADM3 parent 3162,
imada,31621016,3162,بير الجديد,Bir El Jedid,35.871471,10.206184,ADM4 row / research sector code 31621016; dated ADM3 parent 3162,
imada,31621018,3162,بشاشمة,Bechachma,35.809636,10.193158,ADM4 row / research sector code 31621018; dated ADM3 parent 3162,
imada,3158989,3158,مهاذبة,Mehadhba,35.988631,10.438805,ADM4 row / research sector code 3158989; dated ADM3 parent 3158,
imada,3158988,3158,منزل المحطة,Menzel EL Mahatta,36.002062,10.356926,ADM4 row / research sector code 3158988; dated ADM3 parent 3158,
imada,3158987,3158,وريمة,Ouriemma,35.928342,10.459743,ADM4 row / research sector code 3158987; dated ADM3 parent 3158,
imada,3156975,3156,الفقاعية,El Fokaïa,35.942118,10.523941,ADM4 row / research sector code 3156975; dated ADM3 parent 3156,
imada,3156973,3156,شط مريم,Chott Meriam,35.934113,10.546299,ADM4 row / research sector code 3156973; dated ADM3 parent 3156,
imada,3156976,3156,الطنطانة,Ettantana,35.90969,10.563971,ADM4 row / research sector code 3156976; dated ADM3 parent 3156,
imada,3156972,3156,اكودة الغربية,Akouda Ouest,35.882728,10.557762,ADM4 row / research sector code 3156972; dated ADM3 parent 3156,
imada,3156971,3156,اكودة الشرقية,Akouda Est,35.875736,10.573562,ADM4 row / research sector code 3156971; dated ADM3 parent 3156,
imada,3156974,3156,شط الرمان,Chott Er-Romane,35.853789,10.553179,ADM4 row / research sector code 3156974; dated ADM3 parent 3156,
imada,63532047,6353,الزوايا,Ezzaouaïa,33.999559,8.759407,ADM4 row / research sector code 63532047; dated ADM3 parent 6353,
imada,3155967,3155,القنطاوي,El Kantaoui,35.889248,10.586915,ADM4 row / research sector code 3155967; dated ADM3 parent 3155,
imada,3155968,3155,بير موسي,Bir Moussa,35.865542,10.601326,ADM4 row / research sector code 3155968; dated ADM3 parent 3155,
imada,3155966,3155,المدينة,EL Medina,35.860833,10.589456,ADM4 row / research sector code 3155966; dated ADM3 parent 3155,
imada,3155970,3155,الغرابي,El Gharabi,35.856213,10.583606,ADM4 row / research sector code 3155970; dated ADM3 parent 3155,
imada,3155969,3155,سهلول,Sahloul,35.847823,10.57922,ADM4 row / research sector code 3155969; dated ADM3 parent 3155,
imada,63532046,6353,ام السمعة,Oum Essoumâa,33.965009,8.854035,ADM4 row / research sector code 63532046; dated ADM3 parent 6353,
imada,63532045,6353,بو عبدالله,Bou Abdellah,34.005704,8.980833,ADM4 row / research sector code 63532045; dated ADM3 parent 6353,
imada,63532044,6353,المنشية,El Menchia,33.912691,9.01825,ADM4 row / research sector code 63532044; dated ADM3 parent 6353,
imada,32621117,3262,قصيبة المديوني,Ksibet El Mediouni,35.68614,10.838517,ADM4 row / research sector code 32621117; dated ADM3 parent 3262,
imada,3151950,3151,خزامة,Khezama,35.85299,10.614675,ADM4 row / research sector code 3151950; dated ADM3 parent 3151,
imada,3153957,3153,وادي بليبان,Oued Blibane,35.844095,10.607051,ADM4 row / research sector code 3153957; dated ADM3 parent 3153,
imada,3153961,3153,محمد القروي,Mohamed El Karoui,35.834572,10.624509,ADM4 row / research sector code 3153961; dated ADM3 parent 3153,
imada,3153958,3153,حشاد,Hached,35.828144,10.618064,ADM4 row / research sector code 3153958; dated ADM3 parent 3153,
imada,31539999,3153,سهلول,Sahloul,35.835098,10.597896,ADM4 row / research sector code 31539999; dated ADM3 parent 3153,
imada,3153960,3153,بو حسينة,Bou Hassina,35.820574,10.610273,ADM4 row / research sector code 3153960; dated ADM3 parent 3153,
imada,3153959,3153,الهادي شاكر,Hédi Chaker,35.813011,10.62011,ADM4 row / research sector code 3153959; dated ADM3 parent 3153,
imada,3154962,3154,الطيب المهيري,Taieb Mhiri,35.806356,10.62813,ADM4 row / research sector code 3154962; dated ADM3 parent 3154,
imada,3154963,3154,ابن خلدون,Ibn Khaldoun,35.805589,10.640101,ADM4 row / research sector code 3154963; dated ADM3 parent 3154,
imada,3151948,3151,علي بلهوان,Ali Belhouan,35.815619,10.644243,ADM4 row / research sector code 3151948; dated ADM3 parent 3151,
imada,3151949,3151,محمد معروف,Mohamed Mâarouf,35.82919,10.640091,ADM4 row / research sector code 3151949; dated ADM3 parent 3151,
imada,3154965,3154,سيدي عبد الحميد,Sidi Abdelhamid,35.795076,10.669149,ADM4 row / research sector code 3154965; dated ADM3 parent 3154,
imada,3154964,3154,قصيبة الشط,Ksibet Ech-Chatt,35.788929,10.659974,ADM4 row / research sector code 3154964; dated ADM3 parent 3154,
imada,32531065,3253,سيدي عامر,Sidi Ameur,35.733078,10.699753,ADM4 row / research sector code 32531065; dated ADM3 parent 3253,
imada,32531067,3253,مسجد عيسي,Masjed Aïssa,35.717106,10.718151,ADM4 row / research sector code 32531067; dated ADM3 parent 3253,
imada,63549999,6354,العبادلة,El Abadla,33.509903,9.293129,ADM4 row / research sector code 63549999; dated ADM3 parent 6354,
imada,63542051,6354,دوز الشرقية,Douz Est,33.288047,9.565316,ADM4 row / research sector code 63542051; dated ADM3 parent 6354,
imada,63542054,6354,العوينة الجنوبية,El Aouina Sud,33.076265,9.530259,ADM4 row / research sector code 63542054; dated ADM3 parent 6354,
imada,63542053,6354,العوينة الشمالية,El Aouina Nord,33.125591,9.594294,ADM4 row / research sector code 63542053; dated ADM3 parent 6354,
imada,32521059,3252,الوردانين الجنوبية,Ouerdaninie Sud,35.695165,10.663399,ADM4 row / research sector code 32521059; dated ADM3 parent 3252,
imada,32521058,3252,الوردانين الشمالية,Ouerdanine Nord,35.72428,10.655846,ADM4 row / research sector code 32521058; dated ADM3 parent 3252,
imada,32521061,3252,سيدي بو عثمان,Sidi Bou Othman,35.677263,10.695033,ADM4 row / research sector code 32521061; dated ADM3 parent 3252,
imada,32521060,3252,منزل خير,Menzel Khair,35.69567,10.708926,ADM4 row / research sector code 32521060; dated ADM3 parent 3252,
imada,32521062,3252,وادي الجبس,Oued El Jebs,35.674716,10.671567,ADM4 row / research sector code 32521062; dated ADM3 parent 3252,
imada,63552058,6355,نويل الشمالية,Nouil Nord,33.506986,8.883514,ADM4 row / research sector code 63552058; dated ADM3 parent 6355,
imada,63552059,6355,نويل الجنوبية,Nouil Sud,33.473677,8.900778,ADM4 row / research sector code 63552059; dated ADM3 parent 6355,
imada,63552056,6355,العذارة,El Adhara,32.957508,9.046159,ADM4 row / research sector code 63552056; dated ADM3 parent 6355,
imada,63552057,6355,غليسية,Ghelissia,32.980645,9.232423,ADM4 row / research sector code 63552057; dated ADM3 parent 6355,
imada,63552055,6355,دوز الغربية,Douz Ouest,33.009209,9.456555,ADM4 row / research sector code 63552055; dated ADM3 parent 6355,
imada,3157980,3157,ولاد محمد,Ouled Mhamed,35.857399,10.458334,ADM4 row / research sector code 3157980; dated ADM3 parent 3157,
imada,3157977,3157,الجرابعة,El Jarabâa,35.83403,10.482664,ADM4 row / research sector code 3157977; dated ADM3 parent 3157,
imada,3157979,3157,زعارنة الشرقية,Zearna Est,35.900128,10.514878,ADM4 row / research sector code 3157979; dated ADM3 parent 3157,
imada,3157982,3157,بلعوم,Balaoum,35.850976,10.372658,ADM4 row / research sector code 3157982; dated ADM3 parent 3157,
imada,32571091,3257,المصدور,El Masdour,35.67372,10.732036,ADM4 row / research sector code 32571091; dated ADM3 parent 3257,
imada,32571092,3257,منزل حرب,Menzel Harb,35.70069,10.742667,ADM4 row / research sector code 32571092; dated ADM3 parent 3257,
imada,63542052,6354,القلعة,El Golaa,33.494968,8.995303,ADM4 row / research sector code 63542052; dated ADM3 parent 6354,
imada,3158983,3158,سيدي بو علي,Sidi Bou Ali,35.958598,10.486001,ADM4 row / research sector code 3158983; dated ADM3 parent 3158,
imada,3158984,3158,السد القبلي,Essed Sud,35.934094,10.429773,ADM4 row / research sector code 3158984; dated ADM3 parent 3158,
imada,3158986,3158,الشويشة,Ech-Chouicha,35.966581,10.380144,ADM4 row / research sector code 3158986; dated ADM3 parent 3158,
imada,32571089,3257,المنارة,El Manara,35.689988,10.767565,ADM4 row / research sector code 32571089; dated ADM3 parent 3257,
imada,32571088,3257,بنبلة الغربية,Bembla Ouest,35.680194,10.788519,ADM4 row / research sector code 32571088; dated ADM3 parent 3257,
imada,32571087,3257,بنبلة,Bembla,35.702629,10.792193,ADM4 row / research sector code 32571087; dated ADM3 parent 3257,
imada,3157981,3157,السد الغربي,Essed Ouest,35.9217,10.385833,ADM4 row / research sector code 3157981; dated ADM3 parent 3157,
imada,32571090,3257,منزل النور,Menzel En-Nour,35.663807,10.77126,ADM4 row / research sector code 32571090; dated ADM3 parent 3257,
imada,3152951,3166,زاوية سوسة,Zaouiet Sousse,35.785005,10.61872,ADM4 row / research sector code 3152951; dated ADM3 parent 3166,
imada,31651049,3165,واد لاية,Oued Leya,35.785877,10.422957,ADM4 row / research sector code 31651049; dated ADM3 parent 3165,
imada,31651048,3165,النقر,En-Nagr,35.800514,10.49974,ADM4 row / research sector code 31651048; dated ADM3 parent 3165,
imada,31651046,3165,القلعة الصغري حشاد,Kalâa Seghira Hached,35.830318,10.530825,ADM4 row / research sector code 31651046; dated ADM3 parent 3165,
imada,31651047,3165,القلعة الصغري المدينة,Kalâa Seghira Ville,35.805934,10.544776,ADM4 row / research sector code 31651047; dated ADM3 parent 3165,
imada,31651045,3165,القلعة الصغري الشرقية,Kalâa Seghira Est,35.820833,10.572484,ADM4 row / research sector code 31651045; dated ADM3 parent 3165,
imada,3157978,3157,زعارنة الغربية,Zearna Ouest,35.888226,10.457716,ADM4 row / research sector code 3157978; dated ADM3 parent 3157,
imada,63522039,6352,‫اسفطميمية‬ ‫ليماقس‬,Limagues Estiffimia,33.937617,9.166465,ADM4 row / research sector code 63522039; dated ADM3 parent 6352,
imada,63522042,6352,‫سعيدان‬,Saïdane,33.74488,9.25753,ADM4 row / research sector code 63522042; dated ADM3 parent 6352,
imada,1651431,1651,مقرن,Mograne,36.429414,10.102692,ADM4 row / research sector code 1651431; dated ADM3 parent 1651,
imada,1651430,1651,بئر حليمة,Bir Halima,36.358401,10.052528,ADM4 row / research sector code 1651430; dated ADM3 parent 1651,
imada,1651435,1651,واد الزيت,Oued Ezzit,36.41497,10.330211,ADM4 row / research sector code 1651435; dated ADM3 parent 1651,
imada,1651434,1651,واد الرمل,Oued Erremel,36.414709,10.262409,ADM4 row / research sector code 1651434; dated ADM3 parent 1651,
imada,1651433,1651,العيثة,El Aïtha,36.40223,10.195767,ADM4 row / research sector code 1651433; dated ADM3 parent 1651,
imada,1651432,1651,جيملة,Jimla,36.472833,10.196249,ADM4 row / research sector code 1651432; dated ADM3 parent 1651,
imada,1651428,1651,زغوان الشمالية,Zaghouan Nord,36.411384,10.139864,ADM4 row / research sector code 1651428; dated ADM3 parent 1651,
imada,1651427,1651,زغوان المدينة,Zaghouan Ville,36.396911,10.14151,ADM4 row / research sector code 1651427; dated ADM3 parent 1651,
imada,1651429,1651,زغوان الجنوبية,Zaghouan Sud,36.402791,10.159815,ADM4 row / research sector code 1651429; dated ADM3 parent 1651,
imada,32621120,3262,بنان الجوفية,Benen Nord,35.677627,10.821666,ADM4 row / research sector code 32621120; dated ADM3 parent 3262,
imada,32621119,3262,بنان القبلية,Benen Sud,35.666425,10.844316,ADM4 row / research sector code 32621119; dated ADM3 parent 3262,
imada,32621121,3262,بوضر,Bodher,35.656268,10.816253,ADM4 row / research sector code 32621121; dated ADM3 parent 3262,
imada,32631125,3263,بوحجر,Bou-hjar,35.669288,10.863731,ADM4 row / research sector code 32631125; dated ADM3 parent 3263,
imada,32631124,3263,لمطة,Lamta,35.670432,10.879461,ADM4 row / research sector code 32631124; dated ADM3 parent 3263,
imada,63512026,6351,قبلي الجنوبية,Kebili Sud,33.710458,9.026925,ADM4 row / research sector code 63512026; dated ADM3 parent 6351,
imada,63522035,6352,‫الشمالية‬ ‫قبلي‬,Kebeli Nord,33.726115,9.004609,ADM4 row / research sector code 63522035; dated ADM3 parent 6352,
imada,63522036,6352,‫المنصورة‬,El Mansoura,33.730385,8.957197,ADM4 row / research sector code 63522036; dated ADM3 parent 6352,
imada,63522040,6352,‫تلمين‬,Telmine,33.705665,8.909597,ADM4 row / research sector code 63522040; dated ADM3 parent 6352,
imada,63512034,6351,‫جنعورة‬,Janoura,33.671855,8.969169,ADM4 row / research sector code 63512034; dated ADM3 parent 6351,
imada,63522037,6352,‫الرابطة‬,Errabta,33.735744,8.928712,ADM4 row / research sector code 63522037; dated ADM3 parent 6352,
imada,63522041,6352,‫تنبيب‬,Tenbib,33.710301,8.895717,ADM4 row / research sector code 63522041; dated ADM3 parent 6352,
imada,63522038,6352,‫طنبار‬,Tonbar,33.736283,8.901627,ADM4 row / research sector code 63522038; dated ADM3 parent 6352,
imada,63512027,6351,‫بازمة‬,Bazma,33.66593,9.042647,ADM4 row / research sector code 63512027; dated ADM3 parent 6351,
imada,63529999,6352,قبلي الشرقية,Kebeli Est,33.732466,8.981352,ADM4 row / research sector code 63529999; dated ADM3 parent 6352,
imada,32631122,3263,صيادة الشرقية,Sayada Est,35.666069,10.90967,ADM4 row / research sector code 32631122; dated ADM3 parent 3263,
imada,32631123,3263,صيادة الغربية,Sayada Ouest,35.659591,10.906856,ADM4 row / research sector code 32631123; dated ADM3 parent 3263,
imada,32611115,3261,بوزويتة,Bouzouita,35.625063,10.86357,ADM4 row / research sector code 32611115; dated ADM3 parent 3261,
imada,32611116,3261,حي الرياض,Cité Erriadh,35.651808,10.857378,ADM4 row / research sector code 32611116; dated ADM3 parent 3261,
imada,32611114,3261,صوة,Soua,35.640696,10.86462,ADM4 row / research sector code 32611114; dated ADM3 parent 3261,
imada,32611113,3261,قصرهلال,Ayed,35.652079,10.895951,ADM4 row / research sector code 32611113; dated ADM3 parent 3261,
imada,34651340,3465,عيثة الشلايا,Aïthet Chelaia,34.618923,10.482446,ADM4 row / research sector code 34651340; dated ADM3 parent 3465,
imada,34651338,3465,‫الشفار‬,Chaffar,34.578086,10.563302,ADM4 row / research sector code 34651338; dated ADM3 parent 3465,
imada,1654457,1654,الفحص,El Fahs,36.359738,9.903431,ADM4 row / research sector code 1654457; dated ADM3 parent 1654,
imada,1654452,1654,احواز الفحص,Banlieu D el Fahs,36.378503,9.919548,ADM4 row / research sector code 1654452; dated ADM3 parent 1654,
imada,1654463,1654,وادي الخضراء,Oued El Khadhra,36.35437,9.977267,ADM4 row / research sector code 1654463; dated ADM3 parent 1654,
imada,1654460,1654,بنت سعيدان,Bent Saïdane,36.255306,9.95098,ADM4 row / research sector code 1654460; dated ADM3 parent 1654,
imada,1654453,1654,جوقار,Jouguar,36.261589,10.031859,ADM4 row / research sector code 1654453; dated ADM3 parent 1654,
imada,1654459,1654,الغريفات,El Ghrifet,36.422131,9.844753,ADM4 row / research sector code 1654459; dated ADM3 parent 1654,
imada,34651336,3465,‫المحرس‬,Mahrès,34.544602,10.51785,ADM4 row / research sector code 34651336; dated ADM3 parent 3465,
imada,34651339,3465,سيدي غريب,Sidi Ghrib,34.492713,10.376668,ADM4 row / research sector code 34651339; dated ADM3 parent 3465,
imada,34651341,3465,‫السمارة‬,Es-Smara,34.449876,10.318044,ADM4 row / research sector code 34651341; dated ADM3 parent 3465,
imada,34651337,3465,المحرس الجنوبية,Mahres Sud,34.564205,10.423358,ADM4 row / research sector code 34651337; dated ADM3 parent 3465,
imada,1653448,1653,جبل الوسط,Jebel Ouest,36.560571,10.067306,ADM4 row / research sector code 1653448; dated ADM3 parent 1653,
imada,1653451,1653,عين عسكر,Aïn Asker,36.588899,9.973321,ADM4 row / research sector code 1653451; dated ADM3 parent 1653,
imada,1653449,1653,عين الصفصاف,Aïn Essafsaf,36.51118,10.14246,ADM4 row / research sector code 1653449; dated ADM3 parent 1653,
imada,34621316,3462,‫الشعال‬,El Châal,34.562262,10.33685,ADM4 row / research sector code 34621316; dated ADM3 parent 3462,
imada,34621312,3462,‫الغريبة‬,EL Ghraiba,34.553781,10.251537,ADM4 row / research sector code 34621312; dated ADM3 parent 3462,
imada,34621315,3462,الحشيشنة الشمالية‬,Hchichina Nord,34.541703,10.152195,ADM4 row / research sector code 34621315; dated ADM3 parent 3462,
imada,34621313,3462,‫المنار‬,El Manar,34.465782,10.240981,ADM4 row / research sector code 34621313; dated ADM3 parent 3462,
imada,31641033,3164,المردين,Mouredine,35.770352,10.524922,ADM4 row / research sector code 31641033; dated ADM3 parent 3164,
imada,31641036,3164,الكنايس,El Kenaïes,35.663939,10.482825,ADM4 row / research sector code 31641036; dated ADM3 parent 3164,
imada,31641032,3164,حبيب ثامر,Habib Thameur,35.7319,10.47347,ADM4 row / research sector code 31641032; dated ADM3 parent 3164,
imada,31641029,3164,التوارة الجنوبية,Ettouara Sud,35.730374,10.584729,ADM4 row / research sector code 31641029; dated ADM3 parent 3164,
imada,31641030,3164,الجديدين,Jedidine,35.756682,10.572917,ADM4 row / research sector code 31641030; dated ADM3 parent 3164,
imada,31641038,3164,النور,Ennour,35.739026,10.605819,ADM4 row / research sector code 31641038; dated ADM3 parent 3164,
imada,31641028,3164,التوارة الشمالية,Ettouara Nord,35.749214,10.598369,ADM4 row / research sector code 31641028; dated ADM3 parent 3164,
imada,31641037,3164,القبليين,El Kebline,35.711409,10.620064,ADM4 row / research sector code 31641037; dated ADM3 parent 3164,
imada,31641034,3164,مناعمة,Mneaema,35.704198,10.512639,ADM4 row / research sector code 31641034; dated ADM3 parent 3164,
imada,31641043,3164,النجاجرة,Nejajra,35.694077,10.595303,ADM4 row / research sector code 31641043; dated ADM3 parent 3164,
imada,31641042,3164,بني كلثوم,Béni Khalthoum,35.678121,10.607409,ADM4 row / research sector code 31641042; dated ADM3 parent 3164,
imada,31641041,3164,بني ربيعة,Beni Rabïaa,35.675194,10.570666,ADM4 row / research sector code 31641041; dated ADM3 parent 3164,
imada,31641040,3164,البرجين,Borgine,35.63972,10.549016,ADM4 row / research sector code 31641040; dated ADM3 parent 3164,
imada,31641039,3164,الفرادي,El Frady,35.580158,10.515335,ADM4 row / research sector code 31641039; dated ADM3 parent 3164,
imada,34621314,3462,الحشيشنة الجنوبية,El Hchichina Sud,34.433091,10.179086,ADM4 row / research sector code 34621314; dated ADM3 parent 3462,
imada,32581095,3258,المكنين الجوفية,Moknine Nord,35.633574,10.899451,ADM4 row / research sector code 32581095; dated ADM3 parent 3258,
imada,32581093,3258,المكنين الشرقية,Moknine Est,35.624865,10.922368,ADM4 row / research sector code 32581093; dated ADM3 parent 3258,
imada,32581097,3258,المكنين الغربية,Moknine Ouest,35.631911,10.889255,ADM4 row / research sector code 32581097; dated ADM3 parent 3258,
imada,32581094,3258,المكنين القبلية,Moknine Sud,35.5774,10.90793,ADM4 row / research sector code 32581094; dated ADM3 parent 3258,
imada,32581098,3258,خير الدين,Khéredine,35.60318,10.86771,ADM4 row / research sector code 32581098; dated ADM3 parent 3258,
imada,32581096,3258,راس الوادي,Ras El Ouad,35.641412,10.914867,ADM4 row / research sector code 32581096; dated ADM3 parent 3258,
imada,34641335,3464,‫الحمادة‬,El Hammada,34.406087,10.117424,ADM4 row / research sector code 34641335; dated ADM3 parent 3464,
imada,34641334,3464,سيدي محمد,Sidi Mohamed,34.438524,10.01771,ADM4 row / research sector code 34641334; dated ADM3 parent 3464,
imada,34641332,3464,‫الصخيرة‬,Skhira,34.301005,10.033283,ADM4 row / research sector code 34641332; dated ADM3 parent 3464,
imada,34641331,3464,‫نوال‬,Naoual,34.358057,9.864879,ADM4 row / research sector code 34641331; dated ADM3 parent 3464,
imada,34641329,3464,‫صبيح‬,Sbih,34.27681,9.904296,ADM4 row / research sector code 34641329; dated ADM3 parent 3464,
imada,34641333,3464,‫القنيطرة‬,El Kenitra,34.275804,9.964467,ADM4 row / research sector code 34641333; dated ADM3 parent 3464,
imada,34641330,3464,‫الخضراء‬,El Khadhra,34.245551,9.835907,ADM4 row / research sector code 34641330; dated ADM3 parent 3464,
imada,32601111,3260,السكرين,Sokrine,35.653023,10.959065,ADM4 row / research sector code 32601111; dated ADM3 parent 3260,
imada,32601110,3260,العيايشة,El Aïaïcha,35.627575,10.958171,ADM4 row / research sector code 32601110; dated ADM3 parent 3260,
imada,32601109,3260,الفضلين,El Fadhline,35.640519,10.98438,ADM4 row / research sector code 32601109; dated ADM3 parent 3260,
imada,32601112,3260,بودريس,Bou-driss,35.644407,10.943292,ADM4 row / research sector code 32601112; dated ADM3 parent 3260,
imada,32601108,3260,حومة السوق,Houmet Essouk,35.643137,10.974597,ADM4 row / research sector code 32601108; dated ADM3 parent 3260,
imada,32591107,3259,البغدادي,El Baghdadi,35.570248,11.014591,ADM4 row / research sector code 32591107; dated ADM3 parent 3259,
imada,32591106,3259,البقالطة الجنوبية,Bekalta Sud,35.59741,10.99865,ADM4 row / research sector code 32591106; dated ADM3 parent 3259,
imada,32599999,3259,البقالطة الشرقية,Bekalta Est,35.609583,11.029578,ADM4 row / research sector code 32599999; dated ADM3 parent 3259,
imada,32591105,3259,البقالطة الشمالية,Bekalta Nord,35.627415,11.000676,ADM4 row / research sector code 32591105; dated ADM3 parent 3259,
imada,32581099,3258,سيدي بنور,Sidi Bennour,35.526796,10.904207,ADM4 row / research sector code 32581099; dated ADM3 parent 3258,
imada,1653447,1653,سمنجة,Smenja,36.441909,10.000312,ADM4 row / research sector code 1653447; dated ADM3 parent 1653,
imada,1653445,1653,بئر مشارقة المحطة,Bir Mchergua Gare,36.494402,10.047572,ADM4 row / research sector code 1653445; dated ADM3 parent 1653,
imada,1653446,1653,دلائل العروس,Daleil El Arous,36.505547,9.88745,ADM4 row / research sector code 1653446; dated ADM3 parent 1653,
imada,1653444,1653,بئر مشارقة,Bir Mchergua,36.509308,9.959681,ADM4 row / research sector code 1653444; dated ADM3 parent 1653,
imada,1653450,1653,بوشة,Boucha,36.498855,9.812045,ADM4 row / research sector code 1653450; dated ADM3 parent 1653,
imada,32621118,3262,طوزة,Touza,35.623347,10.8307,ADM4 row / research sector code 32621118; dated ADM3 parent 3262,
imada,32561082,3256,زاوية قنطش,Zaouiet Kontoch,35.644698,10.762617,ADM4 row / research sector code 32561082; dated ADM3 parent 3256,
imada,31621017,3162,بلالمة,Belalma,35.907889,10.245393,ADM4 row / research sector code 31621017; dated ADM3 parent 3162,
imada,31641044,3164,المسعدين,Messâdine,35.764,10.600657,ADM4 row / research sector code 31641044; dated ADM3 parent 3164,
imada,3152952,3166,قصيبة سوسة,Ksibet Sousse,35.758644,10.627878,ADM4 row / research sector code 3152952; dated ADM3 parent 3166,
imada,3152953,3166,الثريات,Thrayat,35.757588,10.658014,ADM4 row / research sector code 3152953; dated ADM3 parent 3166,
imada,1652438,1652,الزريبة الحمام الجنوبية,Ez-Zeriba Hammam Sud,36.317858,10.202713,ADM4 row / research sector code 1652438; dated ADM3 parent 1652,
imada,1652443,1652,عين الباطريية,Aïn El Batria,36.272238,10.256767,ADM4 row / research sector code 1652443; dated ADM3 parent 1652,
imada,1652436,1652,الجوف الشرقية,El Jouf Est,36.34001,10.155611,ADM4 row / research sector code 1652436; dated ADM3 parent 1652,
imada,1652437,1652,الجوف الغربية,El Jouf Ouest,36.295724,10.101427,ADM4 row / research sector code 1652437; dated ADM3 parent 1652,
imada,1652442,1652,جرادو,Jeradou,36.267451,10.333477,ADM4 row / research sector code 1652442; dated ADM3 parent 1652,
imada,1652441,1652,بوعشير,Bou Achir,36.331708,10.325567,ADM4 row / research sector code 1652441; dated ADM3 parent 1652,
imada,3152956,3152,العهد الجديد,Hammam Maarouf Erriadh,35.810689,10.595935,ADM4 row / research sector code 3152956; dated ADM3 parent 3152,
imada,3152955,3152,حي الرياض,Cité Er-Riadh,35.799839,10.591834,ADM4 row / research sector code 3152955; dated ADM3 parent 3152,
imada,1652439,1652,الزريبة الحمام الشمالية,Ez-Zriba Hammam Nord,36.3634,10.229827,ADM4 row / research sector code 1652439; dated ADM3 parent 1652,
imada,1652440,1652,الزريبة القرية,Ez-Zeriba Village,36.328654,10.259803,ADM4 row / research sector code 1652440; dated ADM3 parent 1652,
imada,31631024,3163,سيدي الهاني الجنوبية,Sidi El Heni Sud,35.651607,10.343824,ADM4 row / research sector code 31631024; dated ADM3 parent 3163,
imada,31631025,3163,اولاد علي بالهاني,Ouled Ali Belhani,35.705282,10.353363,ADM4 row / research sector code 31631025; dated ADM3 parent 3163,
imada,31631026,3163,كروسية الغربية,Kroussia Ouest,35.767835,10.269454,ADM4 row / research sector code 31631026; dated ADM3 parent 3163,
imada,31631022,3163,سيدي الهاني المركزية,Sidi El Héni Centre,35.705726,10.295871,ADM4 row / research sector code 31631022; dated ADM3 parent 3163,
imada,31631027,3163,كروسية المركزية,Kroussia Centrale,35.750443,10.354961,ADM4 row / research sector code 31631027; dated ADM3 parent 3163,
imada,32561086,3256,الطيايرة,Et-Teyaïra,35.569406,10.772265,ADM4 row / research sector code 32561086; dated ADM3 parent 3256,
imada,32561079,3256,جمال الجوفية,Jamel Nord,35.631225,10.728344,ADM4 row / research sector code 32561079; dated ADM3 parent 3256,
imada,32561080,3256,جمال الشرقية,Jamel Est,35.6175,10.795802,ADM4 row / research sector code 32561080; dated ADM3 parent 3256,
imada,32561081,3256,جمال الغربية,Jamel Ouest,35.606284,10.743733,ADM4 row / research sector code 32561081; dated ADM3 parent 3256,
imada,32561078,3256,جمال القبلية,Jamel Sud,35.604315,10.771671,ADM4 row / research sector code 32561078; dated ADM3 parent 3256,
imada,32551074,3255,بني حسان الجوفية,Beni Hassen Nord,35.579154,10.805917,ADM4 row / research sector code 32551074; dated ADM3 parent 3255,
imada,32551073,3255,بني حسان القبلية,Beni Hassen Sud,35.551854,10.815322,ADM4 row / research sector code 32551073; dated ADM3 parent 3255,
imada,1654462,1654,العمايم الجنوبية,El Amiem Sud,36.284681,9.863699,ADM4 row / research sector code 1654462; dated ADM3 parent 1654,
imada,1654461,1654,العمايم الشمالية,El Amiem Nord,36.3283,9.876307,ADM4 row / research sector code 1654461; dated ADM3 parent 1654,
imada,1654454,1654,بئر مقرة,Bir Magra,36.329017,9.770825,ADM4 row / research sector code 1654454; dated ADM3 parent 1654,
imada,1654464,1654,تليل الصالحي,Telil Essalhi,36.265382,9.691222,ADM4 row / research sector code 1654464; dated ADM3 parent 1654,
imada,32541071,3254,زرمدين الشمالية,Zéramdine Nord,35.584538,10.69062,ADM4 row / research sector code 32541071; dated ADM3 parent 3254,
imada,32541072,3254,زرميدين الجنوبية,Zéramdine Sud,35.54061,10.700214,ADM4 row / research sector code 32541072; dated ADM3 parent 3254,
imada,32561085,3256,الهدادرة,El Hdadra,35.604094,10.625826,ADM4 row / research sector code 32561085; dated ADM3 parent 3256,
imada,32561083,3256,بئر الطيب,Bir Taïeb,35.657003,10.681086,ADM4 row / research sector code 32561083; dated ADM3 parent 3256,
imada,32561084,3256,منزل كامل,Menzel Kamel,35.636724,10.672475,ADM4 row / research sector code 32561084; dated ADM3 parent 3256,
imada,1254187,1254,النحلي,Ennahli,36.898757,10.127996,ADM4 row / research sector code 1254187; dated ADM3 parent 1254,
imada,1254185,1254,بو حناش,Bou Hanach,36.966196,10.12456,ADM4 row / research sector code 1254185; dated ADM3 parent 1254,
imada,1254184,1254,قنطرة بنزرت,Pont de Bizerte,36.990996,10.079297,ADM4 row / research sector code 1254184; dated ADM3 parent 1254,
imada,1254186,1254,الحسيان,El Hessiane,37.000125,10.160544,ADM4 row / research sector code 1254186; dated ADM3 parent 1254,
imada,1254182,1254,قلعة الاندلس الشرقية,Kalaat El Andalous Est,37.072285,10.151033,ADM4 row / research sector code 1254182; dated ADM3 parent 1254,
imada,1254183,1254,قلعة الاندلس الغربية,Kalaat El Andalous Ouest,37.048381,10.105048,ADM4 row / research sector code 1254183; dated ADM3 parent 1254,
imada,32541068,3254,المزاوغة,Mezaougha,35.586684,10.571335,ADM4 row / research sector code 32541068; dated ADM3 parent 3254,
imada,32541070,3254,المليشيات,Melichet,35.520757,10.543583,ADM4 row / research sector code 32541070; dated ADM3 parent 3254,
imada,32541069,3254,منزل حياة,Menzel Hayet,35.522638,10.625273,ADM4 row / research sector code 32541069; dated ADM3 parent 3254,
imada,32581100,3258,منزل فارسي,Menzel Farsi,35.560206,10.863984,ADM4 row / research sector code 32581100; dated ADM3 parent 3258,
imada,1654456,1654,اولاد الزوابي,Ouled Ezzouabi,36.091581,9.839817,ADM4 row / research sector code 1654456; dated ADM3 parent 1654,
imada,1654455,1654,ام الابواب,Oum El Abouab,36.176429,9.825415,ADM4 row / research sector code 1654455; dated ADM3 parent 1654,
imada,1654458,1654,الدروع,Ed-Droua,36.233238,9.773703,ADM4 row / research sector code 1654458; dated ADM3 parent 1654,
imada,32581101,3258,الشراحيل,Chérahil,35.509546,10.858427,ADM4 row / research sector code 32581101; dated ADM3 parent 3258,
imada,32589999,3258,عميرة الحجاج,Amiret El Hojjaj,35.502464,10.813222,ADM4 row / research sector code 32589999; dated ADM3 parent 3258,
imada,32581102,3258,عميرة الفحول,Amiret El Fehoul,35.457528,10.816364,ADM4 row / research sector code 32581102; dated ADM3 parent 3258,
imada,32581103,3258,عميرة التوازرة,Amiret Touazra,35.4778,10.763523,ADM4 row / research sector code 32581103; dated ADM3 parent 3258,
imada,32581104,3258,عميرة التوزارة الجنوبية,Amiret Touazra Sud,35.471509,10.769138,ADM4 row / research sector code 32581104; dated ADM3 parent 3258,
imada,1656470,1656,صواف الشرقية,Saouef Est,36.256415,10.170424,ADM4 row / research sector code 1656470; dated ADM3 parent 1656,
imada,32551076,3255,الجنائحة,El Jnaïha,35.523228,10.773735,ADM4 row / research sector code 32551076; dated ADM3 parent 3255,
imada,32551077,3255,الغنادة,Ghnada,35.495408,10.686464,ADM4 row / research sector code 32551077; dated ADM3 parent 3255,
imada,32551075,3255,حاتم,Hatem,35.518615,10.741528,ADM4 row / research sector code 32551075; dated ADM3 parent 3255,
imada,1656472,1656,الحميرة,El Hamira,36.198036,10.226473,ADM4 row / research sector code 1656472; dated ADM3 parent 1656,
imada,1253180,1253,برج الطويل,Bourj Ettouil,36.925813,10.143657,ADM4 row / research sector code 1253180; dated ADM3 parent 1253,
imada,1253181,1253,سيدي عمر بو خطيوة,Sidi Amor Bou Khtioua,36.941482,10.166197,ADM4 row / research sector code 1253181; dated ADM3 parent 1253,
imada,1253177,1253,المدينة الفاضلة,El Medina El Fadhila,36.899313,10.164695,ADM4 row / research sector code 1253177; dated ADM3 parent 1253,
imada,1253176,1253,النخيلات,Enkhilet,36.892198,10.194769,ADM4 row / research sector code 1253176; dated ADM3 parent 1253,
imada,1253178,1253,الغزالة,El Ghazala,36.88371,10.179489,ADM4 row / research sector code 1253178; dated ADM3 parent 1253,
imada,1253179,1253,رواد,Raoued,36.957299,10.200431,ADM4 row / research sector code 1253179; dated ADM3 parent 1253,
imada,1253175,1253,جعفر,Jaafer,36.909897,10.183615,ADM4 row / research sector code 1253175; dated ADM3 parent 1253,
imada,1252168,1252,سكرة,Soukra,36.875395,10.262418,ADM4 row / research sector code 1252168; dated ADM3 parent 1252,
imada,1252171,1252,شطرانة,Chotrana,36.895071,10.216652,ADM4 row / research sector code 1252171; dated ADM3 parent 1252,
imada,1252170,1252,البساتين,El Bessatine,36.877263,10.228886,ADM4 row / research sector code 1252170; dated ADM3 parent 1252,
imada,1252169,1252,دار فضال,Dar Fadhal,36.866208,10.241464,ADM4 row / research sector code 1252169; dated ADM3 parent 1252,
imada,1252174,1252,التعمير,Ettaamir,36.87455,10.209248,ADM4 row / research sector code 1252174; dated ADM3 parent 1252,
imada,1252173,1252,النسيم,Ennasim,36.877473,10.197144,ADM4 row / research sector code 1252173; dated ADM3 parent 1252,
imada,1252172,1252,برج الوزير,Borj El Ouzir,36.861225,10.211335,ADM4 row / research sector code 1252172; dated ADM3 parent 1252,
imada,1251160,1251,اريانة العليا,Ariana supérieur,36.875498,10.167983,ADM4 row / research sector code 1251160; dated ADM3 parent 1251,
imada,1251167,1251,النصر2,Ennasr 2,36.865263,10.152717,ADM4 row / research sector code 1251167; dated ADM3 parent 1251,
imada,1251166,1251,النصر 1,Ennasr 1,36.857848,10.166366,ADM4 row / research sector code 1251166; dated ADM3 parent 1251,
imada,1251162,1251,المنزه 5,El Menzah V,36.847961,10.173996,ADM4 row / research sector code 1251162; dated ADM3 parent 1251,
imada,1251163,1251,المنزه 6,El Menzah VI,36.849195,10.163724,ADM4 row / research sector code 1251163; dated ADM3 parent 1251,
imada,1251164,1251,التعمير,Etâamir,36.865621,10.193514,ADM4 row / research sector code 1251164; dated ADM3 parent 1251,
imada,1251161,1251,اريانة المدينة,L'Ariana Ville,36.867054,10.186714,ADM4 row / research sector code 1251161; dated ADM3 parent 1251,
imada,1251165,1251,الياسمينة,El Yasmina,36.854268,10.194311,ADM4 row / research sector code 1251165; dated ADM3 parent 1251,
imada,1251159,1251,اريانة الجديدة,La nouvelle Ariana,36.854525,10.183273,ADM4 row / research sector code 1251159; dated ADM3 parent 1251,
imada,1257206,1257,15 اكتوبر,15 Octobre,36.856208,10.089936,ADM4 row / research sector code 1257206; dated ADM3 parent 1257,
imada,1257205,1257,البساتين,El Bassatine,36.845838,10.09999,ADM4 row / research sector code 1257205; dated ADM3 parent 1257,
imada,1257202,1257,المنيهلة,El Mnihla,36.86807,10.103382,ADM4 row / research sector code 1257202; dated ADM3 parent 1257,
imada,1257203,1257,الرفاهة,Errafaha,36.867373,10.128627,ADM4 row / research sector code 1257203; dated ADM3 parent 1257,
imada,1257204,1257,النصر,En-Nasr,36.842832,10.112918,ADM4 row / research sector code 1257204; dated ADM3 parent 1257,
imada,1256201,1256,خير الدين باشا,Khaireddine Pacha,36.842541,10.104921,ADM4 row / research sector code 1256201; dated ADM3 parent 1256,
imada,1256197,1256,20 مارس,2 Mars,36.837542,10.101899,ADM4 row / research sector code 1256197; dated ADM3 parent 1256,
imada,1256198,1256,المنجي سليم,Mongi Slim,36.840761,10.097947,ADM4 row / research sector code 1256198; dated ADM3 parent 1256,
imada,1256199,1256,7نوفمبر,Ettadhamen 4,36.835286,10.096714,ADM4 row / research sector code 1256199; dated ADM3 parent 1256,
imada,1256196,1256,18 جانفي,18 Janvier,36.831796,10.103815,ADM4 row / research sector code 1256196; dated ADM3 parent 1256,
imada,1256195,1256,9 افريل,09 Avril,36.827167,10.108205,ADM4 row / research sector code 1256195; dated ADM3 parent 1256,
imada,1256193,1256,حي التضامن,Cité Ettadhamen,36.833094,10.113775,ADM4 row / research sector code 1256193; dated ADM3 parent 1256,
imada,1256194,1256,ابن خلدون,Ibn khaldoun,36.836985,10.112383,ADM4 row / research sector code 1256194; dated ADM3 parent 1256,
imada,1256200,1256,ابو القاسم الشابي,Abulkassem Ech-Chebbi,36.838841,10.107868,ADM4 row / research sector code 1256200; dated ADM3 parent 1256,
imada,1255190,1255,المنجي سليم,Mongi Slim,36.892102,10.027184,ADM4 row / research sector code 1255190; dated ADM3 parent 1255,
imada,1255189,1255,بجاوة,Bejaoua,36.8617,10.00737,ADM4 row / research sector code 1255189; dated ADM3 parent 1255,
imada,1255191,1255,سبالة بن عمار,Cebalet Ben Ammar,36.901681,10.087665,ADM4 row / research sector code 1255191; dated ADM3 parent 1255,
imada,1255188,1255,سيدي ثابت,Sidi Thabet,36.905124,10.058089,ADM4 row / research sector code 1255188; dated ADM3 parent 1255,
imada,1255192,1255,شرفش,Chorfech,36.945206,10.048927,ADM4 row / research sector code 1255192; dated ADM3 parent 1255,
imada,11511,1151,سيدي بو سعيد,Sidi Bou Saïd,36.871546,10.346,ADM4 row / research sector code 11511; dated ADM3 parent 1151,
imada,11512,1151,اميلكار,Amilcar,36.872122,10.337026,ADM4 row / research sector code 11512; dated ADM3 parent 1151,
imada,11513,1151,قرطاج بيرصة,Carthage Byrsa,36.858882,10.324499,ADM4 row / research sector code 11513; dated ADM3 parent 1151,
imada,11516,1151,حي محمد علي,Cité Mohamed Ali,36.853015,10.312689,ADM4 row / research sector code 11516; dated ADM3 parent 1151,
imada,11515,1151,الياسمين,Le Jasmin,36.847165,10.309381,ADM4 row / research sector code 11515; dated ADM3 parent 1151,
imada,11514,1151,قرطاج الشاطئ,Carthage Plage,36.851912,10.330634,ADM4 row / research sector code 11514; dated ADM3 parent 1151,
imada,1656471,1656,صواف الغربية,Saouef Ouest,36.19476,10.149984,ADM4 row / research sector code 1656471; dated ADM3 parent 1656,
imada,1164124,1164,برج شكير,Borj-Chakir,36.75439,10.067426,ADM4 row / research sector code 1164124; dated ADM3 parent 1164,
imada,1164127,1164,عطار,Attar,36.762821,10.113498,ADM4 row / research sector code 1164127; dated ADM3 parent 1164,
imada,11649999,1164,14جانفي,14 janvier,36.765888,10.104972,ADM4 row / research sector code 11649999; dated ADM3 parent 1164,
imada,1164126,1164,الجيارة,El Jaïara,36.776275,10.107077,ADM4 row / research sector code 1164126; dated ADM3 parent 1164,
imada,1169138,1169,حلق الوادي casino,La Goulette Casino,36.822234,10.307927,ADM4 row / research sector code 1169138; dated ADM3 parent 1169,
imada,1169139,1169,خير الدين,Khéireddine,36.82949,10.309987,ADM4 row / research sector code 1169139; dated ADM3 parent 1169,
imada,1169141,1169,حي السلامة,Cité Essalama,36.855728,10.270013,ADM4 row / research sector code 1169141; dated ADM3 parent 1169,
imada,1169140,1169,الطيب مهيري,Taîeb Mhiri,36.836681,10.273951,ADM4 row / research sector code 1169140; dated ADM3 parent 1169,
imada,1169137,1169,حلق الوادي,La Goulette,36.814152,10.296636,ADM4 row / research sector code 1169137; dated ADM3 parent 1169,
imada,116069,1160,باردو,Le Bardo,36.813337,10.139934,ADM4 row / research sector code 116069; dated ADM3 parent 1160,
imada,116070,1160,باردو الشمالية,Le Bardo Nord,36.814439,10.132321,ADM4 row / research sector code 116070; dated ADM3 parent 1160,
imada,116079,1160,البساتين,El Bassatine,36.818152,10.138153,ADM4 row / research sector code 116079; dated ADM3 parent 1160,
imada,116075,1160,خزندار,Khaznadar,36.805681,10.126473,ADM4 row / research sector code 116075; dated ADM3 parent 1160,
imada,116080,1160,السعادة,Es-Saâda,36.798143,10.121191,ADM4 row / research sector code 116080; dated ADM3 parent 1160,
imada,116076,1160,الفتح,El Fath,36.800144,10.125789,ADM4 row / research sector code 116076; dated ADM3 parent 1160,
imada,116071,1160,باردو الجنوبية,Le Bardo Sud,36.803547,10.135337,ADM4 row / research sector code 116071; dated ADM3 parent 1160,
imada,116072,1160,الحديقة,El Hadika,36.803412,10.142312,ADM4 row / research sector code 116072; dated ADM3 parent 1160,
imada,116074,1160,اقامة جميلة,Bonne Residence,36.805983,10.145777,ADM4 row / research sector code 116074; dated ADM3 parent 1160,
imada,116073,1160,بوشوشة,Bou-Choucha,36.810332,10.145606,ADM4 row / research sector code 116073; dated ADM3 parent 1160,
imada,116077,1160,قصر سعيد,Ksar-Saïd,36.812236,10.126374,ADM4 row / research sector code 116077; dated ADM3 parent 1160,
imada,116081,1160,قصر البرطال,Ksar-El Bortal,36.816561,10.119788,ADM4 row / research sector code 116081; dated ADM3 parent 1160,
imada,116078,1160,قصر سعيد 2,Ksar-Saïd II,36.823318,10.119445,ADM4 row / research sector code 116078; dated ADM3 parent 1160,
imada,116082,1160,ابن سينا,Ibn Sina,36.82917,10.117336,ADM4 row / research sector code 116082; dated ADM3 parent 1160,
imada,1752490,1752,جرزونة الشمالية,Zarzouna Nord,37.261912,9.874551,ADM4 row / research sector code 1752490; dated ADM3 parent 1752,
imada,1752491,1752,جرزونة الجنوبية,Zarzouna Sud,37.251092,9.880628,ADM4 row / research sector code 1752491; dated ADM3 parent 1752,
imada,1752488,1752,جرزونة الغربية,Zarzouna Ouest,37.256999,9.872358,ADM4 row / research sector code 1752488; dated ADM3 parent 1752,
imada,1751481,1751,بوبكر باكير,Bou Baker Bakir,37.267556,9.865697,ADM4 row / research sector code 1751481; dated ADM3 parent 1751,
imada,1751475,1751,حسن نوري,Hassen Nouri,37.284,9.873831,ADM4 row / research sector code 1751475; dated ADM3 parent 1751,
imada,1751484,1751,الموتمر,El Môtamar,37.278428,9.877771,ADM4 row / research sector code 1751484; dated ADM3 parent 1751,
imada,1751479,1751,الشيخ ادريس,Cheik Driss,37.276651,9.860304,ADM4 row / research sector code 1751479; dated ADM3 parent 1751,
imada,1753498,1753,باب ماطر,Bab Mateur,37.267871,9.843034,ADM4 row / research sector code 1753498; dated ADM3 parent 1753,
imada,1751486,1751,15 اكتوبر,15 Octobre,37.283559,9.847494,ADM4 row / research sector code 1751486; dated ADM3 parent 1751,
imada,1751483,1751,حبيب حداد,Habib Haddad,37.289411,9.856918,ADM4 row / research sector code 1751483; dated ADM3 parent 1751,
imada,1751485,1751,الهناء,El Hana,37.28392,9.86663,ADM4 row / research sector code 1751485; dated ADM3 parent 1751,
imada,1752489,1752,جرزونة الشرقية,Zarzouna Est,37.25687,9.892778,ADM4 row / research sector code 1752489; dated ADM3 parent 1752,
imada,1753500,1753,المصيدة,El Massida,37.254049,9.827507,ADM4 row / research sector code 1753500; dated ADM3 parent 1753,
imada,1753496,1753,سيدي عامر,Sidi Ameur,37.220809,9.616096,ADM4 row / research sector code 1753496; dated ADM3 parent 1753,
imada,1753492,1753,تسكراية,Teskraia,37.247995,9.528789,ADM4 row / research sector code 1753492; dated ADM3 parent 1753,
imada,1753497,1753,لواتة,Louata,37.209145,9.717887,ADM4 row / research sector code 1753497; dated ADM3 parent 1753,
imada,1753501,1753,سيدي احمد,Sidi Ahmed,37.25336,9.749743,ADM4 row / research sector code 1753501; dated ADM3 parent 1753,
imada,1753495,1753,هيشر,Hicher,37.283137,9.640273,ADM4 row / research sector code 1753495; dated ADM3 parent 1753,
imada,1753494,1753,مرنيصة,Marnissa,37.315555,9.723356,ADM4 row / research sector code 1753494; dated ADM3 parent 1753,
imada,1751482,1751,عين مريم,Aïn Mariam,37.312685,9.81482,ADM4 row / research sector code 1751482; dated ADM3 parent 1751,
imada,1753493,1753,فرحات حشاد,Farhat Hached,37.281416,9.793915,ADM4 row / research sector code 1753493; dated ADM3 parent 1753,
imada,1751477,1751,الكرنيش,El Korniche,37.309973,9.862857,ADM4 row / research sector code 1751477; dated ADM3 parent 1751,
imada,1762563,1762,منزل عبد الرحمان الشرقية,Menzel Abderrahmen Est,37.242225,9.871928,ADM4 row / research sector code 1762563; dated ADM3 parent 1762,
imada,1762564,1762,منزل عبد الرحمان الغربية,Menzel Abderrahmen Ouest,37.234953,9.852507,ADM4 row / research sector code 1762564; dated ADM3 parent 1762,
imada,1762565,1762,العزيب,El Azib,37.187067,9.951704,ADM4 row / research sector code 1762565; dated ADM3 parent 1762,
imada,1762562,1762,منزل جميل الغربية,Menzel Djemil Ouest,37.235651,9.900477,ADM4 row / research sector code 1762562; dated ADM3 parent 1762,
imada,1762561,1762,منزل جميل الشرقية,Menzel Djemil Est,37.228435,9.971168,ADM4 row / research sector code 1762561; dated ADM3 parent 1762,
imada,34631322,3463,السديرات الجنوبية,Sdiret Sud,34.583262,10.109716,ADM4 row / research sector code 34631322; dated ADM3 parent 3463,
imada,1764576,1764,القرية,El Garia,37.218404,10.034128,ADM4 row / research sector code 1764576; dated ADM3 parent 1764,
imada,1764573,1764,الماتلين الغربية,Metline Ouest,37.239882,10.035196,ADM4 row / research sector code 1764573; dated ADM3 parent 1764,
imada,1764572,1764,ماتلين,Metline,37.246394,10.060781,ADM4 row / research sector code 1764572; dated ADM3 parent 1764,
imada,34631323,3463,السديرات الشمالية,Sdiret Nord,34.672473,10.156865,ADM4 row / research sector code 34631323; dated ADM3 parent 3463,
imada,34631325,3463,واد الشيخ,Oued Ech-Cheikh,34.683011,10.078275,ADM4 row / research sector code 34631325; dated ADM3 parent 3463,
imada,1764571,1764,راس الجبل الجنوبية,Ras El Djebel Sud,37.211688,10.100562,ADM4 row / research sector code 1764571; dated ADM3 parent 1764,
imada,1764570,1764,راس الجبل الشمالية,Ras El Djebel Nord,37.2223,10.12694,ADM4 row / research sector code 1764570; dated ADM3 parent 1764,
imada,1764575,1764,رفراف,Rafraf,37.189406,10.188283,ADM4 row / research sector code 1764575; dated ADM3 parent 1764,
imada,1764574,1764,صونين,Sounine,37.205049,10.161931,ADM4 row / research sector code 1764574; dated ADM3 parent 1764,
imada,1761557,1761,غار الملح,Ghar El Meleh,37.171679,10.214699,ADM4 row / research sector code 1761557; dated ADM3 parent 1761,
imada,1761558,1761,باجو,Bajou,37.165859,10.132076,ADM4 row / research sector code 1761558; dated ADM3 parent 1761,
imada,34631317,3463,بير علي بن خليفة,Bir Ali Ben Khelifa,34.727148,10.101492,ADM4 row / research sector code 34631317; dated ADM3 parent 3463,
imada,34631327,3463,ودران الشمالية,Ouadrane Nord,34.707485,9.955017,ADM4 row / research sector code 34631327; dated ADM3 parent 3463,
imada,34631324,3463,‫القندول‬,El Gandoul,34.645924,10.037797,ADM4 row / research sector code 34631324; dated ADM3 parent 3463,
imada,34631326,3463,ودران الجنوبية,Ouadrane Sud,34.603929,9.968099,ADM4 row / research sector code 34631326; dated ADM3 parent 3463,
imada,1763569,1763,الختمين,El Khetmine,37.134541,9.969201,ADM4 row / research sector code 1763569; dated ADM3 parent 1763,
imada,1763568,1763,العالية الجنوبية,El Alia Sud,37.154286,10.0327,ADM4 row / research sector code 1763568; dated ADM3 parent 1763,
imada,1763567,1763,العالية الشمالية,El Alia Nord,37.176351,10.002551,ADM4 row / research sector code 1763567; dated ADM3 parent 1763,
imada,1763566,1763,سيدي علي شباب,Sidi Ali Chabab,37.196613,10.044248,ADM4 row / research sector code 1763566; dated ADM3 parent 1763,
imada,1758543,1758,المدينة,El Medina,37.146979,9.811359,ADM4 row / research sector code 1758543; dated ADM3 parent 1758,
imada,1758544,1758,شلاغمية,Chelagmia,37.131949,9.792318,ADM4 row / research sector code 1758544; dated ADM3 parent 1758,
imada,1758545,1758,حي الحداءق,Cite Jardins,37.163339,9.787043,ADM4 row / research sector code 1758545; dated ADM3 parent 1758,
imada,1758541,1758,حي الثورة,Cite Etthaoura,37.147139,9.794576,ADM4 row / research sector code 1758541; dated ADM3 parent 1758,
imada,1758542,1758,النجاح 2,En-Najah (2),37.143565,9.778464,ADM4 row / research sector code 1758542; dated ADM3 parent 1758,
imada,1758538,1758,النجاح 1,En-Najah (1),37.152361,9.778404,ADM4 row / research sector code 1758538; dated ADM3 parent 1758,
imada,1758540,1758,قبطنة 2,Gabtna (2),37.086899,9.823398,ADM4 row / research sector code 1758540; dated ADM3 parent 1758,
imada,1758539,1758,قبطنة 1,Gabtna (1),37.117504,9.891232,ADM4 row / research sector code 1758539; dated ADM3 parent 1758,
imada,1759548,1759,الزعرور,Ez-Zarour,37.111449,9.713941,ADM4 row / research sector code 1759548; dated ADM3 parent 1759,
imada,1759547,1759,قنقلة,Guengla,37.172035,9.775038,ADM4 row / research sector code 1759547; dated ADM3 parent 1759,
imada,1759546,1759,تينجة,Tinja,37.147353,9.762452,ADM4 row / research sector code 1759546; dated ADM3 parent 1759,
imada,1655468,1655,بئر الشاوش,Bir Chaouch,36.091646,10.027718,ADM4 row / research sector code 1655468; dated ADM3 parent 1655,
imada,1655466,1655,عين البطوم,Aïn El Batthoum,36.064897,10.00294,ADM4 row / research sector code 1655466; dated ADM3 parent 1655,
imada,1655467,1655,صوار,Saouar,36.17835,9.972675,ADM4 row / research sector code 1655467; dated ADM3 parent 1655,
imada,1655469,1655,سوغاس,Sougas,36.104189,9.914816,ADM4 row / research sector code 1655469; dated ADM3 parent 1655,
imada,1655465,1655,الناظور,En Nadhour,36.119807,10.090004,ADM4 row / research sector code 1655465; dated ADM3 parent 1655,
imada,1656473,1656,الدغافلة الشرقية,Deghafla Est,36.19074,10.107244,ADM4 row / research sector code 1656473; dated ADM3 parent 1656,
imada,1656474,1656,الدغافلة الغربية,Deghafla Ouest,36.187471,10.062541,ADM4 row / research sector code 1656474; dated ADM3 parent 1656,
imada,1761560,1761,زواوين,Zouaouine,37.121289,10.035864,ADM4 row / research sector code 1761560; dated ADM3 parent 1761,
imada,1761559,1761,عوسجة,Ousja,37.16932,10.084865,ADM4 row / research sector code 1761559; dated ADM3 parent 1761,
imada,1754508,1754,امادن,Amaden,37.214369,9.359751,ADM4 row / research sector code 1754508; dated ADM3 parent 1754,
imada,1754504,1754,العبابسة,El Ababssa,37.158652,9.394059,ADM4 row / research sector code 1754504; dated ADM3 parent 1754,
imada,1754505,1754,الحشاشنة,El Hachachna,37.12972,9.287531,ADM4 row / research sector code 1754505; dated ADM3 parent 1754,
imada,1754503,1754,المعالية,EL Mâalia,37.067761,9.317314,ADM4 row / research sector code 1754503; dated ADM3 parent 1754,
imada,1754506,1754,سحابنة,Sehabna,37.08853,9.151602,ADM4 row / research sector code 1754506; dated ADM3 parent 1754,
imada,1754509,1754,مشارقة,Mechargua,37.13389,9.217123,ADM4 row / research sector code 1754509; dated ADM3 parent 1754,
imada,1754502,1754,سجنان,Sedjnane,37.046228,9.242352,ADM4 row / research sector code 1754502; dated ADM3 parent 1754,
imada,1754507,1754,سيدي مشرق,Sidi Mechrek,37.17068,9.163711,ADM4 row / research sector code 1754507; dated ADM3 parent 1754,
imada,1760553,1760,المبطوح,El Mabtouh,36.998157,9.962477,ADM4 row / research sector code 1760553; dated ADM3 parent 1760,
imada,1760556,1760,باش حانبة,Bach Hamba,36.958293,9.993694,ADM4 row / research sector code 1760556; dated ADM3 parent 1760,
imada,1760549,1760,اوتيك,Utique,37.064429,10.051129,ADM4 row / research sector code 1760549; dated ADM3 parent 1760,
imada,1760552,1760,الحويض,El Houidh,37.072837,9.98126,ADM4 row / research sector code 1760552; dated ADM3 parent 1760,
imada,1760551,1760,البسباسية,Besbassia,37.061147,9.929988,ADM4 row / research sector code 1760551; dated ADM3 parent 1760,
imada,1760554,1760,عين غلال,Aïn Ghelal,37.026352,9.866717,ADM4 row / research sector code 1760554; dated ADM3 parent 1760,
imada,1760555,1760,سيدي عثمان,Sidi Othman,36.970782,9.878341,ADM4 row / research sector code 1760555; dated ADM3 parent 1760,
imada,1760550,1760,اوتيك الجديدة,Nouvelle Utique,37.115128,10.114446,ADM4 row / research sector code 1760550; dated ADM3 parent 1760,
imada,1756519,1756,ماطر,Mateur,37.036756,9.669135,ADM4 row / research sector code 1756519; dated ADM3 parent 1756,
imada,1756524,1756,حي الصداقة,Cité Essadaka,37.046056,9.650171,ADM4 row / research sector code 1756524; dated ADM3 parent 1756,
imada,1756521,1756,ماطر الجنوبية,Mateur Sud,37.039936,9.660417,ADM4 row / research sector code 1756521; dated ADM3 parent 1756,
imada,1756528,1756,بومخيلة,Boumkhila,37.002013,9.574174,ADM4 row / research sector code 1756528; dated ADM3 parent 1756,
imada,1756527,1756,بهاية,Behaya,36.933058,9.586361,ADM4 row / research sector code 1756527; dated ADM3 parent 1756,
imada,1756525,1756,ترقلاش,Targuellache,36.961064,9.76767,ADM4 row / research sector code 1756525; dated ADM3 parent 1756,
imada,1756523,1756,نفات,Nefat,37.044314,9.753811,ADM4 row / research sector code 1756523; dated ADM3 parent 1756,
imada,1756526,1756,عرب ماجور,Arab Majour,36.948645,9.672904,ADM4 row / research sector code 1756526; dated ADM3 parent 1756,
imada,1756522,1756,حي النصر,Cité En Nasr,37.051853,9.598766,ADM4 row / research sector code 1756522; dated ADM3 parent 1756,
imada,1756520,1756,احواز ماطر,Banlieue De Mateur,37.084673,9.668835,ADM4 row / research sector code 1756520; dated ADM3 parent 1756,
imada,1757529,1757,غزالة,Ghezala,37.101805,9.555434,ADM4 row / research sector code 1757529; dated ADM3 parent 1757,
imada,1757530,1757,العرب,El Arab,37.153614,9.544985,ADM4 row / research sector code 1757530; dated ADM3 parent 1757,
imada,1757534,1757,سيدي عيسي,Sidi Aïssa,37.111085,9.472224,ADM4 row / research sector code 1757534; dated ADM3 parent 1757,
imada,1757535,1757,ركب,Rakb,37.050466,9.472306,ADM4 row / research sector code 1757535; dated ADM3 parent 1757,
imada,1757531,1757,ذواودة,Dheouaouda,37.022169,9.404645,ADM4 row / research sector code 1757531; dated ADM3 parent 1757,
imada,1757532,1757,فرحات حشاد,Hached,37.058006,9.566464,ADM4 row / research sector code 1757532; dated ADM3 parent 1757,
imada,1757537,1757,سيدي منصور,Sidi Mansour,36.991141,9.482843,ADM4 row / research sector code 1757537; dated ADM3 parent 1757,
imada,1757536,1757,بوجرير,Bou Jerir,37.067901,9.398638,ADM4 row / research sector code 1757536; dated ADM3 parent 1757,
imada,1757533,1757,اولاد الماي,Ouled El May,37.146643,9.459005,ADM4 row / research sector code 1757533; dated ADM3 parent 1757,
imada,1755514,1755,كاف غراب,Kef Ghrab,36.864418,9.456895,ADM4 row / research sector code 1755514; dated ADM3 parent 1755,
imada,1755513,1755,تاهنت,Tahent,36.898572,9.505466,ADM4 row / research sector code 1755513; dated ADM3 parent 1755,
imada,1755515,1755,بالرايس,Berraies,36.789283,9.421278,ADM4 row / research sector code 1755515; dated ADM3 parent 1755,
imada,1755511,1755,السمان,Essemman,36.921497,9.387889,ADM4 row / research sector code 1755511; dated ADM3 parent 1755,
imada,1755518,1755,رواحة,Rouaha,36.907225,9.303138,ADM4 row / research sector code 1755518; dated ADM3 parent 1755,
imada,1755512,1755,شنانة,Chenana,36.937521,9.330726,ADM4 row / research sector code 1755512; dated ADM3 parent 1755,
imada,1755510,1755,اولاد غانم,Ouled Ghanem,36.99215,9.353461,ADM4 row / research sector code 1755510; dated ADM3 parent 1755,
imada,1755516,1755,الطواجنية,Touajnia,36.981252,9.25191,ADM4 row / research sector code 1755516; dated ADM3 parent 1755,
imada,1755517,1755,بازينة,Bazina,36.962913,9.293895,ADM4 row / research sector code 1755517; dated ADM3 parent 1755,
imada,34631321,3463,الابراج,El Abraj,34.628225,10.268356,ADM4 row / research sector code 34631321; dated ADM3 parent 3463,
imada,34631320,3463,بو سليم,Bou Slim,34.736233,10.253794,ADM4 row / research sector code 34631320; dated ADM3 parent 3463,
imada,34631319,3463,سيدي علي بالعابد,Sidi Ali Belabed,34.788044,10.165057,ADM4 row / research sector code 34631319; dated ADM3 parent 3463,
imada,34631318,3463,سيدي ظاهر,Sidi Dhaher,34.905058,10.054074,ADM4 row / research sector code 34631318; dated ADM3 parent 3463,
imada,34631328,3463,‫الناظور‬,En-Nadhour,34.797799,10.033273,ADM4 row / research sector code 34631328; dated ADM3 parent 3463,
imada,2453878,2453,بوعرادة,Bouarada,36.350444,9.636656,ADM4 row / research sector code 2453878; dated ADM3 parent 2453,
imada,2453880,2453,هنشير الرمان,Henchir Er-Roman,36.21856,9.557225,ADM4 row / research sector code 2453880; dated ADM3 parent 2453,
imada,2453881,2453,سيدي عبد النور,Sidi Abdennour,36.285596,9.582105,ADM4 row / research sector code 2453881; dated ADM3 parent 2453,
imada,2453882,2453,طرف الشناء,Tarf Ech-chena,36.32425,9.669747,ADM4 row / research sector code 2453882; dated ADM3 parent 2453,
imada,2453877,2453,ضاحية بوعرادة,Banlieue De Bouarada,36.387474,9.599208,ADM4 row / research sector code 2453877; dated ADM3 parent 2453,
imada,2453879,2453,فطيس,Fatis,36.39778,9.703083,ADM4 row / research sector code 2453879; dated ADM3 parent 2453,
imada,2461943,2461,الزميل,Er Remil,36.308649,9.511354,ADM4 row / research sector code 2461943; dated ADM3 parent 2461,
imada,2461941,2461,العروسة,El Aroussa,36.396524,9.439082,ADM4 row / research sector code 2461941; dated ADM3 parent 2461,
imada,2461944,2461,مسراطة,Mousrata,36.315995,9.433426,ADM4 row / research sector code 2461944; dated ADM3 parent 2461,
imada,2461945,2461,سيدي عياد,Sidi Ayed,36.366258,9.369994,ADM4 row / research sector code 2461945; dated ADM3 parent 2461,
imada,2461942,2461,بوجليدة,Bou Jlida,36.421155,9.514484,ADM4 row / research sector code 2461942; dated ADM3 parent 2461,
imada,2460933,2460,برقو,Bargou,36.092173,9.56707,ADM4 row / research sector code 2460933; dated ADM3 parent 2460,
imada,2460940,2460,البحيرين,El Behirin,36.012513,9.599933,ADM4 row / research sector code 2460940; dated ADM3 parent 2460,
imada,2460938,2460,عين بوسعدية,Aïn Bous Sâadia,36.060083,9.652637,ADM4 row / research sector code 2460938; dated ADM3 parent 2460,
imada,2460939,2460,الدريجة,Ed-Derija,36.116078,9.708593,ADM4 row / research sector code 2460939; dated ADM3 parent 2460,
imada,2460936,2460,سيدي سعيد,Sidi Saïd,36.181134,9.673041,ADM4 row / research sector code 2460936; dated ADM3 parent 2460,
imada,2460937,2460,عين فرنة,Aïn Fourna,36.153283,9.597136,ADM4 row / research sector code 2460937; dated ADM3 parent 2460,
imada,2460934,2460,احواز برقو,Banlieue Bargou,36.10344,9.5262,ADM4 row / research sector code 2460934; dated ADM3 parent 2460,
imada,2460935,2460,اولاد فرج,Ouled Fredj,36.060295,9.572776,ADM4 row / research sector code 2460935; dated ADM3 parent 2460,
imada,2357826,2357,القلعة الخصباء,Kalaat Khasba,35.663613,8.584273,ADM4 row / research sector code 2357826; dated ADM3 parent 2357,
imada,2357829,2357,الناظور,En-Nadhour,35.713088,8.475851,ADM4 row / research sector code 2357829; dated ADM3 parent 2357,
imada,2357828,2357,سيدي احمد الصالح,Sidi Ahmed Essalah,35.741365,8.579021,ADM4 row / research sector code 2357828; dated ADM3 parent 2357,
imada,2357827,2357,هنطاية,Hentaïa,35.68745,8.549064,ADM4 row / research sector code 2357827; dated ADM3 parent 2357,
imada,2452870,2452,السفينة,Es-Sefina,35.907182,9.332386,ADM4 row / research sector code 2452870; dated ADM3 parent 2452,
imada,2452876,2452,القابل,El Kabel,36.000038,9.394279,ADM4 row / research sector code 2452876; dated ADM3 parent 2452,
imada,2452875,2452,اولاد زنق,Ouled Zenag,35.945917,9.432625,ADM4 row / research sector code 2452875; dated ADM3 parent 2452,
imada,2452871,2452,سيدي مرشد,Sidi Morched,35.943725,9.493461,ADM4 row / research sector code 2452871; dated ADM3 parent 2452,
imada,2452873,2452,سيدي حمادي,Sidi Hmada,35.980633,9.539799,ADM4 row / research sector code 2452873; dated ADM3 parent 2452,
imada,2459924,2459,كسري,Kesra,35.796049,9.369917,ADM4 row / research sector code 2459924; dated ADM3 parent 2459,
imada,2459925,2459,الحمام,El Hammam,35.83257,9.319201,ADM4 row / research sector code 2459925; dated ADM3 parent 2459,
imada,2459928,2459,بو عبد الله,Bou Abdallah,35.873502,9.436239,ADM4 row / research sector code 2459928; dated ADM3 parent 2459,
imada,2459926,2459,المنصورة الشمالية,El Mansoura Nord,35.835978,9.475814,ADM4 row / research sector code 2459926; dated ADM3 parent 2459,
imada,2459927,2459,المنصورة الجنوبية,El Mansoura Sud,35.804655,9.470633,ADM4 row / research sector code 2459927; dated ADM3 parent 2459,
imada,2459929,2459,القرية الشمالية,El Karia Nord,35.776104,9.434468,ADM4 row / research sector code 2459929; dated ADM3 parent 2459,
imada,2459931,2459,الفضول,El Foudhoul,35.722683,9.396295,ADM4 row / research sector code 2459931; dated ADM3 parent 2459,
imada,2459930,2459,القرية الجنوبية,El Karia Sud,35.752919,9.49088,ADM4 row / research sector code 2459930; dated ADM3 parent 2459,
imada,2459932,2459,اللوزة,El louza,35.748836,9.278226,ADM4 row / research sector code 2459932; dated ADM3 parent 2459,
imada,2458915,2458,الحبابسة الجنوبية,El Hababsa Sud,35.525545,9.379875,ADM4 row / research sector code 2458915; dated ADM3 parent 2458,
imada,2458914,2458,الحبابسة الشمالية,El Hababsa Nord,35.580168,9.276217,ADM4 row / research sector code 2458914; dated ADM3 parent 2458,
imada,2458923,2458,بو عجيلة,Bou -Ajila,35.652946,9.166907,ADM4 row / research sector code 2458923; dated ADM3 parent 2458,
imada,2458916,2458,الجميلات,El Jamilet,35.651695,9.266749,ADM4 row / research sector code 2458916; dated ADM3 parent 2458,
imada,2458919,2458,المساحلة,El Messahla,35.781034,9.081357,ADM4 row / research sector code 2458919; dated ADM3 parent 2458,
imada,2458918,2458,السميرات الجنوبية,Es-Semirat Sud,35.717021,9.203365,ADM4 row / research sector code 2458918; dated ADM3 parent 2458,
imada,2458917,2458,السميرات الشمالية,Es-Semiret Nord,35.747528,9.141142,ADM4 row / research sector code 2458917; dated ADM3 parent 2458,
imada,2458921,2458,الروحية,Er-Rouhia,35.670344,9.091426,ADM4 row / research sector code 2458921; dated ADM3 parent 2458,
imada,2458920,2458,الهرية,El Haria,35.72544,9.062489,ADM4 row / research sector code 2458920; dated ADM3 parent 2458,
imada,2458922,2458,الحميمة,El Hamaïma,35.663058,9.016931,ADM4 row / research sector code 2458922; dated ADM3 parent 2458,
imada,2457908,2457,بني حازم,Beni Hazem,35.862039,9.073533,ADM4 row / research sector code 2457908; dated ADM3 parent 2457,
imada,2457909,2457,راس الواد,Ras El Ouedi,35.851247,9.134661,ADM4 row / research sector code 2457909; dated ADM3 parent 2457,
imada,2457913,2457,سوالم,Soualem,35.80174,9.194197,ADM4 row / research sector code 2457913; dated ADM3 parent 2457,
imada,2457905,2457,صيار,Sayar,35.840933,9.232337,ADM4 row / research sector code 2457905; dated ADM3 parent 2457,
imada,2457904,2457,مكثر الجنوبية,Makthar Sud,35.852994,9.200821,ADM4 row / research sector code 2457904; dated ADM3 parent 2457,
imada,2457903,2457,مكثر الشمالية,Makthar Nord,35.86166,9.187419,ADM4 row / research sector code 2457903; dated ADM3 parent 2457,
imada,2457906,2457,القرعة,El Garâa,35.882929,9.251196,ADM4 row / research sector code 2457906; dated ADM3 parent 2457,
imada,2457911,2457,شوارنية,Chouarnia,35.948409,9.12898,ADM4 row / research sector code 2457911; dated ADM3 parent 2457,
imada,2457912,2457,سند الحداد,Sened El Haddad,35.917023,9.192048,ADM4 row / research sector code 2457912; dated ADM3 parent 2457,
imada,2457907,2457,باز,Bez,35.890709,9.142296,ADM4 row / research sector code 2457907; dated ADM3 parent 2457,
imada,2457910,2457,صدين,Saddine,35.812954,9.059469,ADM4 row / research sector code 2457910; dated ADM3 parent 2457,
imada,34611304,3461,‫بشكة‬,Bechka,34.911794,10.416702,ADM4 row / research sector code 34611304; dated ADM3 parent 3461,
imada,34611310,3461,الحاج قاسم,El Hadj Kacem,34.911421,10.195708,ADM4 row / research sector code 34611310; dated ADM3 parent 3461,
imada,34611308,3461,تليل العجلة,Telil El Ajla,35.034542,10.141249,ADM4 row / research sector code 34611308; dated ADM3 parent 3461,
imada,34611305,3461,‫بوثدي‬,Bou-Thadi,35.095158,10.243123,ADM4 row / research sector code 34611305; dated ADM3 parent 3461,
imada,34611300,3461,منزل شاكر,Menzel Chaker,34.984985,10.332326,ADM4 row / research sector code 34611300; dated ADM3 parent 3461,
imada,34611311,3461,شعلاب,Chaleb,35.054562,10.406435,ADM4 row / research sector code 34611311; dated ADM3 parent 3461,
imada,34611306,3461,البقعة البيضة,El Bokâa El Bidha,34.952935,10.556175,ADM4 row / research sector code 34611306; dated ADM3 parent 3461,
imada,34611303,3461,بير الملولي,Bir Mellouli,34.888838,10.526608,ADM4 row / research sector code 34611303; dated ADM3 parent 3461,
imada,2451863,2451,جامة,Jema,36.094531,9.296994,ADM4 row / research sector code 2451863; dated ADM3 parent 2451,
imada,2452869,2452,مرج مقدم,Marj Mokaddem,35.976872,9.292652,ADM4 row / research sector code 2452869; dated ADM3 parent 2452,
imada,2451866,2451,الخلصة,El Khalsa,35.968338,9.186167,ADM4 row / research sector code 2451866; dated ADM3 parent 2451,
imada,2451867,2451,عين الديسة,Aïn Ed-Dissa,35.945721,9.245348,ADM4 row / research sector code 2451867; dated ADM3 parent 2451,
imada,2452872,2452,سيدي منصور,Sidi Mansour,36.024569,9.337856,ADM4 row / research sector code 2452872; dated ADM3 parent 2452,
imada,2451864,2451,مصوج,Massouj,36.013628,9.236113,ADM4 row / research sector code 2451864; dated ADM3 parent 2451,
imada,2452868,2452,سليانة الجنوبية,Siliana Sud,36.078996,9.369155,ADM4 row / research sector code 2452868; dated ADM3 parent 2452,
imada,2451861,2451,سليانة الشمالية,Siliana Nord,36.102171,9.371342,ADM4 row / research sector code 2451861; dated ADM3 parent 2451,
imada,2451860,2451,مدينة سليانة,Siliana Ville,36.088901,9.360626,ADM4 row / research sector code 2451860; dated ADM3 parent 2451,
imada,2451865,2451,الجوي,El Jouii,36.070013,9.198641,ADM4 row / research sector code 2451865; dated ADM3 parent 2451,
imada,2452874,2452,سجة,Sejja,36.057082,9.450838,ADM4 row / research sector code 2452874; dated ADM3 parent 2452,
imada,2451862,2451,العرب,El Arab,36.117504,9.431296,ADM4 row / research sector code 2451862; dated ADM3 parent 2451,
imada,2456899,2456,التريشة,Ettricha,36.123588,9.146235,ADM4 row / research sector code 2456899; dated ADM3 parent 2456,
imada,2456898,2456,بورويس الجنوبية,Bourouis Sud,36.171385,9.18706,ADM4 row / research sector code 2456898; dated ADM3 parent 2456,
imada,2456897,2456,بورويس الشمالية,Bourouis Nord,36.176613,9.127729,ADM4 row / research sector code 2456897; dated ADM3 parent 2456,
imada,2456900,2456,العباسي,El Abbassi,36.237861,9.112253,ADM4 row / research sector code 2456900; dated ADM3 parent 2456,
imada,2456901,2456,عين عاشور,Aïn Achour,36.173203,9.074063,ADM4 row / research sector code 2456901; dated ADM3 parent 2456,
imada,2456902,2456,محطة الكريب,El Krib Gare,36.238213,9.180901,ADM4 row / research sector code 2456902; dated ADM3 parent 2456,
imada,2454886,2454,عين الزريق,Aïn Zerig,36.191213,9.414979,ADM4 row / research sector code 2454886; dated ADM3 parent 2454,
imada,2454887,2454,الاحواز الشمالية,El Ahouez Nord,36.279661,9.383828,ADM4 row / research sector code 2454887; dated ADM3 parent 2454,
imada,2454888,2454,الاحواز جنوبية,El Ahouez Sud,36.258143,9.310146,ADM4 row / research sector code 2454888; dated ADM3 parent 2454,
imada,2454885,2454,الخوات,El khouat,36.251679,9.229757,ADM4 row / research sector code 2454885; dated ADM3 parent 2454,
imada,2454889,2454,الاقصاب,El Aksab,36.179675,9.274413,ADM4 row / research sector code 2454889; dated ADM3 parent 2454,
imada,2454884,2454,قعفور الغربية,Gâafour Ouest,36.326044,9.293463,ADM4 row / research sector code 2454884; dated ADM3 parent 2454,
imada,2454883,2454,قعفور الشرقية,Gâafour Est,36.34404,9.320142,ADM4 row / research sector code 2454883; dated ADM3 parent 2454,
imada,34611309,3461,‫االعشاش‬,El Achech,35.155332,10.580048,ADM4 row / research sector code 34611309; dated ADM3 parent 3461,
imada,34611307,3461,‫العوادنة‬,El Aouadhna,35.093073,10.539177,ADM4 row / research sector code 34611307; dated ADM3 parent 3461,
imada,34611301,3461,‫بوجوبوع‬,Bou Jarboue,35.025048,10.63403,ADM4 row / research sector code 34611301; dated ADM3 parent 3461,
imada,34611302,3461,مجال الدرج,Majel Edarj,34.970896,10.61825,ADM4 row / research sector code 34611302; dated ADM3 parent 3461,
imada,2455891,2455,الكريب الجنوبية,El Krib Sud,36.29852,9.167265,ADM4 row / research sector code 2455891; dated ADM3 parent 2455,
imada,2455895,2455,برج المسعودية شمالية,Borj El Messaoudi Nord,36.313816,9.044162,ADM4 row / research sector code 2455895; dated ADM3 parent 2455,
imada,2455896,2455,برج المسعودية جنوبية,Borj El Messaoudi Sud,36.289515,9.00065,ADM4 row / research sector code 2455896; dated ADM3 parent 2455,
imada,2455892,2455,دخانية,Dokhania,36.345679,9.208476,ADM4 row / research sector code 2455892; dated ADM3 parent 2455,
imada,2455890,2455,الكريب الشمالية,El Krib Nord,36.336723,9.109819,ADM4 row / research sector code 2455890; dated ADM3 parent 2455,
imada,2455894,2455,حمام بياضة الجنوبية,Hammam Biadha Sud,36.385303,9.050802,ADM4 row / research sector code 2455894; dated ADM3 parent 2455,
imada,2455893,2455,حمام بياضة الشمالية,Hammam Biadha Nord,36.432873,8.987331,ADM4 row / research sector code 2455893; dated ADM3 parent 2455,
imada,2254710,2254,ريحان,Raîhane,36.880513,8.742222,ADM4 row / research sector code 2254710; dated ADM3 parent 2254,
imada,2254711,2254,الحامدية,El Hamdia,36.920705,8.787215,ADM4 row / research sector code 2254711; dated ADM3 parent 2254,
imada,2254715,2254,ملولة,Melloula,36.933584,8.689862,ADM4 row / research sector code 2254715; dated ADM3 parent 2254,
imada,2254709,2254,طبرقة‎,Tabarka,36.942759,8.742792,ADM4 row / research sector code 2254709; dated ADM3 parent 2254,
imada,2254713,2254,عين الصبح,Aïn Es-Sobh,36.961791,8.873423,ADM4 row / research sector code 2254713; dated ADM3 parent 2254,
imada,2254716,2254,عين السنوسي,Aïn Es-Snoussi,36.849135,8.923687,ADM4 row / research sector code 2254716; dated ADM3 parent 2254,
imada,2254714,2254,ناظور,Nadhour,36.899845,8.913567,ADM4 row / research sector code 2254714; dated ADM3 parent 2254,
imada,2254712,2254,الحمام,El Hammam,36.886646,8.828926,ADM4 row / research sector code 2254712; dated ADM3 parent 2254,
imada,2255717,2255,عين دراهم المدينة,Aïn Drahem Ville,36.774524,8.687767,ADM4 row / research sector code 2255717; dated ADM3 parent 2255,
imada,2255721,2255,الحمران,El Homrane,36.783896,8.860693,ADM4 row / research sector code 2255721; dated ADM3 parent 2255,
imada,2255727,2255,عين سلام,Aïn Salam,36.7359,8.803686,ADM4 row / research sector code 2255727; dated ADM3 parent 2255,
imada,2255719,2255,اولاد سدرة,Ouled Sedra,36.852075,8.671233,ADM4 row / research sector code 2255719; dated ADM3 parent 2255,
imada,2255728,2255,واد الزان,Oued Ezzan,36.822442,8.821845,ADM4 row / research sector code 2255728; dated ADM3 parent 2255,
imada,2255722,2255,التباينية,Etbainia,36.765717,8.741105,ADM4 row / research sector code 2255722; dated ADM3 parent 2255,
imada,2255720,2255,العطاطفة,El Atatfa,36.8191,8.739747,ADM4 row / research sector code 2255720; dated ADM3 parent 2255,
imada,2255718,2255,عين دراهم الاحواز,Aïn Draham Banlieue,36.770616,8.684011,ADM4 row / research sector code 2255718; dated ADM3 parent 2255,
imada,2255723,2255,خمايرية,Khemaïria,36.760499,8.598044,ADM4 row / research sector code 2255723; dated ADM3 parent 2255,
imada,2255725,2255,الرويعي,Er-Rouïi,36.753288,8.505746,ADM4 row / research sector code 2255725; dated ADM3 parent 2255,
imada,2255726,2255,تاقمة,Tegma,36.720973,8.505836,ADM4 row / research sector code 2255726; dated ADM3 parent 2255,
imada,2255724,2255,سلول,Selloul,36.71945,8.641666,ADM4 row / research sector code 2255724; dated ADM3 parent 2255,
imada,34601296,3460,مركز مصباح,Merkez Mosbah,35.112936,10.659993,ADM4 row / research sector code 34601296; dated ADM3 parent 3460,
imada,34601291,3460,‫الحنشة‬,El Hencha,35.11912,10.741329,ADM4 row / research sector code 34601291; dated ADM3 parent 3460,
imada,34601297,3460,بئر صالح,Bir Salah,35.200293,10.697276,ADM4 row / research sector code 34601297; dated ADM3 parent 3460,
imada,34601293,3460,سيدي حسن بالحاج,Sidi Hassen Belhaj,35.19885,10.776321,ADM4 row / research sector code 34601293; dated ADM3 parent 3460,
imada,34601298,3460,‫الحجارة‬,El Hajjara,35.211391,10.628754,ADM4 row / research sector code 34601298; dated ADM3 parent 3460,
imada,34601295,3460,بئر الشعبة,Bir Chaaba,35.051611,10.716318,ADM4 row / research sector code 34601295; dated ADM3 parent 3460,
imada,34601299,3460,‫الجواودة‬,Jouaouda,35.035255,10.778269,ADM4 row / research sector code 34601299; dated ADM3 parent 3460,
imada,34601294,3460,‫دخان‬,Dokhane,35.002725,10.80208,ADM4 row / research sector code 34601294; dated ADM3 parent 3460,
imada,34601292,3460,‫النصر‬,En-Nasr,34.960666,10.747561,ADM4 row / research sector code 34601292; dated ADM3 parent 3460,
imada,34581284,3458,‫الحوض‬,El Houdh,35.059692,10.83361,ADM4 row / research sector code 34581284; dated ADM3 parent 3458,
imada,34581277,3458,‫جبنيانة‬,Djebeniana,35.035551,10.906132,ADM4 row / research sector code 34581277; dated ADM3 parent 3458,
imada,34581281,3458,القلالجة‬,El Kalelja,35.070771,10.916456,ADM4 row / research sector code 34581281; dated ADM3 parent 3458,
imada,34581279,3458,‫بلتش‬,Baltech,35.111616,10.843962,ADM4 row / research sector code 34581279; dated ADM3 parent 3458,
imada,34581282,3458,‫العجانقة‬,El Ajengna,35.135772,10.903059,ADM4 row / research sector code 34581282; dated ADM3 parent 3458,
imada,34581278,3458,‫بطرية‬,Batria,35.079244,10.982691,ADM4 row / research sector code 34581278; dated ADM3 parent 3458,
imada,34581283,3458,‫اللوزة‬,El Louza,35.04148,11.000435,ADM4 row / research sector code 34581283; dated ADM3 parent 3458,
imada,34581280,3458,‫حزق‬,Hazeg,35.026519,10.964525,ADM4 row / research sector code 34581280; dated ADM3 parent 3458,
imada,2356824,2356,الحميمة,El Hamaïma,35.913577,8.350324,ADM4 row / research sector code 2356824; dated ADM3 parent 2356,
imada,2356819,2356,الصفصاف,Safsaf,35.679332,8.381396,ADM4 row / research sector code 2356819; dated ADM3 parent 2356,
imada,2356821,2356,الفالتة,El Falta,35.914862,8.291649,ADM4 row / research sector code 2356821; dated ADM3 parent 2356,
imada,2356825,2356,المحجوبة,El Mahjouba,35.780473,8.512872,ADM4 row / research sector code 2356825; dated ADM3 parent 2356,
imada,2356818,2356,بوجابر,Bou Jabeur,35.745193,8.297342,ADM4 row / research sector code 2356818; dated ADM3 parent 2356,
imada,2356822,2356,سد الخير,Sed El Khir,35.828194,8.335853,ADM4 row / research sector code 2356822; dated ADM3 parent 2356,
imada,2356823,2356,عين سنان,Aïn Snan,35.750899,8.387931,ADM4 row / research sector code 2356823; dated ADM3 parent 2356,
imada,2356817,2356,قلعة سنان,Kalaat Snan,35.767797,8.349496,ADM4 row / research sector code 2356817; dated ADM3 parent 2356,
imada,2356820,2356,مزيتة,Mzita,35.801104,8.449765,ADM4 row / research sector code 2356820; dated ADM3 parent 2356,
imada,52581838,5258,وادي الزبيب,Oued Ezzebib,33.774561,10.824184,ADM4 row / research sector code 52581838; dated ADM3 parent 5258,
imada,52581839,5258,القرع,El Groa,33.810785,10.79052,ADM4 row / research sector code 52581839; dated ADM3 parent 5258,
imada,52561826,5256,مليتة,Mellita,33.870764,10.778533,ADM4 row / research sector code 52561826; dated ADM3 parent 5256,
imada,52561817,5256,بوملال,Bou Melel,33.885562,10.824547,ADM4 row / research sector code 52561817; dated ADM3 parent 5256,
imada,52561816,5256,توريت,Taourit,33.876602,10.864319,ADM4 row / research sector code 52561816; dated ADM3 parent 5256,
imada,52561819,5256,فاتو,Fatou,33.867219,10.885656,ADM4 row / research sector code 52561819; dated ADM3 parent 5256,
imada,52561820,5256,مزراية,Mazraïa,33.858856,10.942092,ADM4 row / research sector code 52561820; dated ADM3 parent 5256,
imada,52571827,5257,ميدون,Midoun,33.824165,10.993617,ADM4 row / research sector code 52571827; dated ADM3 parent 5257,
imada,52571831,5257,سدويكش,Sedouikèch,33.726053,10.925689,ADM4 row / research sector code 52571831; dated ADM3 parent 5257,
imada,52581837,5258,قلالة,Guellala,33.718647,10.868921,ADM4 row / research sector code 52581837; dated ADM3 parent 5258,
imada,52561818,5256,الجوامع,El Jouamâa,33.869264,10.849636,ADM4 row / research sector code 52561818; dated ADM3 parent 5256,
imada,52561825,5256,الحشان,El Hachene,33.846468,10.806887,ADM4 row / research sector code 52561825; dated ADM3 parent 5256,
imada,52571832,5257,الماي,El May,33.791322,10.905343,ADM4 row / research sector code 52571832; dated ADM3 parent 5257,
imada,52571829,5257,المحبوبين,El Mahboubine,33.791256,10.961767,ADM4 row / research sector code 52571829; dated ADM3 parent 5257,
imada,52561821,5256,صدغيان,Sedghaiane,33.828716,10.924494,ADM4 row / research sector code 52561821; dated ADM3 parent 5256,
imada,52561823,5256,السواني,Essouani,33.855687,10.863663,ADM4 row / research sector code 52561823; dated ADM3 parent 5256,
imada,52561822,5256,والغ,Oualeg,33.829673,10.887456,ADM4 row / research sector code 52561822; dated ADM3 parent 5256,
imada,52561824,5256,الرياض,Erriadh,33.822774,10.849346,ADM4 row / research sector code 52561824; dated ADM3 parent 5256,
imada,52571828,5257,اركو,Arkou,33.782692,11.014399,ADM4 row / research sector code 52571828; dated ADM3 parent 5257,
imada,52581835,5258,الخنانسة,El Khenensa,33.748249,10.796692,ADM4 row / research sector code 52581835; dated ADM3 parent 5258,
imada,52581836,5258,مزران,Mezrene,33.76815,10.75629,ADM4 row / research sector code 52581836; dated ADM3 parent 5258,
imada,52581834,5258,اجيم,Ajim,33.723726,10.763899,ADM4 row / research sector code 52581834; dated ADM3 parent 5258,
imada,2256735,2256,قلوب الثيران,Gloub Ethirane,36.637895,8.605339,ADM4 row / research sector code 2256735; dated ADM3 parent 2256,
imada,2256736,2256,قلوب الثيران الشمالية,Gloub Ethirane Nord,36.629882,8.570512,ADM4 row / research sector code 2256736; dated ADM3 parent 2256,
imada,2256739,2256,جواودة,Jaouaouada,36.684361,8.517617,ADM4 row / research sector code 2256739; dated ADM3 parent 2256,
imada,2256732,2256,ولاد مفدة,Ouled Mefada,36.655983,8.494734,ADM4 row / research sector code 2256732; dated ADM3 parent 2256,
imada,2256742,2256,حليمة,Halima,36.619736,8.502049,ADM4 row / research sector code 2256742; dated ADM3 parent 2256,
imada,2256738,2256,العاذر,El Adhar,36.695599,8.58215,ADM4 row / research sector code 2256738; dated ADM3 parent 2256,
imada,2256737,2256,هذيل,Hedhil,36.673168,8.639521,ADM4 row / research sector code 2256737; dated ADM3 parent 2256,
imada,2256740,2256,عين البية,Aïn El Beya,36.656105,8.62095,ADM4 row / research sector code 2256740; dated ADM3 parent 2256,
imada,2256729,2256,فرنانة,Fernana,36.667183,8.697248,ADM4 row / research sector code 2256729; dated ADM3 parent 2256,
imada,2256743,2256,سيدي عمار,Sidi Ammar,36.626947,8.738983,ADM4 row / research sector code 2256743; dated ADM3 parent 2256,
imada,2256731,2256,ربيعة,Rabiaa,36.59468,8.764697,ADM4 row / research sector code 2256731; dated ADM3 parent 2256,
imada,2256730,2256,واد غريب,Oued Ghrib,36.611269,8.668588,ADM4 row / research sector code 2256730; dated ADM3 parent 2256,
imada,52571833,5257,ربانة,Robbana,33.769191,10.893329,ADM4 row / research sector code 52571833; dated ADM3 parent 5257,
imada,52571830,5257,بني معقل,Beni Mâaguel,33.760078,10.948892,ADM4 row / research sector code 52571830; dated ADM3 parent 5257,
imada,2256741,2256,بو هرتمة,Bou Hertma,36.698706,8.770277,ADM4 row / research sector code 2256741; dated ADM3 parent 2256,
imada,2256733,2256,القوايدية,El Gouaïdia,36.688622,8.724291,ADM4 row / research sector code 2256733; dated ADM3 parent 2256,
imada,2256734,2256,بني مطير,Beni Mtir,36.729592,8.715408,ADM4 row / research sector code 2256734; dated ADM3 parent 2256,
imada,2259767,2259,سمران,Somrane,36.661357,8.954978,ADM4 row / research sector code 2259767; dated ADM3 parent 2259,
imada,2259768,2259,بلطة,Balta,36.70463,8.948839,ADM4 row / research sector code 2259768; dated ADM3 parent 2259,
imada,2259770,2259,بو عوان,Bou Aouane,36.691656,9.009075,ADM4 row / research sector code 2259770; dated ADM3 parent 2259,
imada,2259769,2259,عبد الجبار,Abdeljaber,36.708798,8.981928,ADM4 row / research sector code 2259769; dated ADM3 parent 2259,
imada,2259771,2259,واد كساب,Oued Kesseb,36.744912,8.984863,ADM4 row / research sector code 2259771; dated ADM3 parent 2259,
imada,2259766,2259,بني محمد,Beni Mhamed,36.754401,8.910704,ADM4 row / research sector code 2259766; dated ADM3 parent 2259,
imada,2259763,2259,العواوضة,El Aouaoudha,36.705355,8.91075,ADM4 row / research sector code 2259763; dated ADM3 parent 2259,
imada,2259765,2259,شواولة,Cheouaoula,36.707381,8.848161,ADM4 row / research sector code 2259765; dated ADM3 parent 2259,
imada,2259764,2259,البلدية,El Baldia,36.681328,8.856895,ADM4 row / research sector code 2259764; dated ADM3 parent 2259,
imada,2259762,2259,غزالة,Ghezala,36.656461,8.862097,ADM4 row / research sector code 2259762; dated ADM3 parent 2259,
imada,2259772,2259,بولعابة,Boulaaba,36.637045,8.820891,ADM4 row / research sector code 2259772; dated ADM3 parent 2259,
imada,31631023,3163,سيدي الهاني الغربية,Sidi El Heni Ouest,35.701962,10.25248,ADM4 row / research sector code 31631023; dated ADM3 parent 3163,
imada,2257755,2257,القلعة,El Galâa,36.548889,8.473045,ADM4 row / research sector code 2257755; dated ADM3 parent 2257,
imada,2257746,2257,المعدن,El Mâaden,36.595879,8.434918,ADM4 row / research sector code 2257746; dated ADM3 parent 2257,
imada,2257752,2257,فرقصان,Forgassen,36.554524,8.395876,ADM4 row / research sector code 2257752; dated ADM3 parent 2257,
imada,2257753,2257,فج حسين,Fej Hassine,36.382224,8.447731,ADM4 row / research sector code 2257753; dated ADM3 parent 2257,
imada,2257745,2257,غار الدماء الشمالية‎,Ghardimaou Nord,36.449562,8.434475,ADM4 row / research sector code 2257745; dated ADM3 parent 2257,
imada,2257744,2257,غار الدماء‎,Ghardimaou,36.446195,8.444037,ADM4 row / research sector code 2257744; dated ADM3 parent 2257,
imada,2257750,2257,الدورة,Ed-Daoura,36.473896,8.466454,ADM4 row / research sector code 2257750; dated ADM3 parent 2257,
imada,2257747,2257,الرخاء,Er-Rakha,36.436756,8.422012,ADM4 row / research sector code 2257747; dated ADM3 parent 2257,
imada,2257754,2257,مراسن,Mrassen,36.486794,8.398502,ADM4 row / research sector code 2257754; dated ADM3 parent 2257,
imada,2257748,2257,عين سلطان,Aîn Soltane,36.526848,8.344169,ADM4 row / research sector code 2257748; dated ADM3 parent 2257,
imada,2257751,2257,الصرية,Es-Sraia,36.464244,8.26037,ADM4 row / research sector code 2257751; dated ADM3 parent 2257,
imada,2257749,2257,وشتاتة,Ouechtata,36.502755,8.249784,ADM4 row / research sector code 2257749; dated ADM3 parent 2257,
imada,2258759,2258,حكيم الشمالية,Hakim Nord,36.490871,8.632772,ADM4 row / research sector code 2258759; dated ADM3 parent 2258,
imada,2258760,2258,حكيم الجنوبية,Hakim Sud,36.438549,8.62226,ADM4 row / research sector code 2258760; dated ADM3 parent 2258,
imada,2258756,2258,واد مليز الشرقية,Oued Meliz Est,36.448914,8.561661,ADM4 row / research sector code 2258756; dated ADM3 parent 2258,
imada,2258757,2258,واد مليز الغربية,Oued Meliz Ouest,36.437782,8.515298,ADM4 row / research sector code 2258757; dated ADM3 parent 2258,
imada,2258758,2258,دخايلية,Dkhaïlia,36.524571,8.52019,ADM4 row / research sector code 2258758; dated ADM3 parent 2258,
imada,2252692,2252,الزهور,Ezzouhour,36.575442,8.832664,ADM4 row / research sector code 2252692; dated ADM3 parent 2252,
imada,2252695,2252,بلاريجيا,Bulla-regja,36.552117,8.774565,ADM4 row / research sector code 2252695; dated ADM3 parent 2252,
imada,2252690,2252,الفردوس,El Ferdous,36.50658,8.734052,ADM4 row / research sector code 2252690; dated ADM3 parent 2252,
imada,2252696,2252,زطفورة,Zatfoura,36.568776,8.682176,ADM4 row / research sector code 2252696; dated ADM3 parent 2252,
imada,2252694,2252,السواني,Es-Souani,36.530205,8.669274,ADM4 row / research sector code 2252694; dated ADM3 parent 2252,
imada,2252697,2252,شمتو,Chemtou,36.526798,8.583462,ADM4 row / research sector code 2252697; dated ADM3 parent 2252,
imada,2252699,2252,سوق الجمعة,Souk Djemâa,36.580964,8.596902,ADM4 row / research sector code 2252699; dated ADM3 parent 2252,
imada,2252698,2252,الدير,Ed-Dir,36.573857,8.551909,ADM4 row / research sector code 2252698; dated ADM3 parent 2252,
imada,2251680,2251,النور,En-Nour,36.507734,8.786095,ADM4 row / research sector code 2251680; dated ADM3 parent 2251,
imada,2251679,2251,جندوبة الجنوبية,Jendouba Sud,36.496016,8.782049,ADM4 row / research sector code 2251679; dated ADM3 parent 2251,
imada,2251678,2251,الزغايدة,Ezzeghaida,36.50402,8.771112,ADM4 row / research sector code 2251678; dated ADM3 parent 2251,
imada,2252691,2252,الهادي بن حسين,El Hédi Ben Hassine,36.520403,8.764276,ADM4 row / research sector code 2252691; dated ADM3 parent 2252,
imada,2359841,2359,الزيتونة,Ezzitouna,35.778817,8.976458,ADM4 row / research sector code 2359841; dated ADM3 parent 2359,
imada,2359836,2359,القصور,El Ksour,35.904464,8.897893,ADM4 row / research sector code 2359836; dated ADM3 parent 2359,
imada,2359839,2359,اللواتة,Louata,35.81798,9.010738,ADM4 row / research sector code 2359839; dated ADM3 parent 2359,
imada,2359838,2359,بانو,Banou,35.791356,8.922177,ADM4 row / research sector code 2359838; dated ADM3 parent 2359,
imada,2359837,2359,عين القصيبة,Aïn El Ksiba,35.783498,8.862946,ADM4 row / research sector code 2359837; dated ADM3 parent 2359,
imada,2359840,2359,عين فضيل,Aïn Fedhil,35.914755,9.009611,ADM4 row / research sector code 2359840; dated ADM3 parent 2359,
imada,2360847,2360,ابة,Ebba,35.940969,8.780373,ADM4 row / research sector code 2360847; dated ADM3 parent 2360,
imada,2360843,2360,الدهماني الشمالية,Dahmani Nord,35.946714,8.823083,ADM4 row / research sector code 2360843; dated ADM3 parent 2360,
imada,2360842,2360,الدهماني,Dahmani,35.940708,8.838949,ADM4 row / research sector code 2360842; dated ADM3 parent 2360,
imada,2360844,2360,الزوارين,Zouarine,35.97625,8.913185,ADM4 row / research sector code 2360844; dated ADM3 parent 2360,
imada,2360848,2360,المداينة,El Medeïna,35.888132,8.833189,ADM4 row / research sector code 2360848; dated ADM3 parent 2360,
imada,2360845,2360,ثرمدة,Thermda,36.042768,8.830997,ADM4 row / research sector code 2360845; dated ADM3 parent 2360,
imada,2360850,2360,سيدي بركات الجنوبية,Sidi Baraket Sud,35.818566,8.805682,ADM4 row / research sector code 2360850; dated ADM3 parent 2360,
imada,2360849,2360,سيدي بركات الشمالية,Sidi Baraket Nord,35.831137,8.75358,ADM4 row / research sector code 2360849; dated ADM3 parent 2360,
imada,2360846,2360,عبيدة,Abida,36.020543,8.73989,ADM4 row / research sector code 2360846; dated ADM3 parent 2360,
imada,2355815,2355,برج الديوانة,Borj Eddiouana,35.916678,8.419254,ADM4 row / research sector code 2355815; dated ADM3 parent 2355,
imada,2355807,2355,عين الابار,Aïn El Abar,35.857712,8.486647,ADM4 row / research sector code 2355807; dated ADM3 parent 2355,
imada,2355814,2355,منزل سالم,Menzel Salem,35.850892,8.476028,ADM4 row / research sector code 2355814; dated ADM3 parent 2355,
imada,2358832,2358,الجريصة الجنوبية,Djerissa Sud,35.838474,8.624793,ADM4 row / research sector code 2358832; dated ADM3 parent 2358,
imada,2358831,2358,الجريصة الشمالية,Djérissa Nord,35.846935,8.643788,ADM4 row / research sector code 2358831; dated ADM3 parent 2358,
imada,2358830,2358,الجريصة المركزية,Djerissa Centre,35.844051,8.620648,ADM4 row / research sector code 2358830; dated ADM3 parent 2358,
imada,2358835,2358,النعايم,Enneayem,35.779277,8.631041,ADM4 row / research sector code 2358835; dated ADM3 parent 2358,
imada,2358833,2358,بسريانة,Besseriana,35.826555,8.581369,ADM4 row / research sector code 2358833; dated ADM3 parent 2358,
imada,2358834,2358,فج التمر,Fej Ettameur,35.836793,8.680124,ADM4 row / research sector code 2358834; dated ADM3 parent 2358,
imada,52521767,5252,اللبة,El Labba,33.271184,10.512212,ADM4 row / research sector code 52521767; dated ADM3 parent 5252,
imada,52551800,5255,جرجيس,Zarzis,33.424167,11.101554,ADM4 row / research sector code 52551800; dated ADM3 parent 5255,
imada,52551801,5255,20مارس,20 mars,33.508355,11.101771,ADM4 row / research sector code 52551801; dated ADM3 parent 5255,
imada,52521772,5252,السويطير,Souitir,33.379999,10.722604,ADM4 row / research sector code 52521772; dated ADM3 parent 5252,
imada,52521765,5252,مدنين الجنوبية,Mednine Sud,33.330833,10.503354,ADM4 row / research sector code 52521765; dated ADM3 parent 5252,
imada,52521766,5252,مدنين الشرقية,Mednine Est,33.354908,10.51289,ADM4 row / research sector code 52521766; dated ADM3 parent 5252,
imada,52521768,5252,حسي عمر,Hessi Amor,33.323547,10.591849,ADM4 row / research sector code 52521768; dated ADM3 parent 5252,
imada,52591847,5259,الراقوبة الغربية,Er Ragouba Ouest,33.482547,10.381274,ADM4 row / research sector code 52591847; dated ADM3 parent 5259,
imada,52541790,5254,الصياح,Essayah,33.17202,11.365074,ADM4 row / research sector code 52541790; dated ADM3 parent 5254,
imada,52511760,5251,20مارس,20 Mars,33.351881,10.464234,ADM4 row / research sector code 52511760; dated ADM3 parent 5251,
imada,52591846,5259,الراقوبة الشرقية,Er Ragouba Est,33.47823,10.437187,ADM4 row / research sector code 52591846; dated ADM3 parent 5259,
imada,52511763,5251,ام التمر الشرقية,Oum Ettameur Est,33.402408,10.408819,ADM4 row / research sector code 52511763; dated ADM3 parent 5251,
imada,52511764,5251,كوتين,Koutine,33.451182,10.338758,ADM4 row / research sector code 52511764; dated ADM3 parent 5251,
imada,52541788,5254,بن قردان الشمالية,Ben Guerdane Nord,33.143923,11.215384,ADM4 row / research sector code 52541788; dated ADM3 parent 5254,
imada,52541789,5254,بن قردان الجنوبية,Ben Guerdane Sud,33.134524,11.223602,ADM4 row / research sector code 52541789; dated ADM3 parent 5254,
imada,52541791,5254,جميلة,Jamila,33.039981,11.413083,ADM4 row / research sector code 52541791; dated ADM3 parent 5254,
imada,52541798,5254,الشهبانية,Chahbania,33.218554,10.733137,ADM4 row / research sector code 52541798; dated ADM3 parent 5254,
imada,52541792,5254,المعمرات,El Mâamerat,32.675848,11.36354,ADM4 row / research sector code 52541792; dated ADM3 parent 5254,
imada,52511761,5251,مدنين الشمالية,Mednine Nord,33.37049,10.488151,ADM4 row / research sector code 52511761; dated ADM3 parent 5251,
imada,52541793,5254,العامرية,El Amria,32.719252,11.192081,ADM4 row / research sector code 52541793; dated ADM3 parent 5254,
imada,52551805,5255,السويحل,Essouihel,33.540285,11.10304,ADM4 row / research sector code 52551805; dated ADM3 parent 5255,
imada,52531786,5253,البحيرة,El Behira,33.334651,10.227132,ADM4 row / research sector code 52531786; dated ADM3 parent 5253,
imada,52551806,5255,واد التياب,Oued Ettieb,33.525085,11.055962,ADM4 row / research sector code 52551806; dated ADM3 parent 5255,
imada,52551807,5255,حسي الجربي,Hassi El Jerbi,33.613329,11.025678,ADM4 row / research sector code 52551807; dated ADM3 parent 5255,
imada,52551814,5255,العقلة,El Ogla,33.559987,11.074421,ADM4 row / research sector code 52551814; dated ADM3 parent 5255,
imada,52511758,5251,02ماي,2 Mai,33.325356,10.478625,ADM4 row / research sector code 52511758; dated ADM3 parent 5251,
imada,52531778,5253,ورجيجن,Ouarjijene,33.217362,10.384113,ADM4 row / research sector code 52531778; dated ADM3 parent 5253,
imada,52591845,5259,عمرة,Amra,33.42862,10.531945,ADM4 row / research sector code 52591845; dated ADM3 parent 5259,
imada,52511762,5251,ام التمر الغربية,Oum Ettameur Ouest,33.370753,10.347106,ADM4 row / research sector code 52511762; dated ADM3 parent 5251,
imada,52551812,5255,القريبيس,El Grebis,33.532687,10.937668,ADM4 row / research sector code 52551812; dated ADM3 parent 5255,
imada,52531775,5253,بني خداش,Beni-Khedech,33.259237,10.211304,ADM4 row / research sector code 52531775; dated ADM3 parent 5253,
imada,52591842,5259,المغزاوية,El Maghzaouia,33.620311,10.60735,ADM4 row / research sector code 52591842; dated ADM3 parent 5259,
imada,52551815,5255,شماخ,Chammakh,33.587638,10.992877,ADM4 row / research sector code 52551815; dated ADM3 parent 5255,
imada,52531777,5253,الدخيلة,Eddekhila,33.266026,10.338737,ADM4 row / research sector code 52531777; dated ADM3 parent 5253,
imada,52551808,5255,خوي الغدير,Khaoui El Ghedir,33.516808,10.997859,ADM4 row / research sector code 52551808; dated ADM3 parent 5255,
imada,52551809,5255,حمادي,Hamadi,33.497048,11.083079,ADM4 row / research sector code 52551809; dated ADM3 parent 5255,
imada,52521769,5252,وادي السدر,Oued Esseder,33.277043,10.643741,ADM4 row / research sector code 52521769; dated ADM3 parent 5252,
imada,52521770,5252,حسي مدنين,Hessi Mednine,33.433375,10.623691,ADM4 row / research sector code 52521770; dated ADM3 parent 5252,
imada,52531787,5253,القصر الجديد,Ksar El Jedid,33.304639,10.289875,ADM4 row / research sector code 52531787; dated ADM3 parent 5253,
imada,52551802,5255,الطاهر صفر,Tahar Sfar,33.51147,11.112521,ADM4 row / research sector code 52551802; dated ADM3 parent 5255,
imada,52591840,5259,سيدي مخلوف,Sidi Makhlouf,33.519608,10.491271,ADM4 row / research sector code 52591840; dated ADM3 parent 5259,
imada,52541795,5254,الوراسنية,Ourasnia,33.186233,11.070615,ADM4 row / research sector code 52541795; dated ADM3 parent 5254,
imada,52591841,5259,القرين,El Grine,33.608294,10.516497,ADM4 row / research sector code 52591841; dated ADM3 parent 5259,
imada,52541799,5254,شارب الراجل,Chareb Errajel,33.245159,11.099127,ADM4 row / research sector code 52541799; dated ADM3 parent 5254,
imada,52541794,5254,الطابعي,Ettabaï,33.039338,11.099161,ADM4 row / research sector code 52541794; dated ADM3 parent 5254,
imada,52551813,5255,حمادي بو تفاحة,Hamadi Boutoufaha,33.370664,11.033427,ADM4 row / research sector code 52551813; dated ADM3 parent 5255,
imada,52521773,5252,عمر الجديدة,Nouvelle Amra,33.442022,10.598677,ADM4 row / research sector code 52521773; dated ADM3 parent 5252,
imada,52521774,5252,بوغرارة,Bou-Ghrara,33.561115,10.664506,ADM4 row / research sector code 52521774; dated ADM3 parent 5252,
imada,52541796,5254,جلال,Jallel,33.120418,11.030954,ADM4 row / research sector code 52541796; dated ADM3 parent 5254,
imada,52541797,5254,النفاتية,Neffatia,33.194735,10.891708,ADM4 row / research sector code 52541797; dated ADM3 parent 5254,
imada,52551810,5255,هشام الحمادي,Hichem E l Hamadi,33.460656,10.962649,ADM4 row / research sector code 52551810; dated ADM3 parent 5255,
imada,52551811,5255,الغرابات,El Ghorabet,33.405565,10.849982,ADM4 row / research sector code 52551811; dated ADM3 parent 5255,
imada,52551804,5255,البساتين,El Bassatine,33.529135,11.091348,ADM4 row / research sector code 52551804; dated ADM3 parent 5255,
imada,52531785,5253,الحميمة,El Hamaïma,33.378665,10.179525,ADM4 row / research sector code 52531785; dated ADM3 parent 5253,
imada,52599999,5259,الدرجاوة,Ed-Derjaoua,33.540688,10.461741,ADM4 row / research sector code 52599999; dated ADM3 parent 5259,
imada,52531779,5253,وادي الخيل,Oued El Khil,33.187184,10.288435,ADM4 row / research sector code 52531779; dated ADM3 parent 5253,
imada,52531783,5253,المنزلة,El Menzela,33.270568,9.957942,ADM4 row / research sector code 52531783; dated ADM3 parent 5253,
imada,52551803,5255,الجدارية,Ejdaria,33.328765,11.15622,ADM4 row / research sector code 52551803; dated ADM3 parent 5255,
imada,52531784,5253,زمور,Zammour,33.245878,10.043743,ADM4 row / research sector code 52531784; dated ADM3 parent 5253,
imada,52511757,5251,بني عزيل,Beni Ghezaïl,33.286994,10.432875,ADM4 row / research sector code 52511757; dated ADM3 parent 5251,
imada,52511759,5251,مدنين الغربية,Mednine Ouest,33.33655,10.472131,ADM4 row / research sector code 52511759; dated ADM3 parent 5251,
imada,52531780,5253,الزغاية,Zghaya,33.101994,10.063169,ADM4 row / research sector code 52531780; dated ADM3 parent 5253,
imada,52531781,5253,البنية,El Benaina,33.165778,10.103376,ADM4 row / research sector code 52531781; dated ADM3 parent 5253,
imada,52591848,5259,الغباي,El Ghabai,33.434082,10.467833,ADM4 row / research sector code 52591848; dated ADM3 parent 5259,
imada,52531776,5253,رحالة,Rahala,33.237728,10.261202,ADM4 row / research sector code 52531776; dated ADM3 parent 5253,
imada,52591849,5259,القصبة,El Gosba,33.57011,10.422728,ADM4 row / research sector code 52591849; dated ADM3 parent 5259,
imada,52531782,5253,الفجيج,El Fejij,33.206212,10.03921,ADM4 row / research sector code 52531782; dated ADM3 parent 5253,
imada,52591843,5259,الجرف,El Jourf,33.66094,10.689191,ADM4 row / research sector code 52591843; dated ADM3 parent 5259,
imada,52521771,5252,الدرغولية,Darghoulia,33.417397,10.669877,ADM4 row / research sector code 52521771; dated ADM3 parent 5252,
imada,52591844,5259,بدوي,Bedoui,33.519183,10.556597,ADM4 row / research sector code 52591844; dated ADM3 parent 5259,
imada,53551898,5355,القرضاب,El Ghordhab,33.085177,10.494042,ADM4 row / research sector code 53551898; dated ADM3 parent 5355,
imada,53551897,5355,الزهور,Ezzouhour,33.060254,10.328013,ADM4 row / research sector code 53551897; dated ADM3 parent 5355,
imada,53551896,5355,الواحة,El Ouaha,33.05854,10.337614,ADM4 row / research sector code 53551896; dated ADM3 parent 5355,
imada,53551895,5355,غمراسن,Ghomrassen,33.061922,10.351627,ADM4 row / research sector code 53551895; dated ADM3 parent 5355,
imada,53511852,5351,النصر,En-Nasr,32.935851,10.459791,ADM4 row / research sector code 53511852; dated ADM3 parent 5351,
imada,53531887,5353,بني مهيرة الشرقية,Beni Mehira Est,32.664053,10.963568,ADM4 row / research sector code 53531887; dated ADM3 parent 5353,
imada,53531886,5353,قصر مهيرة,Ksar Mehira,32.708434,10.871966,ADM4 row / research sector code 53531886; dated ADM3 parent 5353,
imada,53531885,5353,قصر عون,Ksar Aoun,32.701403,11.005612,ADM4 row / research sector code 53531885; dated ADM3 parent 5353,
imada,53531884,5353,المرة,El Morra,32.641079,11.11946,ADM4 row / research sector code 53531884; dated ADM3 parent 5353,
imada,53531883,5353,الرهاش,Errahech,32.932895,10.881095,ADM4 row / research sector code 53531883; dated ADM3 parent 5353,
imada,53521872,5352,شنني الجديدة,Nouvelle Chnini,32.899164,10.106516,ADM4 row / research sector code 53521872; dated ADM3 parent 5352,
imada,53511860,5351,جاتمة,Khetma,32.877387,10.605654,ADM4 row / research sector code 53511860; dated ADM3 parent 5351,
imada,53511859,5351,قطوفة,Gattoufa,32.938882,10.559785,ADM4 row / research sector code 53511859; dated ADM3 parent 5351,
imada,53511858,5351,الزهراء,Ezzahra,32.536264,10.850907,ADM4 row / research sector code 53511858; dated ADM3 parent 5351,
imada,53541894,5354,البساتين,El Bassatine,33.205315,10.471095,ADM4 row / research sector code 53541894; dated ADM3 parent 5354,
imada,53541893,5354,المدينة,El Medina,33.132054,10.466872,ADM4 row / research sector code 53541893; dated ADM3 parent 5354,
imada,53541892,5354,قراقر,Grager,33.100487,10.394428,ADM4 row / research sector code 53541892; dated ADM3 parent 5354,
imada,53541891,5354,العرقوب,El Argoub,33.107019,10.35388,ADM4 row / research sector code 53541891; dated ADM3 parent 5354,
imada,53541890,5354,السند,Sened,33.154075,10.39483,ADM4 row / research sector code 53541890; dated ADM3 parent 5354,
imada,53511864,5351,بني بلال,Beni Belal,32.926812,10.630771,ADM4 row / research sector code 53511864; dated ADM3 parent 5351,
imada,53511863,5351,القلعة الغربية,El Galâa Ouest,32.664447,10.480591,ADM4 row / research sector code 53511863; dated ADM3 parent 5351,
imada,53541889,5354,بئر الاحمر الغربية,Bir Lahmar Ouest,33.18164,10.402363,ADM4 row / research sector code 53541889; dated ADM3 parent 5354,
imada,53511862,5351,القلعة الشرقية,El Galâa Est,32.637279,10.597903,ADM4 row / research sector code 53511862; dated ADM3 parent 5351,
imada,53541888,5354,بئر الاحمر الشرقية,Bir Lahmar Est,33.181486,10.526277,ADM4 row / research sector code 53541888; dated ADM3 parent 5354,
imada,53511861,5351,السعادة,Essâada,32.884205,10.721028,ADM4 row / research sector code 53511861; dated ADM3 parent 5351,
imada,53551901,5355,قصر الحدادة,Ksar El Haddada,33.113875,10.301035,ADM4 row / research sector code 53551901; dated ADM3 parent 5355,
imada,53551900,5355,قرماسة,Guermassa,33.020584,10.106638,ADM4 row / research sector code 53551900; dated ADM3 parent 5355,
imada,53551899,5355,الفرش,El Ferch,32.986857,10.3217,ADM4 row / research sector code 53551899; dated ADM3 parent 5355,
imada,53511853,5351,وادي القمح,Oued El Gemah,32.923719,10.46604,ADM4 row / research sector code 53511853; dated ADM3 parent 5351,
imada,53571910,5357,كنبوت,Kenbout,32.18529,10.108653,ADM4 row / research sector code 53571910; dated ADM3 parent 5357,
imada,53521868,5352,المزطورية الشمالية,El Maztouria Nord,32.864248,10.473522,ADM4 row / research sector code 53521868; dated ADM3 parent 5352,
imada,53571909,5357,نكريف,Nekrif,32.096745,10.386934,ADM4 row / research sector code 53571909; dated ADM3 parent 5357,
imada,53521867,5352,المزطورية الجنوبية,El Maztouria Sud,32.840106,10.478898,ADM4 row / research sector code 53521867; dated ADM3 parent 5352,
imada,53571908,5357,رمادة الغربية,Rémada Ouest,32.085092,9.557941,ADM4 row / research sector code 53571908; dated ADM3 parent 5357,
imada,53521866,5352,تطاوين العليا,Tataouine Superieure,32.922001,10.449901,ADM4 row / research sector code 53521866; dated ADM3 parent 5352,
imada,53571907,5357,رمادة الشرقية,Rémada Est,32.439342,10.431694,ADM4 row / research sector code 53571907; dated ADM3 parent 5357,
imada,53521865,5352,تطاوين المدينة,Tataouine Ville,32.930968,10.446647,ADM4 row / research sector code 53521865; dated ADM3 parent 5352,
imada,53551904,5355,وادي الخيل,Oued El Khil,33.148834,10.329727,ADM4 row / research sector code 53551904; dated ADM3 parent 5355,
imada,53551903,5355,قصر المرابطين,Ksar El Mourabitine,33.036206,10.405223,ADM4 row / research sector code 53551903; dated ADM3 parent 5355,
imada,53551902,5355,المدينة الجديدة,Nouvelle Medina,33.065844,10.266999,ADM4 row / research sector code 53551902; dated ADM3 parent 5355,
imada,53521879,5352,بني بركة - تونكت,Beni Barka - Tounket,32.892143,10.474641,ADM4 row / research sector code 53521879; dated ADM3 parent 5352,
imada,53521878,5352,بئر الثلاثين,Bir Thalathine,32.71004,10.356372,ADM4 row / research sector code 53521878; dated ADM3 parent 5352,
imada,53511857,5351,المعونة,El Maouna,33.036354,10.666462,ADM4 row / research sector code 53511857; dated ADM3 parent 5351,
imada,53511856,5351,وادي الغار,Oued El Ghar,33.012006,10.543041,ADM4 row / research sector code 53511856; dated ADM3 parent 5351,
imada,53531880,5353,كرشاو,Kerchaou,33.052164,10.772096,ADM4 row / research sector code 53531880; dated ADM3 parent 5353,
imada,53511855,5351,تلالت,Telelt,32.975127,10.412476,ADM4 row / research sector code 53511855; dated ADM3 parent 5351,
imada,53511854,5351,برورمت,Berourmet,32.972621,10.456821,ADM4 row / research sector code 53511854; dated ADM3 parent 5351,
imada,53511851,5351,التضامن,Ettadhamen,32.921009,10.462491,ADM4 row / research sector code 53511851; dated ADM3 parent 5351,
imada,53561906,5356,ذهبية الغربية,Dhehbia Ouest,31.825642,10.327184,ADM4 row / research sector code 53561906; dated ADM3 parent 5356,
imada,53511850,5351,النزهة,En-Nozha,32.937747,10.454262,ADM4 row / research sector code 53511850; dated ADM3 parent 5351,
imada,53561905,5356,ذهبية الشرقية,Dhehbia Est,32.20328,10.829016,ADM4 row / research sector code 53561905; dated ADM3 parent 5356,
imada,53521871,5352,قصر المقابلة,Ksar El Moukabala,32.923424,10.424017,ADM4 row / research sector code 53521871; dated ADM3 parent 5352,
imada,53531882,5353,الغر ياني,El Ghariani,32.965737,10.98369,ADM4 row / research sector code 53531882; dated ADM3 parent 5353,
imada,53571913,5357,مغني,Meghani,32.334713,10.649503,ADM4 row / research sector code 53571913; dated ADM3 parent 5357,
imada,53531881,5353,الصمار,Smar,33.039919,10.906817,ADM4 row / research sector code 53531881; dated ADM3 parent 5353,
imada,53571912,5357,برج الخضراء,Borj El Khadhra,31.025822,9.771459,ADM4 row / research sector code 53571912; dated ADM3 parent 5357,
imada,53571911,5357,بئر عمير,Bir Amir,32.553022,9.31348,ADM4 row / research sector code 53571911; dated ADM3 parent 5357,
imada,53521870,5352,حي البر,Cité El Barr,32.917456,10.423431,ADM4 row / research sector code 53521870; dated ADM3 parent 5352,
imada,53521877,5352,راس الوادي,Ras El Ouedi,32.705914,10.120944,ADM4 row / research sector code 53521877; dated ADM3 parent 5352,
imada,53521876,5352,الرقبة,Erroghba,32.902851,10.422562,ADM4 row / research sector code 53521876; dated ADM3 parent 5352,
imada,53521875,5352,المسرب,El Mesreb,32.865437,10.38429,ADM4 row / research sector code 53521875; dated ADM3 parent 5352,
imada,53521874,5352,الدويرات,Eddouiret,32.827361,10.096642,ADM4 row / research sector code 53521874; dated ADM3 parent 5352,
imada,53521869,5352,غرغار,Gharghar,32.915014,10.440039,ADM4 row / research sector code 53521869; dated ADM3 parent 5352,
imada,53521873,5352,شنني,Chenini,32.941237,10.170751,ADM4 row / research sector code 53521873; dated ADM3 parent 5352,
imada,2251689,2251,العزيمة,El Azima,36.547156,8.873434,ADM4 row / research sector code 2251689; dated ADM3 parent 2251,
imada,2251682,2251,الملقي,El Malga,36.509763,8.827278,ADM4 row / research sector code 2251682; dated ADM3 parent 2251,
imada,2251684,2251,سوق السبت,Souk Es-Sebt,36.483223,8.898884,ADM4 row / research sector code 2251684; dated ADM3 parent 2251,
imada,2251685,2251,العيثة,El Aitha,36.470918,8.871872,ADM4 row / research sector code 2251685; dated ADM3 parent 2251,
imada,2251686,2251,عين كريمة,Aïn Karima,36.444017,8.860588,ADM4 row / research sector code 2251686; dated ADM3 parent 2251,
imada,2251683,2251,التطور,Ettataouer,36.474111,8.802377,ADM4 row / research sector code 2251683; dated ADM3 parent 2251,
imada,2251687,2251,معلة,Mâalla,36.42068,8.804962,ADM4 row / research sector code 2251687; dated ADM3 parent 2251,
imada,2251681,2251,السعادة,Es-Sâada,36.451942,8.762526,ADM4 row / research sector code 2251681; dated ADM3 parent 2251,
imada,2251688,2251,الجريف,El Jerif,36.429157,8.708394,ADM4 row / research sector code 2251688; dated ADM3 parent 2251,
imada,2253703,2253,البراهمي,El Brahmi,36.604901,8.892835,ADM4 row / research sector code 2253703; dated ADM3 parent 2253,
imada,2253705,2253,بير الاخضر,Bir Lakhdar,36.571448,8.954721,ADM4 row / research sector code 2253705; dated ADM3 parent 2253,
imada,2253704,2253,المرجي,El Marja,36.527864,8.929347,ADM4 row / research sector code 2253704; dated ADM3 parent 2253,
imada,2253708,2253,سيدي عبيد,Sidi Abid,36.481066,8.985564,ADM4 row / research sector code 2253708; dated ADM3 parent 2253,
imada,2253706,2253,الكدية,El Koudia,36.546352,9.002753,ADM4 row / research sector code 2253706; dated ADM3 parent 2253,
imada,2253707,2253,المنقوش,El Msanghouche,36.554763,9.044445,ADM4 row / research sector code 2253707; dated ADM3 parent 2253,
imada,2253702,2253,الروماني,Erroumani,36.619405,9.024309,ADM4 row / research sector code 2253702; dated ADM3 parent 2253,
imada,2253700,2253,بوسالم الشمالية,Bou Salem Nord,36.606728,8.949868,ADM4 row / research sector code 2253700; dated ADM3 parent 2253,
imada,2259761,2259,عسيلة,Assila,36.632289,8.973565,ADM4 row / research sector code 2259761; dated ADM3 parent 2259,
imada,2253701,2253,بوسالم الجنوبية,Bou Salem Sud,36.605095,8.974528,ADM4 row / research sector code 2253701; dated ADM3 parent 2253,
imada,1566420,1566,الاطرش,Latrach,36.480629,10.478595,ADM4 row / research sector code 1566420; dated ADM3 parent 1566,
imada,51511687,5151,المنطقة الرابعة,Secteur (4),33.887537,10.109904,ADM4 row / research sector code 51511687; dated ADM3 parent 5151,
imada,51511686,5151,المنطقة الثالثة,Secteur (3),33.892986,10.092531,ADM4 row / research sector code 51511686; dated ADM3 parent 5151,
imada,51511685,5151,المنطقة الثانية,Secteur (2),33.876615,10.095095,ADM4 row / research sector code 51511685; dated ADM3 parent 5151,
imada,51511684,5151,المنطقة الاولي,Secteur (1),33.887593,10.085841,ADM4 row / research sector code 51511684; dated ADM3 parent 5151,
imada,51571720,5156,منزل الحبيب,Menzel El Habib,34.240764,9.652944,ADM4 row / research sector code 51571720; dated ADM3 parent 5156,
imada,51521695,5152,شنني الغربية,Chenini Ouest,33.857552,10.060573,ADM4 row / research sector code 51521695; dated ADM3 parent 5152,
imada,51521694,5152,شنني الشرقية,Chenini Est,33.869499,10.057208,ADM4 row / research sector code 51521694; dated ADM3 parent 5152,
imada,51521693,5152,شنني الشمالية,Chenini Nord,33.866771,10.017928,ADM4 row / research sector code 51521693; dated ADM3 parent 5152,
imada,51521692,5152,الجواولة,Jaouaoula,33.880627,10.058843,ADM4 row / research sector code 51521692; dated ADM3 parent 5152,
imada,51521691,5152,النحال,Nahal,33.882826,10.075347,ADM4 row / research sector code 51521691; dated ADM3 parent 5152,
imada,51521690,5152,بوشمة,Bou-Chemma,33.903151,10.022952,ADM4 row / research sector code 51521690; dated ADM3 parent 5152,
imada,51551711,5155,العكاريت,El Akarit,34.077164,9.973589,ADM4 row / research sector code 51551711; dated ADM3 parent 5155,
imada,51561715,5156,الفجيج,El Fejij,34.070313,9.768725,ADM4 row / research sector code 51561715; dated ADM3 parent 5156,
imada,51561714,5156,وادي الزيتون,Oued Ezzitoun,34.153253,9.687503,ADM4 row / research sector code 51561714; dated ADM3 parent 5156,
imada,51571724,5157,(2) المنطقة الشرقية,Secteur Est (2),33.850061,9.806144,ADM4 row / research sector code 51571724; dated ADM3 parent 5157,
imada,51571723,5157,(1) المنطقة الشرقية,Secteur Est (1),33.881338,9.817976,ADM4 row / research sector code 51571723; dated ADM3 parent 5157,
imada,51571722,5157,القصر,El Ksar,33.901942,9.833466,ADM4 row / research sector code 51571722; dated ADM3 parent 5157,
imada,51601756,5160,دخيلة توجان,Dekhilet Toujane,33.44306,10.212594,ADM4 row / research sector code 51601756; dated ADM3 parent 5160,
imada,51571732,5157,الحبيب ثامر,Habib Thameur,33.83597,9.703074,ADM4 row / research sector code 51571732; dated ADM3 parent 5157,
imada,51591740,5159,بني عيسي,Beni Aïssa,33.657979,9.900574,ADM4 row / research sector code 51591740; dated ADM3 parent 5159,
imada,51591739,5159,الزراوة,Ez-Zeraoua,33.612389,9.721186,ADM4 row / research sector code 51591739; dated ADM3 parent 5159,
imada,51571731,5157,بوعطوش,Bou Attouch,34.010829,9.476413,ADM4 row / research sector code 51571731; dated ADM3 parent 5157,
imada,51571730,5157,بشيمة القلب,Bechima El Kalb,33.951861,9.714564,ADM4 row / research sector code 51571730; dated ADM3 parent 5157,
imada,51581736,5158,طمزرط,Tamazrat,33.478403,9.730592,ADM4 row / research sector code 51581736; dated ADM3 parent 5158,
imada,51521689,5152,الرماثي,Er-Remathi,33.867759,9.952218,ADM4 row / research sector code 51521689; dated ADM3 parent 5152,
imada,51581735,5158,تشين,Techine,33.369162,9.88271,ADM4 row / research sector code 51581735; dated ADM3 parent 5158,
imada,51511688,5151,شط سيدي عبد السلام,Chott Sidi Abdesselam,33.91437,10.0923,ADM4 row / research sector code 51511688; dated ADM3 parent 5151,
imada,51581734,5158,مطماطة,Matmata,33.513061,9.951231,ADM4 row / research sector code 51581734; dated ADM3 parent 5158,
imada,51541706,5154,غنوش الشمالية,Ghanouche Nord,33.962168,10.060395,ADM4 row / research sector code 51541706; dated ADM3 parent 5154,
imada,51541705,5154,غنوش الجنوبية,Ghanouche Sud,33.927472,10.054755,ADM4 row / research sector code 51541705; dated ADM3 parent 5154,
imada,51541704,5154,غنوش الغربية,Ghanouch Ouest,33.947374,10.046227,ADM4 row / research sector code 51541704; dated ADM3 parent 5154,
imada,51541703,5154,غنوش الشرقية,Ghanouch Est,33.938964,10.074015,ADM4 row / research sector code 51541703; dated ADM3 parent 5154,
imada,51571733,5157,المنطقة الغربية,Secteur Ouest,33.808786,9.753292,ADM4 row / research sector code 51571733; dated ADM3 parent 5157,
imada,51591741,5159,بني زلطن,Beni Zalten,33.558799,10.106354,ADM4 row / research sector code 51591741; dated ADM3 parent 5159,
imada,51561719,5156,زقراطة,Zoughrata,34.139073,9.797853,ADM4 row / research sector code 51561719; dated ADM3 parent 5156,
imada,51561718,5156,ربيعة والي,Rabiaa Ouali,34.175011,9.841377,ADM4 row / research sector code 51561718; dated ADM3 parent 5156,
imada,51561717,5156,السقي,Es-Saki,34.169766,9.331607,ADM4 row / research sector code 51561717; dated ADM3 parent 5156,
imada,51561716,5156,المهاملة,El Mehemla,34.166384,9.483992,ADM4 row / research sector code 51561716; dated ADM3 parent 5156,
imada,51601744,5160,سيدي التواتي,Sidi Touati,33.509915,10.242686,ADM4 row / research sector code 51601744; dated ADM3 parent 5160,
imada,51601743,5160,مارث الشمالية,Mareth Nord,33.629447,10.254338,ADM4 row / research sector code 51601743; dated ADM3 parent 5160,
imada,51601742,5160,مارث,Mareth,33.586915,10.280044,ADM4 row / research sector code 51601742; dated ADM3 parent 5160,
imada,51601754,5160,زريق الغندري,Zerig El Ghandri,33.718754,10.156459,ADM4 row / research sector code 51601754; dated ADM3 parent 5160,
imada,51531702,5153,الامازير,El Amazir,33.74395,9.995101,ADM4 row / research sector code 51531702; dated ADM3 parent 5153,
imada,51601753,5160,زمرتن,Zemarten,33.364085,10.048615,ADM4 row / research sector code 51601753; dated ADM3 parent 5160,
imada,51601752,5160,توجان,Toujane,33.46017,10.131661,ADM4 row / research sector code 51601752; dated ADM3 parent 5160,
imada,51531701,5153,ليماوة,Limaoua,33.729712,10.088818,ADM4 row / research sector code 51531701; dated ADM3 parent 5153,
imada,51601751,5160,كتانة,Ketana,33.761344,10.205244,ADM4 row / research sector code 51601751; dated ADM3 parent 5160,
imada,51531700,5153,المدو,El Medou,33.797478,10.025939,ADM4 row / research sector code 51531700; dated ADM3 parent 5153,
imada,51551713,5155,الميدة,El Mida,34.048194,9.869521,ADM4 row / research sector code 51551713; dated ADM3 parent 5155,
imada,51601750,5160,عرام,Arram,33.557519,10.328175,ADM4 row / research sector code 51601750; dated ADM3 parent 5160,
imada,51531699,5153,المنطقة الخامسة,Secteur (5),33.869698,10.115108,ADM4 row / research sector code 51531699; dated ADM3 parent 5153,
imada,51591738,5159,هداج,Heddaj,33.620024,10.065297,ADM4 row / research sector code 51591738; dated ADM3 parent 5159,
imada,51571721,5157,المنطقة الشمالية,Secteur Nord,33.97317,9.820894,ADM4 row / research sector code 51571721; dated ADM3 parent 5157,
imada,51571729,5157,بشيمة البرج,Bechima El Borj,33.922653,9.686812,ADM4 row / research sector code 51571729; dated ADM3 parent 5157,
imada,51591737,5159,مطماطة الجديدة,Nouvelle Matmata,33.662301,9.988143,ADM4 row / research sector code 51591737; dated ADM3 parent 5159,
imada,51571728,5157,البحاير,El Behaïer,33.840367,9.483825,ADM4 row / research sector code 51571728; dated ADM3 parent 5157,
imada,51571727,5157,شانشو,Chanchou,33.810285,9.87453,ADM4 row / research sector code 51571727; dated ADM3 parent 5157,
imada,51571726,5157,فرحات حشاد,Farhat Hached,33.707104,9.631886,ADM4 row / research sector code 51571726; dated ADM3 parent 5157,
imada,51571725,5157,المنطقة القبلية,Secteur Sud,33.862227,9.786774,ADM4 row / research sector code 51571725; dated ADM3 parent 5157,
imada,51601755,5160,عين تونين,Aïn Tounine,33.495759,10.131456,ADM4 row / research sector code 51601755; dated ADM3 parent 5160,
imada,51551709,5155,وذرف الشمالية,Ouedhref Nord,34.033846,9.949871,ADM4 row / research sector code 51551709; dated ADM3 parent 5155,
imada,51601746,5160,عيون الزركين,Ayoun Ez-Zerkine,33.665707,10.204728,ADM4 row / research sector code 51601746; dated ADM3 parent 5160,
imada,51601745,5160,الزركين,Ez-Zerkine,33.720357,10.261138,ADM4 row / research sector code 51601745; dated ADM3 parent 5160,
imada,51551708,5155,المطورية الجنوبية,El Metouia Sud,33.941914,9.965869,ADM4 row / research sector code 51551708; dated ADM3 parent 5155,
imada,51551707,5155,المطويةالشمالية,El Metouia Nord,34.021483,10.018076,ADM4 row / research sector code 51551707; dated ADM3 parent 5155,
imada,51551712,5155,الهيشة,El Hicha,34.151073,9.962871,ADM4 row / research sector code 51551712; dated ADM3 parent 5155,
imada,51601749,5160,العلاية,El Alaya,33.637619,10.389225,ADM4 row / research sector code 51601749; dated ADM3 parent 5160,
imada,51531698,5153,زريق الدخلانية,Zrig Eddakhlania,33.854942,10.100268,ADM4 row / research sector code 51531698; dated ADM3 parent 5153,
imada,51531697,5153,سيدي بولبابة,Sidi Boulbaba,33.854132,10.085024,ADM4 row / research sector code 51531697; dated ADM3 parent 5153,
imada,51601748,5160,الزارات,Ezzarat,33.685562,10.330015,ADM4 row / research sector code 51601748; dated ADM3 parent 5160,
imada,51601747,5160,واريفين,Ourafinine,33.573131,10.176806,ADM4 row / research sector code 51601747; dated ADM3 parent 5160,
imada,51531696,5153,‫طبلبو‬,Teboulbou,33.815994,10.133058,ADM4 row / research sector code 51531696; dated ADM3 parent 5153,
imada,51551710,5155,وذرف الجنوبية,Ouedhref Sud,33.98862,9.925578,ADM4 row / research sector code 51551710; dated ADM3 parent 5155,
imada,1557366,1557,وادي الخطف,Oued El Khatf,36.856264,11.030305,ADM4 row / research sector code 1557366; dated ADM3 parent 1557,
imada,1556360,1556,تافلون,Tafelloum,36.685793,10.9063,ADM4 row / research sector code 1556360; dated ADM3 parent 1556,
imada,34591285,3459,العامرة,El Amra,34.972953,10.897557,ADM4 row / research sector code 34591285; dated ADM3 parent 3459,
imada,34591290,3459,بودربالة,Bou Derbala,34.895608,10.854475,ADM4 row / research sector code 34591290; dated ADM3 parent 3459,
imada,34591288,3459,السلام,Es Salam,34.971947,10.834026,ADM4 row / research sector code 34591288; dated ADM3 parent 3459,
imada,34591289,3459,ذراع بن زياد,Dherra Beni Ziad,34.928711,10.877695,ADM4 row / research sector code 34591289; dated ADM3 parent 3459,
imada,34591287,3459,المسائرية,El Mesatria,35.008184,10.877348,ADM4 row / research sector code 34591287; dated ADM3 parent 3459,
imada,34591286,3459,بليانة,Beliana,34.994864,10.934107,ADM4 row / research sector code 34591286; dated ADM3 parent 3459,
imada,34551264,3455,العوابد,El Aouabed,34.846651,10.646518,ADM4 row / research sector code 34551264; dated ADM3 parent 3455,
imada,34551263,3455,الخزانات,Khazanet,34.787743,10.638793,ADM4 row / research sector code 34551263; dated ADM3 parent 3455,
imada,34551262,3455,الافران الشمالية,El Afrane Nord,34.779752,10.703987,ADM4 row / research sector code 34551262; dated ADM3 parent 3455,
imada,34551261,3455,بوزيان,Bouzaïane,34.79124,10.725915,ADM4 row / research sector code 34551261; dated ADM3 parent 3455,
imada,34551260,3455,قرمدة,Gremda,34.78518,10.713238,ADM4 row / research sector code 34551260; dated ADM3 parent 3455,
imada,34551259,3455,العين,El Aïn,34.766128,10.693748,ADM4 row / research sector code 34551259; dated ADM3 parent 3455,
imada,34521243,3452,الهدي,El Houda,34.742436,10.709214,ADM4 row / research sector code 34521243; dated ADM3 parent 3452,
imada,34521242,3452,وادي الرمل,Oued Er-Rmel,34.738253,10.724959,ADM4 row / research sector code 34521242; dated ADM3 parent 3452,
imada,34521241,3452,العالية,El Alia,34.75184,10.72301,ADM4 row / research sector code 34521241; dated ADM3 parent 3452,
imada,34521240,3452,سكرة,Soukra,34.728033,10.734044,ADM4 row / research sector code 34521240; dated ADM3 parent 3452,
imada,34521239,3452,حي الحبيب,Cité El Habib,34.721783,10.721398,ADM4 row / research sector code 34521239; dated ADM3 parent 3452,
imada,34521238,3452,مركز شاكر,Merkez Chaker,34.739612,10.740666,ADM4 row / research sector code 34521238; dated ADM3 parent 3452,
imada,34551265,3455,عيون المايل,Ayoun El Mayel,34.86663,10.682693,ADM4 row / research sector code 34551265; dated ADM3 parent 3455,
imada,34539999,3453,الانس,El Ons,34.831932,10.7562,ADM4 row / research sector code 34539999; dated ADM3 parent 3453,
imada,34531250,3453,سيدي صالح,Sidi Salah,34.889746,10.728255,ADM4 row / research sector code 34531250; dated ADM3 parent 3453,
imada,34531249,3453,تنيور,Teniour,34.804731,10.735489,ADM4 row / research sector code 34531249; dated ADM3 parent 3453,
imada,34511235,3451,مركز الباشا,Merkez El Pacha,34.764415,10.750178,ADM4 row / research sector code 34511235; dated ADM3 parent 3451,
imada,34561268,3456,الحاجب,El Hajeb,34.703537,10.652577,ADM4 row / research sector code 34561268; dated ADM3 parent 3456,
imada,34511234,3451,مركز قدور,Merkez Kaddour,34.763984,10.758517,ADM4 row / research sector code 34511234; dated ADM3 parent 3451,
imada,34561267,3456,سيد عبيد,Sidi Abid,34.678639,10.678691,ADM4 row / research sector code 34561267; dated ADM3 parent 3456,
imada,34511233,3451,حي التعويضي,Cité Ettaouidhi,34.759662,10.776677,ADM4 row / research sector code 34511233; dated ADM3 parent 3451,
imada,34561266,3456,طينة,Tina,34.664031,10.706064,ADM4 row / research sector code 34561266; dated ADM3 parent 3456,
imada,34511232,3451,عين شيخ روحو,Aïn Chaikh Rouhou,34.755966,10.742147,ADM4 row / research sector code 34511232; dated ADM3 parent 3451,
imada,34541258,3454,مركز كعنيش,Merkez Kâaniche,34.771572,10.77879,ADM4 row / research sector code 34541258; dated ADM3 parent 3454,
imada,34511231,3451,15نوفمبر,15 Nov,34.747075,10.747029,ADM4 row / research sector code 34511231; dated ADM3 parent 3451,
imada,34541257,3454,السلطينة,Saltnia,34.792638,10.810936,ADM4 row / research sector code 34541257; dated ADM3 parent 3454,
imada,34511230,3451,الربض,Er-Rbadh,34.749712,10.754904,ADM4 row / research sector code 34511230; dated ADM3 parent 3451,
imada,34541256,3454,حي بورقيبة,Cité Bourguiba,34.765693,10.797952,ADM4 row / research sector code 34541256; dated ADM3 parent 3454,
imada,34511229,3451,البساتين,El Bassatine,34.747502,10.772625,ADM4 row / research sector code 34511229; dated ADM3 parent 3451,
imada,34541255,3454,سيدي منصور,Sidi Mansour,34.799333,10.846618,ADM4 row / research sector code 34541255; dated ADM3 parent 3454,
imada,34511228,3451,الحي الخيري,Cité El Kairi,34.715132,10.746842,ADM4 row / research sector code 34511228; dated ADM3 parent 3451,
imada,34531248,3453,الشيحية,Chihia,34.783599,10.747735,ADM4 row / research sector code 34531248; dated ADM3 parent 3453,
imada,34531247,3453,السدرة,Es-Sedra,34.82622,10.758528,ADM4 row / research sector code 34531247; dated ADM3 parent 3453,
imada,34531246,3453,مركز بوعصيدة,Merkez Bouassida,34.784368,10.762712,ADM4 row / research sector code 34531246; dated ADM3 parent 3453,
imada,34531245,3453,ساقية الزيت,Sakiet Ezzit,34.802914,10.764938,ADM4 row / research sector code 34531245; dated ADM3 parent 3453,
imada,34511237,3451,محمد علي,Mohamed Ali,34.765834,10.76643,ADM4 row / research sector code 34511237; dated ADM3 parent 3451,
imada,34511236,3451,سيدي عباس,Sidi Abbès,34.760939,10.730961,ADM4 row / research sector code 34511236; dated ADM3 parent 3451,
imada,34521244,3452,حي البحري,Cité El Bahri,34.728369,10.707547,ADM4 row / research sector code 34521244; dated ADM3 parent 3452,
imada,34541254,3454,البدارنة,Bedarna,34.856116,10.817094,ADM4 row / research sector code 34541254; dated ADM3 parent 3454,
imada,34511227,3451,باب البحر,Bab El Bhar,34.73198,10.771815,ADM4 row / research sector code 34511227; dated ADM3 parent 3451,
imada,34541253,3454,مركز السبعي,Merkez Es-Sebaï,34.813941,10.791919,ADM4 row / research sector code 34541253; dated ADM3 parent 3454,
imada,34511226,3451,المدينة,La Medina,34.738899,10.758962,ADM4 row / research sector code 34511226; dated ADM3 parent 3451,
imada,34541252,3454,الخيرية,Khiria,34.783151,10.778606,ADM4 row / research sector code 34541252; dated ADM3 parent 3454,
imada,34541251,3454,ساقية الدائر,Sakiet Eddaier,34.793144,10.785545,ADM4 row / research sector code 34541251; dated ADM3 parent 3454,
imada,34661344,3466,سيدي فرج,Sidi Frej,34.693394,11.153148,ADM4 row / research sector code 34661344; dated ADM3 parent 3466,
imada,34661343,3466,الرملة,El Ramla,34.728639,11.193297,ADM4 row / research sector code 34661343; dated ADM3 parent 3466,
imada,34661351,3466,اولاد قاسم,Ouled Kacem,34.706238,11.176652,ADM4 row / research sector code 34661351; dated ADM3 parent 3466,
imada,34661342,3466,العطايا,El Ataya,34.741205,11.279051,ADM4 row / research sector code 34661342; dated ADM3 parent 3466,
imada,34661348,3466,الشرقي,El Chargui,34.757082,11.240263,ADM4 row / research sector code 34661348; dated ADM3 parent 3466,
imada,34661349,3466,القنطرة,El Kantra,34.674486,11.134427,ADM4 row / research sector code 34661349; dated ADM3 parent 3466,
imada,34661346,3466,الكلابين,El Kalabine,34.723709,11.232353,ADM4 row / research sector code 34661346; dated ADM3 parent 3466,
imada,34661350,3466,القراطن,El Kraten,34.811948,11.271874,ADM4 row / research sector code 34661350; dated ADM3 parent 3466,
imada,34661347,3466,النجا ة,En-Najet,34.754284,11.320392,ADM4 row / research sector code 34661347; dated ADM3 parent 3466,
imada,34661345,3466,مليتة,Melita,34.651609,11.043808,ADM4 row / research sector code 34661345; dated ADM3 parent 3466,
imada,61551945,6155,ام الاقصاب,Oum El Aksab,34.689051,8.318814,ADM4 row / research sector code 61551945; dated ADM3 parent 6155,
imada,61551948,6155,ام العرايس المحطة,Oum El Araies Gare,34.443543,8.329943,ADM4 row / research sector code 61551948; dated ADM3 parent 6155,
imada,61551947,6155,ام العرايس المركزية,Oum El Araies Centre,34.510916,8.211185,ADM4 row / research sector code 61551947; dated ADM3 parent 6155,
imada,61601982,6160,اولاد الحاج,Ouled El Hadj,34.272593,9.342531,ADM4 row / research sector code 61601982; dated ADM3 parent 6160,
imada,61591972,6159,الارطس,El Ortos,34.244752,8.880968,ADM4 row / research sector code 61591972; dated ADM3 parent 6159,
imada,61571963,6157,الثالجة,Thalja,34.309779,8.398238,ADM4 row / research sector code 61571963; dated ADM3 parent 6157,
imada,61611986,6161,الجديدة,Djedida,34.509087,9.022461,ADM4 row / research sector code 61611986; dated ADM3 parent 6161,
imada,61581968,6158,الحي العمالي,Cité Des Travailleurs,34.309618,8.741706,ADM4 row / research sector code 61581968; dated ADM3 parent 6158,
imada,61551951,6155,الدوارة,Daouara,34.487066,8.515772,ADM4 row / research sector code 61551951; dated ADM3 parent 6155,
imada,61511916,6151,الرحيبة الجنوبية,Er-Rahiba Sud,34.500593,8.879258,ADM4 row / research sector code 61511916; dated ADM3 parent 6151,
imada,61511915,6151,الرحيبة,Er-Rahiba,34.55014,8.949631,ADM4 row / research sector code 61511915; dated ADM3 parent 6151,
imada,61561954,6156,الرديف الجنوبية,Redeyef Sud,34.321815,8.105013,ADM4 row / research sector code 61561954; dated ADM3 parent 6156,
imada,61561953,6156,الرديف الشمالية,Redeyef Nord,34.39034,8.114612,ADM4 row / research sector code 61561953; dated ADM3 parent 6156,
imada,61561955,6156,الرديف المحطة,Redeyef Gare,34.370576,8.173426,ADM4 row / research sector code 61561955; dated ADM3 parent 6156,
imada,61561952,6156,الرديف المركز,Redeyef Centre,34.378785,8.144959,ADM4 row / research sector code 61561952; dated ADM3 parent 6156,
imada,61591975,6159,الساكت,Es-Saket,34.390055,9.21083,ADM4 row / research sector code 61591975; dated ADM3 parent 6159,
imada,61571966,6157,السقي القبلي,Segui Sud,34.156103,8.463213,ADM4 row / research sector code 61571966; dated ADM3 parent 6157,
imada,61581970,6158,السقي,El Segui,34.150618,8.721059,ADM4 row / research sector code 61581970; dated ADM3 parent 6158,
imada,61611984,6161,السند الشمالية,Sned-Nord,34.555302,9.266761,ADM4 row / research sector code 61611984; dated ADM3 parent 6161,
imada,61611983,6161,السند,Sned,34.48549,9.234574,ADM4 row / research sector code 61611983; dated ADM3 parent 6161,
imada,61551950,6155,السويطير,Es-Souitir,34.587828,8.31906,ADM4 row / research sector code 61551950; dated ADM3 parent 6155,
imada,61521926,6152,السوينية,Es-Souinia,34.679792,8.890429,ADM4 row / research sector code 61521926; dated ADM3 parent 6152,
imada,61551949,6155,الشنوفية,Ech-Channoufia,34.514131,8.412057,ADM4 row / research sector code 61551949; dated ADM3 parent 6155,
imada,61601979,6160,الطلح الشرقية,Et-Talh Est,34.390566,9.456968,ADM4 row / research sector code 61601979; dated ADM3 parent 6160,
imada,61601980,6160,الطلح الغربية,Et-Talh Ouest,34.438907,9.337912,ADM4 row / research sector code 61601980; dated ADM3 parent 6160,
imada,61541936,6154,العسالة,El Assala,34.429332,8.796544,ADM4 row / research sector code 61541936; dated ADM3 parent 6154,
imada,61541942,6154,العقيلة,El Aguila,34.372243,8.598746,ADM4 row / research sector code 61541942; dated ADM3 parent 6154,
imada,61521923,6152,العمايمة,El Amaïma,34.656275,8.710906,ADM4 row / research sector code 61521923; dated ADM3 parent 6152,
imada,61591974,6159,العنق,El Ongue,34.352328,9.116268,ADM4 row / research sector code 61591974; dated ADM3 parent 6159,
imada,61601977,6160,العيايشة,El Ayaïcha,34.25476,9.229031,ADM4 row / research sector code 61601977; dated ADM3 parent 6160,
imada,61511919,6151,الفج,Fej,34.644486,8.997928,ADM4 row / research sector code 61511919; dated ADM3 parent 6151,
imada,61521925,6152,القربة,El Karia,34.745416,8.9085,ADM4 row / research sector code 61521925; dated ADM3 parent 6152,
imada,61531928,6153,القصر الشرقية,El Ksar Est,34.401575,8.803153,ADM4 row / research sector code 61531928; dated ADM3 parent 6153,
imada,61531927,6153,القصر,El Ksar,34.360341,8.772741,ADM4 row / research sector code 61531927; dated ADM3 parent 6153,
imada,61591973,6159,القطار الشرقية,El Guetar Est,34.264912,9.058662,ADM4 row / research sector code 61591973; dated ADM3 parent 6159,
imada,61591971,6159,القطار الغربية,El Guetar Ouest,34.21221,8.971218,ADM4 row / research sector code 61591971; dated ADM3 parent 6159,
imada,61511918,6151,المتكيدس,El Mouthidès,34.571943,8.754061,ADM4 row / research sector code 61511918; dated ADM3 parent 6151,
imada,61571958,6157,المتلوي المحطة,Metlaoui Gare,34.308067,8.420283,ADM4 row / research sector code 61571958; dated ADM3 parent 6157,
imada,61571957,6157,المتلوي المركز,Metlaoui Centre,34.320079,8.403308,ADM4 row / research sector code 61571957; dated ADM3 parent 6157,
imada,61571959,6157,المزيرعة,El Mzirâa,34.230944,8.34513,ADM4 row / research sector code 61571959; dated ADM3 parent 6157,
imada,61531932,6153,المطار,El Matar,34.420964,8.82423,ADM4 row / research sector code 61531932; dated ADM3 parent 6153,
imada,61581967,6158,المظيلة المركز,Mdhila Centre,34.302737,8.795753,ADM4 row / research sector code 61581967; dated ADM3 parent 6158,
imada,61571965,6157,المقرون,El Magroun,34.324941,8.396081,ADM4 row / research sector code 61571965; dated ADM3 parent 6157,
imada,61541939,6154,المولي,El Moula,34.432211,8.791163,ADM4 row / research sector code 61541939; dated ADM3 parent 6154,
imada,61541944,6154,الناظور,En-Nadhour,34.541794,8.668887,ADM4 row / research sector code 61541944; dated ADM3 parent 6154,
imada,61591976,6159,بئر سعد,Bir Sâad,34.352346,9.246694,ADM4 row / research sector code 61591976; dated ADM3 parent 6159,
imada,61601978,6160,بلخير,Belkhir,34.273947,9.46604,ADM4 row / research sector code 61601978; dated ADM3 parent 6160,
imada,61561956,6156,تابديت,Tabdit,34.397422,8.277999,ADM4 row / research sector code 61561956; dated ADM3 parent 6156,
imada,61601981,6160,جبيلة الوسط,Jbilet Ouest,34.360231,9.364843,ADM4 row / research sector code 61601981; dated ADM3 parent 6160,
imada,61571962,6157,حي الامل الشرقي,Cité El Amel Est,34.325017,8.405073,ADM4 row / research sector code 61571962; dated ADM3 parent 6157,
imada,61571961,6157,حي الامل الغربي,Cité El Amel Ouest,34.363994,8.457121,ADM4 row / research sector code 61571961; dated ADM3 parent 6157,
imada,61541935,6154,حي السرور,Cité Essourour,34.453094,8.786318,ADM4 row / research sector code 61541935; dated ADM3 parent 6154,
imada,61541941,6154,حي الشباب,Cité Ech-Chabab,34.456924,8.750702,ADM4 row / research sector code 61541941; dated ADM3 parent 6154,
imada,61541940,6154,حي النور,Cité Ennour,34.425694,8.779152,ADM4 row / research sector code 61541940; dated ADM3 parent 6154,
imada,61531930,6153,حي حشاد,Cité Hached,34.393678,8.81523,ADM4 row / research sector code 61531930; dated ADM3 parent 6153,
imada,61541937,6154,سيدي احمد زروق,Sidi Ahmed Zarrouk,34.430922,8.726973,ADM4 row / research sector code 61541937; dated ADM3 parent 6154,
imada,61551946,6155,سيدي بوبكر,Sidi Boubaker,34.644813,8.437365,ADM4 row / research sector code 61551946; dated ADM3 parent 6155,
imada,61521922,6152,سيدي عيش الشرقية,Sidi Aïch Est,34.70119,8.828269,ADM4 row / research sector code 61521922; dated ADM3 parent 6152,
imada,61521921,6152,سيدي عيش,Sidi Aïch,34.698683,8.783499,ADM4 row / research sector code 61521921; dated ADM3 parent 6152,
imada,61611985,6161,صانوش,Sanouche,34.434919,9.067965,ADM4 row / research sector code 61611985; dated ADM3 parent 6161,
imada,61581969,6158,صهيب,Sahib,34.260191,8.646197,ADM4 row / research sector code 61581969; dated ADM3 parent 6158,
imada,61611987,6161,عبد الصادق,Abdessadok,34.493644,9.129691,ADM4 row / research sector code 61611987; dated ADM3 parent 6161,
imada,61611989,6161,عليم,Alim,34.628416,9.125331,ADM4 row / research sector code 61611989; dated ADM3 parent 6161,
imada,61531931,6153,عمرة,Amra,34.436847,8.945371,ADM4 row / research sector code 61531931; dated ADM3 parent 6153,
imada,61511917,6151,قصور الاخوة,Ksour El Akhoua,34.488626,8.818844,ADM4 row / research sector code 61511917; dated ADM3 parent 6151,
imada,61511914,6151,قطيس,Guetis,34.576877,8.830285,ADM4 row / research sector code 61511914; dated ADM3 parent 6151,
imada,61541934,6154,قفصة الشرقية,Gafsa Est,34.425927,8.805425,ADM4 row / research sector code 61541934; dated ADM3 parent 6154,
imada,61541933,6154,قفصة المدينة,Gafsa Ville,34.40497,8.770578,ADM4 row / research sector code 61541933; dated ADM3 parent 6154,
imada,61541943,6154,كاف دربي,Kef Derbi,34.590001,8.564364,ADM4 row / research sector code 61541943; dated ADM3 parent 6154,
imada,61571960,6157,كريشة النعام,Krichet Nâam,34.268733,8.254641,ADM4 row / research sector code 61571960; dated ADM3 parent 6157,
imada,61531929,6153,لالة,Lala,34.380815,8.857786,ADM4 row / research sector code 61531929; dated ADM3 parent 6153,
imada,61611988,6161,ماجورة,Majoura,34.621973,9.218612,ADM4 row / research sector code 61611988; dated ADM3 parent 6161,
imada,61521924,6152,منزل القمودي,Menzel Gamoudi,34.628673,8.882024,ADM4 row / research sector code 61521924; dated ADM3 parent 6152,
imada,61511920,6151,منزل ميمون,Menzel Mimoun,34.667473,9.098674,ADM4 row / research sector code 61511920; dated ADM3 parent 6151,
imada,61541938,6154,واد ايلو,Oued Ailou,34.427903,8.78532,ADM4 row / research sector code 61541938; dated ADM3 parent 6154,
imada,61571964,6157,وادي الارطة,Oued El Arta,34.373173,8.384817,ADM4 row / research sector code 61571964; dated ADM3 parent 6157,
imada,3158985,3158,السد الجوفي,Essed Nord (Essateh),35.9552,10.413413,ADM4 row / research sector code 3158985; dated ADM3 parent 3158,
imada,31641035,3164,الغربيين,El Gharbine,35.724603,10.575933,ADM4 row / research sector code 31641035; dated ADM3 parent 3164,
imada,31641031,3164,الجبليين,Jebline,35.729428,10.574955,ADM4 row / research sector code 31641031; dated ADM3 parent 3164,
imada,3151946,3151,بوجعفر,Bou Jâafer,35.838453,10.629667,ADM4 row / research sector code 3151946; dated ADM3 parent 3151,
imada,33611223,3361,الحسينات,El Hessinet,35.309393,10.993878,ADM4 row / research sector code 33611223; dated ADM3 parent 3361,
imada,33571192,3357,العشابة,El Achaba,35.283453,10.79756,ADM4 row / research sector code 33571192; dated ADM3 parent 3357,
imada,33571191,3357,التلالسة,Talalsa,35.333273,10.77793,ADM4 row / research sector code 33571191; dated ADM3 parent 3357,
imada,33611222,3361,الرشارشة,Recharcha,35.281556,10.96588,ADM4 row / research sector code 33611222; dated ADM3 parent 3361,
imada,33611221,3361,سيدي عساكر الغربية,Sidi Assaker Ouest,35.416763,10.889547,ADM4 row / research sector code 33611221; dated ADM3 parent 3361,
imada,33571190,3357,العبابسة,El Ababsa,35.371757,10.761851,ADM4 row / research sector code 33571190; dated ADM3 parent 3357,
imada,33541159,3354,الشحدة القبلية,Ech-Chahda Sud,35.258927,10.318367,ADM4 row / research sector code 33541159; dated ADM3 parent 3354,
imada,33541157,3354,شربان,Chorbane,35.265092,10.398419,ADM4 row / research sector code 33541157; dated ADM3 parent 3354,
imada,33571189,3357,الطواهرية,Touahria,35.319828,10.793487,ADM4 row / research sector code 33571189; dated ADM3 parent 3357,
imada,33571188,3357,الزغابنة,Zeghabna,35.252584,10.713025,ADM4 row / research sector code 33571188; dated ADM3 parent 3357,
imada,33611219,3361,الغضابنة,Ghedabna,35.298354,11.038347,ADM4 row / research sector code 33611219; dated ADM3 parent 3361,
imada,33611218,3361,سلقطة,Salakta,35.408588,11.022762,ADM4 row / research sector code 33611218; dated ADM3 parent 3361,
imada,33611225,3361,البرادعة الشمالية,El Bradâa Nord,35.355471,10.971436,ADM4 row / research sector code 33611225; dated ADM3 parent 3361,
imada,33611224,3361,البرادعة الجنوبية,El Bradâa Sud,35.337897,10.997987,ADM4 row / research sector code 33611224; dated ADM3 parent 3361,
imada,33601212,3360,وادي قلات,Oued Guellat,35.396654,10.843504,ADM4 row / research sector code 33601212; dated ADM3 parent 3360,
imada,33601206,3360,البساتين,El Bassatine,35.393165,10.891463,ADM4 row / research sector code 33601206; dated ADM3 parent 3360,
imada,33531156,3353,المحارزة الشمالية,Meharza Nord,35.395045,10.267763,ADM4 row / research sector code 33531156; dated ADM3 parent 3353,
imada,33531155,3353,بوسليم,Bou Slim,35.448528,10.235116,ADM4 row / research sector code 33531155; dated ADM3 parent 3353,
imada,33531154,3353,السمرة,Es-Somra,35.436884,10.286126,ADM4 row / research sector code 33531154; dated ADM3 parent 3353,
imada,33561179,3356,الزعيرات,Ez-Zairat,35.308645,10.419306,ADM4 row / research sector code 33561179; dated ADM3 parent 3356,
imada,33521148,3352,منزل حمزة,Menzel Hamza,35.412231,10.812085,ADM4 row / research sector code 33521148; dated ADM3 parent 3352,
imada,33601210,3360,زالبة الغربية,Zalba Ouest,35.21576,10.840604,ADM4 row / research sector code 33601210; dated ADM3 parent 3360,
imada,33601209,3360,زالبة الشرقية,Zalba Est,35.236183,10.892553,ADM4 row / research sector code 33601209; dated ADM3 parent 3360,
imada,33561178,3356,الكساسبة,El Kesasba,35.380853,10.616812,ADM4 row / research sector code 33561178; dated ADM3 parent 3356,
imada,33601208,3360,وادي باجة الجنوبية,Oued Béja Sud,35.30601,10.85767,ADM4 row / research sector code 33601208; dated ADM3 parent 3360,
imada,33561177,3356,الشريشيرة,Cherichira,35.299031,10.499647,ADM4 row / research sector code 33561177; dated ADM3 parent 3356,
imada,33601207,3360,وادي باجة الشمالية,Oued Béja Nord,35.351821,10.870892,ADM4 row / research sector code 33601207; dated ADM3 parent 3360,
imada,33561176,3356,بوهلال,Bou Helal,35.263297,10.5504,ADM4 row / research sector code 33561176; dated ADM3 parent 3356,
imada,33561175,3356,سيدي زيد,Sidi Zid,35.355909,10.496043,ADM4 row / research sector code 33561175; dated ADM3 parent 3356,
imada,33571187,3357,المشالات,El Mechalet,35.337084,10.68997,ADM4 row / research sector code 33571187; dated ADM3 parent 3357,
imada,33611217,3361,قصور الساف التقدم,Ksour Essaf Ettakaddoum,35.429192,10.95222,ADM4 row / research sector code 33611217; dated ADM3 parent 3361,
imada,33571186,3357,العيثة,El Aïtha,35.281247,10.649618,ADM4 row / research sector code 33571186; dated ADM3 parent 3357,
imada,33571185,3357,رياض بوهلال,Riadh Bou Helal,35.268405,10.602337,ADM4 row / research sector code 33571185; dated ADM3 parent 3357,
imada,33611216,3361,القطاتين,El Ktanine,35.395587,10.962055,ADM4 row / research sector code 33611216; dated ADM3 parent 3361,
imada,33611215,3361,قصور الساف الرياض,Ksour Essaf Riadh,35.414884,11.002007,ADM4 row / research sector code 33611215; dated ADM3 parent 3361,
imada,33571184,3357,المرابطين,El Mourabitine,35.302675,10.691147,ADM4 row / research sector code 33571184; dated ADM3 parent 3357,
imada,33611214,3361,القصر,El Ksar,35.437847,10.995493,ADM4 row / research sector code 33611214; dated ADM3 parent 3361,
imada,33571183,3357,الزاوية,Es-Zaouia,35.30388,10.711376,ADM4 row / research sector code 33571183; dated ADM3 parent 3357,
imada,33531153,3353,العجيلات,El Ajilet,35.418173,10.361154,ADM4 row / research sector code 33531153; dated ADM3 parent 3353,
imada,33531152,3353,الشحيمات الشمالية,Chehimet Nord,35.433872,10.392969,ADM4 row / research sector code 33531152; dated ADM3 parent 3353,
imada,33531151,3353,اولاد عمر,Ouled Amor,35.471369,10.418881,ADM4 row / research sector code 33531151; dated ADM3 parent 3353,
imada,33531150,3353,اولاد الشامخ الشمالية,Ouled Chamekh Nord,35.542325,10.265156,ADM4 row / research sector code 33531150; dated ADM3 parent 3353,
imada,33531149,3353,اولاد الشامخ الجنوبية,Ouled Chamekh Sud,35.488832,10.311617,ADM4 row / research sector code 33531149; dated ADM3 parent 3353,
imada,33521143,3352,الزراطة,Zerata,35.436278,10.678439,ADM4 row / research sector code 33521143; dated ADM3 parent 3352,
imada,33601202,3360,سيدي علوان الغربية,Sidi Alouane Ouest,35.363734,10.919991,ADM4 row / research sector code 33601202; dated ADM3 parent 3360,
imada,33551167,3355,هبيرة,Hebira,35.191126,10.250656,ADM4 row / research sector code 33551167; dated ADM3 parent 3355,
imada,33591201,3359,سيدي عبد العزيز,Sidi Abdellaziz,35.108697,10.977234,ADM4 row / research sector code 33591201; dated ADM3 parent 3359,
imada,33511139,3351,الحكايمة الغربية,Hekaima Ouest,35.457839,10.853722,ADM4 row / research sector code 33511139; dated ADM3 parent 3351,
imada,33591200,3359,بن حسين,Ben Hssine,35.225276,10.960902,ADM4 row / research sector code 33591200; dated ADM3 parent 3359,
imada,33511138,3351,الحكايمة الشرقية,El Hekaima Est,35.454932,10.882108,ADM4 row / research sector code 33511138; dated ADM3 parent 3351,
imada,33591199,3359,المنصورة,El Mansoura,35.16329,10.949853,ADM4 row / research sector code 33591199; dated ADM3 parent 3359,
imada,33511137,3351,الرمل,Er-Remal,35.508119,11.042954,ADM4 row / research sector code 33511137; dated ADM3 parent 3351,
imada,33591198,3359,العيثة,El Aïtha,35.185573,11.006139,ADM4 row / research sector code 33591198; dated ADM3 parent 3359,
imada,33521142,3352,كركر,Kerker,35.471637,10.647163,ADM4 row / research sector code 33521142; dated ADM3 parent 3352,
imada,33521141,3352,الحوس,El Houes,35.447285,10.732766,ADM4 row / research sector code 33521141; dated ADM3 parent 3352,
imada,33521140,3352,بومرداس,Bou Merdes,35.462497,10.711471,ADM4 row / research sector code 33521140; dated ADM3 parent 3352,
imada,33551171,3355,المحارزة الجنوبية,El Maherza Sud,35.348131,10.251879,ADM4 row / research sector code 33551171; dated ADM3 parent 3355,
imada,33551170,3355,الشحدة الغربية,Ech-Chahda Ouest,35.266571,10.235983,ADM4 row / research sector code 33551170; dated ADM3 parent 3355,
imada,33601205,3360,ساقيةالخادم,Sakiet El Khadem,35.375094,10.883312,ADM4 row / research sector code 33601205; dated ADM3 parent 3360,
imada,33561174,3356,سيدي الناصر,Sidi Naceur,35.318827,10.597901,ADM4 row / research sector code 33561174; dated ADM3 parent 3356,
imada,33601204,3360,زردة,Zorda,35.29764,10.917371,ADM4 row / research sector code 33601204; dated ADM3 parent 3360,
imada,33561173,3356,السيدة,Es-Saïda,35.367342,10.576384,ADM4 row / research sector code 33561173; dated ADM3 parent 3356,
imada,33601203,3360,سيدي علوان الشرقية,Sidi Alouane Est,35.363196,10.947643,ADM4 row / research sector code 33601203; dated ADM3 parent 3360,
imada,33561172,3356,السواسي,Essouassi,35.328932,10.55021,ADM4 row / research sector code 33561172; dated ADM3 parent 3356,
imada,33611220,3361,اولاد صالح,Ouled Salah,35.436646,10.908972,ADM4 row / research sector code 33611220; dated ADM3 parent 3361,
imada,33601213,3360,السعادة,Es-Sâada,35.359988,10.824716,ADM4 row / research sector code 33601213; dated ADM3 parent 3360,
imada,33561182,3356,الشحيمات القبلية,Ech-Chahimet sud,35.405103,10.470655,ADM4 row / research sector code 33561182; dated ADM3 parent 3356,
imada,33561181,3356,اولاد مولاهم الغربية,Ouled Moulahem Ouest,35.34568,10.404308,ADM4 row / research sector code 33561181; dated ADM3 parent 3356,
imada,33601211,3360,النزهة,En-Nozha,35.17222,10.855066,ADM4 row / research sector code 33601211; dated ADM3 parent 3360,
imada,33561180,3356,اولاد مولاهم الشمالية,Ouled Moulahem Nord,35.359983,10.450792,ADM4 row / research sector code 33561180; dated ADM3 parent 3356,
imada,33521147,3352,بوهلال العلي الجوفية,Bouhlale El Ali Nord,35.435233,10.616913,ADM4 row / research sector code 33521147; dated ADM3 parent 3352,
imada,33521146,3352,بوهلال العلي القبلية,Bouhlale El Ali Sud,35.386718,10.673854,ADM4 row / research sector code 33521146; dated ADM3 parent 3352,
imada,33521145,3352,الشوارعية,Ech-Chouariaa,35.427526,10.759272,ADM4 row / research sector code 33521145; dated ADM3 parent 3352,
imada,33521144,3352,الرواضي,Er-Rouadhi,35.406273,10.714135,ADM4 row / research sector code 33521144; dated ADM3 parent 3352,
imada,33581193,3358,الشابة الشمالية,Chebba Nord,35.241476,11.059592,ADM4 row / research sector code 33581193; dated ADM3 parent 3358,
imada,33511131,3351,شيبة,Chiba,35.515205,10.946673,ADM4 row / research sector code 33511131; dated ADM3 parent 3351,
imada,33511130,3351,رجيش الجنوبية,Réjiche Sud,35.456214,11.033686,ADM4 row / research sector code 33511130; dated ADM3 parent 3351,
imada,33511129,3351,رجيش,Rejiche,35.462077,11.012023,ADM4 row / research sector code 33511129; dated ADM3 parent 3351,
imada,33541166,3354,اولاد الحناشي,Ouled El Hannachi,35.294706,10.457778,ADM4 row / research sector code 33541166; dated ADM3 parent 3354,
imada,33541165,3354,القرادحةالشرقية,El Gradha Est,35.227086,10.502176,ADM4 row / research sector code 33541165; dated ADM3 parent 3354,
imada,33541164,3354,القرادحة الغربية,El Gradha Ouest,35.218068,10.459809,ADM4 row / research sector code 33541164; dated ADM3 parent 3354,
imada,33541163,3354,الشرف,Ech- Charaf,35.177787,10.399013,ADM4 row / research sector code 33541163; dated ADM3 parent 3354,
imada,33541162,3354,القواسم الشرقية,El Gouacem Est,35.174239,10.518892,ADM4 row / research sector code 33541162; dated ADM3 parent 3354,
imada,33541161,3354,القواسم الغربية,El Gouacem Ouest,35.136059,10.424644,ADM4 row / research sector code 33541161; dated ADM3 parent 3354,
imada,33541160,3354,الشحدة الشرقية,Ech-Chahda Est,35.307126,10.352972,ADM4 row / research sector code 33541160; dated ADM3 parent 3354,
imada,33551169,3355,الرقايقة,Regaïgua,35.215834,10.303122,ADM4 row / research sector code 33551169; dated ADM3 parent 3355,
imada,33551168,3355,منزل حشاد,Menzel Hached,35.169538,10.307539,ADM4 row / research sector code 33551168; dated ADM3 parent 3355,
imada,33511128,3351,زويلة الجنوبية,Zouila Sud,35.494373,11.055804,ADM4 row / research sector code 33511128; dated ADM3 parent 3351,
imada,33511127,3351,زويلة,Zouila,35.506218,11.056509,ADM4 row / research sector code 33511127; dated ADM3 parent 3351,
imada,33511126,3351,المهدية,Mahdia,35.50495,11.07233,ADM4 row / research sector code 33511126; dated ADM3 parent 3351,
imada,33511136,3351,هيبون,Hiboun,35.530834,11.00601,ADM4 row / research sector code 33511136; dated ADM3 parent 3351,
imada,33591197,3359,ملولش,Melloulech,35.145119,11.016082,ADM4 row / research sector code 33591197; dated ADM3 parent 3359,
imada,33511135,3351,الزقانة,Zegana,35.477623,11.004648,ADM4 row / research sector code 33511135; dated ADM3 parent 3351,
imada,33511134,3351,الزهراء,Ez-Zahra,35.500178,11.000891,ADM4 row / research sector code 33511134; dated ADM3 parent 3351,
imada,33541158,3354,المعاطي,El Mâati,35.187034,10.362618,ADM4 row / research sector code 33541158; dated ADM3 parent 3354,
imada,33581195,3358,السعفات,Es-Sâafet,35.26681,11.035154,ADM4 row / research sector code 33581195; dated ADM3 parent 3358,
imada,33581194,3358,الشابة الجنوبية,Chebba Sud,35.208486,11.0747,ADM4 row / research sector code 33581194; dated ADM3 parent 3358,
imada,33511133,3351,الجواودة,Jaouaouda,35.486378,10.888226,ADM4 row / research sector code 33511133; dated ADM3 parent 3351,
imada,33511132,3351,السعد,Es-Sâad,35.474461,10.937709,ADM4 row / research sector code 33511132; dated ADM3 parent 3351,
imada,1751487,1751,جالطة,Lile de la Gualite,37.525687,8.93039,ADM4 row / research sector code 1751487; dated ADM3 parent 1751,
imada,1751480,1751,القنال,El Canal,37.273229,9.877355,ADM4 row / research sector code 1751480; dated ADM3 parent 1751,
imada,1751478,1751,المدينة,La Medina,37.274478,9.871361,ADM4 row / research sector code 1751478; dated ADM3 parent 1751,
imada,1751476,1751,الحبيب بو قطفة,Habib Bouguatfa,37.273172,9.865412,ADM4 row / research sector code 1751476; dated ADM3 parent 1751,
imada,2252693,2252,الخضراء,El Khadhra,36.482673,8.692678,ADM4 row / research sector code 2252693; dated ADM3 parent 2252,
imada,62542016,6254,01جوان,1er Juin,33.876995,7.967966,ADM4 row / research sector code 62542016; dated ADM3 parent 6254,
imada,62542021,6254,الاصيل,El Assil,33.874741,7.8743,ADM4 row / research sector code 62542021; dated ADM3 parent 6254,
imada,62511995,6251,الازدهار,El Ezdihar,33.962667,8.136798,ADM4 row / research sector code 62511995; dated ADM3 parent 6251,
imada,62542020,6254,التحرير,Ettahir,33.870829,7.883447,ADM4 row / research sector code 62542020; dated ADM3 parent 6254,
imada,62522005,6252,الحامة,El Hamma,34.052126,8.143401,ADM4 row / research sector code 62522005; dated ADM3 parent 6252,
imada,62511998,6251,الحضر,El Hadher,33.797909,8.123731,ADM4 row / research sector code 62511998; dated ADM3 parent 6251,
imada,62542022,6254,الخضر بن حسين,El Khadar Ben Houssine,33.946344,7.787879,ADM4 row / research sector code 62542022; dated ADM3 parent 6254,
imada,62532014,6253,الرميثة,Er-Remitha,34.437864,7.982999,ADM4 row / research sector code 62532014; dated ADM3 parent 6253,
imada,62511991,6251,الزبدة,Ez-Zebda,33.919464,8.134164,ADM4 row / research sector code 62511991; dated ADM3 parent 6251,
imada,62542018,6254,السني,Es-Seni,33.840914,7.884771,ADM4 row / research sector code 62542018; dated ADM3 parent 6254,
imada,62511997,6251,الشابية,Ech-Chabia,33.895054,8.057333,ADM4 row / research sector code 62511997; dated ADM3 parent 6251,
imada,62542015,6254,الشافعي الشريف,Chafaï Ech-Cherif,34.01318,7.890139,ADM4 row / research sector code 62542015; dated ADM3 parent 6254,
imada,62532010,6253,الشبيكة,Chebika,34.200574,7.853521,ADM4 row / research sector code 62532010; dated ADM3 parent 6253,
imada,62542019,6254,العيون,El Ayoun,33.699644,7.973656,ADM4 row / research sector code 62542019; dated ADM3 parent 6254,
imada,62511993,6251,القيطنة,El Keitna,33.926009,8.135157,ADM4 row / research sector code 62511993; dated ADM3 parent 6251,
imada,62522003,6252,المحاسن,El Mahassen,33.920928,8.337807,ADM4 row / research sector code 62522003; dated ADM3 parent 6252,
imada,62522008,6252,النملات,En-Namlat,33.989437,8.160756,ADM4 row / research sector code 62522008; dated ADM3 parent 6252,
imada,62511999,6251,الهبائلة,El Habaïla,33.91723,8.133078,ADM4 row / research sector code 62511999; dated ADM3 parent 6251,
imada,62511992,6251,الهوادف,El Haouadef,33.826271,8.22024,ADM4 row / research sector code 62511992; dated ADM3 parent 6251,
imada,62542017,6254,الواحة,El Ouaha,33.744132,7.806117,ADM4 row / research sector code 62542017; dated ADM3 parent 6254,
imada,62522004,6252,بوهلال,Bou Helal,33.979085,8.313962,ADM4 row / research sector code 62522004; dated ADM3 parent 6252,
imada,62532009,6253,تمغزة,Tameghza,34.378186,7.954459,ADM4 row / research sector code 62532009; dated ADM3 parent 6253,
imada,62552023,6255,حزوة,Hazoua,33.767151,7.634676,ADM4 row / research sector code 62552023; dated ADM3 parent 6255,
imada,62552024,6255,حطام,Hattem,33.94132,7.641073,ADM4 row / research sector code 62552024; dated ADM3 parent 6255,
imada,62511996,6251,حي المطار,Cité l aeroport,34.016339,8.041041,ADM4 row / research sector code 62511996; dated ADM3 parent 6251,
imada,62522007,6252,دغومس,Dghoumès,33.984277,8.465114,ADM4 row / research sector code 62522007; dated ADM3 parent 6252,
imada,62522001,6252,دقاش الجنوبية,Degach Sud,33.870483,8.265455,ADM4 row / research sector code 62522001; dated ADM3 parent 6252,
imada,62522000,6252,دقاش الشمالية,Degach Nord,33.9885,8.222859,ADM4 row / research sector code 62522000; dated ADM3 parent 6252,
imada,62511994,6251,راس الذراع حلبة,Ras Drâa-Helba,33.954541,8.163259,ADM4 row / research sector code 62511994; dated ADM3 parent 6251,
imada,62522002,6252,سبع ابار,Sebâa Abar,33.893744,8.308452,ADM4 row / research sector code 62522002; dated ADM3 parent 6252,
imada,62522006,6252,شاكمو,Chakmou,34.161019,8.156872,ADM4 row / research sector code 62522006; dated ADM3 parent 6252,
imada,62552025,6255,عين اولاد اللغريسي,Ain Ouled El Ggerissi,33.587588,7.737854,ADM4 row / research sector code 62552025; dated ADM3 parent 6255,
imada,62532012,6253,عين الكرمة,Aïn El Karma,34.437814,8.052196,ADM4 row / research sector code 62532012; dated ADM3 parent 6253,
imada,62532013,6253,قم الحنقة,Foum El Khangua,34.349211,7.893414,ADM4 row / research sector code 62532013; dated ADM3 parent 6253,
imada,62511990,6251,مسغونة,Masghouna,33.920713,8.131919,ADM4 row / research sector code 62511990; dated ADM3 parent 6251,
imada,62532011,6253,ميداس,Midas,34.408549,7.915738,ADM4 row / research sector code 62532011; dated ADM3 parent 6253,
imada,42591533,4259,الشافعي,Ech-Chaffaï,35.546777,8.604101,ADM4 row / research sector code 42591533; dated ADM3 parent 4259,
imada,42621563,4262,تلابت,Telept,34.984243,8.592573,ADM4 row / research sector code 42621563; dated ADM3 parent 4262,
imada,42581520,4258,عين السلسلة,Aïn Esselsela,35.577256,8.951049,ADM4 row / research sector code 42581520; dated ADM3 parent 4258,
imada,42621562,4262,بوحية,Bouhaya,35.109914,8.571156,ADM4 row / research sector code 42621562; dated ADM3 parent 4262,
imada,42581519,4258,توشة,Tiwicha,35.484279,8.943841,ADM4 row / research sector code 42581519; dated ADM3 parent 4258,
imada,42551494,4255,الفنة,El Gounna,35.403953,9.104452,ADM4 row / research sector code 42551494; dated ADM3 parent 4255,
imada,42551493,4255,الرخمات,Errakhmet,35.060858,9.224111,ADM4 row / research sector code 42551493; dated ADM3 parent 4255,
imada,42551492,4255,سمامة,Semama,35.375746,8.907324,ADM4 row / research sector code 42551492; dated ADM3 parent 4255,
imada,42551491,4255,حي السرور,Cité Essourour,35.220551,9.13616,ADM4 row / research sector code 42551491; dated ADM3 parent 4255,
imada,42551490,4255,سبيطلة,Sbeitla,35.240008,9.111586,ADM4 row / research sector code 42551490; dated ADM3 parent 4255,
imada,42551499,4255,الخضراء,El Khadhra,35.242345,9.172301,ADM4 row / research sector code 42551499; dated ADM3 parent 4255,
imada,42551498,4255,الوساعية,Ouassaia,35.291946,8.936587,ADM4 row / research sector code 42551498; dated ADM3 parent 4255,
imada,42551497,4255,مشرق الشمس,Machrek Ech-Chams,35.325371,9.029259,ADM4 row / research sector code 42551497; dated ADM3 parent 4255,
imada,42551496,4255,الشرائع,Ech-Charaya,35.215256,9.015347,ADM4 row / research sector code 42551496; dated ADM3 parent 4255,
imada,42551495,4255,الدولاب,Eddouleb,35.373837,9.067115,ADM4 row / research sector code 42551495; dated ADM3 parent 4255,
imada,42511471,4251,العريش,El Arich,35.203859,8.812461,ADM4 row / research sector code 42511471; dated ADM3 parent 4251,
imada,42631565,4263,ماجل بالعباس الشمالية,Majel Bel Abbes Nord,34.796634,8.555853,ADM4 row / research sector code 42631565; dated ADM3 parent 4263,
imada,42511470,4251,الخضراء,El Khadhra,35.168727,8.808748,ADM4 row / research sector code 42511470; dated ADM3 parent 4251,
imada,42511469,4251,البساتين,El Bassatine,35.173938,8.837636,ADM4 row / research sector code 42511469; dated ADM3 parent 4251,
imada,42511468,4251,النور الغربي,Ennour Ouest,35.160051,8.846763,ADM4 row / research sector code 42511468; dated ADM3 parent 4251,
imada,42511467,4251,النور الشرقي,Ennour Est,35.171182,8.853477,ADM4 row / research sector code 42511467; dated ADM3 parent 4251,
imada,42551503,4255,القصر,EL Ksar,35.252194,9.078259,ADM4 row / research sector code 42551503; dated ADM3 parent 4255,
imada,42621564,4262,عبد العظيم,Abdeladhim,35.188378,8.553364,ADM4 row / research sector code 42621564; dated ADM3 parent 4262,
imada,42621557,4262,العرعار,El Arâar,34.923938,8.367862,ADM4 row / research sector code 42621557; dated ADM3 parent 4262,
imada,42621556,4262,الصخيرات,Es-Skhirat,34.871366,8.311825,ADM4 row / research sector code 42621556; dated ADM3 parent 4262,
imada,42621555,4262,الاحواش,El Ahouach,34.916131,8.538217,ADM4 row / research sector code 42621555; dated ADM3 parent 4262,
imada,42621554,4262,العرق,El Erg,34.900635,8.599541,ADM4 row / research sector code 42621554; dated ADM3 parent 4262,
imada,42541485,4254,حاسي الفريد,Hassi El Ferid,34.952991,8.91293,ADM4 row / research sector code 42541485; dated ADM3 parent 4254,
imada,42541488,4254,السلوم,Essalloum,35.084154,9.001226,ADM4 row / research sector code 42541488; dated ADM3 parent 4254,
imada,42541487,4254,خنقة الجازية,Khanguet Jezia,35.057605,9.088531,ADM4 row / research sector code 42541487; dated ADM3 parent 4254,
imada,42541486,4254,الهشيم,El Hechim,35.001501,8.993858,ADM4 row / research sector code 42541486; dated ADM3 parent 4254,
imada,42611550,4261,بودرياس,Bouderiass,35.252427,8.478128,ADM4 row / research sector code 42611550; dated ADM3 parent 4261,
imada,42571512,4257,عين الحمادنة,Aïn El Hamadna,35.658743,8.836109,ADM4 row / research sector code 42571512; dated ADM3 parent 4257,
imada,42611549,4261,البريكة,El Brika,35.241682,8.663964,ADM4 row / research sector code 42611549; dated ADM3 parent 4261,
imada,42571511,4257,فج تربح,Fej Terbah,35.698752,8.900482,ADM4 row / research sector code 42571511; dated ADM3 parent 4257,
imada,42611548,4261,الحازة,El Hazza,35.366217,8.385476,ADM4 row / research sector code 42611548; dated ADM3 parent 4261,
imada,42571510,4257,جدليان,Djedliane,35.599303,9.039848,ADM4 row / research sector code 42571510; dated ADM3 parent 4257,
imada,42541489,4254,الكامور,El Kamour,34.875777,8.828585,ADM4 row / research sector code 42541489; dated ADM3 parent 4254,
imada,42611547,4261,العذيرة,El Aadhira,35.318841,8.496502,ADM4 row / research sector code 42611547; dated ADM3 parent 4261,
imada,42621553,4262,فريانة,Feriana,34.959826,8.573224,ADM4 row / research sector code 42621553; dated ADM3 parent 4262,
imada,42591523,4259,الدشرة,Eddachra,35.632294,8.634332,ADM4 row / research sector code 42591523; dated ADM3 parent 4259,
imada,42621561,4262,ام علي,Om Ali,35.035774,8.377161,ADM4 row / research sector code 42621561; dated ADM3 parent 4262,
imada,42581518,4258,البواجر,El Baouajer,35.578317,8.828891,ADM4 row / research sector code 42581518; dated ADM3 parent 4258,
imada,42621560,4262,بوشبكة,Bouchebka,35.116111,8.459273,ADM4 row / research sector code 42621560; dated ADM3 parent 4262,
imada,42581517,4258,البرك,El Brek,35.4724,8.8403,ADM4 row / research sector code 42581517; dated ADM3 parent 4258,
imada,42581516,4258,القرين,El Grine,35.412571,8.850163,ADM4 row / research sector code 42581516; dated ADM3 parent 4258,
imada,42621559,4262,قارة النعام,Garet En-Nâam,35.018997,8.505122,ADM4 row / research sector code 42621559; dated ADM3 parent 4262,
imada,42621558,4262,حناشي,Hanachi,34.935375,8.45152,ADM4 row / research sector code 42621558; dated ADM3 parent 4262,
imada,42581515,4258,العيون,El Ayoun,35.532453,8.858203,ADM4 row / research sector code 42581515; dated ADM3 parent 4258,
imada,42591521,4259,تالة الشرقية,Thala Est,35.580209,8.672464,ADM4 row / research sector code 42591521; dated ADM3 parent 4259,
imada,11621481,4253,الزهور الغربي 1,Ezzouhour Ouest (1),35.158608,8.834825,ADM4 row / research sector code 11621481; dated ADM3 parent 4253,
imada,11621480,4253,الزهور الشرقي 2,Ezzouhour Est (2),35.156569,8.84002,ADM4 row / research sector code 11621480; dated ADM3 parent 4253,
imada,42611544,4261,اولاد محفوظ,Ouled Mahfoudh,35.36098,8.54306,ADM4 row / research sector code 42611544; dated ADM3 parent 4261,
imada,11621479,4253,الزهور الشرقي 1,Ezzouhour Est(1),35.164956,8.835269,ADM4 row / research sector code 11621479; dated ADM3 parent 4253,
imada,42561509,4256,عين الخمائسية,Aïn El Khemaïssia,35.473185,9.133422,ADM4 row / research sector code 42561509; dated ADM3 parent 4256,
imada,42611542,4261,خمودة الشمالية,Khmouda Nord,35.316441,8.724082,ADM4 row / research sector code 42611542; dated ADM3 parent 4261,
imada,42611541,4261,فوسانة الاحواز,Foussana Lahouaz,35.370054,8.645126,ADM4 row / research sector code 42611541; dated ADM3 parent 4261,
imada,42611540,4261,فوسانة,Foussana,35.355591,8.623117,ADM4 row / research sector code 42611540; dated ADM3 parent 4261,
imada,42601539,4260,عين الدفلة,Aïn Eddefla,35.610041,8.567697,ADM4 row / research sector code 42601539; dated ADM3 parent 4260,
imada,42601538,4260,الصري,Es-Sray,35.560102,8.390286,ADM4 row / research sector code 42601538; dated ADM3 parent 4260,
imada,42601537,4260,الاجرد,Lajrad,35.454995,8.562466,ADM4 row / research sector code 42601537; dated ADM3 parent 4260,
imada,42591532,4259,ولجة الظل,Ouljet Edhel,35.740159,8.68609,ADM4 row / research sector code 42591532; dated ADM3 parent 4259,
imada,42601536,4260,المكيمن,El Mekimen,35.636217,8.479252,ADM4 row / research sector code 42601536; dated ADM3 parent 4260,
imada,42591531,4259,سيدي محمد,Sidi Mhammed,35.726853,8.784455,ADM4 row / research sector code 42591531; dated ADM3 parent 4259,
imada,42601535,4260,الطباقة,Tbaga,35.500758,8.458245,ADM4 row / research sector code 42601535; dated ADM3 parent 4260,
imada,42611546,4261,المزيرعة,El Meziraa,35.284398,8.608471,ADM4 row / research sector code 42611546; dated ADM3 parent 4261,
imada,42611545,4261,افران,Afrane,35.431883,8.418698,ADM4 row / research sector code 42611545; dated ADM3 parent 4261,
imada,42611543,4261,خمودةالجنوبية,Khmouda Sud,35.349718,8.776103,ADM4 row / research sector code 42611543; dated ADM3 parent 4261,
imada,42561504,4256,سبيبة,Sbiba,35.548637,9.048492,ADM4 row / research sector code 42561504; dated ADM3 parent 4256,
imada,42611552,4261,الرطيبات,Er-Rtibet,35.402903,8.69358,ADM4 row / research sector code 42611552; dated ADM3 parent 4261,
imada,42551502,4255,القرعة الحمراء,El Garâa El Hamra,35.123829,9.231219,ADM4 row / research sector code 42551502; dated ADM3 parent 4255,
imada,42571514,4257,عين ام الجدور,Aïn Oum El Jedour,35.637117,8.95021,ADM4 row / research sector code 42571514; dated ADM3 parent 4257,
imada,42611551,4261,عين الجنان,Aïn El Jinene,35.298905,8.379569,ADM4 row / research sector code 42611551; dated ADM3 parent 4261,
imada,42571513,4257,محرزة,Mehrza,35.617052,8.844493,ADM4 row / research sector code 42571513; dated ADM3 parent 4257,
imada,11621484,4253,الزهور الغربي 4,Ezzouhour Ouest (4),35.162071,8.822054,ADM4 row / research sector code 11621484; dated ADM3 parent 4253,
imada,11621483,4253,الزهور الغربي 3,Ezzouhour Ouest (3),35.157621,8.827862,ADM4 row / research sector code 11621483; dated ADM3 parent 4253,
imada,11621482,4253,الزهور الغربي 2,Ezzouhour Ouest (2),35.153289,8.835621,ADM4 row / research sector code 11621482; dated ADM3 parent 4253,
imada,42511472,4251,بولعابة,Boulâaba,35.220267,8.747177,ADM4 row / research sector code 42511472; dated ADM3 parent 4251,
imada,42631566,4263,ماجل بالعباس الجنوبية,Majel Bel Abbes Sud,34.689117,8.564225,ADM4 row / research sector code 42631566; dated ADM3 parent 4263,
imada,42591527,4259,الجوي,El Joua,35.525825,8.744688,ADM4 row / research sector code 42591527; dated ADM3 parent 4259,
imada,42521478,4252,سيدي حراث,Sidi Harreth,35.266273,8.81218,ADM4 row / research sector code 42521478; dated ADM3 parent 4252,
imada,42591526,4259,وادي الرشح,Oued Errachech,35.432644,8.731188,ADM4 row / research sector code 42591526; dated ADM3 parent 4259,
imada,42521477,4252,الدغرة,Eddoghra,35.165255,8.696881,ADM4 row / research sector code 42521477; dated ADM3 parent 4252,
imada,42591525,4259,برماجنة,Barmajna,35.617959,8.707155,ADM4 row / research sector code 42591525; dated ADM3 parent 4259,
imada,42591524,4259,عين الجديدة,Aïn Aj-Jadeida,35.645898,8.753987,ADM4 row / research sector code 42591524; dated ADM3 parent 4259,
imada,42521476,4252,بوزقام,Bouzguam,35.21156,8.920072,ADM4 row / research sector code 42521476; dated ADM3 parent 4252,
imada,42521475,4252,مقدودش,Meghdoudech,34.99268,8.698197,ADM4 row / research sector code 42521475; dated ADM3 parent 4252,
imada,42521474,4252,بولهيجات,Boulhijet,35.078486,8.663516,ADM4 row / research sector code 42521474; dated ADM3 parent 4252,
imada,42591522,4259,تالة الغربية,Thala Ouest,35.57539,8.668192,ADM4 row / research sector code 42591522; dated ADM3 parent 4259,
imada,42521473,4252,العويجة,El Aouija,35.115587,8.875248,ADM4 row / research sector code 42521473; dated ADM3 parent 4252,
imada,42551501,4255,المزارة,EL Mezara,35.076546,9.161388,ADM4 row / research sector code 42551501; dated ADM3 parent 4255,
imada,42551500,4255,الاثار,EL Athar,35.174483,9.111723,ADM4 row / research sector code 42551500; dated ADM3 parent 4255,
imada,42591530,4259,بو الاحناش,Boulahnech,35.689726,8.728249,ADM4 row / research sector code 42591530; dated ADM3 parent 4259,
imada,42601534,4260,حيدرة,Hidra,35.561967,8.494478,ADM4 row / research sector code 42601534; dated ADM3 parent 4260,
imada,42591529,4259,زلفان,Zelfane,35.416937,8.779212,ADM4 row / research sector code 42591529; dated ADM3 parent 4259,
imada,42591528,4259,الحماد,El Hamed,35.485392,8.682978,ADM4 row / research sector code 42591528; dated ADM3 parent 4259,
imada,42569999,4256,الثماد,Etthamed,35.464682,9.243937,ADM4 row / research sector code 42569999; dated ADM3 parent 4256,
imada,42561508,4256,عين زيان,Aïn Zaiene,35.414873,9.179667,ADM4 row / research sector code 42561508; dated ADM3 parent 4256,
imada,42561507,4256,ابراهيم الزهار,Brahim Ezzahhar,35.526383,9.225369,ADM4 row / research sector code 42561507; dated ADM3 parent 4256,
imada,42561506,4256,وادي الحطب,Oued El Hatab,35.582864,9.134685,ADM4 row / research sector code 42561506; dated ADM3 parent 4256,
imada,42561505,4256,الاحواز,El Ahouaz,35.507727,9.072806,ADM4 row / research sector code 42561505; dated ADM3 parent 4256,
imada,42631571,4263,قروع الجدرة,Grouâ El Jedra,34.825271,8.653041,ADM4 row / research sector code 42631571; dated ADM3 parent 4263,
imada,42631570,4263,صولة,Soula,34.833827,8.456052,ADM4 row / research sector code 42631570; dated ADM3 parent 4263,
imada,42631569,4263,هنشير ام الخير,Henchir Oum El Khir,34.781864,8.75724,ADM4 row / research sector code 42631569; dated ADM3 parent 4263,
imada,42631568,4263,الناظور,Ennadhour,34.733461,8.683797,ADM4 row / research sector code 42631568; dated ADM3 parent 4263,
imada,42631567,4263,ام الاقصاب,Oum Laksab,34.751356,8.401953,ADM4 row / research sector code 42631567; dated ADM3 parent 4263,
imada,41581432,4158,احواز الحاجب,Ahouaz EL Hajeb,35.355258,9.521435,ADM4 row / research sector code 41581432; dated ADM3 parent 4158,
imada,41561420,4156,اولاد خلف الله,Ouled Khalfallah,35.518142,9.768442,ADM4 row / research sector code 41561420; dated ADM3 parent 4156,
imada,41611458,4161,اولاد عاشور,Ouled Achour,35.32308,10.152152,ADM4 row / research sector code 41611458; dated ADM3 parent 4161,
imada,41571429,4157,اولاد عمر,Ouled Amor,35.668042,9.525092,ADM4 row / research sector code 41571429; dated ADM3 parent 4157,
imada,41601450,4160,اولاد فرج اللّه الجنوبية,Ouled Farjallah Sud,35.183683,10.176959,ADM4 row / research sector code 41601450; dated ADM3 parent 4160,
imada,41611460,4161,اولاد فرج اللّه الشمالية,Ouled Fardjallah Nord,35.246852,10.139641,ADM4 row / research sector code 41611460; dated ADM3 parent 4161,
imada,41521371,4152,اولاد نهار,Ouled Nhar,35.648982,10.21026,ADM4 row / research sector code 41521371; dated ADM3 parent 4152,
imada,41511359,4151,الاغالبة,El Aghalba,35.672385,10.0792,ADM4 row / research sector code 41511359; dated ADM3 parent 4151,
imada,41511352,4151,الانصار,El Ansar,35.675527,10.099056,ADM4 row / research sector code 41511352; dated ADM3 parent 4151,
imada,41511360,4151,الباطن,El Baten,35.738026,10.033435,ADM4 row / research sector code 41511360; dated ADM3 parent 4151,
imada,41551412,4155,البحاير,El Behaïer,35.862416,9.545932,ADM4 row / research sector code 41551412; dated ADM3 parent 4155,
imada,41591447,4159,البريكات,El Briket,35.23277,9.924821,ADM4 row / research sector code 41591447; dated ADM3 parent 4159,
imada,41521370,4152,التبان,Ettaben,35.663255,10.115683,ADM4 row / research sector code 41521370; dated ADM3 parent 4152,
imada,41511354,4151,الجامع الجنوبية,El Jemâa Sud,35.679012,10.1105,ADM4 row / research sector code 41511354; dated ADM3 parent 4151,
imada,41511353,4151,الجامع الشمالية,El Jemâa Nord,35.686903,10.104495,ADM4 row / research sector code 41511353; dated ADM3 parent 4151,
imada,41511357,4151,الجبلية الجنوبية,Jeblia Sud,35.676055,10.091758,ADM4 row / research sector code 41511357; dated ADM3 parent 4151,
imada,41511356,4151,الجبلية الشمالية,Jeblia Nord,35.68999,10.089967,ADM4 row / research sector code 41511356; dated ADM3 parent 4151,
imada,41531380,4153,الجواودة,Jaouaouda,35.68996,9.90929,ADM4 row / research sector code 41531380; dated ADM3 parent 4153,
imada,41581431,4158,الحاجب المركز,El Hajeb Centre,35.39811,9.534393,ADM4 row / research sector code 41581431; dated ADM3 parent 4158,
imada,41521377,4152,الحمام,El Hammama,35.512951,9.984528,ADM4 row / research sector code 41521377; dated ADM3 parent 4152,
imada,41591442,4159,الحميدات,El Hmidet,35.481425,9.846343,ADM4 row / research sector code 41591442; dated ADM3 parent 4159,
imada,41561417,4156,الحوفية,El Houfia,35.619145,9.757689,ADM4 row / research sector code 41561417; dated ADM3 parent 4156,
imada,41521372,4152,الخزازية,Khazazia,35.609052,10.245962,ADM4 row / research sector code 41521372; dated ADM3 parent 4152,
imada,41521376,4152,الخضراء,EL Khadhra,35.481205,9.956311,ADM4 row / research sector code 41521376; dated ADM3 parent 4152,
imada,41541391,4154,الدخيلة,Ed-Dekhila,35.852712,9.996913,ADM4 row / research sector code 41541391; dated ADM3 parent 4154,
imada,41541392,4154,الدريعات,Ed-Dheriaat,35.969423,10.127421,ADM4 row / research sector code 41541392; dated ADM3 parent 4154,
imada,41581439,4158,رحيمة,Errehima,35.472817,9.600003,ADM4 row / research sector code 41581439; dated ADM3 parent 4158,
imada,41531382,4153,الرويسات,Errouisset,35.765906,9.90991,ADM4 row / research sector code 41531382; dated ADM3 parent 4153,
imada,41541387,4154,السبيخة المركز,Sbikha Centre,35.956546,10.022781,ADM4 row / research sector code 41541387; dated ADM3 parent 4154,
imada,41581434,4158,السرجة,Esserja,35.542479,9.454227,ADM4 row / research sector code 41581434; dated ADM3 parent 4158,
imada,41531379,4153,الشبيكة,Echbika,35.624119,9.897595,ADM4 row / research sector code 41531379; dated ADM3 parent 4153,
imada,41601451,4160,الشرائطية الجنوبية,Cheraitia Sud,35.185435,10.093984,ADM4 row / research sector code 41601451; dated ADM3 parent 4160,
imada,41601448,4160,الشراردة,Echrarda,35.099262,10.028616,ADM4 row / research sector code 41601448; dated ADM3 parent 4160,
imada,41611465,4161,الشرايطية الشمالية,Cheraitia Nord,35.279566,10.055367,ADM4 row / research sector code 41611465; dated ADM3 parent 4161,
imada,41541398,4154,الشرفة,Ech-Chorfa,35.83647,9.922714,ADM4 row / research sector code 41541398; dated ADM3 parent 4154,
imada,41561418,4156,الشريشيرة,Cherichira,35.691817,9.789571,ADM4 row / research sector code 41561418; dated ADM3 parent 4156,
imada,41541399,4154,الشقافية,Chogafia,35.903584,9.845333,ADM4 row / research sector code 41541399; dated ADM3 parent 4154,
imada,41581433,4158,الشواشي,Chaouachi,35.529158,9.522472,ADM4 row / research sector code 41581433; dated ADM3 parent 4158,
imada,41611466,4161,الشوامخ,Chouamekh,35.455704,10.004728,ADM4 row / research sector code 41611466; dated ADM3 parent 4161,
imada,41591444,4159,الطويلة,Ettouila,35.390114,9.745495,ADM4 row / research sector code 41591444; dated ADM3 parent 4159,
imada,41571422,4157,العلا,El Alâa,35.62481,9.590997,ADM4 row / research sector code 41571422; dated ADM3 parent 4157,
imada,41541394,4154,العلم,El Alam,35.863495,10.093501,ADM4 row / research sector code 41541394; dated ADM3 parent 4154,
imada,41531381,4153,العوامرية,El Aouamria,35.673147,9.978293,ADM4 row / research sector code 41531381; dated ADM3 parent 4153,
imada,41541396,4154,العويثة,El Aouitha,36.011846,10.220053,ADM4 row / research sector code 41541396; dated ADM3 parent 4154,
imada,41561416,4156,العين البيضاء,El Aïn El Beidha,35.507747,9.708459,ADM4 row / research sector code 41561416; dated ADM3 parent 4156,
imada,41511363,4151,الغابات,El Ghabet,35.721074,10.183162,ADM4 row / research sector code 41511363; dated ADM3 parent 4151,
imada,41581437,4158,الغويبة,El Ghouiba,35.3725,9.580215,ADM4 row / research sector code 41581437; dated ADM3 parent 4158,
imada,41611459,4161,الفتح,El Fatah,35.396755,10.123546,ADM4 row / research sector code 41611459; dated ADM3 parent 4161,
imada,41591443,4159,الفجيج,El Fejij,35.413589,9.851807,ADM4 row / research sector code 41591443; dated ADM3 parent 4159,
imada,41541389,4154,الفريوات,El Friouet,35.995888,9.982358,ADM4 row / research sector code 41541389; dated ADM3 parent 4154,
imada,41521366,4152,القبلية الجنوبية,Keblia Sud,35.661485,10.103064,ADM4 row / research sector code 41521366; dated ADM3 parent 4152,
imada,41511355,4151,القبلية الشمالية,Keblia Nord,35.670732,10.094879,ADM4 row / research sector code 41511355; dated ADM3 parent 4151,
imada,41601452,4160,القصور,El Ksour,35.227694,9.995526,ADM4 row / research sector code 41601452; dated ADM3 parent 4160,
imada,41571424,4157,القطار,El Guettar,35.61978,9.524025,ADM4 row / research sector code 41571424; dated ADM3 parent 4157,
imada,41611457,4161,القطيطير,El Ketitir,35.324206,10.102189,ADM4 row / research sector code 41611457; dated ADM3 parent 4161,
imada,41541395,4154,القطيفة,El Katifa,35.917849,10.122744,ADM4 row / research sector code 41541395; dated ADM3 parent 4154,
imada,41541393,4154,القفي,El Gfi,36.089632,10.168332,ADM4 row / research sector code 41541393; dated ADM3 parent 4154,
imada,41581435,4158,القنطرة,El Kantra,35.446344,9.518102,ADM4 row / research sector code 41581435; dated ADM3 parent 4158,
imada,41591446,4159,الكبارة,El Kabbara,35.201109,9.775752,ADM4 row / research sector code 41591446; dated ADM3 parent 4159,
imada,41531386,4153,الكرمة,El Karma,35.548307,9.822432,ADM4 row / research sector code 41531386; dated ADM3 parent 4153,
imada,41511362,4151,المتبسطة,Metbasta,35.772731,10.166165,ADM4 row / research sector code 41511362; dated ADM3 parent 4151,
imada,41521373,4152,المخصومة,El Makhsouma,35.576309,10.198963,ADM4 row / research sector code 41521373; dated ADM3 parent 4152,
imada,41571423,4157,المساعيد,El Messaïd,35.705858,9.488407,ADM4 row / research sector code 41571423; dated ADM3 parent 4157,
imada,41591445,4159,المنارة,El Manara,35.277767,9.762891,ADM4 row / research sector code 41591445; dated ADM3 parent 4159,
imada,41551405,4155,المنزل,El Menzel,35.771003,9.565228,ADM4 row / research sector code 41551405; dated ADM3 parent 4155,
imada,41511358,4151,المنشية,El Menchia,35.678931,10.077079,ADM4 row / research sector code 41511358; dated ADM3 parent 4151,
imada,41521365,4152,المنصورة الجنوبية,El Mansoura Sud,35.654417,10.092524,ADM4 row / research sector code 41521365; dated ADM3 parent 4152,
imada,41521364,4152,المنصورة الشمالية,El Mansoura Nord,35.662217,10.082804,ADM4 row / research sector code 41521364; dated ADM3 parent 4152,
imada,41611463,4161,المويسات,El Mouisset,35.418842,9.955682,ADM4 row / research sector code 41611463; dated ADM3 parent 4161,
imada,41521374,4152,النبش,Nebech,35.509286,10.207199,ADM4 row / research sector code 41521374; dated ADM3 parent 4152,
imada,41611461,4161,النصر,Ennasr,35.471785,10.148178,ADM4 row / research sector code 41611461; dated ADM3 parent 4161,
imada,41581436,4158,الهدايا,El Hadaya,35.428694,9.646906,ADM4 row / research sector code 41581436; dated ADM3 parent 4158,
imada,41551403,4155,الوسلاتية الشرقية,El Oueslatia Est,35.851902,9.60688,ADM4 row / research sector code 41551403; dated ADM3 parent 4155,
imada,41551404,4155,الوسلاتية الغربية,EL Oueslatia Ouest,35.849421,9.586332,ADM4 row / research sector code 41551404; dated ADM3 parent 4155,
imada,41601449,4160,بئر الحلو,Bir El Helou,35.126815,10.087156,ADM4 row / research sector code 41601449; dated ADM3 parent 4160,
imada,41611464,4161,بئر بوساري,Bir Bousari,35.389075,9.935164,ADM4 row / research sector code 41611464; dated ADM3 parent 4161,
imada,41611462,4161,بئر مسكين,Bir Msikine,35.45758,10.06229,ADM4 row / research sector code 41611462; dated ADM3 parent 4161,
imada,41521378,4152,بريكات العرقوب,Beriket El Argoub,35.469426,9.917851,ADM4 row / research sector code 41521378; dated ADM3 parent 4152,
imada,41611454,4161,بوحجلة الاحواز,Bouhajla El Ahouez,35.372302,10.005269,ADM4 row / research sector code 41611454; dated ADM3 parent 4161,
imada,41611453,4161,بوحجلة المركز,Bouhajla Centre,35.393436,10.041661,ADM4 row / research sector code 41611453; dated ADM3 parent 4161,
imada,41551409,4155,جبل الريحان,Djebel Erreihane,35.802479,9.667963,ADM4 row / research sector code 41551409; dated ADM3 parent 4155,
imada,41551406,4155,جبل السرج,Djebel Essarj,35.936617,9.610618,ADM4 row / research sector code 41551406; dated ADM3 parent 4155,
imada,41551408,4155,جبل وسلات,Djebel Oueslat,35.781708,9.733459,ADM4 row / research sector code 41551408; dated ADM3 parent 4155,
imada,41611455,4161,جهينة الجنوبية,Jehina Sud,35.300178,10.009047,ADM4 row / research sector code 41611455; dated ADM3 parent 4161,
imada,41611456,4161,جهينة الشمالية,Jehina Nord,35.319894,9.952811,ADM4 row / research sector code 41611456; dated ADM3 parent 4161,
imada,41561413,4156,حفوز المركز,Haffouz Centre,35.635004,9.683053,ADM4 row / research sector code 41561413; dated ADM3 parent 4156,
imada,41561414,4156,خيط الوادي,Khit El Oued,35.709378,9.63449,ADM4 row / research sector code 41561414; dated ADM3 parent 4156,
imada,41511361,4151,ذراع التمار,Dheraa Ettammar,35.742693,10.107849,ADM4 row / research sector code 41511361; dated ADM3 parent 4151,
imada,41521368,4152,رقادة,Rakada,35.612847,10.059389,ADM4 row / research sector code 41521368; dated ADM3 parent 4152,
imada,41521369,4152,زرود,Zroud,35.65915,10.144434,ADM4 row / research sector code 41521369; dated ADM3 parent 4152,
imada,41521375,4152,زعفرانة,Zâafrana,35.554396,10.0961,ADM4 row / research sector code 41521375; dated ADM3 parent 4152,
imada,41551407,4155,زغدود,Zaghdoud,35.904785,9.711008,ADM4 row / research sector code 41551407; dated ADM3 parent 4155,
imada,41541400,4154,سرديانة,Serdiana,35.926183,9.945502,ADM4 row / research sector code 41541400; dated ADM3 parent 4154,
imada,41531384,4153,سيدي علي بن سالم,Sidi Ali Ben Salem,35.57524,9.905929,ADM4 row / research sector code 41531384; dated ADM3 parent 4153,
imada,41541390,4154,سيدي مسعود,Sidi Messaoud,36.012313,9.873257,ADM4 row / research sector code 41541390; dated ADM3 parent 4154,
imada,41541397,4154,سيسب,Sisseb,35.992647,10.177369,ADM4 row / research sector code 41541397; dated ADM3 parent 4154,
imada,41571428,4157,صيادة الجنوبية,Sayada Sud,35.617666,9.393437,ADM4 row / research sector code 41571428; dated ADM3 parent 4157,
imada,41571427,4157,صيادة الشمالية,Sayada Nord,35.683282,9.33159,ADM4 row / research sector code 41571427; dated ADM3 parent 4157,
imada,41561419,4156,طرزة الجنوبية,Traza Sud,35.544646,9.634223,ADM4 row / research sector code 41561419; dated ADM3 parent 4156,
imada,41571430,4157,طرزة الشمالية,Tarza Nord,35.580552,9.572802,ADM4 row / research sector code 41571430; dated ADM3 parent 4157,
imada,41531383,4153,عبيدة,Abida,35.573132,9.99592,ADM4 row / research sector code 41531383; dated ADM3 parent 4153,
imada,41541388,4154,عين بومرة,Aïn Bou Morra,35.965238,9.94147,ADM4 row / research sector code 41541388; dated ADM3 parent 4154,
imada,41551410,4155,عين جلولة,Aïn Djeloula,35.800961,9.80668,ADM4 row / research sector code 41551410; dated ADM3 parent 4155,
imada,41521367,4152,مرق الليل,Merguellil,35.648172,10.026741,ADM4 row / research sector code 41521367; dated ADM3 parent 4152,
imada,41571426,4157,مسيوتة النقاز,Messiouta Ennaguaz,35.631859,9.474106,ADM4 row / research sector code 41571426; dated ADM3 parent 4157,
imada,41571425,4157,مسيوتة الهناشير,Messiouta El Hanachir,35.664146,9.424786,ADM4 row / research sector code 41571425; dated ADM3 parent 4157,
imada,41551402,4155,معروف,Mâarouf,35.99887,9.727892,ADM4 row / research sector code 41551402; dated ADM3 parent 4155,
imada,41591441,4159,نصر الله الاحواز,Nasrallah Banlieue,35.276714,9.869536,ADM4 row / research sector code 41591441; dated ADM3 parent 4159,
imada,41591440,4159,نصر اللّه المركز,Nasrallah Centre,35.36362,9.826262,ADM4 row / research sector code 41591440; dated ADM3 parent 4159,
imada,41531385,4153,هماد,Hammed,35.531671,9.903035,ADM4 row / research sector code 41531385; dated ADM3 parent 4153,
imada,41541401,4154,واد الخريوع,Oued El Khariouaa,36.056206,10.092902,ADM4 row / research sector code 41541401; dated ADM3 parent 4154,
imada,41561415,4156,وادي الجباس,Oued El Jebbès,35.631238,9.624953,ADM4 row / research sector code 41561415; dated ADM3 parent 4156,
imada,41581438,4158,وادي الحجل,Oued El Hajel,35.312067,9.638871,ADM4 row / research sector code 41581438; dated ADM3 parent 4158,
imada,41551411,4155,وادي القصب,Oued El Ksab,36.059224,9.772879,ADM4 row / research sector code 41551411; dated ADM3 parent 4155,
imada,43521592,4352,قارة حديد,Garet hadid,34.998045,9.57209,ADM4 row / research sector code 43521592; dated ADM3 parent 4352,
imada,43521593,4352,الزيتونة,Ezzitouna,34.926496,9.492633,ADM4 row / research sector code 43521593; dated ADM3 parent 4352,
imada,43621681,4362,الشواشية,Ech-Cheouachia,35.039715,9.861693,ADM4 row / research sector code 43621681; dated ADM3 parent 4362,
imada,43581635,4358,مش,Mech,34.507606,9.518388,ADM4 row / research sector code 43581635; dated ADM3 parent 4358,
imada,43581634,4358,الغريس الغربية,Gheris Ouest,34.650141,9.753507,ADM4 row / research sector code 43581634; dated ADM3 parent 4358,
imada,43621680,4362,المباركية,El Mebarkia,35.035083,9.812317,ADM4 row / research sector code 43621680; dated ADM3 parent 4362,
imada,43621679,4362,كسودة,Kassouda,35.111412,9.894512,ADM4 row / research sector code 43621679; dated ADM3 parent 4362,
imada,43581633,4358,الجباس,EL Jebbes,34.71601,9.637711,ADM4 row / research sector code 43581633; dated ADM3 parent 4358,
imada,43621678,4362,الحنية,El Henia,35.089471,9.77249,ADM4 row / research sector code 43621678; dated ADM3 parent 4362,
imada,43621677,4362,سيدي خليف,Sidi Khelif,35.14095,9.796051,ADM4 row / research sector code 43621677; dated ADM3 parent 4362,
imada,43621676,4362,الدويبات الجنوبية,Dheouibet Sud,35.092679,9.969176,ADM4 row / research sector code 43621676; dated ADM3 parent 4362,
imada,43621675,4362,اولاد حفوز,Ouled Haffouz,35.082985,9.849548,ADM4 row / research sector code 43621675; dated ADM3 parent 4362,
imada,43521584,4352,فانض,Faiedh,35.069125,9.672584,ADM4 row / research sector code 43521584; dated ADM3 parent 4352,
imada,43551611,4355,المحمدية,El Mohamdia,34.980473,9.162698,ADM4 row / research sector code 43551611; dated ADM3 parent 4355,
imada,43521583,4352,بنور,Bennour,35.179329,9.52477,ADM4 row / research sector code 43521583; dated ADM3 parent 4352,
imada,43581641,4358,النصر,Ennasr,34.556708,9.53785,ADM4 row / research sector code 43581641; dated ADM3 parent 4358,
imada,43541606,4354,العامرة,El Amra,35.130457,9.308146,ADM4 row / research sector code 43541606; dated ADM3 parent 4354,
imada,43551618,4355,بئر بوصبيع,Bir Bousbiaa,34.896819,9.261616,ADM4 row / research sector code 43551618; dated ADM3 parent 4355,
imada,43521591,4352,الحنية ابازيد,El Henia Abazid,35.032984,9.739425,ADM4 row / research sector code 43521591; dated ADM3 parent 4352,
imada,43521590,4352,عين رباو,Aïn Rebaou,34.994301,9.691739,ADM4 row / research sector code 43521590; dated ADM3 parent 4352,
imada,43551617,4355,رحال,Rahal,34.783153,9.349029,ADM4 row / research sector code 43551617; dated ADM3 parent 4355,
imada,43521589,4352,العقلة,El Okla,35.103577,9.613331,ADM4 row / research sector code 43521589; dated ADM3 parent 4352,
imada,43551616,4355,ورغة,Ourgha,34.787596,9.299903,ADM4 row / research sector code 43551616; dated ADM3 parent 4355,
imada,43521588,4352,المكارم الشرقية,El  Makarem Est,35.237807,9.575428,ADM4 row / research sector code 43521588; dated ADM3 parent 4352,
imada,43551615,4355,السلامة,Essalama,34.820551,9.377145,ADM4 row / research sector code 43551615; dated ADM3 parent 4355,
imada,43521587,4352,المكارم,El Makarem,35.216001,9.645963,ADM4 row / research sector code 43521587; dated ADM3 parent 4352,
imada,43551614,4355,المزارة,El Mezara,34.968171,9.277142,ADM4 row / research sector code 43551614; dated ADM3 parent 4355,
imada,43521586,4352,العامرة,El Amra,35.150308,9.647868,ADM4 row / research sector code 43521586; dated ADM3 parent 4352,
imada,43551613,4355,بئر عمامة,Bir Amama,34.863864,9.28687,ADM4 row / research sector code 43551613; dated ADM3 parent 4355,
imada,43521585,4352,الاسود,El Assouad,35.070034,9.546309,ADM4 row / research sector code 43521585; dated ADM3 parent 4352,
imada,43541608,4354,مغيلة,Meghila,35.263492,9.262498,ADM4 row / research sector code 43541608; dated ADM3 parent 4354,
imada,43511580,4351,الطويلة,Ettouila,35.003588,9.392255,ADM4 row / research sector code 43511580; dated ADM3 parent 4351,
imada,43511578,4351,ام العظام 2,Oum El Adham (1),35.082174,9.339041,ADM4 row / research sector code 43511578; dated ADM3 parent 4351,
imada,43511579,4351,ام العظام 1,Oum El Adham (2),35.104517,9.390102,ADM4 row / research sector code 43511579; dated ADM3 parent 4351,
imada,43541607,4354,السد,Essed,35.203752,9.336941,ADM4 row / research sector code 43541607; dated ADM3 parent 4354,
imada,43611674,4361,اولاد عيوني,Ouled Ayouni,34.832056,9.827426,ADM4 row / research sector code 43611674; dated ADM3 parent 4361,
imada,43511577,4351,الصداقية,Sadakia,35.081477,9.413809,ADM4 row / research sector code 43511577; dated ADM3 parent 4351,
imada,43511576,4351,الفريو,El Friou,34.8424,9.404562,ADM4 row / research sector code 43511576; dated ADM3 parent 4351,
imada,43541605,4354,السبالة,Cebalet,35.181837,9.279469,ADM4 row / research sector code 43541605; dated ADM3 parent 4354,
imada,43551610,4355,بئر الحفي,Bir El Hafey,34.938345,9.188769,ADM4 row / research sector code 43551610; dated ADM3 parent 4355,
imada,43611672,4361,السعيدة الشرقية,Essaïda Est,34.907526,9.958062,ADM4 row / research sector code 43611672; dated ADM3 parent 4361,
imada,43511575,4351,الهيشرية,El Hichria,34.896007,9.411156,ADM4 row / research sector code 43511575; dated ADM3 parent 4351,
imada,43511574,4351,سيدي سالم,Sidi Salem,35.097257,9.468954,ADM4 row / research sector code 43511574; dated ADM3 parent 4351,
imada,43611667,4361,قبرار,Gobrar,34.941371,9.823146,ADM4 row / research sector code 43611667; dated ADM3 parent 4361,
imada,43581640,4358,المبروكة,El Mabrouka,34.673174,9.554983,ADM4 row / research sector code 43581640; dated ADM3 parent 4358,
imada,43581639,4358,الزوارع,Ezzouarâa,34.730406,9.69482,ADM4 row / research sector code 43581639; dated ADM3 parent 4358,
imada,43581638,4358,المكناسي الشمالية,Meknassy Nord,34.626755,9.604373,ADM4 row / research sector code 43581638; dated ADM3 parent 4358,
imada,43621683,4362,الذويبات الشمالية,Dheouibet Nord,35.166968,9.940613,ADM4 row / research sector code 43621683; dated ADM3 parent 4362,
imada,43581637,4358,المكناسي الغربية,Meknassy Ouest,34.546525,9.617663,ADM4 row / research sector code 43581637; dated ADM3 parent 4358,
imada,43621682,4362,سيدي اللافي,Sidi Ellafi,35.162653,9.745489,ADM4 row / research sector code 43621682; dated ADM3 parent 4362,
imada,43581636,4358,المكناسي الشرقية,Meknassy Est,34.597628,9.662126,ADM4 row / research sector code 43581636; dated ADM3 parent 4358,
imada,43521582,4352,الاحواز,El Ahouaz,34.992552,9.494119,ADM4 row / research sector code 43521582; dated ADM3 parent 4352,
imada,43611673,4361,فرش غريب,Ferch Gharib,34.808161,9.924559,ADM4 row / research sector code 43611673; dated ADM3 parent 4361,
imada,43611671,4361,السعيدة الجنوبية,Essaïda Sud,34.96555,9.859179,ADM4 row / research sector code 43611671; dated ADM3 parent 4361,
imada,43611669,4361,السكبة,Essekba,34.778775,9.842306,ADM4 row / research sector code 43611669; dated ADM3 parent 4361,
imada,43611668,4361,ريحانة,Rihana,34.825879,9.687958,ADM4 row / research sector code 43611668; dated ADM3 parent 4361,
imada,43511581,4351,النصر,Ennasr,35.148239,9.386565,ADM4 row / research sector code 43511581; dated ADM3 parent 4351,
imada,43611659,4361,الخشم الغربية,Khechem Ouest,35.0321,9.944629,ADM4 row / research sector code 43611659; dated ADM3 parent 4361,
imada,43541609,4354,العيون,El Ayoun,35.313727,9.204174,ADM4 row / research sector code 43541609; dated ADM3 parent 4354,
imada,43611658,4361,الرقاب,Regueb,34.858668,9.786596,ADM4 row / research sector code 43611658; dated ADM3 parent 4361,
imada,43601651,4360,بوهدمة,Bou Hedma,34.44366,9.557254,ADM4 row / research sector code 43601651; dated ADM3 parent 4360,
imada,43601650,4360,الفوني,El Founi,34.500954,9.969691,ADM4 row / research sector code 43601650; dated ADM3 parent 4360,
imada,43611670,4361,الخشم الشرقية,Khechem Est,35.000041,10.012157,ADM4 row / research sector code 43611670; dated ADM3 parent 4361,
imada,43511573,4351,النور,Ennour,35.042474,9.484208,ADM4 row / research sector code 43511573; dated ADM3 parent 4351,
imada,43571632,4357,العمران,El Omrane,34.53664,9.397316,ADM4 row / research sector code 43571632; dated ADM3 parent 4357,
imada,43511572,4351,سيدي بوزيد,Sidi Bouzid,35.036173,9.49474,ADM4 row / research sector code 43511572; dated ADM3 parent 4351,
imada,43571631,4357,العمرية,El Omria,34.614086,9.31454,ADM4 row / research sector code 43571631; dated ADM3 parent 4357,
imada,43571630,4357,الخروبة,El Kharrouba,34.674017,9.43139,ADM4 row / research sector code 43571630; dated ADM3 parent 4357,
imada,43571629,4357,الخرشف,El Khorchef,34.723049,9.490788,ADM4 row / research sector code 43571629; dated ADM3 parent 4357,
imada,43571628,4357,قلال,Kallel,34.69489,9.34676,ADM4 row / research sector code 43571628; dated ADM3 parent 4357,
imada,43571627,4357,النوامر,En-Nouamer,34.606038,9.433089,ADM4 row / research sector code 43571627; dated ADM3 parent 4357,
imada,43571626,4357,منزل بوزيان,Menzel Bouzaïane,34.571306,9.42361,ADM4 row / research sector code 43571626; dated ADM3 parent 4357,
imada,43531604,4353,الابيض,El Abaiedh,35.439932,9.461477,ADM4 row / research sector code 43531604; dated ADM3 parent 4353,
imada,43531603,4353,الحميمة,El Hamima,35.20356,9.429041,ADM4 row / research sector code 43531603; dated ADM3 parent 4353,
imada,43531602,4353,العضلة,El Adhla,35.425037,9.41689,ADM4 row / research sector code 43531602; dated ADM3 parent 4353,
imada,43611666,4361,قصر الحمام الغربية,Ksar EL Hammam Ouest,34.913281,9.788055,ADM4 row / research sector code 43611666; dated ADM3 parent 4361,
imada,43611665,4361,بودينار,Boudinar,34.899758,9.706646,ADM4 row / research sector code 43611665; dated ADM3 parent 4361,
imada,43611664,4361,الرضاع الشرقية,Erradhâa Est,34.724983,9.876678,ADM4 row / research sector code 43611664; dated ADM3 parent 4361,
imada,43611663,4361,الرضاع,Erradhâa,34.687151,9.845921,ADM4 row / research sector code 43611663; dated ADM3 parent 4361,
imada,43611662,4361,قولاب,Gouleb,34.746384,9.757833,ADM4 row / research sector code 43611662; dated ADM3 parent 4361,
imada,43519998,4351,سيدي بوزيد الغربية,Sidi Bouzid Ouest,35.037977,9.472642,ADM4 row / research sector code 43519998; dated ADM3 parent 4351,
imada,43611661,4361,قصر الحمام الشرقية,Ksar El Hammam Est,34.866886,9.896144,ADM4 row / research sector code 43611661; dated ADM3 parent 4361,
imada,43519999,4351,سيدي بوزيد الجنوبية,Sidi Bouzid Sud,35.032126,9.480317,ADM4 row / research sector code 43519999; dated ADM3 parent 4351,
imada,43611660,4361,السعيدة الشمالية,Essaïda Nord,34.977308,9.936873,ADM4 row / research sector code 43611660; dated ADM3 parent 4361,
imada,43601657,4360,السد,Essed,34.433315,9.711193,ADM4 row / research sector code 43601657; dated ADM3 parent 4360,
imada,43601656,4360,البسباس,El Besbes,34.438355,9.821447,ADM4 row / research sector code 43601656; dated ADM3 parent 4360,
imada,43601655,4360,الخوي,El Khaoui,34.553957,9.930351,ADM4 row / research sector code 43601655; dated ADM3 parent 4360,
imada,43601654,4360,الدوارة,Eddaouara,34.548477,9.733374,ADM4 row / research sector code 43601654; dated ADM3 parent 4360,
imada,43601653,4360,الخبنة,Khobna,34.34118,9.633573,ADM4 row / research sector code 43601653; dated ADM3 parent 4360,
imada,43601652,4360,الغريس الشرقية,El Gheris Est,34.612097,9.815838,ADM4 row / research sector code 43601652; dated ADM3 parent 4360,
imada,43561625,4356,المنصورة الغربية,El Mansoura Ouest,34.745471,9.045172,ADM4 row / research sector code 43561625; dated ADM3 parent 4356,
imada,43531596,4353,لزيرق,Lazirek,35.287881,9.338482,ADM4 row / research sector code 43531596; dated ADM3 parent 4353,
imada,43561624,4356,المنصورة الشرقية,El Mansoura Est,34.736161,9.11782,ADM4 row / research sector code 43561624; dated ADM3 parent 4356,
imada,43531595,4353,جلمة الغريبة,Jilma Ouest,35.28484,9.39995,ADM4 row / research sector code 43531595; dated ADM3 parent 4353,
imada,43531594,4353,جملة الشرقية,Jilma Est,35.328026,9.453938,ADM4 row / research sector code 43531594; dated ADM3 parent 4353,
imada,43561623,4356,اولاد ابراهيم,Ouled Brahim,34.780304,8.977509,ADM4 row / research sector code 43561623; dated ADM3 parent 4356,
imada,43561622,4356,الواعرة,El Ouaara,34.808415,9.017812,ADM4 row / research sector code 43561622; dated ADM3 parent 4356,
imada,43561621,4356,الساهلة,Essahla,34.826058,9.093866,ADM4 row / research sector code 43561621; dated ADM3 parent 4356,
imada,43591643,4359,غريويس,Ghiriouis,34.949429,9.649416,ADM4 row / research sector code 43591643; dated ADM3 parent 4359,
imada,43591642,4359,سوق الجديد,Souk Jedid,34.899627,9.587008,ADM4 row / research sector code 43591642; dated ADM3 parent 4359,
imada,43531601,4353,باطن الغزال الشمالية,Baten Elghézel Nord,35.448337,9.345861,ADM4 row / research sector code 43531601; dated ADM3 parent 4353,
imada,43531600,4353,باطن الغزال الجنوبية,Baten Elghézel Sud,35.373862,9.395389,ADM4 row / research sector code 43531600; dated ADM3 parent 4353,
imada,43601649,4360,المزونة,Mezzouna,34.545967,9.859548,ADM4 row / research sector code 43601649; dated ADM3 parent 4360,
imada,43561620,4356,الرابطة,Errabta,34.757864,9.23357,ADM4 row / research sector code 43561620; dated ADM3 parent 4356,
imada,43561619,4356,سيدي علي بن عون,Sidi Ali Ben Aoun,34.886083,9.128901,ADM4 row / research sector code 43561619; dated ADM3 parent 4356,
imada,43551612,4355,القصر,El Ksar,34.964797,9.340126,ADM4 row / research sector code 43551612; dated ADM3 parent 4355,
imada,43591648,4359,بئر بدر,Bir Badr,34.865238,9.517012,ADM4 row / research sector code 43591648; dated ADM3 parent 4359,
imada,43591647,4359,الزفزاف,Ezzafzaf,34.79805,9.485363,ADM4 row / research sector code 43591647; dated ADM3 parent 4359,
imada,43591646,4359,الرميلية,Erremelia,34.808723,9.585091,ADM4 row / research sector code 43591646; dated ADM3 parent 4359,
imada,43591645,4359,سقدال,Sekdal,34.928673,9.606957,ADM4 row / research sector code 43591645; dated ADM3 parent 4359,
imada,43591644,4359,القصيرة,Ksaîra,34.968688,9.585856,ADM4 row / research sector code 43591644; dated ADM3 parent 4359,
imada,43531599,4353,غدير الزيتون,Ghedir Ezzitoun,35.277465,9.49369,ADM4 row / research sector code 43531599; dated ADM3 parent 4353,
imada,43531598,4353,زغمار,Zoghmar,35.400897,9.3184,ADM4 row / research sector code 43531598; dated ADM3 parent 4353,
imada,43531597,4353,سلتة,Selta,35.363257,9.274664,ADM4 row / research sector code 43531597; dated ADM3 parent 4353,
imada,1357238,1357,18جانفي,18 janvier,36.746052,10.300471,ADM4 row / research sector code 1357238; dated ADM3 parent 1357,
imada,1362280,1362,اوذنة,Oudna,36.599601,10.183211,ADM4 row / research sector code 1362280; dated ADM3 parent 1362,
imada,13569999,1356,البساتين الغربية,El Bassatine Ouest,36.726601,10.268829,ADM4 row / research sector code 13569999; dated ADM3 parent 1356,
imada,1356234,1356,البساتين,El Bassatine,36.72997,10.291639,ADM4 row / research sector code 1356234; dated ADM3 parent 1356,
imada,1362270,1362,الخليدية,Khelidia,36.630499,10.169601,ADM4 row / research sector code 1362270; dated ADM3 parent 1362,
imada,1352217,1352,الرابطة,Errabta,36.738724,10.249149,ADM4 row / research sector code 1352217; dated ADM3 parent 1352,
imada,1362279,1362,الرسالة,Errisala,36.663695,10.339086,ADM4 row / research sector code 1362279; dated ADM3 parent 1362,
imada,1362271,1362,الزاوية,Ez-Zaouia,36.705594,10.270793,ADM4 row / research sector code 1362271; dated ADM3 parent 1362,
imada,1357236,1357,الزهراء المدينة,Ez-Zahra Ville,36.749152,10.309385,ADM4 row / research sector code 1357236; dated ADM3 parent 1357,
imada,1362278,1362,السلام,Essalem,36.618617,10.233142,ADM4 row / research sector code 1362278; dated ADM3 parent 1362,
imada,1358242,1358,الطيب المهيري,Taieb Mehiri,36.783059,10.281949,ADM4 row / research sector code 1358242; dated ADM3 parent 1358,
imada,1362281,1362,القصيبي,El Kessibi,36.599655,10.267954,ADM4 row / research sector code 1362281; dated ADM3 parent 1362,
imada,1362276,1362,القنة,El Gounna,36.56355,10.192209,ADM4 row / research sector code 1362276; dated ADM3 parent 1362,
imada,1362274,1362,الكبوطي,Kabouti,36.558234,10.326053,ADM4 row / research sector code 1362274; dated ADM3 parent 1362,
imada,1360256,1360,المحمدية,Mohamedia,36.675038,10.147704,ADM4 row / research sector code 1360256; dated ADM3 parent 1360,
imada,1352213,1352,المدينة الجديدة 1,La Nouvelle Medina(1),36.751086,10.247701,ADM4 row / research sector code 1352213; dated ADM3 parent 1352,
imada,1352214,1352,المدينة الجديدة 2,La Nouvelle Medina(2),36.742631,10.260508,ADM4 row / research sector code 1352214; dated ADM3 parent 1352,
imada,1353218,1353,المروج 1,El Mourouj (1),36.730787,10.199207,ADM4 row / research sector code 1353218; dated ADM3 parent 1353,
imada,1353219,1353,المروج 3,El Mourouj (3),36.725313,10.210467,ADM4 row / research sector code 1353219; dated ADM3 parent 1353,
imada,1353220,1353,المروج 4,El Mourouj (4),36.717097,10.209194,ADM4 row / research sector code 1353220; dated ADM3 parent 1353,
imada,1353221,1353,المروج 5,El Mourouj (5),36.705853,10.213756,ADM4 row / research sector code 1353221; dated ADM3 parent 1353,
imada,1361264,1361,المغيرة,El Moghira,36.721934,10.157786,ADM4 row / research sector code 1361264; dated ADM3 parent 1361,
imada,1358244,1358,المنجي سليم,Mongi Slim,36.770076,10.268069,ADM4 row / research sector code 1358244; dated ADM3 parent 1358,
imada,1360257,1360,المنجي سليم,Mongi Selim,36.690713,10.15108,ADM4 row / research sector code 1360257; dated ADM3 parent 1360,
imada,1351209,1351,المهيري,El Mehiri,36.752528,10.233966,ADM4 row / research sector code 1351209; dated ADM3 parent 1351,
imada,1361263,1361,الهضاب,El Hidhab,36.70446,10.184767,ADM4 row / research sector code 1361263; dated ADM3 parent 1361,
imada,1352216,1352,الياسمينات,El Yasminet,36.729671,10.240443,ADM4 row / research sector code 1352216; dated ADM3 parent 1352,
imada,1355230,1355,بئر الباي,Bir El Bey,36.703191,10.369421,ADM4 row / research sector code 1355230; dated ADM3 parent 1355,
imada,1353222,1353,بئر القصعة,Bir Kassaa,36.738906,10.211259,ADM4 row / research sector code 1353222; dated ADM3 parent 1353,
imada,1355231,1355,برج السدرية,Borj Cedria,36.681415,10.384592,ADM4 row / research sector code 1355231; dated ADM3 parent 1355,
imada,1357239,1357,برج الوزير,Borj El Louzir,36.745795,10.290343,ADM4 row / research sector code 1357239; dated ADM3 parent 1357,
imada,1351207,1351,بن عروس الشرقية,Ben Arous Est,36.757477,10.225373,ADM4 row / research sector code 1351207; dated ADM3 parent 1351,
imada,1351210,1351,بن عروس الغربية,Ben Arous Ouest,36.747119,10.218383,ADM4 row / research sector code 1351210; dated ADM3 parent 1351,
imada,1356233,1356,بومهل,Bou Mhel,36.715908,10.31122,ADM4 row / research sector code 1356233; dated ADM3 parent 1356,
imada,1362272,1362,جبل الرصاص,Djebel Ressas,36.606703,10.322211,ADM4 row / research sector code 1362272; dated ADM3 parent 1362,
imada,1359250,1359,جوهرة,Jawhara,36.778195,10.22008,ADM4 row / research sector code 1359250; dated ADM3 parent 1359,
imada,1354225,1354,حمام الانف المدينة 2,Hammem Lif Ville 2,36.729162,10.341651,ADM4 row / research sector code 1354225; dated ADM3 parent 1354,
imada,1354224,1354,حمام الانف المدينة,Hammam Lif Ville,36.72705,10.333447,ADM4 row / research sector code 1354224; dated ADM3 parent 1354,
imada,1354228,1354,حمام الانف الملعب,Hammam Lif El Malaab,36.724713,10.351097,ADM4 row / research sector code 1354228; dated ADM3 parent 1354,
imada,1354226,1354,حمام الانف بوقرنين,Hammem Lif Bou Kornine,36.735401,10.328564,ADM4 row / research sector code 1354226; dated ADM3 parent 1354,
imada,1355232,1355,حمام الشط,Hammem Chatt,36.71711,10.365953,ADM4 row / research sector code 1355232; dated ADM3 parent 1355,
imada,1351208,1351,حي ابن عرفة,Cité Ibn Arafa,36.761942,10.222235,ADM4 row / research sector code 1351208; dated ADM3 parent 1351,
imada,1351212,1351,حي الاسكان,Cité El Iskane,36.73871,10.223965,ADM4 row / research sector code 1351212; dated ADM3 parent 1351,
imada,1357237,1357,حي الحبيب,Cité El Habib,36.738438,10.310656,ADM4 row / research sector code 1357237; dated ADM3 parent 1357,
imada,1360258,1360,حي السعادة,Cité Es-Saada,36.654105,10.158279,ADM4 row / research sector code 1360258; dated ADM3 parent 1360,
imada,1361262,1361,حي المستقبل,Cité El Mostakbel,36.696309,10.15632,ADM4 row / research sector code 1361262; dated ADM3 parent 1361,
imada,1360259,1360,حي النسيم,Cité El Nassim,36.674598,10.18606,ADM4 row / research sector code 1360259; dated ADM3 parent 1360,
imada,1354229,1354,حي محمد علي,Cité Mohamed Ali,36.712603,10.338044,ADM4 row / research sector code 1354229; dated ADM3 parent 1354,
imada,1361267,1361,دوار الحوش,Douar ElHouch,36.684962,10.226206,ADM4 row / research sector code 1361267; dated ADM3 parent 1361,
imada,1358245,1358,رادس الغابة,Rades Foret,36.752421,10.265766,ADM4 row / research sector code 1358245; dated ADM3 parent 1358,
imada,1358240,1358,رادس المدينة,Rades Ville,36.763804,10.267476,ADM4 row / research sector code 1358240; dated ADM3 parent 1358,
imada,1358241,1358,رادس الملاحة,Rades Mellaha,36.798484,10.277064,ADM4 row / research sector code 1358241; dated ADM3 parent 1358,
imada,1358243,1358,رادس رمادة,Rades Remada,36.773226,10.278012,ADM4 row / research sector code 1358243; dated ADM3 parent 1358,
imada,1358246,1358,رادس مليان,Rades Meliane,36.763337,10.288654,ADM4 row / research sector code 1358246; dated ADM3 parent 1358,
imada,1351211,1351,سيدي بن عروس,Sidi Ben Arous,36.753807,10.215544,ADM4 row / research sector code 1351211; dated ADM3 parent 1351,
imada,1359255,1359,سيدي رزيق 2,Sidi Rezig (2),36.762924,10.238495,ADM4 row / research sector code 1359255; dated ADM3 parent 1359,
imada,1359254,1359,سيدي رزيق,Sidi Rezig,36.764902,10.248948,ADM4 row / research sector code 1359254; dated ADM3 parent 1359,
imada,1362273,1362,سيدي سالم القارصي,Sidi Salem El Garsi,36.497963,10.301099,ADM4 row / research sector code 1362273; dated ADM3 parent 1362,
imada,1362277,1362,سيدي سعد,Sidi Saad,36.668943,10.260194,ADM4 row / research sector code 1362277; dated ADM3 parent 1362,
imada,1360260,1360,سيدي فرج,Sidi Frej,36.641501,10.102179,ADM4 row / research sector code 1360260; dated ADM3 parent 1360,
imada,1352215,1352,سيدي مصباح,Sidi Mosbah,36.743563,10.239601,ADM4 row / research sector code 1352215; dated ADM3 parent 1352,
imada,1356235,1356,شالة,Chêla,36.706072,10.295758,ADM4 row / research sector code 1356235; dated ADM3 parent 1356,
imada,1361266,1361,شبدّة,Chebeda,36.668395,10.212517,ADM4 row / research sector code 1361266; dated ADM3 parent 1361,
imada,1362275,1362,عين رقاد,Ain Rekad,36.530533,10.228408,ADM4 row / research sector code 1362275; dated ADM3 parent 1362,
imada,1353223,1353,فرحات حشاد,Farhat Hached,36.719974,10.231188,ADM4 row / research sector code 1353223; dated ADM3 parent 1353,
imada,1354227,1354,فرحات حشاد,Farhat Hached,36.727648,10.321954,ADM4 row / research sector code 1354227; dated ADM3 parent 1354,
imada,1361261,1361,فوشانة,Fouchana,36.691535,10.173236,ADM4 row / research sector code 1361261; dated ADM3 parent 1361,
imada,1362269,1362,مرناق الغربية,Mornag Ouest,36.667692,10.283246,ADM4 row / research sector code 1362269; dated ADM3 parent 1362,
imada,1362268,1362,مرناق,Mornag,36.671868,10.302554,ADM4 row / research sector code 1362268; dated ADM3 parent 1362,
imada,1359249,1359,مقرين الرياض,Megrine Riadh,36.770289,10.221181,ADM4 row / research sector code 1359249; dated ADM3 parent 1359,
imada,1359248,1359,مقرين العليا,Megrine Superieure,36.773438,10.247732,ADM4 row / research sector code 1359248; dated ADM3 parent 1359,
imada,1359252,1359,مقرين شاكر,Megrine Chaker,36.782612,10.239081,ADM4 row / research sector code 1359252; dated ADM3 parent 1359,
imada,1359253,1359,مقرين شاكر2,Megrine Chaker(2),36.782889,10.226594,ADM4 row / research sector code 1359253; dated ADM3 parent 1359,
imada,1359251,1359,منزل مبروك,Menzel Mabrouk,36.775905,10.232547,ADM4 row / research sector code 1359251; dated ADM3 parent 1359,
imada,1361265,1361,نعسان,Nâassen,36.698149,10.237536,ADM4 row / research sector code 1361265; dated ADM3 parent 1361,
imada,1358247,1358,نوبو,Noubou,36.757389,10.279618,ADM4 row / research sector code 1358247; dated ADM3 parent 1358,
imada,2157649,2157,اولاد سلامة,Ouled Salama,36.489367,9.509274,ADM4 row / research sector code 2157649; dated ADM3 parent 2157,
imada,2157645,2157,ابن زيدون,Ibn Zeydoun,36.539684,9.435002,ADM4 row / research sector code 2157645; dated ADM3 parent 2157,
imada,2154628,2154,الجميلة,Djamila,36.943849,9.07345,ADM4 row / research sector code 2154628; dated ADM3 parent 2154,
imada,2153613,2153,الجوزة,El Djouza,36.848786,9.012532,ADM4 row / research sector code 2153613; dated ADM3 parent 2153,
imada,2153608,2153,الحمراء,El Hamra,36.866157,9.042434,ADM4 row / research sector code 2153608; dated ADM3 parent 2153,
imada,2153604,2153,الرماضنية,Romadhnia,36.782563,8.993095,ADM4 row / research sector code 2153604; dated ADM3 parent 2153,
imada,2151580,2151,الزوابي,Zouabi,36.727875,9.174627,ADM4 row / research sector code 2151580; dated ADM3 parent 2151,
imada,2154618,2154,الزوارع,Ezzouarâa,36.994304,8.960193,ADM4 row / research sector code 2154618; dated ADM3 parent 2154,
imada,2157650,2157,السلوقية,Es-Slouguia,36.561874,9.539259,ADM4 row / research sector code 2157650; dated ADM3 parent 2157,
imada,2157652,2157,الصخيرة,Es-Sekhira,36.599025,9.430441,ADM4 row / research sector code 2157652; dated ADM3 parent 2157,
imada,2154626,2154,الطبابة,Tebaba,36.896261,9.086287,ADM4 row / research sector code 2154626; dated ADM3 parent 2154,
imada,2153611,2153,الطرهوني,Tarhouni,36.69381,9.048428,ADM4 row / research sector code 2153611; dated ADM3 parent 2153,
imada,2154629,2154,الظهيرات,Dehiret,36.94802,9.116316,ADM4 row / research sector code 2154629; dated ADM3 parent 2154,
imada,2151589,2151,الغرابة,El Ghraba,36.892406,9.205712,ADM4 row / research sector code 2151589; dated ADM3 parent 2151,
imada,2153603,2153,الغرفة,El Ghorfa,36.81169,8.951447,ADM4 row / research sector code 2153603; dated ADM3 parent 2153,
imada,2151584,2151,الغيرية,El Ghriria,36.719135,9.106863,ADM4 row / research sector code 2151584; dated ADM3 parent 2151,
imada,2153602,2153,الفرايجية,El Fraîjia,36.823725,8.983429,ADM4 row / research sector code 2153602; dated ADM3 parent 2153,
imada,2159673,2159,القريعات,El Gueriâat,36.68541,9.755287,ADM4 row / research sector code 2159673; dated ADM3 parent 2159,
imada,2151582,2151,القصبة,El Kasba,36.720959,9.175546,ADM4 row / research sector code 2151582; dated ADM3 parent 2151,
imada,2159667,2159,القصر,El Ksar,36.777215,9.517515,ADM4 row / research sector code 2159667; dated ADM3 parent 2159,
imada,2158657,2158,القمرتي,El Gammarthi,36.54713,9.646509,ADM4 row / research sector code 2158657; dated ADM3 parent 2158,
imada,2153612,2153,القوسة,El Goussa,36.751369,9.045461,ADM4 row / research sector code 2153612; dated ADM3 parent 2153,
imada,2153607,2153,المجالس,El Mejaless,36.821386,9.0567,ADM4 row / research sector code 2153607; dated ADM3 parent 2153,
imada,2152596,2152,المخشبية,Mekhachbia,36.674586,9.274561,ADM4 row / research sector code 2152596; dated ADM3 parent 2152,
imada,2151578,2151,المزارة,El Mzara,36.735953,9.190445,ADM4 row / research sector code 2151578; dated ADM3 parent 2151,
imada,2152593,2152,المعقولة,El Mâagoula,36.701672,9.206897,ADM4 row / research sector code 2152593; dated ADM3 parent 2152,
imada,2151581,2151,المنار,El Manar,36.732996,9.169788,ADM4 row / research sector code 2151581; dated ADM3 parent 2151,
imada,2151585,2151,المنشار,El Mounchar,36.743499,9.297222,ADM4 row / research sector code 2151585; dated ADM3 parent 2151,
imada,2155632,2155,المنشية,El Menchia,36.451488,9.210162,ADM4 row / research sector code 2155632; dated ADM3 parent 2155,
imada,2159675,2159,المواطيس,El Mouatiss,36.660529,9.646312,ADM4 row / research sector code 2159675; dated ADM3 parent 2159,
imada,2156643,2156,النشيمة,En-Nechima,36.568638,9.091628,ADM4 row / research sector code 2156643; dated ADM3 parent 2156,
imada,2151588,2151,النقاشية,En-Nakachia,36.859843,9.258944,ADM4 row / research sector code 2151588; dated ADM3 parent 2151,
imada,2159668,2159,الهري,El Heri,36.721474,9.652969,ADM4 row / research sector code 2159668; dated ADM3 parent 2159,
imada,2152592,2152,الهواري,El Haouari,36.718589,9.186145,ADM4 row / research sector code 2152592; dated ADM3 parent 2152,
imada,2155639,2155,بئر التوتة,Bir Ettouta,36.523506,9.251507,ADM4 row / research sector code 2155639; dated ADM3 parent 2155,
imada,2158660,2158,بئر العش,Bir El Euch,36.457767,9.627651,ADM4 row / research sector code 2158660; dated ADM3 parent 2158,
imada,2151577,2151,باجة,Béja,36.725858,9.182375,ADM4 row / research sector code 2151577; dated ADM3 parent 2151,
imada,2154621,2154,بالليف,Bellif,37.02384,9.0651,ADM4 row / research sector code 2154621; dated ADM3 parent 2154,
imada,2151587,2151,بوحزام,Bou Hzam,36.800939,9.230852,ADM4 row / research sector code 2151587; dated ADM3 parent 2151,
imada,2154619,2154,بوزنة,Bou-Zenna,36.983112,9.171894,ADM4 row / research sector code 2154619; dated ADM3 parent 2154,
imada,2155630,2155,تبرسق المدينة,Teboursouk Ville,36.456545,9.256476,ADM4 row / research sector code 2155630; dated ADM3 parent 2155,
imada,2157644,2157,تستور,Testour,36.545651,9.454474,ADM4 row / research sector code 2157644; dated ADM3 parent 2157,
imada,2159669,2159,توكابر,Tokaber,36.705724,9.5182,ADM4 row / research sector code 2159669; dated ADM3 parent 2159,
imada,2156640,2156,تيبار,Tibar,36.526792,9.113149,ADM4 row / research sector code 2156640; dated ADM3 parent 2156,
imada,2154622,2154,جبل الديس,Djebel Ediss,37.019518,9.152171,ADM4 row / research sector code 2154622; dated ADM3 parent 2154,
imada,2152594,2152,حمام سيالة,Hammam Siala,36.674579,9.165418,ADM4 row / research sector code 2152594; dated ADM3 parent 2152,
imada,2157646,2157,حي 26 فيفري,Cité 26 Février,36.547818,9.445683,ADM4 row / research sector code 2157646; dated ADM3 parent 2157,
imada,2159674,2159,حيدوس,Hidouss,36.755814,9.583756,ADM4 row / research sector code 2159674; dated ADM3 parent 2159,
imada,2158662,2158,خشاب,Khacheb,36.598419,9.725068,ADM4 row / research sector code 2158662; dated ADM3 parent 2158,
imada,2158661,2158,خنقية الدهان,Kheniguet Ed-Dahane,36.463046,9.693315,ADM4 row / research sector code 2158661; dated ADM3 parent 2158,
imada,2156641,2156,دجبة,Djebba,36.48554,9.114899,ADM4 row / research sector code 2156641; dated ADM3 parent 2156,
imada,2155633,2155,دقة,Dougga,36.395067,9.245539,ADM4 row / research sector code 2155633; dated ADM3 parent 2155,
imada,2158659,2158,دور اسماعيل,Dour Esmail,36.55485,9.791114,ADM4 row / research sector code 2158659; dated ADM3 parent 2158,
imada,2155634,2155,ريحانة,Rihana,36.432087,9.125551,ADM4 row / research sector code 2155634; dated ADM3 parent 2155,
imada,2154625,2154,زاقة,Zaga,36.920899,9.012328,ADM4 row / research sector code 2154625; dated ADM3 parent 2154,
imada,2157648,2157,زلدو,Zeldou,36.572982,9.319813,ADM4 row / research sector code 2157648; dated ADM3 parent 2157,
imada,2153601,2153,زهرة مدين الجنوبية,Zahret Medien Sud,36.76173,9.098106,ADM4 row / research sector code 2153601; dated ADM3 parent 2153,
imada,2153600,2153,زهرة مدين,Zahret Medien,36.779289,9.083349,ADM4 row / research sector code 2153600; dated ADM3 parent 2153,
imada,2152598,2152,زواغة,Zouagha,36.656154,9.075981,ADM4 row / research sector code 2152598; dated ADM3 parent 2152,
imada,2159672,2159,سيدي احمد الجديدي,Sidi Ahmed El Jedidi,36.658215,9.542957,ADM4 row / research sector code 2159672; dated ADM3 parent 2159,
imada,2152595,2152,سيدي اسماعيل,Sidi Smaîl,36.572975,9.156752,ADM4 row / research sector code 2152595; dated ADM3 parent 2152,
imada,2159677,2159,سيدي الرايس,Sidi Erraies,36.617803,9.635873,ADM4 row / research sector code 2159677; dated ADM3 parent 2159,
imada,2152597,2152,سيدي السهيلي,Sidi Es-Shili,36.624603,9.116227,ADM4 row / research sector code 2152597; dated ADM3 parent 2152,
imada,2157655,2157,سيدي عامر,Sidi Ameur,36.686696,9.390105,ADM4 row / research sector code 2157655; dated ADM3 parent 2157,
imada,2157654,2157,سيدي عبد العزيز,Sidi Abdelaziz,36.639458,9.491247,ADM4 row / research sector code 2157654; dated ADM3 parent 2157,
imada,2152591,2152,سيدي فرج,Sidi Fredj,36.722583,9.196791,ADM4 row / research sector code 2152591; dated ADM3 parent 2152,
imada,2159666,2159,سيدي مدين,Sidi Medien,36.640496,9.750961,ADM4 row / research sector code 2159666; dated ADM3 parent 2159,
imada,2159671,2159,سيدي نصر,Sidi Nasr,36.689345,9.592302,ADM4 row / research sector code 2159671; dated ADM3 parent 2159,
imada,2159670,2159,شواش,Chaouach,36.719143,9.553357,ADM4 row / research sector code 2159670; dated ADM3 parent 2159,
imada,2158663,2158,شيخ الوديان,Cheikh El Ouediane,36.501589,9.719223,ADM4 row / research sector code 2158663; dated ADM3 parent 2158,
imada,2153606,2153,صباح,Sabah,36.798195,9.087526,ADM4 row / research sector code 2153606; dated ADM3 parent 2153,
imada,2151583,2151,عزرة,Azra,36.753484,9.158442,ADM4 row / research sector code 2151583; dated ADM3 parent 2151,
imada,2155637,2155,عين الحمام,Aïn El Hammam,36.397885,9.157447,ADM4 row / research sector code 2155637; dated ADM3 parent 2155,
imada,2156642,2156,عين الدفالي,Aïn Ed-Defali,36.472367,9.059487,ADM4 row / research sector code 2156642; dated ADM3 parent 2156,
imada,2155631,2155,عين الكرمة,Aïn El Karma,36.468081,9.249105,ADM4 row / research sector code 2155631; dated ADM3 parent 2155,
imada,2155635,2155,عين المليتي,Aïn El Melliti,36.500314,9.18475,ADM4 row / research sector code 2155635; dated ADM3 parent 2155,
imada,2155638,2155,عين جمالة,Aïn Djammala,36.481025,9.30937,ADM4 row / research sector code 2155638; dated ADM3 parent 2155,
imada,2151590,2151,عين سلطان,Aïn Soltane,36.820792,9.164698,ADM4 row / research sector code 2151590; dated ADM3 parent 2151,
imada,2157651,2157,عين يونس,Aïn Younes,36.497135,9.394467,ADM4 row / research sector code 2157651; dated ADM3 parent 2157,
imada,2153609,2153,غزية,Ghazia,36.821632,9.116126,ADM4 row / research sector code 2153609; dated ADM3 parent 2153,
imada,2154624,2154,غياضة,Ghayadha,36.937922,9.162456,ADM4 row / research sector code 2154624; dated ADM3 parent 2154,
imada,2155636,2155,فدان السوق,Fadden Es-Souk,36.418203,9.308017,ADM4 row / research sector code 2155636; dated ADM3 parent 2155,
imada,2154623,2154,فطناسة,Fatnassa,36.935912,9.217406,ADM4 row / research sector code 2154623; dated ADM3 parent 2154,
imada,2158656,2158,قبلاط,Goubellat,36.544324,9.682918,ADM4 row / research sector code 2158656; dated ADM3 parent 2158,
imada,2158658,2158,قرام,Guerram,36.498448,9.586942,ADM4 row / research sector code 2158658; dated ADM3 parent 2158,
imada,2159676,2159,قريش الوادي,Guerich El Ouedi,36.695417,9.699568,ADM4 row / research sector code 2159676; dated ADM3 parent 2159,
imada,2151579,2151,قصر باردو,Ksar Bardo,36.735664,9.175333,ADM4 row / research sector code 2151579; dated ADM3 parent 2151,
imada,2151586,2151,قصر مزوار,Ksar Mezouar,36.824079,9.328769,ADM4 row / research sector code 2151586; dated ADM3 parent 2151,
imada,2154617,2154,كاب النيقرو,Kap Négro,37.094708,9.060464,ADM4 row / research sector code 2154617; dated ADM3 parent 2154,
imada,2153610,2153,مالك,Malek,36.799448,9.033256,ADM4 row / research sector code 2153610; dated ADM3 parent 2153,
imada,2159665,2159,مجاز الباب الجنوبية,Medjez El Bab Sud,36.636041,9.577577,ADM4 row / research sector code 2159665; dated ADM3 parent 2159,
imada,2159664,2159,مجاز الباب المدينة,Medjez El Bab Ville,36.609803,9.591413,ADM4 row / research sector code 2159664; dated ADM3 parent 2159,
imada,2157647,2157,مزوغة,Mezougha,36.610462,9.345376,ADM4 row / research sector code 2157647; dated ADM3 parent 2157,
imada,2152599,2152,مستوتة,Mestouta,36.606952,9.214759,ADM4 row / research sector code 2152599; dated ADM3 parent 2152,
imada,2153605,2153,مغراوة,Maghraoua,36.777897,8.947052,ADM4 row / research sector code 2153605; dated ADM3 parent 2153,
imada,2154620,2154,مقطع حديد,Maktâa Hadid,37.049533,8.991494,ADM4 row / research sector code 2154620; dated ADM3 parent 2154,
imada,2154614,2154,نفزة الشرقية,Nefza Est,36.987556,9.08955,ADM4 row / research sector code 2154614; dated ADM3 parent 2154,
imada,2154615,2154,نفزة الغربية,Nefza Ouest,36.982956,9.040184,ADM4 row / research sector code 2154615; dated ADM3 parent 2154,
imada,2157653,2157,وادي الزرقاء,Oued Ezzargua,36.64806,9.429647,ADM4 row / research sector code 2157653; dated ADM3 parent 2157,
imada,2154627,2154,وادي المعدن,Oued El Mâaden,36.860461,9.117414,ADM4 row / research sector code 2154627; dated ADM3 parent 2154,
imada,2154616,2154,وشتاتة,Ouachtata,36.938489,8.964117,ADM4 row / research sector code 2154616; dated ADM3 parent 2154,
imada,2354798,2354,السفاية,Es-Sefeïa,36.253296,8.389673,ADM4 row / research sector code 2354798; dated ADM3 parent 2354,
imada,2354804,2354,الطابية,Et-Tabia,36.019142,8.385585,ADM4 row / research sector code 2354804; dated ADM3 parent 2354,
imada,2354800,2354,جرادو,Djeradou,36.261503,8.523164,ADM4 row / research sector code 2354800; dated ADM3 parent 2354,
imada,2354797,2354,ساقية سيدي يوسف,Sakiet Sidi Youssef,36.221277,8.369937,ADM4 row / research sector code 2354797; dated ADM3 parent 2354,
imada,2354803,2354,سيدي رابح,Sidi Rabeh,36.067672,8.372985,ADM4 row / research sector code 2354803; dated ADM3 parent 2354,
imada,2354802,2354,عين الكرمة,Aïn El Karma,36.14434,8.379507,ADM4 row / research sector code 2354802; dated ADM3 parent 2354,
imada,2354799,2354,عين مازر,Aïn Mazer,36.331656,8.456005,ADM4 row / research sector code 2354799; dated ADM3 parent 2354,
imada,2354801,2354,فرشان,Forchane,36.187128,8.475666,ADM4 row / research sector code 2354801; dated ADM3 parent 2354,
imada,2355813,2355,الحوض,El Houdh,35.916225,8.670085,ADM4 row / research sector code 2355813; dated ADM3 parent 2355,
imada,2355810,2355,النجاة,Ennajet,36.067555,8.661596,ADM4 row / research sector code 2355810; dated ADM3 parent 2355,
imada,2355806,2355,تاجروين الجنوبية,Tajerouine Sud,35.869919,8.577839,ADM4 row / research sector code 2355806; dated ADM3 parent 2355,
imada,2355805,2355,تاجروين الشمالية,Tajerouine Nord,35.921443,8.576022,ADM4 row / research sector code 2355805; dated ADM3 parent 2355,
imada,2355812,2355,جزة,Jezza,35.973109,8.629656,ADM4 row / research sector code 2355812; dated ADM3 parent 2355,
imada,2355808,2355,حي بورقيبة,Cité Bourguiba,35.935609,8.507215,ADM4 row / research sector code 2355808; dated ADM3 parent 2355,
imada,2355809,2355,سيد مطير,Sidi Mtir,36.042854,8.625389,ADM4 row / research sector code 2355809; dated ADM3 parent 2355,
imada,2355811,2355,سيدي عبد الباسط,Sidi Abdelbasset,36.053752,8.536001,ADM4 row / research sector code 2355811; dated ADM3 parent 2355,
imada,2355816,2355,قرن حلفاية,Garn Halfaia,35.995528,8.478,ADM4 row / research sector code 2355816; dated ADM3 parent 2355,
imada,2351775,2351,الحوارث الجنوبية,Haouareth Sud,36.164866,8.699525,ADM4 row / research sector code 2351775; dated ADM3 parent 2351,
imada,2351774,2351,وادي الرمل الجنوبية,Oued Remel Sud,36.127264,8.616731,ADM4 row / research sector code 2351774; dated ADM3 parent 2351,
imada,2351773,2351,وادي الرمل الشمالية,Oued Remel Nord,36.191794,8.650152,ADM4 row / research sector code 2351773; dated ADM3 parent 2351,
imada,2353789,2353,الاذياب,Ledhieb,36.376487,8.701148,ADM4 row / research sector code 2353789; dated ADM3 parent 2353,
imada,2353795,2353,الشتاتلة,Chetatla,36.364553,8.948215,ADM4 row / research sector code 2353795; dated ADM3 parent 2353,
imada,2353790,2353,الطويرف,Touiref,36.311172,8.590532,ADM4 row / research sector code 2353790; dated ADM3 parent 2353,
imada,2353794,2353,القصر,El Ksar,36.369534,8.844684,ADM4 row / research sector code 2353794; dated ADM3 parent 2353,
imada,2353792,2353,بهرة,Bahra,36.277357,8.858556,ADM4 row / research sector code 2353792; dated ADM3 parent 2353,
imada,2353786,2353,تل الغزلان,Tel El Ghozlane,36.396535,8.898908,ADM4 row / research sector code 2353786; dated ADM3 parent 2353,
imada,2353785,2353,سركونة,Sarkaouna,36.253488,8.694391,ADM4 row / research sector code 2353785; dated ADM3 parent 2353,
imada,2353787,2353,سيدي خيار,Sidi Khiar,36.352122,8.788033,ADM4 row / research sector code 2353787; dated ADM3 parent 2353,
imada,2353793,2353,سيدي مدنين,Sidi Medien,36.302542,8.926012,ADM4 row / research sector code 2353793; dated ADM3 parent 2353,
imada,2353791,2353,ملاق,Mellègue,36.324112,8.734684,ADM4 row / research sector code 2353791; dated ADM3 parent 2353,
imada,2353788,2353,ملالة,Mellala,36.348016,8.650957,ADM4 row / research sector code 2353788; dated ADM3 parent 2353,
imada,2353784,2353,نبر,Nebeur,36.280437,8.763556,ADM4 row / research sector code 2353784; dated ADM3 parent 2353,
imada,2353796,2353,ولجة السدرة,Oueljet Essedra,36.375018,8.567533,ADM4 row / research sector code 2353796; dated ADM3 parent 2353,
imada,2352778,2352,الحوارث الشمالية,Haouareth Nord,36.1815,8.703273,ADM4 row / research sector code 2352778; dated ADM3 parent 2352,
imada,2352779,2352,الزعفران,Zâafrane,36.145557,8.796554,ADM4 row / research sector code 2352779; dated ADM3 parent 2352,
imada,2352776,2352,الشرفين,Charfine,36.182014,8.718539,ADM4 row / research sector code 2352776; dated ADM3 parent 2352,
imada,2352777,2352,بنعنين,Ben Ainine,36.171501,8.71856,ADM4 row / research sector code 2352777; dated ADM3 parent 2352,
imada,2352783,2352,حشاد,Hached,36.172854,8.702878,ADM4 row / research sector code 2352783; dated ADM3 parent 2352,
imada,2352782,2352,دير الكاف,Dyr El Kef,36.205765,8.784673,ADM4 row / research sector code 2352782; dated ADM3 parent 2352,
imada,2352781,2352,وادي السواني الجنوبي,Oued Souani Sud,36.171255,8.920878,ADM4 row / research sector code 2352781; dated ADM3 parent 2352,
imada,2352780,2352,وادي السواني,Oued Souani,36.215179,8.983067,ADM4 row / research sector code 2352780; dated ADM3 parent 2352,
imada,2361859,2361,الآس,Elles,35.982476,9.063583,ADM4 row / research sector code 2361859; dated ADM3 parent 2361,
imada,2361858,2361,الابار الشرقية,El Abar Est,36.066076,9.136916,ADM4 row / research sector code 2361858; dated ADM3 parent 2361,
imada,2361857,2361,الابار,El Abar,36.013128,9.132418,ADM4 row / research sector code 2361857; dated ADM3 parent 2361,
imada,2361855,2361,الاربص,Lorbeus,36.089564,8.854132,ADM4 row / research sector code 2361855; dated ADM3 parent 2361,
imada,2361852,2361,السرس الجنوبية,Es-Sers Sud,36.080826,9.076512,ADM4 row / research sector code 2361852; dated ADM3 parent 2361,
imada,2361851,2361,السرس الشمالية,Es-Sers Nord,36.118193,9.019955,ADM4 row / research sector code 2361851; dated ADM3 parent 2361,
imada,2361856,2361,المرجي,El Marja,36.034987,9.068365,ADM4 row / research sector code 2361856; dated ADM3 parent 2361,
imada,2361854,2361,بوصليعة,Bousliaa,36.039616,8.980816,ADM4 row / research sector code 2361854; dated ADM3 parent 2361,
imada,2361853,2361,حي النور,Cité Ennour,36.083726,9.009511,ADM4 row / research sector code 2361853; dated ADM3 parent 2361,
imada,115931,1159,فرحات حشاد,Farhat Hached,36.828968,10.19691,ADM4 row / research sector code 115931; dated ADM3 parent 1159,
imada,115928,1159,الشرقية,Ech Charguia,36.847234,10.22305,ADM4 row / research sector code 115928; dated ADM3 parent 1159,
imada,11599999,1159,حي السلام,Cité Essalem,36.842591,10.191011,ADM4 row / research sector code 11599999; dated ADM3 parent 1159,
imada,115927,1159,حي الحدائق,Cité Jardin,36.826942,10.183593,ADM4 row / research sector code 115927; dated ADM3 parent 1159,
imada,115930,1159,علي بلهوان,Ali Belhouane,36.836713,10.196061,ADM4 row / research sector code 115930; dated ADM3 parent 1159,
imada,115929,1159,خير الدين باشا,Khéreiddine Pacha,36.821025,10.190046,ADM4 row / research sector code 115929; dated ADM3 parent 1159,
imada,11599998,1159,البحيرة,El Bouheira,36.820475,10.232395,ADM4 row / research sector code 11599998; dated ADM3 parent 1159,
imada,115926,1159,حي الخضراء,Cité El Khadra,36.832167,10.192133,ADM4 row / research sector code 115926; dated ADM3 parent 1159,
imada,1152108,1152,باب البنات,Bab Bénat,36.800412,10.167397,ADM4 row / research sector code 1152108; dated ADM3 parent 1152,
imada,1152115,1152,التوفيق,El Taoufik,36.799658,10.164239,ADM4 row / research sector code 1152115; dated ADM3 parent 1152,
imada,1152117,1152,سيدي بومنديل,Sidi Boumendil,36.794643,10.175384,ADM4 row / research sector code 1152117; dated ADM3 parent 1152,
imada,1152114,1152,سيدي علي عزوز,Sidi Ali Azouz,36.797381,10.174167,ADM4 row / research sector code 1152114; dated ADM3 parent 1152,
imada,1152116,1152,الصباغين,El Sabaghine,36.794284,10.17361,ADM4 row / research sector code 1152116; dated ADM3 parent 1152,
imada,1152111,1152,باب المنارة,Bab Mnara,36.794853,10.166713,ADM4 row / research sector code 1152111; dated ADM3 parent 1152,
imada,1152113,1152,الزرارعية,El Zraria,36.800922,10.173969,ADM4 row / research sector code 1152113; dated ADM3 parent 1152,
imada,1152110,1152,الاسواق,El Assouak,36.79732,10.170765,ADM4 row / research sector code 1152110; dated ADM3 parent 1152,
imada,1152107,1152,الحفصية,El Hafsia,36.803346,10.170689,ADM4 row / research sector code 1152107; dated ADM3 parent 1152,
imada,1152112,1152,تربة الباي,Tourbet El Bey,36.793776,10.171655,ADM4 row / research sector code 1152112; dated ADM3 parent 1152,
imada,1152109,1152,سوق النحاس,Souk El Nhes,36.799976,10.170389,ADM4 row / research sector code 1152109; dated ADM3 parent 1152,
imada,1152106,1152,المدينة,La Medina,36.802758,10.168185,ADM4 row / research sector code 1152106; dated ADM3 parent 1152,
imada,115311,1153,الحبيب ثامر,Habib Thameur,36.803175,10.197262,ADM4 row / research sector code 115311; dated ADM3 parent 1153,
imada,11538,1153,الحدائق,Les Jardins,36.809192,10.192745,ADM4 row / research sector code 11538; dated ADM3 parent 1153,
imada,115310,1153,المنجي سليم,Mongi Slim,36.80266,10.178249,ADM4 row / research sector code 115310; dated ADM3 parent 1153,
imada,11537,1153,باب البحر,Bab El Bhar,36.795286,10.179498,ADM4 row / research sector code 11537; dated ADM3 parent 1153,
imada,115313,1153,الهادي شاكر,Hédi Chaker,36.811516,10.177196,ADM4 row / research sector code 115313; dated ADM3 parent 1153,
imada,115312,1153,الطيب المهيري,Taïeb El M hiri,36.81807,10.179964,ADM4 row / research sector code 115312; dated ADM3 parent 1153,
imada,115314,1153,سيدي البحري,Sidi El Bahri,36.807251,10.176437,ADM4 row / research sector code 115314; dated ADM3 parent 1153,
imada,11539,1153,بحيرة تونس,Lac de Tunis,36.79257,10.200779,ADM4 row / research sector code 11539; dated ADM3 parent 1153,
imada,115420,1154,الحلفاوين,El Halfaouine,36.807578,10.166825,ADM4 row / research sector code 115420; dated ADM3 parent 1154,
imada,115419,1154,باب العسل,Bab El Assel,36.811667,10.169086,ADM4 row / research sector code 115419; dated ADM3 parent 1154,
imada,115416,1154,باب الخضراء,Bab El Khadra,36.81025,10.171941,ADM4 row / research sector code 115416; dated ADM3 parent 1154,
imada,115422,1154,باب سيدي عبد السلام,Bab Sidi Abdessalem,36.809341,10.164785,ADM4 row / research sector code 115422; dated ADM3 parent 1154,
imada,115415,1154,ترنجة,Tronja,36.804406,10.173351,ADM4 row / research sector code 115415; dated ADM3 parent 1154,
imada,115424,1154,حمام الرميمي,Hammam El Rmimi,36.806602,10.172454,ADM4 row / research sector code 115424; dated ADM3 parent 1154,
imada,115421,1154,باب سويقة,Bab Souika,36.807029,10.169245,ADM4 row / research sector code 115421; dated ADM3 parent 1154,
imada,115425,1154,سيدي الجبالي,Sidi Djebali,36.804439,10.165327,ADM4 row / research sector code 115425; dated ADM3 parent 1154,
imada,115418,1154,برج زوارة,Borj Zouara,36.804455,10.156018,ADM4 row / research sector code 115418; dated ADM3 parent 1154,
imada,115423,1154,الزاوية البكرية,Zaouiet El Bekria,36.808401,10.161868,ADM4 row / research sector code 115423; dated ADM3 parent 1154,
imada,115417,1154,باب سعدون,Bab Sâadoun,36.806303,10.162364,ADM4 row / research sector code 115417; dated ADM3 parent 1154,
imada,115553,1155,الجبل الاحمر,Djebel El Ahmar,36.821502,10.16086,ADM4 row / research sector code 115553; dated ADM3 parent 1155,
imada,115552,1155,العمران,El Omrane,36.814393,10.162961,ADM4 row / research sector code 115552; dated ADM3 parent 1155,
imada,115555,1155,راس الطابية,Ras Tabia,36.81961,10.146229,ADM4 row / research sector code 115555; dated ADM3 parent 1155,
imada,115554,1155,حي الزياتين,Cité des Oliviers,36.825387,10.156056,ADM4 row / research sector code 115554; dated ADM3 parent 1155,
imada,115556,1155,بئر عتيق,Bir Atig,36.819593,10.153774,ADM4 row / research sector code 115556; dated ADM3 parent 1155,
imada,115557,1155,وادي السبعي,Oued El Sebai,36.825175,10.164166,ADM4 row / research sector code 115557; dated ADM3 parent 1155,
imada,115666,1156,الصديق,Es-Sadique,36.831658,10.127786,ADM4 row / research sector code 115666; dated ADM3 parent 1156,
imada,115662,1156,حي الانطلاقة,Cité El Intilaka,36.840231,10.120067,ADM4 row / research sector code 115662; dated ADM3 parent 1156,
imada,115665,1156,احمد التليلي,Ahmed Tlili,36.832898,10.132299,ADM4 row / research sector code 115665; dated ADM3 parent 1156,
imada,115661,1156,حي بن خلدون السادس,Cité Ibn Khaldoun VI,36.836079,10.125279,ADM4 row / research sector code 115661; dated ADM3 parent 1156,
imada,115664,1156,النسيم,El Nassim,36.841607,10.125493,ADM4 row / research sector code 115664; dated ADM3 parent 1156,
imada,115663,1156,العمران الاعلي,El Omrane Supérieur,36.841683,10.130431,ADM4 row / research sector code 115663; dated ADM3 parent 1156,
imada,115658,1156,حي بن خلدون الاول,Cité Ibn Khaldoun I,36.827472,10.140403,ADM4 row / research sector code 115658; dated ADM3 parent 1156,
imada,115787,1157,التحرير الاول,Ettahrir (1),36.824267,10.12395,ADM4 row / research sector code 115787; dated ADM3 parent 1157,
imada,115790,1157,التحرير العلوي,Ettahrir Superieur,36.833823,10.120854,ADM4 row / research sector code 115790; dated ADM3 parent 1157,
imada,115789,1157,التحرير الثالث,Ettahrir (3),36.824515,10.128985,ADM4 row / research sector code 115789; dated ADM3 parent 1157,
imada,115791,1157,الحديقة,El Hadika,36.821762,10.131711,ADM4 row / research sector code 115791; dated ADM3 parent 1157,
imada,115788,1157,التحرير الثاني,Ettahrir (2),36.828798,10.123474,ADM4 row / research sector code 115788; dated ADM3 parent 1157,
imada,115847,1158,01جوان,1er Juin,36.829277,10.170528,ADM4 row / research sector code 115847; dated ADM3 parent 1158,
imada,115849,1158,الفتح,El Fath,36.845149,10.137915,ADM4 row / research sector code 115849; dated ADM3 parent 1158,
imada,115848,1158,المنزه,El Menzah,36.840234,10.177735,ADM4 row / research sector code 115848; dated ADM3 parent 1158,
imada,115851,1158,المنار1,El Manar (1),36.834241,10.145434,ADM4 row / research sector code 115851; dated ADM3 parent 1158,
imada,115850,1158,المنار,El Manar,36.844211,10.153296,ADM4 row / research sector code 115850; dated ADM3 parent 1158,
imada,1161132,1161,علي البلهوان,Ali Belhouane,36.797159,10.160323,ADM4 row / research sector code 1161132; dated ADM3 parent 1161,
imada,1161136,1161,الملاسين,Mellassine,36.795647,10.151518,ADM4 row / research sector code 1161136; dated ADM3 parent 1161,
imada,1161131,1161,حي هلال,Cité Helel,36.784868,10.165052,ADM4 row / research sector code 1161131; dated ADM3 parent 1161,
imada,1161133,1161,النجاح,En-Najah,36.793419,10.158342,ADM4 row / research sector code 1161133; dated ADM3 parent 1161,
imada,1161134,1161,حي الشهداء,CIté des Martyrs,36.775291,10.170532,ADM4 row / research sector code 1161134; dated ADM3 parent 1161,
imada,1161135,1161,بئر عنيبة,Bir anniba,36.788073,10.165914,ADM4 row / research sector code 1161135; dated ADM3 parent 1161,
imada,116293,1162,الزهور الرابع,Ezzouhour IV,36.795005,10.127094,ADM4 row / research sector code 116293; dated ADM3 parent 1162,
imada,116292,1162,الزهور,Ezzouhour,36.797203,10.133974,ADM4 row / research sector code 116292; dated ADM3 parent 1162,
imada,116296,1162,حي الطيران,Cité Tayarane,36.794334,10.143911,ADM4 row / research sector code 116296; dated ADM3 parent 1162,
imada,116295,1162,السمران,Es-Soumrane,36.799106,10.140337,ADM4 row / research sector code 116295; dated ADM3 parent 1162,
imada,1162999,1162,باش حانبة,Bash Hemba,36.791157,10.132975,ADM4 row / research sector code 1162999; dated ADM3 parent 1162,
imada,116294,1162,السعادة,Es-Saada,36.799665,10.148294,ADM4 row / research sector code 116294; dated ADM3 parent 1162,
imada,1163102,1163,العنتيت,El Antit,36.796089,10.110239,ADM4 row / research sector code 1163102; dated ADM3 parent 1163,
imada,1163105,1163,الزهروني,Ezzahrouni,36.784069,10.108282,ADM4 row / research sector code 1163105; dated ADM3 parent 1163,
imada,1163100,1163,العقبة العليا,El Akba Supérieur,36.787409,10.090308,ADM4 row / research sector code 1163100; dated ADM3 parent 1163,
imada,116399,1163,العقبة,El Akba,36.797039,10.097906,ADM4 row / research sector code 116399; dated ADM3 parent 1163,
imada,1163104,1163,طارق بن زياد,Tarak Ibn Ziad,36.792564,10.114232,ADM4 row / research sector code 1163104; dated ADM3 parent 1163,
imada,1163103,1163,الفلة,El Foula,36.793953,10.103552,ADM4 row / research sector code 1163103; dated ADM3 parent 1163,
imada,116398,1163,الزهور الخامس,Ezzouhour V,36.788455,10.104502,ADM4 row / research sector code 116398; dated ADM3 parent 1163,
imada,116397,1163,الحرايرية,El Hraïria,36.789349,10.122327,ADM4 row / research sector code 116397; dated ADM3 parent 1163,
imada,1163101,1163,غدير القلة,Ghédir El Golla,36.783685,10.04739,ADM4 row / research sector code 1163101; dated ADM3 parent 1163,
imada,116568,1165,بوقطفة,Bou-Gatfa,36.775495,10.19139,ADM4 row / research sector code 116568; dated ADM3 parent 1165,
imada,116585,1165,حي محمد علي,Cité Mohamed Ali,36.766428,10.189212,ADM4 row / research sector code 116585; dated ADM3 parent 1165,
imada,116586,1165,سيدي بلحسن,Sidi Belhassen,36.779973,10.186985,ADM4 row / research sector code 116586; dated ADM3 parent 1165,
imada,116583,1165,الطاهر صفر,Tahar Sfar,36.771505,10.175698,ADM4 row / research sector code 116583; dated ADM3 parent 1165,
imada,116584,1165,حي الازدهار,Cité El Izdihar,36.77244,10.183977,ADM4 row / research sector code 116584; dated ADM3 parent 1165,
imada,116567,1165,الوردية,El Ouardia,36.765029,10.177578,ADM4 row / research sector code 116567; dated ADM3 parent 1165,
imada,1164129,1164,بيرين,Byrine,36.715917,10.096437,ADM4 row / research sector code 1164129; dated ADM3 parent 1164,
imada,1164128,1164,20مارس,20 Mars,36.746123,10.109038,ADM4 row / research sector code 1164128; dated ADM3 parent 1164,
imada,11649998,1164,25جويلية,25 juillet,36.750187,10.120551,ADM4 row / research sector code 11649998; dated ADM3 parent 1164,
imada,1164130,1164,المغيرة انزال,Meghiret Inzel,36.724836,10.12934,ADM4 row / research sector code 1164130; dated ADM3 parent 1164,
imada,1164125,1164,سيدي حسين,Sidi Hassine,36.778483,10.118386,ADM4 row / research sector code 1164125; dated ADM3 parent 1164,
imada,116643,1166,حي النور,Cité Ennour,36.748869,10.201398,ADM4 row / research sector code 116643; dated ADM3 parent 1166,
imada,116644,1166,ابن سينا 1,Ibn Sina (1),36.757554,10.182747,ADM4 row / research sector code 116644; dated ADM3 parent 1166,
imada,116646,1166,المروج 2,El Mourouj (2),36.741479,10.198427,ADM4 row / research sector code 116646; dated ADM3 parent 1166,
imada,116639,1166,الكبارية 1,El Kabaria (1),36.761216,10.1938,ADM4 row / research sector code 116639; dated ADM3 parent 1166,
imada,116642,1166,الكبارية 4,El Kabaria (4),36.751707,10.191411,ADM4 row / research sector code 116642; dated ADM3 parent 1166,
imada,116641,1166,الكبارية 3,El Kabaria (3),36.756025,10.197296,ADM4 row / research sector code 116641; dated ADM3 parent 1166,
imada,116645,1166,ابن سينا 2,Ibn Sina (2),36.740087,10.182161,ADM4 row / research sector code 116645; dated ADM3 parent 1166,
imada,116640,1166,الكبارية 2,El Kabaria (2),36.758983,10.188864,ADM4 row / research sector code 116640; dated ADM3 parent 1166,
imada,1167118,1167,سيدي البشير,Sidi El Béchir,36.787262,10.183125,ADM4 row / research sector code 1167118; dated ADM3 parent 1167,
imada,1167119,1167,سيدي منصور,Sidi Mansour,36.789867,10.175327,ADM4 row / research sector code 1167119; dated ADM3 parent 1167,
imada,1167122,1167,ابو القاسم الشابي,Abulkacem Ech-chebbi,36.786598,10.174067,ADM4 row / research sector code 1167122; dated ADM3 parent 1167,
imada,1167123,1167,السيدة المنوبية,Saïda Manoubia,36.779936,10.171902,ADM4 row / research sector code 1167123; dated ADM3 parent 1167,
imada,1167121,1167,فرحات حشاد,Farhat Hached,36.780116,10.177511,ADM4 row / research sector code 1167121; dated ADM3 parent 1167,
imada,1167120,1167,معقل الزعيم,Mâakel Ezzaïm,36.790838,10.168166,ADM4 row / research sector code 1167120; dated ADM3 parent 1167,
imada,116836,1168,السبخاء,Es-Sebkha,36.770582,10.209735,ADM4 row / research sector code 116836; dated ADM3 parent 1168,
imada,116832,1168,سيدي فتح الله,Sidi Fathallah,36.763467,10.209562,ADM4 row / research sector code 116832; dated ADM3 parent 1168,
imada,116835,1168,حي الفتح,Cité El Fath,36.757686,10.205837,ADM4 row / research sector code 116835; dated ADM3 parent 1168,
imada,116834,1168,القرجومة,El Garjouma,36.766189,10.198036,ADM4 row / research sector code 116834; dated ADM3 parent 1168,
imada,116838,1168,جبل الجلود,Djebel Djeloud,36.768695,10.20375,ADM4 row / research sector code 116838; dated ADM3 parent 1168,
imada,116837,1168,الافران,El Afrane,36.773459,10.196063,ADM4 row / research sector code 116837; dated ADM3 parent 1168,
imada,116833,1168,علي باش حانبة,Ali Bach-Hamba,36.770555,10.19955,ADM4 row / research sector code 116833; dated ADM3 parent 1168,
imada,3151947,3151,المدينة,El Medina,35.824529,10.63759,ADM4 row / research sector code 3151947; dated ADM3 parent 3151,
imada,1753499,1753,حي الجلاء,Cité El Jala,37.273928,9.846547,ADM4 row / research sector code 1753499; dated ADM3 parent 1753,
imada,115660,1156,حي بن خلدون الثاني,Cité Ibn Khaldoun II,36.831251,10.136711,ADM4 row / research sector code 115660; dated ADM3 parent 1156,
imada,115659,1156,الرمانة,El Romana,36.824537,10.138496,ADM4 row / research sector code 115659; dated ADM3 parent 1156,
imada,3152954,3152,الزهور,Ezzouhour,35.79236,10.573964,ADM4 row / research sector code 3152954; dated ADM3 parent 3152,
