id,schema_version,status,source_id,child_id,confidence,notes,parent_id,relationship_type,source_locator,valid_from,valid_to,verification_status
REL-000688A6E92F5456,1.0.0,current,SRC-TN-HDX-CODAB-2022,ENT-TN-IMADA-11514,high,,ENT-TN-DELEGATION-CEF958458571,administrative_parent,ADM4 row / research sector code 11514; dated ADM3 parent 1151,,,verified
REL-00135B8396895A00,1.0.0,historical,SRC-LY-BSC-CENSUS-2006,ENT-LY-SHABIYA-HISTORICAL-3FE7A9F5E139,high,Historical hierarchy snapshot only.,ENT-LY-COUNTRY,administrative_parent,2006 census region: بنغازي,,,verified
REL-0017BC658DE1579D,1.0.0,current,SRC-TN-HDX-CODAB-2022,ENT-TN-IMADA-31641034,high,,ENT-TN-DELEGATION-9ADFA1D292D9,administrative_parent,ADM4 row / research sector code 31641034; dated ADM3 parent 3164,,,verified
REL-0024C03C4F6C5D2D,1.0.0,current,SRC-TN-HDX-CODAB-2022,ENT-TN-IMADA-32611116,high,,ENT-TN-DELEGATION-6417F8B088EB,administrative_parent,ADM4 row / research sector code 32611116; dated ADM3 parent 3261,,,verified
REL-002784E1331C5277,1.0.0,current,SRC-TN-HDX-CODAB-2022,ENT-TN-IMADA-32581098,high,,ENT-TN-DELEGATION-4E58B3CD9CB1,administrative_parent,ADM4 row / research sector code 32581098; dated ADM3 parent 3258,,,verified
REL-002A700F5E9A5F13,1.0.0,current,SRC-TN-HDX-CODAB-2022,ENT-TN-DELEGATION-78A6B0904A2B,high,,ENT-TN-GOVERNORATE-A460B4F223EB,administrative_parent,ADM3 row / dated 264-delegation research code 2457,,,verified
REL-002B75C1214F5C23,1.0.0,current,SRC-TN-HDX-CODAB-2022,ENT-TN-IMADA-53541888,high,,ENT-TN-DELEGATION-390678B1D4C7,administrative_parent,ADM4 row / research sector code 53541888; dated ADM3 parent 5354,,,verified
REL-00397F50C5635ECA,1.0.0,current,SRC-TN-HDX-CODAB-2022,ENT-TN-IMADA-1256198,high,,ENT-TN-DELEGATION-4F055D8E4C5F,administrative_parent,ADM4 row / research sector code 1256198; dated ADM3 parent 1256,,,verified
REL-004932CE317E5A32,1.0.0,current,SRC-TN-HDX-CODAB-2022,ENT-TN-IMADA-1252170,high,,ENT-TN-DELEGATION-2230C03437B2,administrative_parent,ADM4 row / research sector code 1252170; dated ADM3 parent 1252,,,verified
REL-004AF32FD69D5A49,1.0.0,current,SRC-TN-HDX-CODAB-2022,ENT-TN-IMADA-34591290,high,,ENT-TN-DELEGATION-D8723103173B,administrative_parent,ADM4 row / research sector code 34591290; dated ADM3 parent 3459,,,verified
REL-005C18DC29B5595F,1.0.0,current,SRC-TN-HDX-CODAB-2022,ENT-TN-IMADA-115789,high,,ENT-TN-DELEGATION-5C87693EF7C1,administrative_parent,ADM4 row / research sector code 115789; dated ADM3 parent 1157,,,verified
REL-007845CB6A3F5180,1.0.0,current,SRC-TN-RESEARCH-GEOMETRY-2018,ENT-TN-MUNICIPALITY-2323,medium,Approximate research topology only; this is not an administrative parent relationship.,ENT-TN-DELEGATION-D4441080949B,boundary_intersects,"sector evidence rows: 2352779,2352780,2352781,2352782",,,source_verified
REL-0081468142B95FB9,1.0.0,current,SRC-TN-HDX-CODAB-2022,ENT-TN-IMADA-3157982,high,,ENT-TN-DELEGATION-CA29D85670F9,administrative_parent,ADM4 row / research sector code 3157982; dated ADM3 parent 3157,,,verified
REL-0085031110555D2B,1.0.0,current,SRC-TN-HDX-CODAB-2022,ENT-TN-DELEGATION-3D8C44AF7D14,high,,ENT-TN-GOVERNORATE-7A4D0C3A889C,administrative_parent,ADM3 row / dated 264-delegation research code 2255,,,verified
REL-009B834D9C1757CD,1.0.0,current,SRC-TN-DGCL-MUNICIPALITIES-2024,ENT-TN-MUNICIPALITY-1419,high,,ENT-TN-GOVERNORATE-CC06DF550344,administrative_parent,January 2024 workbook row: governorate 14; municipality code 1419,,,verified
REL-00AD66506B275AF1,1.0.0,current,SRC-TN-RESEARCH-GEOMETRY-2018,ENT-TN-MUNICIPALITY-3428,medium,Approximate research topology only; this is not an administrative parent relationship.,ENT-TN-DELEGATION-CC6DBA2640FB,boundary_intersects,"sector evidence rows: 34551263,34551264,34551265",,,source_verified
REL-00B74FE4BB1957C1,1.0.0,current,SRC-TN-HDX-CODAB-2022,ENT-TN-IMADA-2153600,high,,ENT-TN-DELEGATION-64B47287C7CC,administrative_parent,ADM4 row / research sector code 2153600; dated ADM3 parent 2153,,,verified
REL-00CA88258BCC5148,1.0.0,current,SRC-TN-HDX-CODAB-2022,ENT-TN-IMADA-33541161,high,,ENT-TN-DELEGATION-64DEA9083EA0,administrative_parent,ADM4 row / research sector code 33541161; dated ADM3 parent 3354,,,verified
REL-00DA1017897351C0,1.0.0,current,SRC-TN-HDX-CODAB-2022,ENT-TN-IMADA-1751487,high,,ENT-TN-DELEGATION-AADE7E444312,administrative_parent,ADM4 row / research sector code 1751487; dated ADM3 parent 1751,,,verified
REL-00DEF4FB3A8E5CAE,1.0.0,current,SRC-TN-RESEARCH-GEOMETRY-2018,ENT-TN-MUNICIPALITY-6318,medium,Approximate research topology only; this is not an administrative parent relationship.,ENT-TN-DELEGATION-83574F602607,boundary_intersects,"sector evidence rows: 63512030,63512031,63512032,63512033",,,source_verified
REL-00F3B2DBD1595F41,1.0.0,current,SRC-TN-HDX-CODAB-2022,ENT-TN-IMADA-63532048,high,,ENT-TN-DELEGATION-44DC92075FFF,administrative_parent,ADM4 row / research sector code 63532048; dated ADM3 parent 6353,,,verified
REL-010BF4DC9C44559A,1.0.0,current,SRC-TN-HDX-CODAB-2022,ENT-TN-IMADA-34521241,high,,ENT-TN-DELEGATION-5589DBA6CB89,administrative_parent,ADM4 row / research sector code 34521241; dated ADM3 parent 3452,,,verified
REL-0117CD25FE87556A,1.0.0,current,SRC-TN-HDX-CODAB-2022,ENT-TN-IMADA-32519999,high,,ENT-TN-DELEGATION-386953CDE2D6,administrative_parent,ADM4 row / research sector code 32519999; dated ADM3 parent 3251,,,verified
REL-01493168EF5D5E9A,1.0.0,current,SRC-TN-HDX-CODAB-2022,ENT-TN-IMADA-1653450,high,,ENT-TN-DELEGATION-FE6A0D05DF67,administrative_parent,ADM4 row / research sector code 1653450; dated ADM3 parent 1653,,,verified
REL-016853580BAC5823,1.0.0,current,SRC-TN-DGCL-MUNICIPALITIES-2024,ENT-TN-MUNICIPALITY-3315,high,,ENT-TN-GOVERNORATE-E7D96FEF5043,administrative_parent,January 2024 workbook row: governorate 33; municipality code 3315,,,verified
REL-0170F7DD94F457DA,1.0.0,current,SRC-TN-HDX-CODAB-2022,ENT-TN-IMADA-62511991,high,,ENT-TN-DELEGATION-0410399059C4,administrative_parent,ADM4 row / research sector code 62511991; dated ADM3 parent 6251,,,verified
REL-017B9A01B0A25727,1.0.0,current,SRC-TN-HDX-CODAB-2022,ENT-TN-IMADA-52531780,high,,ENT-TN-DELEGATION-82A4AF3884E0,administrative_parent,ADM4 row / research sector code 52531780; dated ADM3 parent 5253,,,verified
REL-017E97A9880C51CE,1.0.0,current,SRC-TN-HDX-CODAB-2022,ENT-TN-IMADA-1551330,high,,ENT-TN-DELEGATION-909BD4DC039A,administrative_parent,ADM4 row / research sector code 1551330; dated ADM3 parent 1551,,,verified
REL-01974D7EBD9E5896,1.0.0,current,SRC-TN-HDX-CODAB-2022,ENT-TN-IMADA-1453299,high,,ENT-TN-DELEGATION-9F59B0DA797D,administrative_parent,ADM4 row / research sector code 1453299; dated ADM3 parent 1453,,,verified
REL-0198A9781BA7521F,1.0.0,current,SRC-TN-HDX-CODAB-2022,ENT-TN-DELEGATION-B5CD972E98C1,high,,ENT-TN-GOVERNORATE-47F772AA4A84,administrative_parent,ADM3 row / dated 264-delegation research code 4352,,,verified
REL-019C0B3C5B9A5A33,1.0.0,current,SRC-TN-DGCL-MUNICIPALITIES-2024,ENT-TN-MUNICIPALITY-3118,high,,ENT-TN-GOVERNORATE-07DB5E6D265C,administrative_parent,January 2024 workbook row: governorate 31; municipality code 3118,,,verified
REL-01A0CE215C6E58AA,1.0.0,current,SRC-TN-DGCL-MUNICIPALITIES-2024,ENT-TN-MUNICIPALITY-1726,high,,ENT-TN-GOVERNORATE-B1787F907937,administrative_parent,January 2024 workbook row: governorate 17; municipality code 1726,,,verified
REL-01A0EDD4B2B15607,1.0.0,current,SRC-TN-HDX-CODAB-2022,ENT-TN-IMADA-1257206,high,,ENT-TN-DELEGATION-CC185FFE164C,administrative_parent,ADM4 row / research sector code 1257206; dated ADM3 parent 1257,,,verified
REL-01ADE7AF979F57CF,1.0.0,current,SRC-TN-HDX-CODAB-2022,ENT-TN-IMADA-52541788,high,,ENT-TN-DELEGATION-F7ED4B759BD6,administrative_parent,ADM4 row / research sector code 52541788; dated ADM3 parent 5254,,,verified
REL-01C0527E561F5794,1.0.0,current,SRC-TN-HDX-CODAB-2022,ENT-TN-IMADA-1755513,high,,ENT-TN-DELEGATION-148C846991C4,administrative_parent,ADM4 row / research sector code 1755513; dated ADM3 parent 1755,,,verified
REL-01DA546D42FF522E,1.0.0,current,SRC-TN-HDX-CODAB-2022,ENT-TN-IMADA-33531149,high,,ENT-TN-DELEGATION-1A266F9B008F,administrative_parent,ADM4 row / research sector code 33531149; dated ADM3 parent 3353,,,verified
REL-01EC9A125B205C47,1.0.0,current,SRC-TN-HDX-CODAB-2022,ENT-TN-IMADA-2255719,high,,ENT-TN-DELEGATION-3D8C44AF7D14,administrative_parent,ADM4 row / research sector code 2255719; dated ADM3 parent 2255,,,verified
REL-01FFEFC6046B5167,1.0.0,current,SRC-TN-HDX-CODAB-2022,ENT-TN-IMADA-1764573,high,,ENT-TN-DELEGATION-28A3B2254932,administrative_parent,ADM4 row / research sector code 1764573; dated ADM3 parent 1764,,,verified
REL-0201837FB0145F44,1.0.0,current,SRC-TN-HDX-CODAB-2022,ENT-TN-IMADA-42601539,high,,ENT-TN-DELEGATION-D555F337D568,administrative_parent,ADM4 row / research sector code 42601539; dated ADM3 parent 4260,,,verified
REL-02076623C4C35414,1.0.0,current,SRC-TN-DGCL-MUNICIPALITIES-2024,ENT-TN-MUNICIPALITY-3231,high,,ENT-TN-GOVERNORATE-5BC9A7217C8C,administrative_parent,January 2024 workbook row: governorate 32; municipality code 3231,,,verified
REL-0217550A0747574D,1.0.0,current,SRC-TN-HDX-CODAB-2022,ENT-TN-IMADA-53511854,high,,ENT-TN-DELEGATION-36BABB1475F8,administrative_parent,ADM4 row / research sector code 53511854; dated ADM3 parent 5351,,,verified
REL-02278962CA1D5372,1.0.0,current,SRC-TN-HDX-CODAB-2022,ENT-TN-IMADA-1457323,high,,ENT-TN-DELEGATION-99CBAA7046B8,administrative_parent,ADM4 row / research sector code 1457323; dated ADM3 parent 1457,,,verified
REL-0234AD243CB8596A,1.0.0,current,SRC-TN-HDX-CODAB-2022,ENT-TN-IMADA-1760552,high,,ENT-TN-DELEGATION-920707B361CE,administrative_parent,ADM4 row / research sector code 1760552; dated ADM3 parent 1760,,,verified
REL-02409D9D9E6D550A,1.0.0,current,SRC-TN-RESEARCH-GEOMETRY-2018,ENT-TN-MUNICIPALITY-2317,medium,Approximate research topology only; this is not an administrative parent relationship.,ENT-TN-DELEGATION-C151EAFA4BD1,boundary_intersects,"sector evidence rows: 2356817,2356818,2356819,2356820,2356821,2356822,2356823,2356824,2356825",,,source_verified
REL-0262303300AA5067,1.0.0,current,SRC-TN-HDX-CODAB-2022,ENT-TN-IMADA-52571828,high,,ENT-TN-DELEGATION-F66C4659B2C0,administrative_parent,ADM4 row / research sector code 52571828; dated ADM3 parent 5257,,,verified
REL-026653C06C8E58DC,1.0.0,current,SRC-TN-HDX-CODAB-2022,ENT-TN-IMADA-1163101,high,,ENT-TN-DELEGATION-FE081F997DC5,administrative_parent,ADM4 row / research sector code 1163101; dated ADM3 parent 1163,,,verified
REL-027F4E4809CE573B,1.0.0,current,SRC-TN-HDX-CODAB-2022,ENT-TN-IMADA-2358830,high,,ENT-TN-DELEGATION-9D12AE8B04F4,administrative_parent,ADM4 row / research sector code 2358830; dated ADM3 parent 2358,,,verified
REL-02C30F4C1B1B5724,1.0.0,current,SRC-TN-HDX-CODAB-2022,ENT-TN-IMADA-2258757,high,,ENT-TN-DELEGATION-7B1B28620EBA,administrative_parent,ADM4 row / research sector code 2258757; dated ADM3 parent 2258,,,verified
REL-02C7F089E6AA5039,1.0.0,current,SRC-TN-HDX-CODAB-2022,ENT-TN-IMADA-41551412,high,,ENT-TN-DELEGATION-6EC1A2137D0E,administrative_parent,ADM4 row / research sector code 41551412; dated ADM3 parent 4155,,,verified
REL-02CFCC7CF5F656DD,1.0.0,current,SRC-TN-HDX-CODAB-2022,ENT-TN-DELEGATION-FA7572893BAA,high,,ENT-TN-GOVERNORATE-36E4260B310C,administrative_parent,ADM3 row / dated 264-delegation research code 4252,,,verified
REL-02DE5F8A61FC5D72,1.0.0,current,SRC-TN-HDX-CODAB-2022,ENT-TN-IMADA-2259769,high,,ENT-TN-DELEGATION-A1AD72837943,administrative_parent,ADM4 row / research sector code 2259769; dated ADM3 parent 2259,,,verified
REL-02F10A8D323A55E2,1.0.0,current,SRC-TN-HDX-CODAB-2022,ENT-TN-IMADA-2257746,high,,ENT-TN-DELEGATION-36D776E11570,administrative_parent,ADM4 row / research sector code 2257746; dated ADM3 parent 2257,,,verified
REL-031B11FA172A5B0B,1.0.0,current,SRC-TN-HDX-CODAB-2022,ENT-TN-DELEGATION-3568AB5821B0,high,,ENT-TN-GOVERNORATE-D28A09D558AD,administrative_parent,ADM3 row / dated 264-delegation research code 4152,,,verified
REL-033876CCED5853F3,1.0.0,current,SRC-TN-HDX-CODAB-2022,ENT-TN-IMADA-52581834,high,,ENT-TN-DELEGATION-210B7D8A5B50,administrative_parent,ADM4 row / research sector code 52581834; dated ADM3 parent 5258,,,verified
REL-034EF82509B55CD6,1.0.0,current,SRC-TN-HDX-CODAB-2022,ENT-TN-IMADA-1557366,high,,ENT-TN-DELEGATION-6DD1C12A1852,administrative_parent,ADM4 row / research sector code 1557366; dated ADM3 parent 1557,,,verified
REL-0364C17688BC5B9C,1.0.0,current,SRC-TN-HDX-CODAB-2022,ENT-TN-IMADA-33541165,high,,ENT-TN-DELEGATION-64DEA9083EA0,administrative_parent,ADM4 row / research sector code 33541165; dated ADM3 parent 3354,,,verified
REL-03674572785654F9,1.0.0,current,SRC-TN-HDX-CODAB-2022,ENT-TN-IMADA-115552,high,,ENT-TN-DELEGATION-6027493801C5,administrative_parent,ADM4 row / research sector code 115552; dated ADM3 parent 1155,,,verified
REL-0374694C28135264,1.0.0,current,SRC-TN-HDX-CODAB-2022,ENT-TN-IMADA-33581193,high,,ENT-TN-DELEGATION-C2548493A23C,administrative_parent,ADM4 row / research sector code 33581193; dated ADM3 parent 3358,,,verified
REL-03983EFC3DED52C6,1.0.0,current,SRC-TN-RESEARCH-GEOMETRY-2018,ENT-TN-MUNICIPALITY-2316,medium,Approximate research topology only; this is not an administrative parent relationship.,ENT-TN-DELEGATION-FF2BD30691C0,boundary_intersects,sector evidence rows: 2355814,,,source_verified
REL-03B38B605D205F65,1.0.0,current,SRC-TN-HDX-CODAB-2022,ENT-TN-IMADA-1251165,high,,ENT-TN-DELEGATION-907386F80604,administrative_parent,ADM4 row / research sector code 1251165; dated ADM3 parent 1251,,,verified
REL-03CBFC32822F5635,1.0.0,current,SRC-TN-HDX-CODAB-2022,ENT-TN-IMADA-1555356,high,,ENT-TN-DELEGATION-C7B4FEE5AE08,administrative_parent,ADM4 row / research sector code 1555356; dated ADM3 parent 1555,,,verified
REL-03DB249C205D5B9A,1.0.0,current,SRC-TN-HDX-CODAB-2022,ENT-TN-IMADA-115556,high,,ENT-TN-DELEGATION-6027493801C5,administrative_parent,ADM4 row / research sector code 115556; dated ADM3 parent 1155,,,verified
REL-03E8A726C3EF5FF9,1.0.0,current,SRC-TN-HDX-CODAB-2022,ENT-TN-IMADA-2359836,high,,ENT-TN-DELEGATION-E3E9C5077EA4,administrative_parent,ADM4 row / research sector code 2359836; dated ADM3 parent 2359,,,verified
REL-03FFC7129071506D,1.0.0,current,SRC-TN-HDX-CODAB-2022,ENT-TN-IMADA-2461943,high,,ENT-TN-DELEGATION-BE50E5DE6BD2,administrative_parent,ADM4 row / research sector code 2461943; dated ADM3 parent 2461,,,verified
REL-040E97FB307E5796,1.0.0,current,SRC-TN-RESEARCH-GEOMETRY-2018,ENT-TN-MUNICIPALITY-3316,medium,Approximate research topology only; this is not an administrative parent relationship.,ENT-TN-DELEGATION-7893E2F13C86,boundary_intersects,"sector evidence rows: 33551167,33551168,33551169,33551170,33551171",,,source_verified
REL-0416AB8FBAD251B8,1.0.0,current,SRC-TN-HDX-CODAB-2022,ENT-TN-IMADA-61541944,high,,ENT-TN-DELEGATION-7A57DEB42C2E,administrative_parent,ADM4 row / research sector code 61541944; dated ADM3 parent 6154,,,verified
REL-041B9D749B2F5FBD,1.0.0,current,SRC-TN-HDX-CODAB-2022,ENT-TN-IMADA-1552335,high,,ENT-TN-DELEGATION-14077DE6F00B,administrative_parent,ADM4 row / research sector code 1552335; dated ADM3 parent 1552,,,verified
REL-045AA8BD7267553F,1.0.0,current,SRC-TN-DGCL-MUNICIPALITIES-2024,ENT-TN-MUNICIPALITY-3214,high,,ENT-TN-GOVERNORATE-5BC9A7217C8C,administrative_parent,January 2024 workbook row: governorate 32; municipality code 3214,,,verified
REL-045C5416EDE95575,1.0.0,current,SRC-TN-RESEARCH-GEOMETRY-2018,ENT-TN-MUNICIPALITY-6119,medium,Approximate research topology only; this is not an administrative parent relationship.,ENT-TN-DELEGATION-434F19B638E3,boundary_intersects,"sector evidence rows: 61601977,61601978,61601979,61601980,61601981,61601982",,,source_verified
REL-047652807A8A5A22,1.0.0,current,SRC-TN-DGCL-MUNICIPALITIES-2024,ENT-TN-MUNICIPALITY-2213,high,,ENT-TN-GOVERNORATE-7A4D0C3A889C,administrative_parent,January 2024 workbook row: governorate 22; municipality code 2213,,,verified
REL-047B2F72136055E4,1.0.0,current,SRC-TN-RESEARCH-GEOMETRY-2018,ENT-TN-MUNICIPALITY-1217,medium,Approximate research topology only; this is not an administrative parent relationship.,ENT-TN-DELEGATION-CC185FFE164C,boundary_intersects,"sector evidence rows: 1257202,1257203,1257204,1257205,1257206",,,source_verified
REL-04D68C2106FB533D,1.0.0,current,SRC-TN-HDX-CODAB-2022,ENT-TN-IMADA-43591644,high,,ENT-TN-DELEGATION-21E89D9190E3,administrative_parent,ADM4 row / research sector code 43591644; dated ADM3 parent 4359,,,verified
REL-04D796A234545FA6,1.0.0,current,SRC-TN-HDX-CODAB-2022,ENT-TN-IMADA-2258758,high,,ENT-TN-DELEGATION-7B1B28620EBA,administrative_parent,ADM4 row / research sector code 2258758; dated ADM3 parent 2258,,,verified
REL-05145FABCA9F581A,1.0.0,historical,SRC-LY-BSC-CENSUS-2006,ENT-LY-SHABIYA-HISTORICAL-621CAAB6A72D,high,Historical hierarchy snapshot only.,ENT-LY-COUNTRY,administrative_parent,2006 census region: طرابلس,,,verified
REL-05191A28D68B5EBA,1.0.0,current,SRC-TN-HDX-CODAB-2022,ENT-TN-IMADA-43551618,high,,ENT-TN-DELEGATION-6F8D6872B9E9,administrative_parent,ADM4 row / research sector code 43551618; dated ADM3 parent 4355,,,verified
REL-051D1454543956CB,1.0.0,current,SRC-TN-HDX-CODAB-2022,ENT-TN-IMADA-1359254,high,,ENT-TN-DELEGATION-28027896EDDD,administrative_parent,ADM4 row / research sector code 1359254; dated ADM3 parent 1359,,,verified
REL-0522D94FA7B85BF5,1.0.0,current,SRC-TN-HDX-CODAB-2022,ENT-TN-IMADA-2254710,high,,ENT-TN-DELEGATION-0A43143796F7,administrative_parent,ADM4 row / research sector code 2254710; dated ADM3 parent 2254,,,verified
REL-0566A3E9131053AD,1.0.0,current,SRC-TN-RESEARCH-GEOMETRY-2018,ENT-TN-MUNICIPALITY-5115,medium,Approximate research topology only; this is not an administrative parent relationship.,ENT-TN-DELEGATION-336FE0336AC9,boundary_intersects,"sector evidence rows: 51551709,51551710,51551712,51551713",,,source_verified
REL-0567A90E9AD75278,1.0.0,current,SRC-TN-HDX-CODAB-2022,ENT-TN-IMADA-2457904,high,,ENT-TN-DELEGATION-78A6B0904A2B,administrative_parent,ADM4 row / research sector code 2457904; dated ADM3 parent 2457,,,verified
REL-05A633FEA71C51D9,1.0.0,current,SRC-TN-HDX-CODAB-2022,ENT-TN-IMADA-116583,high,,ENT-TN-DELEGATION-0156C9A906A2,administrative_parent,ADM4 row / research sector code 116583; dated ADM3 parent 1165,,,verified
REL-05A694B82F655916,1.0.0,current,SRC-TN-HDX-CODAB-2022,ENT-TN-IMADA-51511685,high,,ENT-TN-DELEGATION-7075A1113804,administrative_parent,ADM4 row / research sector code 51511685; dated ADM3 parent 5151,,,verified
REL-05B0573E97CD5E23,1.0.0,current,SRC-TN-HDX-CODAB-2022,ENT-TN-IMADA-43611662,high,,ENT-TN-DELEGATION-755242916060,administrative_parent,ADM4 row / research sector code 43611662; dated ADM3 parent 4361,,,verified
REL-05BD514E92EC525A,1.0.0,current,SRC-TN-HDX-CODAB-2022,ENT-TN-IMADA-42581517,high,,ENT-TN-DELEGATION-8B659FB150BF,administrative_parent,ADM4 row / research sector code 42581517; dated ADM3 parent 4258,,,verified
REL-05CB5B750E925991,1.0.0,current,SRC-TN-HDX-CODAB-2022,ENT-TN-IMADA-2356823,high,,ENT-TN-DELEGATION-C151EAFA4BD1,administrative_parent,ADM4 row / research sector code 2356823; dated ADM3 parent 2356,,,verified
REL-05D9E29BE348521A,1.0.0,current,SRC-TN-HDX-CODAB-2022,ENT-TN-IMADA-51571721,high,,ENT-TN-DELEGATION-5BAD0A66CCEB,administrative_parent,ADM4 row / research sector code 51571721; dated ADM3 parent 5157,,,verified
REL-05F7803E99885F7F,1.0.0,current,SRC-TN-HDX-CODAB-2022,ENT-TN-IMADA-32511055,high,,ENT-TN-DELEGATION-386953CDE2D6,administrative_parent,ADM4 row / research sector code 32511055; dated ADM3 parent 3251,,,verified
REL-06053A5EDB715CFD,1.0.0,current,SRC-TN-HDX-CODAB-2022,ENT-TN-IMADA-1456316,high,,ENT-TN-DELEGATION-2592EE0518F8,administrative_parent,ADM4 row / research sector code 1456316; dated ADM3 parent 1456,,,verified
REL-060E84B762CF508D,1.0.0,current,SRC-TN-HDX-CODAB-2022,ENT-TN-IMADA-2358831,high,,ENT-TN-DELEGATION-9D12AE8B04F4,administrative_parent,ADM4 row / research sector code 2358831; dated ADM3 parent 2358,,,verified
REL-063C3261F270513E,1.0.0,current,SRC-TN-RESEARCH-GEOMETRY-2018,ENT-TN-MUNICIPALITY-1516,medium,Approximate research topology only; this is not an administrative parent relationship.,ENT-TN-DELEGATION-25551A4A8808,boundary_intersects,"sector evidence rows: 1554343,1554344,1554345,1554346,1554347,1554349,1554350",,,source_verified
REL-063EC2D7F6CF5778,1.0.0,current,SRC-TN-RESEARCH-GEOMETRY-2018,ENT-TN-MUNICIPALITY-3320,medium,Approximate research topology only; this is not an administrative parent relationship.,ENT-TN-DELEGATION-8CD3CBC66F17,boundary_intersects,sector evidence rows: 33611219,,,source_verified
REL-065ED9B2FCBD53DE,1.0.0,current,SRC-TN-HDX-CODAB-2022,ENT-TN-DELEGATION-AD509F0A9D79,high,,ENT-TN-GOVERNORATE-47F772AA4A84,administrative_parent,ADM3 row / dated 264-delegation research code 4354,,,verified
REL-0687FA4FCCEE5C53,1.0.0,current,SRC-TN-DGCL-MUNICIPALITIES-2024,ENT-TN-MUNICIPALITY-6118,high,,ENT-TN-GOVERNORATE-467CAA2B1928,administrative_parent,January 2024 workbook row: governorate 61; municipality code 6118,,,verified
REL-06CB3DF92E2E5389,1.0.0,current,SRC-TN-HDX-CODAB-2022,ENT-TN-IMADA-51561717,high,,ENT-TN-DELEGATION-381871ACE873,administrative_parent,ADM4 row / research sector code 51561717; dated ADM3 parent 5156,,,verified
REL-06D182CFF1785DA6,1.0.0,current,SRC-TN-HDX-CODAB-2022,ENT-TN-IMADA-43519999,high,,ENT-TN-DELEGATION-DB05A1325AE3,administrative_parent,ADM4 row / research sector code 43519999; dated ADM3 parent 4351,,,verified
REL-06EF8F03F6D55E52,1.0.0,current,SRC-TN-HDX-CODAB-2022,ENT-TN-DELEGATION-52AE19694D81,high,,ENT-TN-GOVERNORATE-36E4260B310C,administrative_parent,ADM3 row / dated 264-delegation research code 4261,,,verified
REL-071B2446F34F5075,1.0.0,current,SRC-TN-HDX-CODAB-2022,ENT-TN-IMADA-43511581,high,,ENT-TN-DELEGATION-DB05A1325AE3,administrative_parent,ADM4 row / research sector code 43511581; dated ADM3 parent 4351,,,verified
REL-07353D6CBE8A5A3B,1.0.0,current,SRC-TN-HDX-CODAB-2022,ENT-TN-IMADA-34531246,high,,ENT-TN-DELEGATION-EA875BA2BFE0,administrative_parent,ADM4 row / research sector code 34531246; dated ADM3 parent 3453,,,verified
REL-0739158B234C5A32,1.0.0,current,SRC-TN-HDX-CODAB-2022,ENT-TN-IMADA-3155969,high,,ENT-TN-DELEGATION-14FA2AE0C064,administrative_parent,ADM4 row / research sector code 3155969; dated ADM3 parent 3155,,,verified
REL-073D1B3B8E7A541A,1.0.0,current,SRC-TN-HDX-CODAB-2022,ENT-TN-IMADA-1256200,high,,ENT-TN-DELEGATION-4F055D8E4C5F,administrative_parent,ADM4 row / research sector code 1256200; dated ADM3 parent 1256,,,verified
REL-07467517112E5F23,1.0.0,current,SRC-TN-HDX-CODAB-2022,ENT-TN-DELEGATION-D4FC46D8AB0D,high,,ENT-TN-GOVERNORATE-D5ED89886664,administrative_parent,ADM3 row / dated 264-delegation research code 1362,,,verified
REL-074F787C0693547C,1.0.0,current,SRC-TN-HDX-CODAB-2022,ENT-TN-IMADA-41591442,high,,ENT-TN-DELEGATION-533D4E540C29,administrative_parent,ADM4 row / research sector code 41591442; dated ADM3 parent 4159,,,verified
REL-0751EC50D1005F04,1.0.0,current,SRC-TN-HDX-CODAB-2022,ENT-TN-IMADA-1171158,high,,ENT-TN-DELEGATION-3C575B9AF71B,administrative_parent,ADM4 row / research sector code 1171158; dated ADM3 parent 1171,,,verified
REL-075F1049C0235297,1.0.0,current,SRC-TN-HDX-CODAB-2022,ENT-TN-IMADA-53571909,high,,ENT-TN-DELEGATION-4A4ADB1F39D5,administrative_parent,ADM4 row / research sector code 53571909; dated ADM3 parent 5357,,,verified
REL-076D31A3526C5139,1.0.0,current,SRC-TN-DGCL-MUNICIPALITIES-2024,ENT-TN-MUNICIPALITY-2112,high,,ENT-TN-GOVERNORATE-EA2D44B4F25E,administrative_parent,January 2024 workbook row: governorate 21; municipality code 2112,,,verified
REL-07712A18A220588B,1.0.0,current,SRC-TN-HDX-CODAB-2022,ENT-TN-IMADA-1152117,high,,ENT-TN-DELEGATION-CC12560912DD,administrative_parent,ADM4 row / research sector code 1152117; dated ADM3 parent 1152,,,verified
REL-077B2773844550D4,1.0.0,current,SRC-TN-HDX-CODAB-2022,ENT-TN-IMADA-43621675,high,,ENT-TN-DELEGATION-E45902371203,administrative_parent,ADM4 row / research sector code 43621675; dated ADM3 parent 4362,,,verified
REL-078BF5DD166C500E,1.0.0,current,SRC-TN-HDX-CODAB-2022,ENT-TN-IMADA-115850,high,,ENT-TN-DELEGATION-B426671C7506,administrative_parent,ADM4 row / research sector code 115850; dated ADM3 parent 1158,,,verified
REL-07B353EF84575B94,1.0.0,current,SRC-TN-HDX-CODAB-2022,ENT-TN-DELEGATION-F68992D7EA16,high,,ENT-TN-GOVERNORATE-DB8D5C457676,administrative_parent,ADM3 row / dated 264-delegation research code 1156,,,verified
REL-07C216C8F1A65311,1.0.0,current,SRC-TN-HDX-CODAB-2022,ENT-TN-IMADA-31651048,high,,ENT-TN-DELEGATION-E8F02D6B4EF9,administrative_parent,ADM4 row / research sector code 31651048; dated ADM3 parent 3165,,,verified
REL-07C50FA259D958E3,1.0.0,current,SRC-TN-DGCL-MUNICIPALITIES-2024,ENT-TN-MUNICIPALITY-2415,high,,ENT-TN-GOVERNORATE-A460B4F223EB,administrative_parent,January 2024 workbook row: governorate 24; municipality code 2415,,,verified
REL-07E898094CE259A4,1.0.0,current,SRC-TN-HDX-CODAB-2022,ENT-TN-IMADA-34539999,high,,ENT-TN-DELEGATION-EA875BA2BFE0,administrative_parent,ADM4 row / research sector code 34539999; dated ADM3 parent 3453,,,verified
REL-07EBE2EF0C005CD3,1.0.0,current,SRC-TN-HDX-CODAB-2022,ENT-TN-IMADA-2359840,high,,ENT-TN-DELEGATION-E3E9C5077EA4,administrative_parent,ADM4 row / research sector code 2359840; dated ADM3 parent 2359,,,verified
REL-07ED44A27A9C5D4F,1.0.0,current,SRC-TN-HDX-CODAB-2022,ENT-TN-IMADA-2360844,high,,ENT-TN-DELEGATION-0AAD4BD027D5,administrative_parent,ADM4 row / research sector code 2360844; dated ADM3 parent 2360,,,verified
REL-07F1EC954D025556,1.0.0,current,SRC-TN-RESEARCH-GEOMETRY-2018,ENT-TN-MUNICIPALITY-1722,medium,Approximate research topology only; this is not an administrative parent relationship.,ENT-TN-DELEGATION-28A3B2254932,boundary_intersects,"sector evidence rows: 1764572,1764573,1764576",,,source_verified
REL-07FED9AAE4A35E6B,1.0.0,current,SRC-TN-DGCL-MUNICIPALITIES-2024,ENT-TN-MUNICIPALITY-4217,high,,ENT-TN-GOVERNORATE-36E4260B310C,administrative_parent,January 2024 workbook row: governorate 42; municipality code 4217,,,verified
REL-0827F0BFFF265727,1.0.0,current,SRC-TN-HDX-CODAB-2022,ENT-TN-IMADA-32551077,high,,ENT-TN-DELEGATION-00EC6583A4A3,administrative_parent,ADM4 row / research sector code 32551077; dated ADM3 parent 3255,,,verified
REL-08334BEA88E85447,1.0.0,current,SRC-TN-HDX-CODAB-2022,ENT-TN-IMADA-52521774,high,,ENT-TN-DELEGATION-B117D836FA70,administrative_parent,ADM4 row / research sector code 52521774; dated ADM3 parent 5252,,,verified
REL-08519715F8CC5F0A,1.0.0,current,SRC-TN-HDX-CODAB-2022,ENT-TN-IMADA-14549999,high,,ENT-TN-DELEGATION-3DDA099AD6C7,administrative_parent,ADM4 row / research sector code 14549999; dated ADM3 parent 1454,,,verified
REL-08755C4ADF9753B9,1.0.0,current,SRC-TN-HDX-CODAB-2022,ENT-TN-IMADA-32631123,high,,ENT-TN-DELEGATION-7F9EBE1F4EA1,administrative_parent,ADM4 row / research sector code 32631123; dated ADM3 parent 3263,,,verified
REL-08938F5954715C5E,1.0.0,current,SRC-TN-RESEARCH-GEOMETRY-2018,ENT-TN-MUNICIPALITY-1313,medium,Approximate research topology only; this is not an administrative parent relationship.,ENT-TN-DELEGATION-A6449AC11294,boundary_intersects,"sector evidence rows: 1354224,1354225,1354226,1354227,1354228,1354229",,,source_verified
REL-0897365A1BF95BCB,1.0.0,current,SRC-TN-HDX-CODAB-2022,ENT-TN-IMADA-116082,high,,ENT-TN-DELEGATION-93C5837DFCBF,administrative_parent,ADM4 row / research sector code 116082; dated ADM3 parent 1160,,,verified
REL-08B64A990C1850F9,1.0.0,current,SRC-TN-HDX-CODAB-2022,ENT-TN-IMADA-116836,high,,ENT-TN-DELEGATION-3178EC239E79,administrative_parent,ADM4 row / research sector code 116836; dated ADM3 parent 1168,,,verified
REL-08E9FA3CC37257C4,1.0.0,current,SRC-TN-DGCL-MUNICIPALITIES-2024,ENT-TN-MUNICIPALITY-5213,high,,ENT-TN-GOVERNORATE-902616FE3988,administrative_parent,January 2024 workbook row: governorate 52; municipality code 5213,,,verified
REL-08F3EA2E69175F2B,1.0.0,current,SRC-TN-DGCL-MUNICIPALITIES-2024,ENT-TN-MUNICIPALITY-2321,high,,ENT-TN-GOVERNORATE-0D738EAC753C,administrative_parent,January 2024 workbook row: governorate 23; municipality code 2321,,,verified
REL-08F67B7AAEC25ED5,1.0.0,current,SRC-TN-HDX-CODAB-2022,ENT-TN-IMADA-61601979,high,,ENT-TN-DELEGATION-434F19B638E3,administrative_parent,ADM4 row / research sector code 61601979; dated ADM3 parent 6160,,,verified
REL-090282FBEF665775,1.0.0,current,SRC-TN-HDX-CODAB-2022,ENT-TN-IMADA-115927,high,,ENT-TN-DELEGATION-0B11B353C556,administrative_parent,ADM4 row / research sector code 115927; dated ADM3 parent 1159,,,verified
REL-095BD3B7F2225565,1.0.0,current,SRC-UNESCO-WHC-TN-2026,ENT-TN-SITE-AMPHITHEATRE-EL-JEM,high,,ENT-TN-MUNICIPALITY-3318,located_in,World Heritage property 38,,,verified
REL-09642CCD65515143,1.0.0,current,SRC-TN-HDX-CODAB-2022,ENT-TN-IMADA-1453295,high,,ENT-TN-DELEGATION-9F59B0DA797D,administrative_parent,ADM4 row / research sector code 1453295; dated ADM3 parent 1453,,,verified
REL-0999930D68665FEC,1.0.0,current,SRC-TN-RESEARCH-GEOMETRY-2018,ENT-TN-MUNICIPALITY-4225,medium,Approximate research topology only; this is not an administrative parent relationship.,ENT-TN-DELEGATION-5D62B4C8161F,boundary_intersects,"sector evidence rows: 42551492,42551494,42551495,42551496,42551497,42551498",,,source_verified
REL-09AFE6A322655586,1.0.0,current,SRC-TN-HDX-CODAB-2022,ENT-TN-IMADA-61611989,high,,ENT-TN-DELEGATION-B06C74E3ED6B,administrative_parent,ADM4 row / research sector code 61611989; dated ADM3 parent 6161,,,verified
REL-09C119B30A1659ED,1.0.0,current,SRC-TN-DGCL-MUNICIPALITIES-2024,ENT-TN-MUNICIPALITY-1115,high,,ENT-TN-GOVERNORATE-DB8D5C457676,administrative_parent,January 2024 workbook row: governorate 11; municipality code 1115,,,verified
REL-09C7EF6BE6DD551D,1.0.0,current,SRC-TN-DGCL-MUNICIPALITIES-2024,ENT-TN-MUNICIPALITY-4111,high,,ENT-TN-GOVERNORATE-D28A09D558AD,administrative_parent,January 2024 workbook row: governorate 41; municipality code 4111,,,verified
REL-09CA19232B9650E6,1.0.0,current,SRC-TN-HDX-CODAB-2022,ENT-TN-DELEGATION-5BAD0A66CCEB,high,,ENT-TN-GOVERNORATE-DF747014232C,administrative_parent,ADM3 row / dated 264-delegation research code 5157,,,verified
REL-09D297F6D9B45B7B,1.0.0,current,SRC-TN-HDX-CODAB-2022,ENT-TN-IMADA-2159665,high,,ENT-TN-DELEGATION-34E2240B6A54,administrative_parent,ADM4 row / research sector code 2159665; dated ADM3 parent 2159,,,verified
REL-09F3D25DD538577A,1.0.0,current,SRC-TN-HDX-CODAB-2022,ENT-TN-IMADA-53531882,high,,ENT-TN-DELEGATION-9571A404E72D,administrative_parent,ADM4 row / research sector code 53531882; dated ADM3 parent 5353,,,verified
REL-09F81B8AE9665612,1.0.0,current,SRC-TN-HDX-CODAB-2022,ENT-TN-IMADA-1551328,high,,ENT-TN-DELEGATION-909BD4DC039A,administrative_parent,ADM4 row / research sector code 1551328; dated ADM3 parent 1551,,,verified
REL-0A0C91FBC1CC5B54,1.0.0,current,SRC-TN-HDX-CODAB-2022,ENT-TN-IMADA-34661343,high,,ENT-TN-DELEGATION-E83D07EB9C29,administrative_parent,ADM4 row / research sector code 34661343; dated ADM3 parent 3466,,,verified
REL-0A1C2A0C508C5B65,1.0.0,current,SRC-TN-RESEARCH-GEOMETRY-2018,ENT-TN-MUNICIPALITY-2224,medium,Approximate research topology only; this is not an administrative parent relationship.,ENT-TN-DELEGATION-0A43143796F7,boundary_intersects,"sector evidence rows: 2254712,2254713,2254714,2254716",,,source_verified
REL-0A31D798B5415513,1.0.0,current,SRC-TN-RESEARCH-GEOMETRY-2018,ENT-TN-MUNICIPALITY-2121,medium,Approximate research topology only; this is not an administrative parent relationship.,ENT-TN-DELEGATION-08DFD967FB8E,boundary_intersects,"sector evidence rows: 2152595,2152597,2152599",,,source_verified
REL-0A3B3C7E6BE55802,1.0.0,current,SRC-TN-DGCL-MUNICIPALITIES-2024,ENT-TN-MUNICIPALITY-5220,high,,ENT-TN-GOVERNORATE-902616FE3988,administrative_parent,January 2024 workbook row: governorate 52; municipality code 5220,,,verified
REL-0A4B43C6856B5F00,1.0.0,current,SRC-TN-DGCL-MUNICIPALITIES-2024,ENT-TN-MUNICIPALITY-3321,high,,ENT-TN-GOVERNORATE-E7D96FEF5043,administrative_parent,January 2024 workbook row: governorate 33; municipality code 3321,,,verified
REL-0A4B513D0CA255B2,1.0.0,current,SRC-TN-HDX-CODAB-2022,ENT-TN-IMADA-33531153,high,,ENT-TN-DELEGATION-1A266F9B008F,administrative_parent,ADM4 row / research sector code 33531153; dated ADM3 parent 3353,,,verified
REL-0A50A9AB83885F04,1.0.0,current,SRC-TN-HDX-CODAB-2022,ENT-TN-IMADA-51521689,high,,ENT-TN-DELEGATION-AFAE2BE79F31,administrative_parent,ADM4 row / research sector code 51521689; dated ADM3 parent 5152,,,verified
REL-0A8954E5864B5357,1.0.0,current,SRC-LY-MOLG-MUNICIPALITIES-2026,ENT-LY-MUNICIPALITY-CFAF4C305593,high,,ENT-LY-COUNTRY,administrative_parent,Municipality list entry: القرة بوللي,,,verified
REL-0A8DA9CAA7DB5FE0,1.0.0,current,SRC-TN-DGCL-MUNICIPALITIES-2024,ENT-TN-MUNICIPALITY-2111,high,,ENT-TN-GOVERNORATE-EA2D44B4F25E,administrative_parent,January 2024 workbook row: governorate 21; municipality code 2111,,,verified
REL-0A93AAC3D9265802,1.0.0,current,SRC-TN-HDX-CODAB-2022,ENT-TN-IMADA-1755510,high,,ENT-TN-DELEGATION-148C846991C4,administrative_parent,ADM4 row / research sector code 1755510; dated ADM3 parent 1755,,,verified
REL-0A94CADCE1F75565,1.0.0,current,SRC-TN-RESEARCH-GEOMETRY-2018,ENT-TN-MUNICIPALITY-2414,medium,Approximate research topology only; this is not an administrative parent relationship.,ENT-TN-DELEGATION-27DFBC8894A9,boundary_intersects,"sector evidence rows: 2455890,2455891,2455892,2455893,2455894,2455895,2455896",,,source_verified
REL-0AA5F07BC8F75B63,1.0.0,current,SRC-TN-DGCL-MUNICIPALITIES-2024,ENT-TN-MUNICIPALITY-3119,high,,ENT-TN-GOVERNORATE-07DB5E6D265C,administrative_parent,January 2024 workbook row: governorate 31; municipality code 3119,,,verified
REL-0AAAA68C47CB5724,1.0.0,current,SRC-TN-HDX-CODAB-2022,ENT-TN-IMADA-53531886,high,,ENT-TN-DELEGATION-9571A404E72D,administrative_parent,ADM4 row / research sector code 53531886; dated ADM3 parent 5353,,,verified
REL-0ABA83CD50E859B2,1.0.0,current,SRC-TN-HDX-CODAB-2022,ENT-TN-IMADA-43541605,high,,ENT-TN-DELEGATION-AD509F0A9D79,administrative_parent,ADM4 row / research sector code 43541605; dated ADM3 parent 4354,,,verified
REL-0AC46D892DBA54A6,1.0.0,current,SRC-TN-HDX-CODAB-2022,ENT-TN-DELEGATION-8CCC58460F99,high,,ENT-TN-GOVERNORATE-EA30E853F598,administrative_parent,ADM3 row / dated 264-delegation research code 1556,,,verified
REL-0AE918E16EF15540,1.0.0,current,SRC-TN-DGCL-MUNICIPALITIES-2024,ENT-TN-MUNICIPALITY-5316,high,,ENT-TN-GOVERNORATE-DAC2A2592975,administrative_parent,January 2024 workbook row: governorate 53; municipality code 5316,,,verified
REL-0AEAA01736215DB2,1.0.0,current,SRC-TN-RESEARCH-GEOMETRY-2018,ENT-TN-MUNICIPALITY-6317,medium,Approximate research topology only; this is not an administrative parent relationship.,ENT-TN-DELEGATION-46FFC1059453,boundary_intersects,"sector evidence rows: 63562064,63562065",,,source_verified
REL-0B10D5E2E70758FA,1.0.0,current,SRC-TN-DGCL-MUNICIPALITIES-2024,ENT-TN-MUNICIPALITY-3112,high,,ENT-TN-GOVERNORATE-07DB5E6D265C,administrative_parent,January 2024 workbook row: governorate 31; municipality code 3112,,,verified
REL-0B1AB62BD1DC5421,1.0.0,current,SRC-TN-HDX-CODAB-2022,ENT-TN-IMADA-43551612,high,,ENT-TN-DELEGATION-6F8D6872B9E9,administrative_parent,ADM4 row / research sector code 43551612; dated ADM3 parent 4355,,,verified
REL-0B1FEEE98F2B5A03,1.0.0,current,SRC-TN-HDX-CODAB-2022,ENT-TN-IMADA-1654461,high,,ENT-TN-DELEGATION-43EBF7A156A6,administrative_parent,ADM4 row / research sector code 1654461; dated ADM3 parent 1654,,,verified
REL-0B24DC8DDB855FB0,1.0.0,current,SRC-TN-DGCL-MUNICIPALITIES-2024,ENT-TN-MUNICIPALITY-1526,high,,ENT-TN-GOVERNORATE-EA30E853F598,administrative_parent,January 2024 workbook row: governorate 15; municipality code 1526,,,verified
REL-0B267B48863C54ED,1.0.0,current,SRC-TN-HDX-CODAB-2022,ENT-TN-IMADA-2256733,high,,ENT-TN-DELEGATION-F12F59DBC46E,administrative_parent,ADM4 row / research sector code 2256733; dated ADM3 parent 2256,,,verified
REL-0B3D3E7000425691,1.0.0,current,SRC-TN-HDX-CODAB-2022,ENT-TN-IMADA-1762562,high,,ENT-TN-DELEGATION-F7ED1EE6DC53,administrative_parent,ADM4 row / research sector code 1762562; dated ADM3 parent 1762,,,verified
REL-0B3E1CBC2D2B5932,1.0.0,current,SRC-TN-HDX-CODAB-2022,ENT-TN-IMADA-1563401,high,,ENT-TN-DELEGATION-C12FC68E8013,administrative_parent,ADM4 row / research sector code 1563401; dated ADM3 parent 1563,,,verified
REL-0B5362D3B6DC5755,1.0.0,current,SRC-TN-HDX-CODAB-2022,ENT-TN-IMADA-61571960,high,,ENT-TN-DELEGATION-55B6CFADA185,administrative_parent,ADM4 row / research sector code 61571960; dated ADM3 parent 6157,,,verified
REL-0B5E7F15187D5DF6,1.0.0,current,SRC-TN-HDX-CODAB-2022,ENT-TN-IMADA-61591976,high,,ENT-TN-DELEGATION-17D9D56D8808,administrative_parent,ADM4 row / research sector code 61591976; dated ADM3 parent 6159,,,verified
REL-0B969042FF595A1B,1.0.0,current,SRC-TN-DGCL-MUNICIPALITIES-2024,ENT-TN-MUNICIPALITY-1714,high,,ENT-TN-GOVERNORATE-B1787F907937,administrative_parent,January 2024 workbook row: governorate 17; municipality code 1714,,,verified
REL-0B9DE64C2F645CC9,1.0.0,current,SRC-TN-RESEARCH-GEOMETRY-2018,ENT-TN-MUNICIPALITY-2118,medium,Approximate research topology only; this is not an administrative parent relationship.,ENT-TN-DELEGATION-34E2240B6A54,boundary_intersects,"sector evidence rows: 2159664,2159665,2159666,2159667,2159668,2159669,2159670,2159671,2159672,2159673,2159674,2159675,2159676,2159677",,,source_verified
REL-0BA538EDB33F5A1F,1.0.0,current,SRC-TN-RESEARCH-GEOMETRY-2018,ENT-TN-MUNICIPALITY-3317,medium,Approximate research topology only; this is not an administrative parent relationship.,ENT-TN-DELEGATION-706200A5C126,boundary_intersects,"sector evidence rows: 33561172,33561173,33561174,33561176,33561177,33561178",,,source_verified
REL-0BB9BC3E1CE75197,1.0.0,current,SRC-TN-DGCL-MUNICIPALITIES-2024,ENT-TN-MUNICIPALITY-1211,high,,ENT-TN-GOVERNORATE-78D6D85AF6A0,administrative_parent,January 2024 workbook row: governorate 12; municipality code 1211,,,verified
REL-0BED52FC518455AA,1.0.0,current,SRC-TN-HDX-CODAB-2022,ENT-TN-IMADA-2452868,high,,ENT-TN-DELEGATION-37E43863E13C,administrative_parent,ADM4 row / research sector code 2452868; dated ADM3 parent 2452,,,verified
REL-0C03C3EE208B594F,1.0.0,current,SRC-TN-HDX-CODAB-2022,ENT-TN-IMADA-52561816,high,,ENT-TN-DELEGATION-584902C8EEE0,administrative_parent,ADM4 row / research sector code 52561816; dated ADM3 parent 5256,,,verified
REL-0C0E7A9DA32E5046,1.0.0,current,SRC-TN-RESEARCH-GEOMETRY-2018,ENT-TN-MUNICIPALITY-1537,medium,Approximate research topology only; this is not an administrative parent relationship.,ENT-TN-DELEGATION-B95D26E1207F,boundary_intersects,"sector evidence rows: 1566419,1566420",,,source_verified
REL-0C5698C3E0EA5C9E,1.0.0,current,SRC-TN-HDX-CODAB-2022,ENT-TN-DELEGATION-762D553CB7DA,high,,ENT-TN-GOVERNORATE-36E4260B310C,administrative_parent,ADM3 row / dated 264-delegation research code 4253,,,verified
REL-0C586D61EFE85817,1.0.0,current,SRC-TN-HDX-CODAB-2022,ENT-TN-IMADA-43621682,high,,ENT-TN-DELEGATION-E45902371203,administrative_parent,ADM4 row / research sector code 43621682; dated ADM3 parent 4362,,,verified
REL-0C784E0F447452E9,1.0.0,current,SRC-TN-HDX-CODAB-2022,ENT-TN-DELEGATION-17D9D56D8808,high,,ENT-TN-GOVERNORATE-467CAA2B1928,administrative_parent,ADM3 row / dated 264-delegation research code 6159,,,verified
REL-0C836C840EE45249,1.0.0,current,SRC-TN-HDX-CODAB-2022,ENT-TN-IMADA-2353794,high,,ENT-TN-DELEGATION-F153AA210A4D,administrative_parent,ADM4 row / research sector code 2353794; dated ADM3 parent 2353,,,verified
REL-0C98D24871CF57F6,1.0.0,current,SRC-TN-HDX-CODAB-2022,ENT-TN-IMADA-52511760,high,,ENT-TN-DELEGATION-EE60D65B9935,administrative_parent,ADM4 row / research sector code 52511760; dated ADM3 parent 5251,,,verified
REL-0C992A64296D59F9,1.0.0,current,SRC-TN-HDX-CODAB-2022,ENT-TN-IMADA-41541398,high,,ENT-TN-DELEGATION-A6D2E459547E,administrative_parent,ADM4 row / research sector code 41541398; dated ADM3 parent 4154,,,verified
REL-0CB4AEDB2B2A53D4,1.0.0,current,SRC-TN-HDX-CODAB-2022,ENT-TN-IMADA-1355230,high,,ENT-TN-DELEGATION-19EB9068FDEB,administrative_parent,ADM4 row / research sector code 1355230; dated ADM3 parent 1355,,,verified
REL-0CD58948BABE505E,1.0.0,current,SRC-TN-DGCL-MUNICIPALITIES-2024,ENT-TN-MUNICIPALITY-3426,high,,ENT-TN-GOVERNORATE-97D2B1489F90,administrative_parent,January 2024 workbook row: governorate 34; municipality code 3426,,,verified
REL-0CE7C0220B0253D9,1.0.0,current,SRC-TN-RESEARCH-GEOMETRY-2018,ENT-TN-MUNICIPALITY-2120,medium,Approximate research topology only; this is not an administrative parent relationship.,ENT-TN-DELEGATION-028DF902ABF9,boundary_intersects,"sector evidence rows: 2154616,2154619,2154623,2154624,2154625,2154626,2154627,2154628,2154629",,,source_verified
REL-0CF1911738A05D5F,1.0.0,current,SRC-UNESCO-WHC-TN-2026,ENT-TN-SITE-MEDINA-TUNIS,high,,ENT-TN-MUNICIPALITY-1111,located_in,World Heritage property 36,,,verified
REL-0D0305B8AD725CF1,1.0.0,current,SRC-TN-DGCL-MUNICIPALITIES-2024,ENT-TN-MUNICIPALITY-4225,high,,ENT-TN-GOVERNORATE-36E4260B310C,administrative_parent,January 2024 workbook row: governorate 42; municipality code 4225,,,verified
REL-0D0E6514C7975F06,1.0.0,current,SRC-TN-HDX-CODAB-2022,ENT-TN-DELEGATION-C2548493A23C,high,,ENT-TN-GOVERNORATE-E7D96FEF5043,administrative_parent,ADM3 row / dated 264-delegation research code 3358,,,verified
REL-0D19E40D997D5B33,1.0.0,current,SRC-TN-RESEARCH-GEOMETRY-2018,ENT-TN-MUNICIPALITY-4112,medium,Approximate research topology only; this is not an administrative parent relationship.,ENT-TN-DELEGATION-70B00114B3C2,boundary_intersects,"sector evidence rows: 41531379,41531380,41531381,41531382",,,source_verified
REL-0D1B82BB08915339,1.0.0,current,SRC-TN-DGCL-MUNICIPALITIES-2024,ENT-TN-MUNICIPALITY-6114,high,,ENT-TN-GOVERNORATE-467CAA2B1928,administrative_parent,January 2024 workbook row: governorate 61; municipality code 6114,,,verified
REL-0D2FA9FD467A56D2,1.0.0,current,SRC-TN-RESEARCH-GEOMETRY-2018,ENT-TN-MUNICIPALITY-6315,medium,Approximate research topology only; this is not an administrative parent relationship.,ENT-TN-DELEGATION-44DC92075FFF,boundary_intersects,"sector evidence rows: 63532044,63532045,63532046,63532047",,,source_verified
REL-0D4BE44E44CB5A96,1.0.0,current,SRC-TN-HDX-CODAB-2022,ENT-TN-IMADA-31641041,high,,ENT-TN-DELEGATION-9ADFA1D292D9,administrative_parent,ADM4 row / research sector code 31641041; dated ADM3 parent 3164,,,verified
REL-0D4CA5A3BDEE55ED,1.0.0,current,SRC-TN-HDX-CODAB-2022,ENT-TN-IMADA-34611304,high,,ENT-TN-DELEGATION-0B9CE76F3AD6,administrative_parent,ADM4 row / research sector code 34611304; dated ADM3 parent 3461,,,verified
REL-0D85F8A5D92350C3,1.0.0,current,SRC-TN-DGCL-MUNICIPALITIES-2024,ENT-TN-MUNICIPALITY-5115,high,,ENT-TN-GOVERNORATE-DF747014232C,administrative_parent,January 2024 workbook row: governorate 51; municipality code 5115,,,verified
REL-0D98024CC2BB5D6B,1.0.0,current,SRC-TN-DGCL-MUNICIPALITIES-2024,ENT-TN-MUNICIPALITY-2212,high,,ENT-TN-GOVERNORATE-7A4D0C3A889C,administrative_parent,January 2024 workbook row: governorate 22; municipality code 2212,,,verified
REL-0DA1BDB1B3C15150,1.0.0,current,SRC-TN-HDX-CODAB-2022,ENT-TN-IMADA-51571730,high,,ENT-TN-DELEGATION-5BAD0A66CCEB,administrative_parent,ADM4 row / research sector code 51571730; dated ADM3 parent 5157,,,verified
REL-0DAA4214EC105E2E,1.0.0,current,SRC-TN-HDX-CODAB-2022,ENT-TN-IMADA-41571427,high,,ENT-TN-DELEGATION-5E9C54B26170,administrative_parent,ADM4 row / research sector code 41571427; dated ADM3 parent 4157,,,verified
REL-0DB5FFF093175D70,1.0.0,current,SRC-TN-HDX-CODAB-2022,ENT-TN-DELEGATION-184C444E7833,high,,ENT-TN-GOVERNORATE-36E4260B310C,administrative_parent,ADM3 row / dated 264-delegation research code 4257,,,verified
REL-0DC4D143FFE559DA,1.0.0,current,SRC-TN-RESEARCH-GEOMETRY-2018,ENT-TN-MUNICIPALITY-1111,medium,Approximate research topology only; this is not an administrative parent relationship.,ENT-TN-DELEGATION-9BE55C4562EE,boundary_intersects,"sector evidence rows: 1161131,1161132,1161133,1161134,1161135,1161136",,,source_verified
REL-0DD0A6C277B45498,1.0.0,current,SRC-TN-DGCL-MUNICIPALITIES-2024,ENT-TN-MUNICIPALITY-6317,high,,ENT-TN-GOVERNORATE-1864AE41D5B4,administrative_parent,January 2024 workbook row: governorate 63; municipality code 6317,,,verified
REL-0DD96F1CA7385E62,1.0.0,current,SRC-TN-DGCL-MUNICIPALITIES-2024,ENT-TN-MUNICIPALITY-5112,high,,ENT-TN-GOVERNORATE-DF747014232C,administrative_parent,January 2024 workbook row: governorate 51; municipality code 5112,,,verified
REL-0DE171F57F8451E7,1.0.0,current,SRC-TN-HDX-CODAB-2022,ENT-TN-IMADA-1152107,high,,ENT-TN-DELEGATION-CC12560912DD,administrative_parent,ADM4 row / research sector code 1152107; dated ADM3 parent 1152,,,verified
REL-0DFB901C8AA75605,1.0.0,current,SRC-TN-HDX-CODAB-2022,ENT-TN-IMADA-41541389,high,,ENT-TN-DELEGATION-A6D2E459547E,administrative_parent,ADM4 row / research sector code 41541389; dated ADM3 parent 4154,,,verified
REL-0E09E5F532115977,1.0.0,current,SRC-TN-HDX-CODAB-2022,ENT-TN-IMADA-51601750,high,,ENT-TN-DELEGATION-5BB9BF889AC5,administrative_parent,ADM4 row / research sector code 51601750; dated ADM3 parent 5160,,,verified
REL-0E0ECC45DD135EEC,1.0.0,current,SRC-TN-HDX-CODAB-2022,ENT-TN-IMADA-1558374,high,,ENT-TN-DELEGATION-D59DE8736127,administrative_parent,ADM4 row / research sector code 1558374; dated ADM3 parent 1558,,,verified
REL-0E224AFD3B7858F0,1.0.0,current,SRC-TN-HDX-CODAB-2022,ENT-TN-IMADA-1555351,high,,ENT-TN-DELEGATION-C7B4FEE5AE08,administrative_parent,ADM4 row / research sector code 1555351; dated ADM3 parent 1555,,,verified
REL-0E37F5E523DA5AC6,1.0.0,current,SRC-TN-HDX-CODAB-2022,ENT-TN-IMADA-116077,high,,ENT-TN-DELEGATION-93C5837DFCBF,administrative_parent,ADM4 row / research sector code 116077; dated ADM3 parent 1160,,,verified
REL-0E43C7BD9EEC52A4,1.0.0,current,SRC-TN-RESEARCH-GEOMETRY-2018,ENT-TN-MUNICIPALITY-4116,medium,Approximate research topology only; this is not an administrative parent relationship.,ENT-TN-DELEGATION-7E9A8227F3FE,boundary_intersects,"sector evidence rows: 41561413,41561414,41561415,41561417,41561418",,,source_verified
REL-0E47C53CF8435857,1.0.0,current,SRC-TN-RESEARCH-GEOMETRY-2018,ENT-TN-MUNICIPALITY-1711,medium,Approximate research topology only; this is not an administrative parent relationship.,ENT-TN-DELEGATION-AADE7E444312,boundary_intersects,"sector evidence rows: 1751475,1751476,1751477,1751478,1751479,1751480,1751481,1751482,1751483,1751484,1751485,1751486,1751487",,,source_verified
REL-0E62E069747A5B69,1.0.0,current,SRC-TN-HDX-CODAB-2022,ENT-TN-IMADA-33571191,high,,ENT-TN-DELEGATION-47EFAA8BC79F,administrative_parent,ADM4 row / research sector code 33571191; dated ADM3 parent 3357,,,verified
REL-0E63B497D24559AE,1.0.0,current,SRC-TN-RESEARCH-GEOMETRY-2018,ENT-TN-MUNICIPALITY-1213,medium,Approximate research topology only; this is not an administrative parent relationship.,ENT-TN-DELEGATION-11CCF21EE571,boundary_intersects,"sector evidence rows: 1253175,1253176,1253177,1253178,1253179,1253180,1253181",,,source_verified
REL-0E79D7A4E20755D4,1.0.0,current,SRC-TN-HDX-CODAB-2022,ENT-TN-IMADA-32511057,high,,ENT-TN-DELEGATION-386953CDE2D6,administrative_parent,ADM4 row / research sector code 32511057; dated ADM3 parent 3251,,,verified
REL-0ECC4366E1675E88,1.0.0,historical,SRC-LY-BSC-CENSUS-2006,ENT-LY-SHABIYA-HISTORICAL-37412B45C13A,high,Historical hierarchy snapshot only.,ENT-LY-COUNTRY,administrative_parent,2006 census region: غات,,,verified
REL-0EE4AC22C3FE5898,1.0.0,current,SRC-TN-HDX-CODAB-2022,ENT-TN-IMADA-41541388,high,,ENT-TN-DELEGATION-A6D2E459547E,administrative_parent,ADM4 row / research sector code 41541388; dated ADM3 parent 4154,,,verified
REL-0EEEE711B7D85475,1.0.0,current,SRC-TN-DGCL-MUNICIPALITIES-2024,ENT-TN-MUNICIPALITY-2318,high,,ENT-TN-GOVERNORATE-0D738EAC753C,administrative_parent,January 2024 workbook row: governorate 23; municipality code 2318,,,verified
REL-0F09AE94266C5692,1.0.0,current,SRC-LY-MOLG-MUNICIPALITIES-2026,ENT-LY-MUNICIPALITY-0104004B1CE5,high,,ENT-LY-COUNTRY,administrative_parent,Municipality list entry: البيضاء,,,verified
REL-0F0B40D8C4B65E4E,1.0.0,current,SRC-TN-DGCL-MUNICIPALITIES-2024,ENT-TN-MUNICIPALITY-1715,high,,ENT-TN-GOVERNORATE-B1787F907937,administrative_parent,January 2024 workbook row: governorate 17; municipality code 1715,,,verified
REL-0F21DE284EE1508C,1.0.0,historical,SRC-LY-BSC-CENSUS-2006,ENT-LY-SHABIYA-HISTORICAL-350F0AC700A2,high,Historical hierarchy snapshot only.,ENT-LY-COUNTRY,administrative_parent,2006 census region: درنة,,,verified
REL-0F3CCC9498C4548D,1.0.0,current,SRC-TN-HDX-CODAB-2022,ENT-TN-IMADA-2159664,high,,ENT-TN-DELEGATION-34E2240B6A54,administrative_parent,ADM4 row / research sector code 2159664; dated ADM3 parent 2159,,,verified
REL-0F412D596D565E9F,1.0.0,current,SRC-TN-RESEARCH-GEOMETRY-2018,ENT-TN-MUNICIPALITY-3231,medium,Approximate research topology only; this is not an administrative parent relationship.,ENT-TN-DELEGATION-4E58B3CD9CB1,boundary_intersects,sector evidence rows: 32581101,,,source_verified
REL-0F4616E7F97E541F,1.0.0,current,SRC-TN-HDX-CODAB-2022,ENT-TN-IMADA-63512028,high,,ENT-TN-DELEGATION-83574F602607,administrative_parent,ADM4 row / research sector code 63512028; dated ADM3 parent 6351,,,verified
REL-0F599746C73E5883,1.0.0,current,SRC-TN-HDX-CODAB-2022,ENT-TN-IMADA-2452873,high,,ENT-TN-DELEGATION-37E43863E13C,administrative_parent,ADM4 row / research sector code 2452873; dated ADM3 parent 2452,,,verified
REL-0F67A616C35D5BA8,1.0.0,current,SRC-TN-DGCL-MUNICIPALITIES-2024,ENT-TN-MUNICIPALITY-3228,high,,ENT-TN-GOVERNORATE-5BC9A7217C8C,administrative_parent,January 2024 workbook row: governorate 32; municipality code 3228,,,verified
REL-0F7127E6BA985F12,1.0.0,current,SRC-TN-HDX-CODAB-2022,ENT-TN-IMADA-1161132,high,,ENT-TN-DELEGATION-9BE55C4562EE,administrative_parent,ADM4 row / research sector code 1161132; dated ADM3 parent 1161,,,verified
REL-0F8E66AEE0F952EA,1.0.0,current,SRC-TN-DGCL-MUNICIPALITIES-2024,ENT-TN-MUNICIPALITY-3122,high,,ENT-TN-GOVERNORATE-07DB5E6D265C,administrative_parent,January 2024 workbook row: governorate 31; municipality code 3122,,,verified
REL-0F9E66CC028C58B8,1.0.0,current,SRC-TN-HDX-CODAB-2022,ENT-TN-IMADA-43531600,high,,ENT-TN-DELEGATION-B63E32B2BC3F,administrative_parent,ADM4 row / research sector code 43531600; dated ADM3 parent 4353,,,verified
REL-0FB0345EA2035A8C,1.0.0,current,SRC-TN-HDX-CODAB-2022,ENT-TN-IMADA-3158989,high,,ENT-TN-DELEGATION-498ED0DE384B,administrative_parent,ADM4 row / research sector code 3158989; dated ADM3 parent 3158,,,verified
REL-0FCADA048B555B40,1.0.0,current,SRC-TN-HDX-CODAB-2022,ENT-TN-DELEGATION-434F19B638E3,high,,ENT-TN-GOVERNORATE-467CAA2B1928,administrative_parent,ADM3 row / dated 264-delegation research code 6160,,,verified
REL-0FE2FD35793B5EB9,1.0.0,current,SRC-TN-HDX-CODAB-2022,ENT-TN-IMADA-61531932,high,,ENT-TN-DELEGATION-8C1A5CC41315,administrative_parent,ADM4 row / research sector code 61531932; dated ADM3 parent 6153,,,verified
REL-0FE9448E736B5EC6,1.0.0,current,SRC-TN-DGCL-MUNICIPALITIES-2024,ENT-TN-MUNICIPALITY-1215,high,,ENT-TN-GOVERNORATE-78D6D85AF6A0,administrative_parent,January 2024 workbook row: governorate 12; municipality code 1215,,,verified
REL-0FF176DD3D775D1D,1.0.0,current,SRC-TN-HDX-CODAB-2022,ENT-TN-IMADA-1556364,high,,ENT-TN-DELEGATION-8CCC58460F99,administrative_parent,ADM4 row / research sector code 1556364; dated ADM3 parent 1556,,,verified
REL-0FF342D9F7725ADF,1.0.0,current,SRC-TN-HDX-CODAB-2022,ENT-TN-IMADA-115312,high,,ENT-TN-DELEGATION-FE7ADA16AB50,administrative_parent,ADM4 row / research sector code 115312; dated ADM3 parent 1153,,,verified
REL-0FF7B58EB1BA5A22,1.0.0,current,SRC-TN-RESEARCH-GEOMETRY-2018,ENT-TN-MUNICIPALITY-1412,medium,Approximate research topology only; this is not an administrative parent relationship.,ENT-TN-DELEGATION-6334381D4972,boundary_intersects,"sector evidence rows: 1451285,1451286,1451287",,,source_verified
REL-103EA670BD1F5643,1.0.0,current,SRC-TN-HDX-CODAB-2022,ENT-TN-IMADA-62522008,high,,ENT-TN-DELEGATION-3240C5021B36,administrative_parent,ADM4 row / research sector code 62522008; dated ADM3 parent 6252,,,verified
REL-104704DC64335587,1.0.0,current,SRC-TN-HDX-CODAB-2022,ENT-TN-IMADA-52531787,high,,ENT-TN-DELEGATION-82A4AF3884E0,administrative_parent,ADM4 row / research sector code 52531787; dated ADM3 parent 5253,,,verified
REL-1086D082C6735368,1.0.0,current,SRC-TN-HDX-CODAB-2022,ENT-TN-IMADA-2457906,high,,ENT-TN-DELEGATION-78A6B0904A2B,administrative_parent,ADM4 row / research sector code 2457906; dated ADM3 parent 2457,,,verified
REL-10994D3AF6295426,1.0.0,current,SRC-TN-HDX-CODAB-2022,ENT-TN-DELEGATION-3240C5021B36,high,,ENT-TN-GOVERNORATE-D7972CC63F7E,administrative_parent,ADM3 row / dated 264-delegation research code 6252,,,verified
REL-10B65C9DB6D95669,1.0.0,current,SRC-TN-HDX-CODAB-2022,ENT-TN-IMADA-2455892,high,,ENT-TN-DELEGATION-27DFBC8894A9,administrative_parent,ADM4 row / research sector code 2455892; dated ADM3 parent 2455,,,verified
REL-10BC7C9820F85310,1.0.0,current,SRC-TN-HDX-CODAB-2022,ENT-TN-IMADA-1257205,high,,ENT-TN-DELEGATION-CC185FFE164C,administrative_parent,ADM4 row / research sector code 1257205; dated ADM3 parent 1257,,,verified
REL-10DD811A9CE65691,1.0.0,current,SRC-TN-HDX-CODAB-2022,ENT-TN-IMADA-1754508,high,,ENT-TN-DELEGATION-00E4826B36E2,administrative_parent,ADM4 row / research sector code 1754508; dated ADM3 parent 1754,,,verified
REL-10E2E04B01CE580D,1.0.0,current,SRC-TN-HDX-CODAB-2022,ENT-TN-IMADA-53511858,high,,ENT-TN-DELEGATION-36BABB1475F8,administrative_parent,ADM4 row / research sector code 53511858; dated ADM3 parent 5351,,,verified
REL-10E3A0B3ACAF5417,1.0.0,current,SRC-TN-HDX-CODAB-2022,ENT-TN-IMADA-52561825,high,,ENT-TN-DELEGATION-584902C8EEE0,administrative_parent,ADM4 row / research sector code 52561825; dated ADM3 parent 5256,,,verified
REL-1100BAE9679459F8,1.0.0,current,SRC-TN-HDX-CODAB-2022,ENT-TN-IMADA-2157645,high,,ENT-TN-DELEGATION-CCDB3F1D6604,administrative_parent,ADM4 row / research sector code 2157645; dated ADM3 parent 2157,,,verified
REL-110CD030B57F5FFB,1.0.0,current,SRC-TN-HDX-CODAB-2022,ENT-TN-IMADA-1358247,high,,ENT-TN-DELEGATION-7667BCFBBD94,administrative_parent,ADM4 row / research sector code 1358247; dated ADM3 parent 1358,,,verified
REL-1160415A8C665A56,1.0.0,current,SRC-TN-RESEARCH-GEOMETRY-2018,ENT-TN-MUNICIPALITY-3228,medium,Approximate research topology only; this is not an administrative parent relationship.,ENT-TN-DELEGATION-4E58B3CD9CB1,boundary_intersects,sector evidence rows: 32581102,,,source_verified
REL-11A7E27859D6580B,1.0.0,current,SRC-TN-DGCL-MUNICIPALITIES-2024,ENT-TN-MUNICIPALITY-2224,high,,ENT-TN-GOVERNORATE-7A4D0C3A889C,administrative_parent,January 2024 workbook row: governorate 22; municipality code 2224,,,verified
REL-11CBE6B657305D3E,1.0.0,current,SRC-TN-HDX-CODAB-2022,ENT-TN-DELEGATION-29092E1ECD11,high,,ENT-TN-GOVERNORATE-EA30E853F598,administrative_parent,ADM3 row / dated 264-delegation research code 1560,,,verified
REL-121843DE73845A30,1.0.0,current,SRC-TN-DGCL-MUNICIPALITIES-2024,ENT-TN-MUNICIPALITY-4117,high,,ENT-TN-GOVERNORATE-D28A09D558AD,administrative_parent,January 2024 workbook row: governorate 41; municipality code 4117,,,verified
REL-124827BC039E56E4,1.0.0,current,SRC-TN-HDX-CODAB-2022,ENT-TN-DELEGATION-ACB1178786DC,high,,ENT-TN-GOVERNORATE-EA30E853F598,administrative_parent,ADM3 row / dated 264-delegation research code 1559,,,verified
REL-124A6BD0FE065107,1.0.0,current,SRC-TN-DGCL-MUNICIPALITIES-2024,ENT-TN-MUNICIPALITY-1717,high,,ENT-TN-GOVERNORATE-B1787F907937,administrative_parent,January 2024 workbook row: governorate 17; municipality code 1717,,,verified
REL-124C173AF58457DA,1.0.0,current,SRC-TN-HDX-CODAB-2022,ENT-TN-IMADA-1553339,high,,ENT-TN-DELEGATION-00F12985BEC9,administrative_parent,ADM4 row / research sector code 1553339; dated ADM3 parent 1553,,,verified
REL-1259059039A65F0F,1.0.0,current,SRC-TN-HDX-CODAB-2022,ENT-TN-IMADA-34531249,high,,ENT-TN-DELEGATION-EA875BA2BFE0,administrative_parent,ADM4 row / research sector code 34531249; dated ADM3 parent 3453,,,verified
REL-126EC44761D15298,1.0.0,current,SRC-TN-HDX-CODAB-2022,ENT-TN-IMADA-116075,high,,ENT-TN-DELEGATION-93C5837DFCBF,administrative_parent,ADM4 row / research sector code 116075; dated ADM3 parent 1160,,,verified
REL-129A5B384E3B5778,1.0.0,current,SRC-TN-HDX-CODAB-2022,ENT-TN-IMADA-1753501,high,,ENT-TN-DELEGATION-529F20CCEFFA,administrative_parent,ADM4 row / research sector code 1753501; dated ADM3 parent 1753,,,verified
REL-12ACB1F6250A5F9D,1.0.0,current,SRC-TN-RESEARCH-GEOMETRY-2018,ENT-TN-MUNICIPALITY-3411,medium,Approximate research topology only; this is not an administrative parent relationship.,ENT-TN-DELEGATION-A43DBAE26B8A,boundary_intersects,"sector evidence rows: 34511226,34511227,34511228,34511229,34511230,34511231,34511232,34511233,34511234,34511235,34511236,34511237",,,source_verified
REL-130922931D535609,1.0.0,current,SRC-TN-HDX-CODAB-2022,ENT-TN-IMADA-1253180,high,,ENT-TN-DELEGATION-11CCF21EE571,administrative_parent,ADM4 row / research sector code 1253180; dated ADM3 parent 1253,,,verified
REL-130FAE0C40D0582F,1.0.0,current,SRC-TN-HDX-CODAB-2022,ENT-TN-IMADA-31611014,high,,ENT-TN-DELEGATION-D06EBCEA26BA,administrative_parent,ADM4 row / research sector code 31611014; dated ADM3 parent 3161,,,verified
REL-132541EB72565D9F,1.0.0,current,SRC-TN-HDX-CODAB-2022,ENT-TN-IMADA-2259763,high,,ENT-TN-DELEGATION-A1AD72837943,administrative_parent,ADM4 row / research sector code 2259763; dated ADM3 parent 2259,,,verified
REL-132DDFC09B0B5783,1.0.0,current,SRC-TN-HDX-CODAB-2022,ENT-TN-IMADA-115419,high,,ENT-TN-DELEGATION-22BE73F7EFB2,administrative_parent,ADM4 row / research sector code 115419; dated ADM3 parent 1154,,,verified
REL-132F41F04D805970,1.0.0,current,SRC-TN-HDX-CODAB-2022,ENT-TN-IMADA-51561715,high,,ENT-TN-DELEGATION-381871ACE873,administrative_parent,ADM4 row / research sector code 51561715; dated ADM3 parent 5156,,,verified
REL-13341A37BC815017,1.0.0,current,SRC-TN-HDX-CODAB-2022,ENT-TN-IMADA-1752488,high,,ENT-TN-DELEGATION-FCEB64E05ED0,administrative_parent,ADM4 row / research sector code 1752488; dated ADM3 parent 1752,,,verified
REL-1388A76C8A0E5E03,1.0.0,current,SRC-TN-HDX-CODAB-2022,ENT-TN-IMADA-2156641,high,,ENT-TN-DELEGATION-E8E567F03E9D,administrative_parent,ADM4 row / research sector code 2156641; dated ADM3 parent 2156,,,verified
REL-1396FF6D707F5E89,1.0.0,current,SRC-TN-HDX-CODAB-2022,ENT-TN-IMADA-1257202,high,,ENT-TN-DELEGATION-CC185FFE164C,administrative_parent,ADM4 row / research sector code 1257202; dated ADM3 parent 1257,,,verified
REL-13BB5570949E54D5,1.0.0,current,SRC-TN-HDX-CODAB-2022,ENT-TN-IMADA-43551610,high,,ENT-TN-DELEGATION-6F8D6872B9E9,administrative_parent,ADM4 row / research sector code 43551610; dated ADM3 parent 4355,,,verified
REL-140AC063CF1C5FE1,1.0.0,current,SRC-TN-HDX-CODAB-2022,ENT-TN-IMADA-42511467,high,,ENT-TN-DELEGATION-F0E269317685,administrative_parent,ADM4 row / research sector code 42511467; dated ADM3 parent 4251,,,verified
REL-141790AF856B548C,1.0.0,current,SRC-TN-HDX-CODAB-2022,ENT-TN-IMADA-2155634,high,,ENT-TN-DELEGATION-A97443748914,administrative_parent,ADM4 row / research sector code 2155634; dated ADM3 parent 2155,,,verified
REL-14503A67F05050DC,1.0.0,current,SRC-TN-HDX-CODAB-2022,ENT-TN-IMADA-1362280,high,,ENT-TN-DELEGATION-D4FC46D8AB0D,administrative_parent,ADM4 row / research sector code 1362280; dated ADM3 parent 1362,,,verified
REL-14626AE543335D24,1.0.0,current,SRC-TN-HDX-CODAB-2022,ENT-TN-IMADA-2154628,high,,ENT-TN-DELEGATION-028DF902ABF9,administrative_parent,ADM4 row / research sector code 2154628; dated ADM3 parent 2154,,,verified
REL-146B88D955BB5392,1.0.0,current,SRC-TN-HDX-CODAB-2022,ENT-TN-IMADA-32601111,high,,ENT-TN-DELEGATION-BDF031A58E55,administrative_parent,ADM4 row / research sector code 32601111; dated ADM3 parent 3260,,,verified
REL-147E9F7F34ED5C1E,1.0.0,current,SRC-TN-HDX-CODAB-2022,ENT-TN-IMADA-2252695,high,,ENT-TN-DELEGATION-A2C2D831ECC0,administrative_parent,ADM4 row / research sector code 2252695; dated ADM3 parent 2252,,,verified
REL-14B28FDB778859A4,1.0.0,current,SRC-TN-HDX-CODAB-2022,ENT-TN-IMADA-43541607,high,,ENT-TN-DELEGATION-AD509F0A9D79,administrative_parent,ADM4 row / research sector code 43541607; dated ADM3 parent 4354,,,verified
REL-14E5D9027B0B54D1,1.0.0,current,SRC-TN-HDX-CODAB-2022,ENT-TN-IMADA-33591197,high,,ENT-TN-DELEGATION-2A637B595634,administrative_parent,ADM4 row / research sector code 33591197; dated ADM3 parent 3359,,,verified
REL-14EF7D85F3F255D6,1.0.0,current,SRC-TN-HDX-CODAB-2022,ENT-TN-IMADA-52571833,high,,ENT-TN-DELEGATION-F66C4659B2C0,administrative_parent,ADM4 row / research sector code 52571833; dated ADM3 parent 5257,,,verified
REL-1518E91A1A275EAE,1.0.0,current,SRC-TN-HDX-CODAB-2022,ENT-TN-IMADA-53511860,high,,ENT-TN-DELEGATION-36BABB1475F8,administrative_parent,ADM4 row / research sector code 53511860; dated ADM3 parent 5351,,,verified
REL-154FEF4D32985176,1.0.0,current,SRC-TN-HDX-CODAB-2022,ENT-TN-IMADA-115658,high,,ENT-TN-DELEGATION-F68992D7EA16,administrative_parent,ADM4 row / research sector code 115658; dated ADM3 parent 1156,,,verified
REL-15645A90C50E5E49,1.0.0,current,SRC-TN-HDX-CODAB-2022,ENT-TN-IMADA-1253179,high,,ENT-TN-DELEGATION-11CCF21EE571,administrative_parent,ADM4 row / research sector code 1253179; dated ADM3 parent 1253,,,verified
REL-15A9FA54C62A50BF,1.0.0,current,SRC-TN-HDX-CODAB-2022,ENT-TN-IMADA-1559381,high,,ENT-TN-DELEGATION-ACB1178786DC,administrative_parent,ADM4 row / research sector code 1559381; dated ADM3 parent 1559,,,verified
REL-15B6699777B55063,1.0.0,current,SRC-TN-HDX-CODAB-2022,ENT-TN-DELEGATION-8B2B3E3BDE8C,high,,ENT-TN-GOVERNORATE-E7D96FEF5043,administrative_parent,ADM3 row / dated 264-delegation research code 3352,,,verified
REL-15D7E472A81F5DAC,1.0.0,historical,SRC-LY-BSC-CENSUS-2006,ENT-LY-SHABIYA-HISTORICAL-AB14AFBDADE4,high,Historical hierarchy snapshot only.,ENT-LY-COUNTRY,administrative_parent,2006 census region: وادي الحياة,,,verified
REL-15EBB27EC3B15755,1.0.0,current,SRC-TN-DGCL-MUNICIPALITIES-2024,ENT-TN-MUNICIPALITY-2315,high,,ENT-TN-GOVERNORATE-0D738EAC753C,administrative_parent,January 2024 workbook row: governorate 23; municipality code 2315,,,verified
REL-15F3393D81A1598F,1.0.0,current,SRC-TN-HDX-CODAB-2022,ENT-TN-IMADA-32581093,high,,ENT-TN-DELEGATION-4E58B3CD9CB1,administrative_parent,ADM4 row / research sector code 32581093; dated ADM3 parent 3258,,,verified
REL-15FEBB0850025CC3,1.0.0,current,SRC-TN-HDX-CODAB-2022,ENT-TN-IMADA-2453877,high,,ENT-TN-DELEGATION-E6F9AC3B6A1F,administrative_parent,ADM4 row / research sector code 2453877; dated ADM3 parent 2453,,,verified
REL-161A3B827F1E5BEB,1.0.0,current,SRC-TN-HDX-CODAB-2022,ENT-TN-IMADA-31641038,high,,ENT-TN-DELEGATION-9ADFA1D292D9,administrative_parent,ADM4 row / research sector code 31641038; dated ADM3 parent 3164,,,verified
REL-162C570A6A825F41,1.0.0,current,SRC-TN-HDX-CODAB-2022,ENT-TN-IMADA-1170145,high,,ENT-TN-DELEGATION-2576985BFCE5,administrative_parent,ADM4 row / research sector code 1170145; dated ADM3 parent 1170,,,verified
REL-1635D24755CB56D8,1.0.0,current,SRC-TN-HDX-CODAB-2022,ENT-TN-IMADA-1561391,high,,ENT-TN-DELEGATION-4A822090C35C,administrative_parent,ADM4 row / research sector code 1561391; dated ADM3 parent 1561,,,verified
REL-1643BBCA96CD5EC3,1.0.0,current,SRC-TN-HDX-CODAB-2022,ENT-TN-IMADA-2154623,high,,ENT-TN-DELEGATION-028DF902ABF9,administrative_parent,ADM4 row / research sector code 2154623; dated ADM3 parent 2154,,,verified
REL-165DCED33F7D5BEC,1.0.0,current,SRC-TN-HDX-CODAB-2022,ENT-TN-IMADA-31601001,high,,ENT-TN-DELEGATION-AC41B378E3D9,administrative_parent,ADM4 row / research sector code 31601001; dated ADM3 parent 3160,,,verified
REL-165FBECE7E045ED0,1.0.0,current,SRC-TN-DGCL-MUNICIPALITIES-2024,ENT-TN-MUNICIPALITY-3114,high,,ENT-TN-GOVERNORATE-07DB5E6D265C,administrative_parent,January 2024 workbook row: governorate 31; municipality code 3114,,,verified
REL-1699C1E839CE5707,1.0.0,current,SRC-TN-HDX-CODAB-2022,ENT-TN-IMADA-42541488,high,,ENT-TN-DELEGATION-00555D763B13,administrative_parent,ADM4 row / research sector code 42541488; dated ADM3 parent 4254,,,verified
REL-169D6722E35F50C8,1.0.0,current,SRC-TN-HDX-CODAB-2022,ENT-TN-IMADA-51571720,high,,ENT-TN-DELEGATION-381871ACE873,administrative_parent,ADM4 row / research sector code 51571720; dated ADM3 parent 5156,,,verified
REL-16C0E73175DE504A,1.0.0,current,SRC-LY-MOLG-MUNICIPALITIES-2026,ENT-LY-MUNICIPALITY-8C4070B1C459,high,,ENT-LY-COUNTRY,administrative_parent,Municipality list entry: اجخرة,,,verified
REL-16C3C6DCA0A9590B,1.0.0,current,SRC-TN-RESEARCH-GEOMETRY-2018,ENT-TN-MUNICIPALITY-5311,medium,Approximate research topology only; this is not an administrative parent relationship.,ENT-TN-DELEGATION-D3ABF7936ACA,boundary_intersects,"sector evidence rows: 53521865,53521866,53521867,53521868,53521869,53521870,53521871,53521876",,,source_verified
REL-16F4E601641F5929,1.0.0,current,SRC-TN-HDX-CODAB-2022,ENT-TN-IMADA-1167118,high,,ENT-TN-DELEGATION-40268C8E9C06,administrative_parent,ADM4 row / research sector code 1167118; dated ADM3 parent 1167,,,verified
REL-170A4078FA145042,1.0.0,current,SRC-TN-HDX-CODAB-2022,ENT-TN-IMADA-42581515,high,,ENT-TN-DELEGATION-8B659FB150BF,administrative_parent,ADM4 row / research sector code 42581515; dated ADM3 parent 4258,,,verified
REL-170D05773E07531B,1.0.0,current,SRC-TN-HDX-CODAB-2022,ENT-TN-IMADA-2152591,high,,ENT-TN-DELEGATION-08DFD967FB8E,administrative_parent,ADM4 row / research sector code 2152591; dated ADM3 parent 2152,,,verified
REL-171A672684465FB3,1.0.0,current,SRC-TN-HDX-CODAB-2022,ENT-TN-IMADA-1554346,high,,ENT-TN-DELEGATION-25551A4A8808,administrative_parent,ADM4 row / research sector code 1554346; dated ADM3 parent 1554,,,verified
REL-171AFB7BEB185961,1.0.0,current,SRC-TN-DGCL-MUNICIPALITIES-2024,ENT-TN-MUNICIPALITY-1721,high,,ENT-TN-GOVERNORATE-B1787F907937,administrative_parent,January 2024 workbook row: governorate 17; municipality code 1721,,,verified
REL-172BA05793895364,1.0.0,current,SRC-TN-HDX-CODAB-2022,ENT-TN-IMADA-52551803,high,,ENT-TN-DELEGATION-6EFE1FF87CAA,administrative_parent,ADM4 row / research sector code 52551803; dated ADM3 parent 5255,,,verified
REL-173397C40B2A5D4E,1.0.0,current,SRC-TN-DGCL-MUNICIPALITIES-2024,ENT-TN-MUNICIPALITY-3433,high,,ENT-TN-GOVERNORATE-97D2B1489F90,administrative_parent,January 2024 workbook row: governorate 34; municipality code 3433,,,verified
REL-173CEB87188854F2,1.0.0,current,SRC-TN-RESEARCH-GEOMETRY-2018,ENT-TN-MUNICIPALITY-2115,medium,Approximate research topology only; this is not an administrative parent relationship.,ENT-TN-DELEGATION-A97443748914,boundary_intersects,"sector evidence rows: 2155630,2155631,2155632,2155633,2155634,2155635,2155636,2155637,2155638,2155639",,,source_verified
REL-173DA2B343CC58C1,1.0.0,current,SRC-TN-HDX-CODAB-2022,ENT-TN-IMADA-34601294,high,,ENT-TN-DELEGATION-15A144D6467E,administrative_parent,ADM4 row / research sector code 34601294; dated ADM3 parent 3460,,,verified
REL-1742CD54736B5DD4,1.0.0,current,SRC-LY-MOLG-MUNICIPALITIES-2026,ENT-LY-MUNICIPALITY-EB47AB2DA81E,high,,ENT-LY-COUNTRY,administrative_parent,Municipality list entry: قمينس,,,verified
REL-1759FB11E1CE5CEA,1.0.0,current,SRC-TN-HDX-CODAB-2022,ENT-TN-IMADA-115791,high,,ENT-TN-DELEGATION-5C87693EF7C1,administrative_parent,ADM4 row / research sector code 115791; dated ADM3 parent 1157,,,verified
REL-17692948B7545B7C,1.0.0,current,SRC-TN-HDX-CODAB-2022,ENT-TN-IMADA-43561621,high,,ENT-TN-DELEGATION-A5B79B7F0981,administrative_parent,ADM4 row / research sector code 43561621; dated ADM3 parent 4356,,,verified
REL-1784F05A7E025331,1.0.0,current,SRC-TN-HDX-CODAB-2022,ENT-TN-IMADA-42551501,high,,ENT-TN-DELEGATION-5D62B4C8161F,administrative_parent,ADM4 row / research sector code 42551501; dated ADM3 parent 4255,,,verified
REL-17A003C9B07E5972,1.0.0,current,SRC-TN-HDX-CODAB-2022,ENT-TN-IMADA-51521695,high,,ENT-TN-DELEGATION-AFAE2BE79F31,administrative_parent,ADM4 row / research sector code 51521695; dated ADM3 parent 5152,,,verified
REL-17DEE13C8AA054B4,1.0.0,current,SRC-TN-RESEARCH-GEOMETRY-2018,ENT-TN-MUNICIPALITY-2212,medium,Approximate research topology only; this is not an administrative parent relationship.,ENT-TN-DELEGATION-A1AD72837943,boundary_intersects,sector evidence rows: 2259761,,,source_verified
REL-17E0CA57026D5791,1.0.0,historical,SRC-LY-BSC-CENSUS-2006,ENT-LY-SHABIYA-HISTORICAL-006A5C4DCB98,high,Historical hierarchy snapshot only.,ENT-LY-COUNTRY,administrative_parent,2006 census region: البطنان,,,verified
REL-180A2850F5645751,1.0.0,current,SRC-TN-HDX-CODAB-2022,ENT-TN-IMADA-2256738,high,,ENT-TN-DELEGATION-F12F59DBC46E,administrative_parent,ADM4 row / research sector code 2256738; dated ADM3 parent 2256,,,verified
REL-180DD68C434453F4,1.0.0,current,SRC-TN-DGCL-MUNICIPALITIES-2024,ENT-TN-MUNICIPALITY-1531,high,,ENT-TN-GOVERNORATE-EA30E853F598,administrative_parent,January 2024 workbook row: governorate 15; municipality code 1531,,,verified
REL-181D686C34485C94,1.0.0,current,SRC-TN-HDX-CODAB-2022,ENT-TN-IMADA-63522040,high,,ENT-TN-DELEGATION-DEB9F3EFCD2D,administrative_parent,ADM4 row / research sector code 63522040; dated ADM3 parent 6352,,,verified
REL-1838840105965C44,1.0.0,current,SRC-TN-HDX-CODAB-2022,ENT-TN-IMADA-1756526,high,,ENT-TN-DELEGATION-39EFA7D5C92F,administrative_parent,ADM4 row / research sector code 1756526; dated ADM3 parent 1756,,,verified
REL-183B80DF22FE544F,1.0.0,current,SRC-TN-HDX-CODAB-2022,ENT-TN-IMADA-63522036,high,,ENT-TN-DELEGATION-DEB9F3EFCD2D,administrative_parent,ADM4 row / research sector code 63522036; dated ADM3 parent 6352,,,verified
REL-1842F0C6560B5923,1.0.0,current,SRC-TN-HDX-CODAB-2022,ENT-TN-GOVERNORATE-7A4D0C3A889C,high,,ENT-TN-COUNTRY,administrative_parent,ADM2 row / research governorate code 22,,,verified
REL-184CD052A13F518C,1.0.0,current,SRC-TN-HDX-CODAB-2022,ENT-TN-IMADA-61571957,high,,ENT-TN-DELEGATION-55B6CFADA185,administrative_parent,ADM4 row / research sector code 61571957; dated ADM3 parent 6157,,,verified
REL-18852409B34950A0,1.0.0,current,SRC-TN-HDX-CODAB-2022,ENT-TN-IMADA-31631027,high,,ENT-TN-DELEGATION-E401587A83A1,administrative_parent,ADM4 row / research sector code 31631027; dated ADM3 parent 3163,,,verified
REL-1886898A9EA2564B,1.0.0,current,SRC-LY-MOLG-MUNICIPALITIES-2026,ENT-LY-MUNICIPALITY-8A2464E3FAC0,high,,ENT-LY-COUNTRY,administrative_parent,Municipality list entry: نالوت,,,verified
REL-188C01DEF9C25C69,1.0.0,current,SRC-TN-HDX-CODAB-2022,ENT-TN-IMADA-2458914,high,,ENT-TN-DELEGATION-2F6C05AAB735,administrative_parent,ADM4 row / research sector code 2458914; dated ADM3 parent 2458,,,verified
REL-188E5ABFB2375FA7,1.0.0,current,SRC-TN-HDX-CODAB-2022,ENT-TN-IMADA-53511852,high,,ENT-TN-DELEGATION-36BABB1475F8,administrative_parent,ADM4 row / research sector code 53511852; dated ADM3 parent 5351,,,verified
REL-189F8464BDFB5A9A,1.0.0,current,SRC-TN-HDX-CODAB-2022,ENT-TN-IMADA-1361267,high,,ENT-TN-DELEGATION-678C562CAA1C,administrative_parent,ADM4 row / research sector code 1361267; dated ADM3 parent 1361,,,verified
REL-18E60691DC1B5EC9,1.0.0,current,SRC-TN-DGCL-MUNICIPALITIES-2024,ENT-TN-MUNICIPALITY-5315,high,,ENT-TN-GOVERNORATE-DAC2A2592975,administrative_parent,January 2024 workbook row: governorate 53; municipality code 5315,,,verified
REL-18F3BDAA7C855979,1.0.0,current,SRC-LY-MOLG-MUNICIPALITIES-2026,ENT-LY-MUNICIPALITY-639CE53EF9AE,high,,ENT-LY-COUNTRY,administrative_parent,Municipality list entry: بئر الأشهب,,,verified
REL-1926A2C967CF52DF,1.0.0,current,SRC-TN-HDX-CODAB-2022,ENT-TN-IMADA-1551329,high,,ENT-TN-DELEGATION-909BD4DC039A,administrative_parent,ADM4 row / research sector code 1551329; dated ADM3 parent 1551,,,verified
REL-196E923A43465505,1.0.0,current,SRC-TN-HDX-CODAB-2022,ENT-TN-DELEGATION-CB0D8DF8758C,high,,ENT-TN-GOVERNORATE-B1787F907937,administrative_parent,ADM3 row / dated 264-delegation research code 1763,,,verified
REL-1970CA51057F57D6,1.0.0,current,SRC-TN-HDX-CODAB-2022,ENT-TN-IMADA-31641039,high,,ENT-TN-DELEGATION-9ADFA1D292D9,administrative_parent,ADM4 row / research sector code 31641039; dated ADM3 parent 3164,,,verified
REL-19A2CE686EC4577E,1.0.0,current,SRC-TN-RESEARCH-GEOMETRY-2018,ENT-TN-MUNICIPALITY-4320,medium,Approximate research topology only; this is not an administrative parent relationship.,ENT-TN-DELEGATION-E45902371203,boundary_intersects,"sector evidence rows: 43621675,43621676,43621677,43621678,43621679,43621680,43621681,43621682,43621683",,,source_verified
REL-19D105B78FD151CD,1.0.0,current,SRC-TN-HDX-CODAB-2022,ENT-TN-DELEGATION-B117D836FA70,high,,ENT-TN-GOVERNORATE-902616FE3988,administrative_parent,ADM3 row / dated 264-delegation research code 5252,,,verified
REL-19D504D8DF665900,1.0.0,current,SRC-TN-DGCL-MUNICIPALITIES-2024,ENT-TN-MUNICIPALITY-3113,high,,ENT-TN-GOVERNORATE-07DB5E6D265C,administrative_parent,January 2024 workbook row: governorate 31; municipality code 3113,,,verified
REL-19E2791AF4F35380,1.0.0,current,SRC-TN-HDX-CODAB-2022,ENT-TN-IMADA-1652443,high,,ENT-TN-DELEGATION-C73B8495072E,administrative_parent,ADM4 row / research sector code 1652443; dated ADM3 parent 1652,,,verified
REL-19E9090203525874,1.0.0,current,SRC-LY-MOLG-MUNICIPALITIES-2026,ENT-LY-MUNICIPALITY-B8BB1C665F4C,high,,ENT-LY-COUNTRY,administrative_parent,Municipality list entry: البريقة,,,verified
REL-19EC606D7C50516B,1.0.0,current,SRC-TN-HDX-CODAB-2022,ENT-TN-IMADA-33521146,high,,ENT-TN-DELEGATION-8B2B3E3BDE8C,administrative_parent,ADM4 row / research sector code 33521146; dated ADM3 parent 3352,,,verified
REL-19F27BC0000859AF,1.0.0,current,SRC-TN-HDX-CODAB-2022,ENT-TN-DELEGATION-2F6C05AAB735,high,,ENT-TN-GOVERNORATE-A460B4F223EB,administrative_parent,ADM3 row / dated 264-delegation research code 2458,,,verified
REL-1A18043F73F2552F,1.0.0,current,SRC-TN-DGCL-MUNICIPALITIES-2024,ENT-TN-MUNICIPALITY-6214,high,,ENT-TN-GOVERNORATE-D7972CC63F7E,administrative_parent,January 2024 workbook row: governorate 62; municipality code 6214,,,verified
REL-1A3B79EB3339549F,1.0.0,current,SRC-TN-RESEARCH-GEOMETRY-2018,ENT-TN-MUNICIPALITY-4218,medium,Approximate research topology only; this is not an administrative parent relationship.,ENT-TN-DELEGATION-C41B01AE892E,boundary_intersects,"sector evidence rows: 42621553,42621554,42621555,42621556,42621557,42621558",,,source_verified
REL-1A64649C09275D69,1.0.0,current,SRC-TN-HDX-CODAB-2022,ENT-TN-IMADA-62532014,high,,ENT-TN-DELEGATION-21A9D436EAA7,administrative_parent,ADM4 row / research sector code 62532014; dated ADM3 parent 6253,,,verified
REL-1A66E0A39FE65D12,1.0.0,current,SRC-TN-HDX-CODAB-2022,ENT-TN-IMADA-53571912,high,,ENT-TN-DELEGATION-4A4ADB1F39D5,administrative_parent,ADM4 row / research sector code 53571912; dated ADM3 parent 5357,,,verified
REL-1A703E95774353EB,1.0.0,current,SRC-TN-HDX-CODAB-2022,ENT-TN-IMADA-1652441,high,,ENT-TN-DELEGATION-C73B8495072E,administrative_parent,ADM4 row / research sector code 1652441; dated ADM3 parent 1652,,,verified
REL-1AA0E2C1DB7655C3,1.0.0,current,SRC-TN-HDX-CODAB-2022,ENT-TN-DELEGATION-BDF031A58E55,high,,ENT-TN-GOVERNORATE-5BC9A7217C8C,administrative_parent,ADM3 row / dated 264-delegation research code 3260,,,verified
REL-1AA0FBFCAAC455D0,1.0.0,current,SRC-TN-HDX-CODAB-2022,ENT-TN-IMADA-53511853,high,,ENT-TN-DELEGATION-36BABB1475F8,administrative_parent,ADM4 row / research sector code 53511853; dated ADM3 parent 5351,,,verified
REL-1AC6782E87D75489,1.0.0,current,SRC-TN-DGCL-MUNICIPALITIES-2024,ENT-TN-MUNICIPALITY-3234,high,,ENT-TN-GOVERNORATE-5BC9A7217C8C,administrative_parent,January 2024 workbook row: governorate 32; municipality code 3234,,,verified
REL-1ACA1CC34AB257D9,1.0.0,current,SRC-TN-HDX-CODAB-2022,ENT-TN-DELEGATION-A97443748914,high,,ENT-TN-GOVERNORATE-EA2D44B4F25E,administrative_parent,ADM3 row / dated 264-delegation research code 2155,,,verified
REL-1ADEE9AF33A45FF6,1.0.0,current,SRC-TN-HDX-CODAB-2022,ENT-TN-IMADA-116293,high,,ENT-TN-DELEGATION-D75198EE6BB5,administrative_parent,ADM4 row / research sector code 116293; dated ADM3 parent 1162,,,verified
REL-1B029358BFE25EAE,1.0.0,current,SRC-TN-DGCL-MUNICIPALITIES-2024,ENT-TN-MUNICIPALITY-1527,high,,ENT-TN-GOVERNORATE-EA30E853F598,administrative_parent,January 2024 workbook row: governorate 15; municipality code 1527,,,verified
REL-1B0F59B3F0D2514B,1.0.0,current,SRC-TN-HDX-CODAB-2022,ENT-TN-DELEGATION-F153AA210A4D,high,,ENT-TN-GOVERNORATE-0D738EAC753C,administrative_parent,ADM3 row / dated 264-delegation research code 2353,,,verified
REL-1B1316C16F1A55A0,1.0.0,current,SRC-TN-HDX-CODAB-2022,ENT-TN-IMADA-33561173,high,,ENT-TN-DELEGATION-706200A5C126,administrative_parent,ADM4 row / research sector code 33561173; dated ADM3 parent 3356,,,verified
REL-1B237E290DEA5DF2,1.0.0,current,SRC-TN-HDX-CODAB-2022,ENT-TN-IMADA-1562395,high,,ENT-TN-DELEGATION-4AE753194B10,administrative_parent,ADM4 row / research sector code 1562395; dated ADM3 parent 1562,,,verified
REL-1B506AA829CB5FE2,1.0.0,current,SRC-TN-HDX-CODAB-2022,ENT-TN-DELEGATION-9CCDCAF94A4A,high,,ENT-TN-GOVERNORATE-D28A09D558AD,administrative_parent,ADM3 row / dated 264-delegation research code 4151,,,verified
REL-1B5B01597CD65947,1.0.0,current,SRC-TN-HDX-CODAB-2022,ENT-TN-IMADA-11511,high,,ENT-TN-DELEGATION-CEF958458571,administrative_parent,ADM4 row / research sector code 11511; dated ADM3 parent 1151,,,verified
REL-1B775011A2C550CC,1.0.0,current,SRC-TN-DGCL-MUNICIPALITIES-2024,ENT-TN-MUNICIPALITY-1617,high,,ENT-TN-GOVERNORATE-81845FB6BE40,administrative_parent,January 2024 workbook row: governorate 16; municipality code 1617,,,verified
REL-1B7EECD0361B5C90,1.0.0,current,SRC-TN-HDX-CODAB-2022,ENT-TN-IMADA-1355231,high,,ENT-TN-DELEGATION-19EB9068FDEB,administrative_parent,ADM4 row / research sector code 1355231; dated ADM3 parent 1355,,,verified
REL-1BB43EB727BF5605,1.0.0,current,SRC-TN-HDX-CODAB-2022,ENT-TN-IMADA-61541937,high,,ENT-TN-DELEGATION-7A57DEB42C2E,administrative_parent,ADM4 row / research sector code 61541937; dated ADM3 parent 6154,,,verified
REL-1BB58FBDEC1A5EEE,1.0.0,current,SRC-TN-HDX-CODAB-2022,ENT-TN-DELEGATION-5CE249CD9A5F,high,,ENT-TN-GOVERNORATE-97D2B1489F90,administrative_parent,ADM3 row / dated 264-delegation research code 3462,,,verified
REL-1BB81F3140185B07,1.0.0,current,SRC-TN-RESEARCH-GEOMETRY-2018,ENT-TN-MUNICIPALITY-3116,medium,Approximate research topology only; this is not an administrative parent relationship.,ENT-TN-DELEGATION-5CA39F3BFF07,boundary_intersects,"sector evidence rows: 3156971,3156972,3156974,3156976",,,source_verified
REL-1BDDF5F420E75C02,1.0.0,current,SRC-TN-HDX-CODAB-2022,ENT-TN-IMADA-2257748,high,,ENT-TN-DELEGATION-36D776E11570,administrative_parent,ADM4 row / research sector code 2257748; dated ADM3 parent 2257,,,verified
REL-1C0040A8621D5E73,1.0.0,current,SRC-TN-HDX-CODAB-2022,ENT-TN-GOVERNORATE-78D6D85AF6A0,high,,ENT-TN-COUNTRY,administrative_parent,ADM2 row / research governorate code 12,,,verified
REL-1C0DAAC9D3445055,1.0.0,current,SRC-TN-DGCL-MUNICIPALITIES-2024,ENT-TN-MUNICIPALITY-1618,high,,ENT-TN-GOVERNORATE-81845FB6BE40,administrative_parent,January 2024 workbook row: governorate 16; municipality code 1618,,,verified
REL-1C1240EDADE05364,1.0.0,current,SRC-TN-RESEARCH-GEOMETRY-2018,ENT-TN-MUNICIPALITY-6114,medium,Approximate research topology only; this is not an administrative parent relationship.,ENT-TN-DELEGATION-A16A1E882313,boundary_intersects,"sector evidence rows: 61561952,61561953,61561954,61561955,61561956",,,source_verified
REL-1C1E894AEFA35C55,1.0.0,current,SRC-TN-HDX-CODAB-2022,ENT-TN-GOVERNORATE-B1787F907937,high,,ENT-TN-COUNTRY,administrative_parent,ADM2 row / research governorate code 17,,,verified
REL-1C1ECF2475AD59BD,1.0.0,current,SRC-TN-HDX-CODAB-2022,ENT-TN-IMADA-115666,high,,ENT-TN-DELEGATION-F68992D7EA16,administrative_parent,ADM4 row / research sector code 115666; dated ADM3 parent 1156,,,verified
REL-1C2323F659D85314,1.0.0,current,SRC-TN-HDX-CODAB-2022,ENT-TN-IMADA-2354799,high,,ENT-TN-DELEGATION-D77747883E55,administrative_parent,ADM4 row / research sector code 2354799; dated ADM3 parent 2354,,,verified
REL-1C23E1C65ECA5F6F,1.0.0,current,SRC-TN-HDX-CODAB-2022,ENT-TN-IMADA-31539999,high,,ENT-TN-DELEGATION-9D652FC873EB,administrative_parent,ADM4 row / research sector code 31539999; dated ADM3 parent 3153,,,verified
REL-1C2E634C885E5888,1.0.0,current,SRC-TN-HDX-CODAB-2022,ENT-TN-IMADA-2159671,high,,ENT-TN-DELEGATION-34E2240B6A54,administrative_parent,ADM4 row / research sector code 2159671; dated ADM3 parent 2159,,,verified
REL-1C396028C55355CA,1.0.0,current,SRC-TN-HDX-CODAB-2022,ENT-TN-IMADA-115421,high,,ENT-TN-DELEGATION-22BE73F7EFB2,administrative_parent,ADM4 row / research sector code 115421; dated ADM3 parent 1154,,,verified
REL-1C448713025A5CD4,1.0.0,current,SRC-TN-HDX-CODAB-2022,ENT-TN-IMADA-2360842,high,,ENT-TN-DELEGATION-0AAD4BD027D5,administrative_parent,ADM4 row / research sector code 2360842; dated ADM3 parent 2360,,,verified
REL-1C4550BC34F758B9,1.0.0,current,SRC-LY-MOLG-MUNICIPALITIES-2026,ENT-LY-MUNICIPALITY-5E57DAFD65B0,high,,ENT-LY-COUNTRY,administrative_parent,Municipality list entry: مسلاتة,,,verified
REL-1C4E0A00AADC5ABA,1.0.0,current,SRC-TN-HDX-CODAB-2022,ENT-TN-IMADA-33591201,high,,ENT-TN-DELEGATION-2A637B595634,administrative_parent,ADM4 row / research sector code 33591201; dated ADM3 parent 3359,,,verified
REL-1C5DD2FA189A5673,1.0.0,current,SRC-TN-HDX-CODAB-2022,ENT-TN-IMADA-52541791,high,,ENT-TN-DELEGATION-F7ED4B759BD6,administrative_parent,ADM4 row / research sector code 52541791; dated ADM3 parent 5254,,,verified
REL-1C7BAF75989355D5,1.0.0,current,SRC-TN-RESEARCH-GEOMETRY-2018,ENT-TN-MUNICIPALITY-2211,medium,Approximate research topology only; this is not an administrative parent relationship.,ENT-TN-DELEGATION-A2C2D831ECC0,boundary_intersects,"sector evidence rows: 2252690,2252691,2252692,2252693,2252694,2252695,2252696,2252697,2252698,2252699",,,source_verified
REL-1C7C143C9C575C42,1.0.0,current,SRC-TN-RESEARCH-GEOMETRY-2018,ENT-TN-MUNICIPALITY-1311,medium,Approximate research topology only; this is not an administrative parent relationship.,ENT-TN-DELEGATION-10DD70515DA0,boundary_intersects,"sector evidence rows: 1352213,1352214,1352215,1352216,1352217",,,source_verified
REL-1CB161C256E85A9D,1.0.0,current,SRC-TN-HDX-CODAB-2022,ENT-TN-IMADA-1757535,high,,ENT-TN-DELEGATION-4021556E2BEF,administrative_parent,ADM4 row / research sector code 1757535; dated ADM3 parent 1757,,,verified
REL-1CB884267A05577B,1.0.0,current,SRC-TN-HDX-CODAB-2022,ENT-TN-IMADA-42561507,high,,ENT-TN-DELEGATION-FD2AE43A4C3D,administrative_parent,ADM4 row / research sector code 42561507; dated ADM3 parent 4256,,,verified
REL-1CBB7A1341F15675,1.0.0,current,SRC-TN-HDX-CODAB-2022,ENT-TN-IMADA-43611659,high,,ENT-TN-DELEGATION-755242916060,administrative_parent,ADM4 row / research sector code 43611659; dated ADM3 parent 4361,,,verified
REL-1CBC827B85A75A0A,1.0.0,current,SRC-TN-HDX-CODAB-2022,ENT-TN-IMADA-2456902,high,,ENT-TN-DELEGATION-5D1C1977A0A6,administrative_parent,ADM4 row / research sector code 2456902; dated ADM3 parent 2456,,,verified
REL-1CC3060BAE295166,1.0.0,current,SRC-TN-RESEARCH-GEOMETRY-2018,ENT-TN-MUNICIPALITY-1413,medium,Approximate research topology only; this is not an administrative parent relationship.,ENT-TN-DELEGATION-64DB1B613F50,boundary_intersects,"sector evidence rows: 1452288,1452289,1452290,1452291,1452292",,,source_verified
REL-1CC70DB7F38A52A2,1.0.0,current,SRC-TN-HDX-CODAB-2022,ENT-TN-IMADA-52551814,high,,ENT-TN-DELEGATION-6EFE1FF87CAA,administrative_parent,ADM4 row / research sector code 52551814; dated ADM3 parent 5255,,,verified
REL-1CF6D048C8C15BA8,1.0.0,current,SRC-TN-HDX-CODAB-2022,ENT-TN-IMADA-62542021,high,,ENT-TN-DELEGATION-CB23A7885CA7,administrative_parent,ADM4 row / research sector code 62542021; dated ADM3 parent 6254,,,verified
REL-1D0B4784225454D6,1.0.0,current,SRC-TN-HDX-CODAB-2022,ENT-TN-IMADA-41611464,high,,ENT-TN-DELEGATION-F9557E5DC693,administrative_parent,ADM4 row / research sector code 41611464; dated ADM3 parent 4161,,,verified
REL-1D10452885165B28,1.0.0,current,SRC-TN-HDX-CODAB-2022,ENT-TN-IMADA-2357829,high,,ENT-TN-DELEGATION-D2E46DB3C8BC,administrative_parent,ADM4 row / research sector code 2357829; dated ADM3 parent 2357,,,verified
REL-1D4BB3486782555B,1.0.0,current,SRC-TN-DGCL-MUNICIPALITIES-2024,ENT-TN-MUNICIPALITY-2325,high,,ENT-TN-GOVERNORATE-0D738EAC753C,administrative_parent,January 2024 workbook row: governorate 23; municipality code 2325,,,verified
REL-1D55326E62AF5271,1.0.0,current,SRC-TN-RESEARCH-GEOMETRY-2018,ENT-TN-MUNICIPALITY-4322,medium,Approximate research topology only; this is not an administrative parent relationship.,ENT-TN-DELEGATION-21E89D9190E3,boundary_intersects,"sector evidence rows: 43591642,43591643,43591644,43591645,43591646,43591647,43591648",,,source_verified
REL-1D5950CDA5EB5AF7,1.0.0,current,SRC-TN-HDX-CODAB-2022,ENT-TN-IMADA-2357827,high,,ENT-TN-DELEGATION-D2E46DB3C8BC,administrative_parent,ADM4 row / research sector code 2357827; dated ADM3 parent 2357,,,verified
REL-1D610EF2AA5952DD,1.0.0,current,SRC-TN-HDX-CODAB-2022,ENT-TN-IMADA-42631571,high,,ENT-TN-DELEGATION-A9463801F6AD,administrative_parent,ADM4 row / research sector code 42631571; dated ADM3 parent 4263,,,verified
REL-1D61D4022A245404,1.0.0,current,SRC-TN-HDX-CODAB-2022,ENT-TN-IMADA-115848,high,,ENT-TN-DELEGATION-B426671C7506,administrative_parent,ADM4 row / research sector code 115848; dated ADM3 parent 1158,,,verified
REL-1D655EC3EE675CC9,1.0.0,current,SRC-TN-HDX-CODAB-2022,ENT-TN-IMADA-42551500,high,,ENT-TN-DELEGATION-5D62B4C8161F,administrative_parent,ADM4 row / research sector code 42551500; dated ADM3 parent 4255,,,verified
REL-1D65F2015F005A96,1.0.0,current,SRC-TN-HDX-CODAB-2022,ENT-TN-DELEGATION-37E43863E13C,high,,ENT-TN-GOVERNORATE-A460B4F223EB,administrative_parent,ADM3 row / dated 264-delegation research code 2452,,,verified
REL-1D68B77C082653F4,1.0.0,current,SRC-TN-HDX-CODAB-2022,ENT-TN-IMADA-1170143,high,,ENT-TN-DELEGATION-2576985BFCE5,administrative_parent,ADM4 row / research sector code 1170143; dated ADM3 parent 1170,,,verified
REL-1D74E064BAA55A5D,1.0.0,current,SRC-TN-RESEARCH-GEOMETRY-2018,ENT-TN-MUNICIPALITY-3212,medium,Approximate research topology only; this is not an administrative parent relationship.,ENT-TN-DELEGATION-386953CDE2D6,boundary_intersects,"sector evidence rows: 32511057,32519999",,,source_verified
REL-1D86C0556C02585D,1.0.0,current,SRC-TN-DGCL-MUNICIPALITIES-2024,ENT-TN-MUNICIPALITY-1725,high,,ENT-TN-GOVERNORATE-B1787F907937,administrative_parent,January 2024 workbook row: governorate 17; municipality code 1725,,,verified
REL-1DB1101F47205667,1.0.0,current,SRC-TN-HDX-CODAB-2022,ENT-TN-IMADA-116585,high,,ENT-TN-DELEGATION-0156C9A906A2,administrative_parent,ADM4 row / research sector code 116585; dated ADM3 parent 1165,,,verified
REL-1DC9E82DE4E857C3,1.0.0,current,SRC-TN-DGCL-MUNICIPALITIES-2024,ENT-TN-MUNICIPALITY-1314,high,,ENT-TN-GOVERNORATE-D5ED89886664,administrative_parent,January 2024 workbook row: governorate 13; municipality code 1314,,,verified
REL-1DE6E377560D5C04,1.0.0,current,SRC-TN-HDX-CODAB-2022,ENT-TN-IMADA-34621313,high,,ENT-TN-DELEGATION-5CE249CD9A5F,administrative_parent,ADM4 row / research sector code 34621313; dated ADM3 parent 3462,,,verified
REL-1DF848E1B5BD525D,1.0.0,current,SRC-TN-HDX-CODAB-2022,ENT-TN-IMADA-42591525,high,,ENT-TN-DELEGATION-9AB968FD4EE0,administrative_parent,ADM4 row / research sector code 42591525; dated ADM3 parent 4259,,,verified
REL-1E106E5577175E8B,1.0.0,current,SRC-TN-HDX-CODAB-2022,ENT-TN-IMADA-33611216,high,,ENT-TN-DELEGATION-8CD3CBC66F17,administrative_parent,ADM4 row / research sector code 33611216; dated ADM3 parent 3361,,,verified
REL-1E231060D6325952,1.0.0,current,SRC-TN-HDX-CODAB-2022,ENT-TN-DELEGATION-7F9EBE1F4EA1,high,,ENT-TN-GOVERNORATE-5BC9A7217C8C,administrative_parent,ADM3 row / dated 264-delegation research code 3263,,,verified
REL-1E359152D1BF596B,1.0.0,current,SRC-TN-HDX-CODAB-2022,ENT-TN-IMADA-52521769,high,,ENT-TN-DELEGATION-B117D836FA70,administrative_parent,ADM4 row / research sector code 52521769; dated ADM3 parent 5252,,,verified
REL-1E3EF92348485D2E,1.0.0,current,SRC-TN-HDX-CODAB-2022,ENT-TN-IMADA-63532047,high,,ENT-TN-DELEGATION-44DC92075FFF,administrative_parent,ADM4 row / research sector code 63532047; dated ADM3 parent 6353,,,verified
REL-1E726645FC4C5D84,1.0.0,current,SRC-TN-HDX-CODAB-2022,ENT-TN-IMADA-2458918,high,,ENT-TN-DELEGATION-2F6C05AAB735,administrative_parent,ADM4 row / research sector code 2458918; dated ADM3 parent 2458,,,verified
REL-1E727C332B3A533D,1.0.0,current,SRC-TN-HDX-CODAB-2022,ENT-TN-IMADA-2257751,high,,ENT-TN-DELEGATION-36D776E11570,administrative_parent,ADM4 row / research sector code 2257751; dated ADM3 parent 2257,,,verified
REL-1E730A5AEA8A5A04,1.0.0,current,SRC-TN-HDX-CODAB-2022,ENT-TN-IMADA-1169138,high,,ENT-TN-DELEGATION-C93CA450F43B,administrative_parent,ADM4 row / research sector code 1169138; dated ADM3 parent 1169,,,verified
REL-1E7795C87A4F5B06,1.0.0,current,SRC-TN-HDX-CODAB-2022,ENT-TN-IMADA-52561818,high,,ENT-TN-DELEGATION-584902C8EEE0,administrative_parent,ADM4 row / research sector code 52561818; dated ADM3 parent 5256,,,verified
REL-1E88ADC04E0B53E2,1.0.0,current,SRC-TN-HDX-CODAB-2022,ENT-TN-IMADA-33601208,high,,ENT-TN-DELEGATION-5D5CDCB7496E,administrative_parent,ADM4 row / research sector code 33601208; dated ADM3 parent 3360,,,verified
REL-1E911BC0FDDC5E54,1.0.0,current,SRC-TN-HDX-CODAB-2022,ENT-TN-DELEGATION-FE081F997DC5,high,,ENT-TN-GOVERNORATE-DB8D5C457676,administrative_parent,ADM3 row / dated 264-delegation research code 1163,,,verified
REL-1EA3D24266A750B1,1.0.0,current,SRC-TN-DGCL-MUNICIPALITIES-2024,ENT-TN-MUNICIPALITY-2114,high,,ENT-TN-GOVERNORATE-EA2D44B4F25E,administrative_parent,January 2024 workbook row: governorate 21; municipality code 2114,,,verified
REL-1EBA3C118ECB5076,1.0.0,current,SRC-TN-HDX-CODAB-2022,ENT-TN-IMADA-52511763,high,,ENT-TN-DELEGATION-EE60D65B9935,administrative_parent,ADM4 row / research sector code 52511763; dated ADM3 parent 5251,,,verified
REL-1EC417B851755C59,1.0.0,current,SRC-TN-DGCL-MUNICIPALITIES-2024,ENT-TN-MUNICIPALITY-1217,high,,ENT-TN-GOVERNORATE-78D6D85AF6A0,administrative_parent,January 2024 workbook row: governorate 12; municipality code 1217,,,verified
REL-1EEA667D40D658CB,1.0.0,current,SRC-TN-RESEARCH-GEOMETRY-2018,ENT-TN-MUNICIPALITY-1111,medium,Approximate research topology only; this is not an administrative parent relationship.,ENT-TN-DELEGATION-D75198EE6BB5,boundary_intersects,"sector evidence rows: 116292,116293,116294,116295,116296,1162999",,,source_verified
REL-1F0439F2811F5ECE,1.0.0,current,SRC-TN-HDX-CODAB-2022,ENT-TN-IMADA-1756524,high,,ENT-TN-DELEGATION-39EFA7D5C92F,administrative_parent,ADM4 row / research sector code 1756524; dated ADM3 parent 1756,,,verified
REL-1F048D1096425DC4,1.0.0,current,SRC-TN-HDX-CODAB-2022,ENT-TN-IMADA-2356819,high,,ENT-TN-DELEGATION-C151EAFA4BD1,administrative_parent,ADM4 row / research sector code 2356819; dated ADM3 parent 2356,,,verified
REL-1F0BC3310D0E5307,1.0.0,current,SRC-TN-HDX-CODAB-2022,ENT-TN-IMADA-34511237,high,,ENT-TN-DELEGATION-A43DBAE26B8A,administrative_parent,ADM4 row / research sector code 34511237; dated ADM3 parent 3451,,,verified
REL-1F399E2BF90A51A1,1.0.0,current,SRC-TN-RESEARCH-GEOMETRY-2018,ENT-TN-MUNICIPALITY-2418,medium,Approximate research topology only; this is not an administrative parent relationship.,ENT-TN-DELEGATION-09D1B99F85DC,boundary_intersects,"sector evidence rows: 2459924,2459925,2459926,2459927,2459928,2459929,2459930,2459931,2459932",,,source_verified
REL-1F39CD79F56C5C57,1.0.0,current,SRC-TN-HDX-CODAB-2022,ENT-TN-IMADA-51541704,high,,ENT-TN-DELEGATION-7D9681B14049,administrative_parent,ADM4 row / research sector code 51541704; dated ADM3 parent 5154,,,verified
REL-1F469B0C568A509B,1.0.0,current,SRC-TN-RESEARCH-GEOMETRY-2018,ENT-TN-MUNICIPALITY-4315,medium,Approximate research topology only; this is not an administrative parent relationship.,ENT-TN-DELEGATION-A5B79B7F0981,boundary_intersects,"sector evidence rows: 43561619,43561620,43561621",,,source_verified
REL-1F4F3A02E7BC504B,1.0.0,current,SRC-TN-HDX-CODAB-2022,ENT-TN-IMADA-116292,high,,ENT-TN-DELEGATION-D75198EE6BB5,administrative_parent,ADM4 row / research sector code 116292; dated ADM3 parent 1162,,,verified
REL-1F556A8B06C55C94,1.0.0,current,SRC-TN-HDX-CODAB-2022,ENT-TN-IMADA-41521370,high,,ENT-TN-DELEGATION-3568AB5821B0,administrative_parent,ADM4 row / research sector code 41521370; dated ADM3 parent 4152,,,verified
REL-1F6B6FCD609A5B09,1.0.0,current,SRC-LY-MOLG-MUNICIPALITIES-2026,ENT-LY-MUNICIPALITY-14B7549277FE,high,,ENT-LY-COUNTRY,administrative_parent,Municipality list entry: الجميل,,,verified
REL-1F6E540CCA82578C,1.0.0,current,SRC-TN-HDX-CODAB-2022,ENT-TN-IMADA-1169139,high,,ENT-TN-DELEGATION-C93CA450F43B,administrative_parent,ADM4 row / research sector code 1169139; dated ADM3 parent 1169,,,verified
REL-1F6F4C6C0BEC53DC,1.0.0,current,SRC-TN-HDX-CODAB-2022,ENT-TN-IMADA-61591975,high,,ENT-TN-DELEGATION-17D9D56D8808,administrative_parent,ADM4 row / research sector code 61591975; dated ADM3 parent 6159,,,verified
REL-1FA130E702F75664,1.0.0,current,SRC-TN-HDX-CODAB-2022,ENT-TN-IMADA-2151590,high,,ENT-TN-DELEGATION-89B5CE300A2D,administrative_parent,ADM4 row / research sector code 2151590; dated ADM3 parent 2151,,,verified
REL-1FA5CEB89D8B5BAC,1.0.0,current,SRC-TN-HDX-CODAB-2022,ENT-TN-IMADA-1653447,high,,ENT-TN-DELEGATION-FE6A0D05DF67,administrative_parent,ADM4 row / research sector code 1653447; dated ADM3 parent 1653,,,verified
REL-1FC8DC6620685568,1.0.0,current,SRC-TN-DGCL-MUNICIPALITIES-2024,ENT-TN-MUNICIPALITY-1516,high,,ENT-TN-GOVERNORATE-EA30E853F598,administrative_parent,January 2024 workbook row: governorate 15; municipality code 1516,,,verified
REL-1FDB449D5BF25FCA,1.0.0,current,SRC-TN-HDX-CODAB-2022,ENT-TN-DELEGATION-DAC482090AC5,high,,ENT-TN-GOVERNORATE-D7972CC63F7E,administrative_parent,ADM3 row / dated 264-delegation research code 6255,,,verified
REL-1FF7D79ABE8551B3,1.0.0,current,SRC-TN-RESEARCH-GEOMETRY-2018,ENT-TN-MUNICIPALITY-3328,medium,Approximate research topology only; this is not an administrative parent relationship.,ENT-TN-DELEGATION-5D5CDCB7496E,boundary_intersects,"sector evidence rows: 33601204,33601208,33601209,33601210,33601211",,,source_verified
REL-1FFB4B9AF17D55E7,1.0.0,current,SRC-TN-HDX-CODAB-2022,ENT-TN-IMADA-51571732,high,,ENT-TN-DELEGATION-5BAD0A66CCEB,administrative_parent,ADM4 row / research sector code 51571732; dated ADM3 parent 5157,,,verified
REL-202ED73AAD20592A,1.0.0,current,SRC-TN-HDX-CODAB-2022,ENT-TN-DELEGATION-9D652FC873EB,high,,ENT-TN-GOVERNORATE-07DB5E6D265C,administrative_parent,ADM3 row / dated 264-delegation research code 3153,,,verified
REL-20353A55CDDF545C,1.0.0,current,SRC-TN-HDX-CODAB-2022,ENT-TN-IMADA-2461945,high,,ENT-TN-DELEGATION-BE50E5DE6BD2,administrative_parent,ADM4 row / research sector code 2461945; dated ADM3 parent 2461,,,verified
REL-203613C2AF8256B0,1.0.0,current,SRC-TN-HDX-CODAB-2022,ENT-TN-IMADA-42611547,high,,ENT-TN-DELEGATION-52AE19694D81,administrative_parent,ADM4 row / research sector code 42611547; dated ADM3 parent 4261,,,verified
REL-204309927927565D,1.0.0,current,SRC-TN-HDX-CODAB-2022,ENT-TN-IMADA-42551495,high,,ENT-TN-DELEGATION-5D62B4C8161F,administrative_parent,ADM4 row / research sector code 42551495; dated ADM3 parent 4255,,,verified
REL-2052735E8FC65DEF,1.0.0,current,SRC-TN-RESEARCH-GEOMETRY-2018,ENT-TN-MUNICIPALITY-6312,medium,Approximate research topology only; this is not an administrative parent relationship.,ENT-TN-DELEGATION-83574F602607,boundary_intersects,"sector evidence rows: 63512028,63512029",,,source_verified
REL-205C2A5B5B2D5533,1.0.0,current,SRC-TN-HDX-CODAB-2022,ENT-TN-IMADA-53551896,high,,ENT-TN-DELEGATION-2D3CF4EC1C11,administrative_parent,ADM4 row / research sector code 53551896; dated ADM3 parent 5355,,,verified
REL-205C7765D8D55524,1.0.0,current,SRC-TN-HDX-CODAB-2022,ENT-TN-IMADA-52591841,high,,ENT-TN-DELEGATION-F6FA367C4B52,administrative_parent,ADM4 row / research sector code 52591841; dated ADM3 parent 5259,,,verified
REL-2068B42652AD519D,1.0.0,current,SRC-TN-HDX-CODAB-2022,ENT-TN-IMADA-52521771,high,,ENT-TN-DELEGATION-B117D836FA70,administrative_parent,ADM4 row / research sector code 52521771; dated ADM3 parent 5252,,,verified
REL-207B189B41B15185,1.0.0,current,SRC-TN-HDX-CODAB-2022,ENT-TN-IMADA-52511758,high,,ENT-TN-DELEGATION-EE60D65B9935,administrative_parent,ADM4 row / research sector code 52511758; dated ADM3 parent 5251,,,verified
REL-2082FB3C1A9F572A,1.0.0,current,SRC-TN-HDX-CODAB-2022,ENT-TN-IMADA-43511576,high,,ENT-TN-DELEGATION-DB05A1325AE3,administrative_parent,ADM4 row / research sector code 43511576; dated ADM3 parent 4351,,,verified
REL-20A75D0AAE065781,1.0.0,current,SRC-TN-HDX-CODAB-2022,ENT-TN-IMADA-2252690,high,,ENT-TN-DELEGATION-A2C2D831ECC0,administrative_parent,ADM4 row / research sector code 2252690; dated ADM3 parent 2252,,,verified
REL-20B2BA1AD94D5152,1.0.0,current,SRC-TN-DGCL-MUNICIPALITIES-2024,ENT-TN-MUNICIPALITY-6211,high,,ENT-TN-GOVERNORATE-D7972CC63F7E,administrative_parent,January 2024 workbook row: governorate 62; municipality code 6211,,,verified
REL-20B6E25FEA3D5356,1.0.0,current,SRC-TN-HDX-CODAB-2022,ENT-TN-IMADA-2257747,high,,ENT-TN-DELEGATION-36D776E11570,administrative_parent,ADM4 row / research sector code 2257747; dated ADM3 parent 2257,,,verified
REL-20B87FBD0AAF5BDC,1.0.0,current,SRC-TN-HDX-CODAB-2022,ENT-TN-IMADA-33511126,high,,ENT-TN-DELEGATION-E56B524C71BE,administrative_parent,ADM4 row / research sector code 33511126; dated ADM3 parent 3351,,,verified
REL-20BBACA5DF3A5AE6,1.0.0,current,SRC-TN-HDX-CODAB-2022,ENT-TN-IMADA-33561176,high,,ENT-TN-DELEGATION-706200A5C126,administrative_parent,ADM4 row / research sector code 33561176; dated ADM3 parent 3356,,,verified
REL-20E2452BDA885B03,1.0.0,current,SRC-TN-HDX-CODAB-2022,ENT-TN-DELEGATION-0A43143796F7,high,,ENT-TN-GOVERNORATE-7A4D0C3A889C,administrative_parent,ADM3 row / dated 264-delegation research code 2254,,,verified
REL-211979DFCB4F581C,1.0.0,current,SRC-TN-HDX-CODAB-2022,ENT-TN-IMADA-2154616,high,,ENT-TN-DELEGATION-028DF902ABF9,administrative_parent,ADM4 row / research sector code 2154616; dated ADM3 parent 2154,,,verified
REL-2121014D6ECC55E6,1.0.0,current,SRC-TN-HDX-CODAB-2022,ENT-TN-IMADA-1551331,high,,ENT-TN-DELEGATION-909BD4DC039A,administrative_parent,ADM4 row / research sector code 1551331; dated ADM3 parent 1551,,,verified
REL-213572B7999459BC,1.0.0,current,SRC-TN-DGCL-MUNICIPALITIES-2024,ENT-TN-MUNICIPALITY-6116,high,,ENT-TN-GOVERNORATE-467CAA2B1928,administrative_parent,January 2024 workbook row: governorate 61; municipality code 6116,,,verified
REL-2141533B9ABC5EBE,1.0.0,current,SRC-TN-HDX-CODAB-2022,ENT-TN-IMADA-2458920,high,,ENT-TN-DELEGATION-2F6C05AAB735,administrative_parent,ADM4 row / research sector code 2458920; dated ADM3 parent 2458,,,verified
REL-215EC587808C5C17,1.0.0,current,SRC-LY-MOLG-MUNICIPALITIES-2026,ENT-LY-MUNICIPALITY-67BDC85C1CB5,high,,ENT-LY-COUNTRY,administrative_parent,Municipality list entry: تاورغاء,,,verified
REL-216F305788C95EC1,1.0.0,current,SRC-TN-HDX-CODAB-2022,ENT-TN-IMADA-3156974,high,,ENT-TN-DELEGATION-5CA39F3BFF07,administrative_parent,ADM4 row / research sector code 3156974; dated ADM3 parent 3156,,,verified
REL-2173DF8C41D5514F,1.0.0,current,SRC-TN-HDX-CODAB-2022,ENT-TN-IMADA-41541396,high,,ENT-TN-DELEGATION-A6D2E459547E,administrative_parent,ADM4 row / research sector code 41541396; dated ADM3 parent 4154,,,verified
REL-2184C32BAF5A5698,1.0.0,current,SRC-TN-HDX-CODAB-2022,ENT-TN-IMADA-1553342,high,,ENT-TN-DELEGATION-00F12985BEC9,administrative_parent,ADM4 row / research sector code 1553342; dated ADM3 parent 1553,,,verified
REL-2192F6E3B3DC52DB,1.0.0,current,SRC-TN-HDX-CODAB-2022,ENT-TN-DELEGATION-10DD70515DA0,high,,ENT-TN-GOVERNORATE-D5ED89886664,administrative_parent,ADM3 row / dated 264-delegation research code 1352,,,verified
REL-21A8C1215EE95E1D,1.0.0,current,SRC-TN-HDX-CODAB-2022,ENT-TN-IMADA-31621017,high,,ENT-TN-DELEGATION-BFF07C1D0C4A,administrative_parent,ADM4 row / research sector code 31621017; dated ADM3 parent 3162,,,verified
REL-21B64F9E0250555B,1.0.0,current,SRC-TN-HDX-CODAB-2022,ENT-TN-IMADA-1557369,high,,ENT-TN-DELEGATION-6DD1C12A1852,administrative_parent,ADM4 row / research sector code 1557369; dated ADM3 parent 1557,,,verified
REL-21BD47620A8B5851,1.0.0,current,SRC-TN-HDX-CODAB-2022,ENT-TN-IMADA-42591528,high,,ENT-TN-DELEGATION-9AB968FD4EE0,administrative_parent,ADM4 row / research sector code 42591528; dated ADM3 parent 4259,,,verified
REL-21BE9827746F5D7E,1.0.0,current,SRC-TN-HDX-CODAB-2022,ENT-TN-IMADA-34601293,high,,ENT-TN-DELEGATION-15A144D6467E,administrative_parent,ADM4 row / research sector code 34601293; dated ADM3 parent 3460,,,verified
REL-21ECE11FAEDB5CF1,1.0.0,current,SRC-TN-HDX-CODAB-2022,ENT-TN-IMADA-53571908,high,,ENT-TN-DELEGATION-4A4ADB1F39D5,administrative_parent,ADM4 row / research sector code 53571908; dated ADM3 parent 5357,,,verified
REL-21EDD9BF6CA25678,1.0.0,current,SRC-TN-HDX-CODAB-2022,ENT-TN-DELEGATION-08BF6BF26FFF,high,,ENT-TN-GOVERNORATE-467CAA2B1928,administrative_parent,ADM3 row / dated 264-delegation research code 6151,,,verified
REL-21FDC17699695937,1.0.0,current,SRC-TN-HDX-CODAB-2022,ENT-TN-IMADA-51601756,high,,ENT-TN-DELEGATION-5BB9BF889AC5,administrative_parent,ADM4 row / research sector code 51601756; dated ADM3 parent 5160,,,verified
REL-21FE82CAB8D5545E,1.0.0,current,SRC-TN-HDX-CODAB-2022,ENT-TN-IMADA-42591529,high,,ENT-TN-DELEGATION-9AB968FD4EE0,administrative_parent,ADM4 row / research sector code 42591529; dated ADM3 parent 4259,,,verified
REL-220CA5A7D467596B,1.0.0,current,SRC-TN-HDX-CODAB-2022,ENT-TN-IMADA-1754502,high,,ENT-TN-DELEGATION-00E4826B36E2,administrative_parent,ADM4 row / research sector code 1754502; dated ADM3 parent 1754,,,verified
REL-220E630E14D55B68,1.0.0,current,SRC-TN-HDX-CODAB-2022,ENT-TN-IMADA-33511128,high,,ENT-TN-DELEGATION-E56B524C71BE,administrative_parent,ADM4 row / research sector code 33511128; dated ADM3 parent 3351,,,verified
REL-22110C60EE875486,1.0.0,current,SRC-TN-HDX-CODAB-2022,ENT-TN-IMADA-53571911,high,,ENT-TN-DELEGATION-4A4ADB1F39D5,administrative_parent,ADM4 row / research sector code 53571911; dated ADM3 parent 5357,,,verified
REL-2221B4819EAB594B,1.0.0,current,SRC-TN-HDX-CODAB-2022,ENT-TN-IMADA-1167119,high,,ENT-TN-DELEGATION-40268C8E9C06,administrative_parent,ADM4 row / research sector code 1167119; dated ADM3 parent 1167,,,verified
REL-22256B57B2BF52BE,1.0.0,current,SRC-TN-DGCL-MUNICIPALITIES-2024,ENT-TN-MUNICIPALITY-2316,high,,ENT-TN-GOVERNORATE-0D738EAC753C,administrative_parent,January 2024 workbook row: governorate 23; municipality code 2316,,,verified
REL-2247F93DFD845BF4,1.0.0,current,SRC-TN-HDX-CODAB-2022,ENT-TN-IMADA-32541069,high,,ENT-TN-DELEGATION-EFAC1514C55E,administrative_parent,ADM4 row / research sector code 32541069; dated ADM3 parent 3254,,,verified
REL-2254B01CDE1A538D,1.0.0,current,SRC-TN-HDX-CODAB-2022,ENT-TN-IMADA-2258759,high,,ENT-TN-DELEGATION-7B1B28620EBA,administrative_parent,ADM4 row / research sector code 2258759; dated ADM3 parent 2258,,,verified
REL-22589B89442D5CCE,1.0.0,current,SRC-TN-HDX-CODAB-2022,ENT-TN-IMADA-116295,high,,ENT-TN-DELEGATION-D75198EE6BB5,administrative_parent,ADM4 row / research sector code 116295; dated ADM3 parent 1162,,,verified
REL-226627D315B652B4,1.0.0,current,SRC-TN-HDX-CODAB-2022,ENT-TN-IMADA-2360847,high,,ENT-TN-DELEGATION-0AAD4BD027D5,administrative_parent,ADM4 row / research sector code 2360847; dated ADM3 parent 2360,,,verified
REL-226B049B1EBF553B,1.0.0,current,SRC-TN-HDX-CODAB-2022,ENT-TN-DELEGATION-3DDA099AD6C7,high,,ENT-TN-GOVERNORATE-CC06DF550344,administrative_parent,ADM3 row / dated 264-delegation research code 1454,,,verified
REL-226C302FD8FA5A2F,1.0.0,current,SRC-TN-HDX-CODAB-2022,ENT-TN-DELEGATION-F6FA367C4B52,high,,ENT-TN-GOVERNORATE-902616FE3988,administrative_parent,ADM3 row / dated 264-delegation research code 5259,,,verified
REL-2284E2419E62544E,1.0.0,current,SRC-TN-HDX-CODAB-2022,ENT-TN-IMADA-32561083,high,,ENT-TN-DELEGATION-9D23A36B72E1,administrative_parent,ADM4 row / research sector code 32561083; dated ADM3 parent 3256,,,verified
REL-2286CA0161FC5719,1.0.0,current,SRC-TN-HDX-CODAB-2022,ENT-TN-IMADA-34571272,high,,ENT-TN-DELEGATION-B1DB2FE90D10,administrative_parent,ADM4 row / research sector code 34571272; dated ADM3 parent 3457,,,verified
REL-228E5D11FF8F5BB0,1.0.0,current,SRC-TN-HDX-CODAB-2022,ENT-TN-IMADA-115425,high,,ENT-TN-DELEGATION-22BE73F7EFB2,administrative_parent,ADM4 row / research sector code 115425; dated ADM3 parent 1154,,,verified
REL-228E8092A94A5F14,1.0.0,current,SRC-TN-HDX-CODAB-2022,ENT-TN-IMADA-1751479,high,,ENT-TN-DELEGATION-AADE7E444312,administrative_parent,ADM4 row / research sector code 1751479; dated ADM3 parent 1751,,,verified
REL-22DE9D23DCA65F8E,1.0.0,current,SRC-TN-RESEARCH-GEOMETRY-2018,ENT-TN-MUNICIPALITY-5111,medium,Approximate research topology only; this is not an administrative parent relationship.,ENT-TN-DELEGATION-7075A1113804,boundary_intersects,"sector evidence rows: 51511684,51511685,51511686,51511687,51511688",,,source_verified
REL-231A88355C29505C,1.0.0,historical,SRC-LY-BSC-CENSUS-2006,ENT-LY-SHABIYA-HISTORICAL-C8414D939B65,high,Historical hierarchy snapshot only.,ENT-LY-COUNTRY,administrative_parent,2006 census region: المرج,,,verified
REL-231B3FAD1C555ED4,1.0.0,current,SRC-TN-HDX-CODAB-2022,ENT-TN-IMADA-34551265,high,,ENT-TN-DELEGATION-CC6DBA2640FB,administrative_parent,ADM4 row / research sector code 34551265; dated ADM3 parent 3455,,,verified
REL-23282B6932A35F91,1.0.0,current,SRC-TN-HDX-CODAB-2022,ENT-TN-IMADA-2358833,high,,ENT-TN-DELEGATION-9D12AE8B04F4,administrative_parent,ADM4 row / research sector code 2358833; dated ADM3 parent 2358,,,verified
REL-23509D1725585C1D,1.0.0,current,SRC-TN-HDX-CODAB-2022,ENT-TN-IMADA-1560386,high,,ENT-TN-DELEGATION-29092E1ECD11,administrative_parent,ADM4 row / research sector code 1560386; dated ADM3 parent 1560,,,verified
REL-236358DA04BB58DA,1.0.0,current,SRC-TN-HDX-CODAB-2022,ENT-TN-IMADA-2353791,high,,ENT-TN-DELEGATION-F153AA210A4D,administrative_parent,ADM4 row / research sector code 2353791; dated ADM3 parent 2353,,,verified
REL-236717C5414E5A7B,1.0.0,current,SRC-TN-HDX-CODAB-2022,ENT-TN-IMADA-52551815,high,,ENT-TN-DELEGATION-6EFE1FF87CAA,administrative_parent,ADM4 row / research sector code 52551815; dated ADM3 parent 5255,,,verified
REL-238D4E6333EB56F9,1.0.0,current,SRC-TN-HDX-CODAB-2022,ENT-TN-IMADA-2157649,high,,ENT-TN-DELEGATION-CCDB3F1D6604,administrative_parent,ADM4 row / research sector code 2157649; dated ADM3 parent 2157,,,verified
REL-23D6261D6C485CB2,1.0.0,current,SRC-TN-HDX-CODAB-2022,ENT-TN-IMADA-34641331,high,,ENT-TN-DELEGATION-02E328685503,administrative_parent,ADM4 row / research sector code 34641331; dated ADM3 parent 3464,,,verified
REL-23DE466EF186513F,1.0.0,current,SRC-TN-HDX-CODAB-2022,ENT-TN-IMADA-2253706,high,,ENT-TN-DELEGATION-997BFDED88CF,administrative_parent,ADM4 row / research sector code 2253706; dated ADM3 parent 2253,,,verified
REL-23F15777D0A356DE,1.0.0,current,SRC-TN-HDX-CODAB-2022,ENT-TN-IMADA-1752491,high,,ENT-TN-DELEGATION-FCEB64E05ED0,administrative_parent,ADM4 row / research sector code 1752491; dated ADM3 parent 1752,,,verified
REL-240614BBC09C58EE,1.0.0,current,SRC-TN-HDX-CODAB-2022,ENT-TN-IMADA-34601295,high,,ENT-TN-DELEGATION-15A144D6467E,administrative_parent,ADM4 row / research sector code 34601295; dated ADM3 parent 3460,,,verified
REL-2421014F48F05242,1.0.0,current,SRC-TN-HDX-CODAB-2022,ENT-TN-IMADA-41581438,high,,ENT-TN-DELEGATION-A9A2E64081DA,administrative_parent,ADM4 row / research sector code 41581438; dated ADM3 parent 4158,,,verified
REL-2425F9B1B8385A91,1.0.0,current,SRC-TN-HDX-CODAB-2022,ENT-TN-DELEGATION-148C846991C4,high,,ENT-TN-GOVERNORATE-B1787F907937,administrative_parent,ADM3 row / dated 264-delegation research code 1755,,,verified
REL-24487E6AF2525644,1.0.0,current,SRC-TN-DGCL-MUNICIPALITIES-2024,ENT-TN-MUNICIPALITY-3226,high,,ENT-TN-GOVERNORATE-5BC9A7217C8C,administrative_parent,January 2024 workbook row: governorate 32; municipality code 3226,,,verified
REL-244B125325395218,1.0.0,current,SRC-TN-HDX-CODAB-2022,ENT-TN-IMADA-2452876,high,,ENT-TN-DELEGATION-37E43863E13C,administrative_parent,ADM4 row / research sector code 2452876; dated ADM3 parent 2452,,,verified
REL-245F1A324DB15455,1.0.0,current,SRC-TN-RESEARCH-GEOMETRY-2018,ENT-TN-MUNICIPALITY-1524,medium,Approximate research topology only; this is not an administrative parent relationship.,ENT-TN-DELEGATION-D59DE8736127,boundary_intersects,"sector evidence rows: 1558372,1558373",,,source_verified
REL-246BA5AA90215234,1.0.0,current,SRC-TN-HDX-CODAB-2022,ENT-TN-IMADA-31611012,high,,ENT-TN-DELEGATION-D06EBCEA26BA,administrative_parent,ADM4 row / research sector code 31611012; dated ADM3 parent 3161,,,verified
REL-246D87573D6D57BA,1.0.0,current,SRC-TN-HDX-CODAB-2022,ENT-TN-IMADA-1556360,high,,ENT-TN-DELEGATION-8CCC58460F99,administrative_parent,ADM4 row / research sector code 1556360; dated ADM3 parent 1556,,,verified
REL-24734FFB7589514A,1.0.0,current,SRC-TN-HDX-CODAB-2022,ENT-TN-IMADA-61541934,high,,ENT-TN-DELEGATION-7A57DEB42C2E,administrative_parent,ADM4 row / research sector code 61541934; dated ADM3 parent 6154,,,verified
REL-2490D41BAA3E5C0B,1.0.0,current,SRC-TN-HDX-CODAB-2022,ENT-TN-DELEGATION-2230C03437B2,high,,ENT-TN-GOVERNORATE-78D6D85AF6A0,administrative_parent,ADM3 row / dated 264-delegation research code 1252,,,verified
REL-2492B26894C2512C,1.0.0,current,SRC-TN-HDX-CODAB-2022,ENT-TN-IMADA-52541799,high,,ENT-TN-DELEGATION-F7ED4B759BD6,administrative_parent,ADM4 row / research sector code 52541799; dated ADM3 parent 5254,,,verified
REL-24D78A79300E5C0F,1.0.0,current,SRC-TN-HDX-CODAB-2022,ENT-TN-IMADA-1360256,high,,ENT-TN-DELEGATION-01345A7C882C,administrative_parent,ADM4 row / research sector code 1360256; dated ADM3 parent 1360,,,verified
REL-24E5AEBA0349558A,1.0.0,current,SRC-TN-HDX-CODAB-2022,ENT-TN-IMADA-43591646,high,,ENT-TN-DELEGATION-21E89D9190E3,administrative_parent,ADM4 row / research sector code 43591646; dated ADM3 parent 4359,,,verified
REL-24E67687ADD953D5,1.0.0,current,SRC-TN-HDX-CODAB-2022,ENT-TN-IMADA-1559378,high,,ENT-TN-DELEGATION-ACB1178786DC,administrative_parent,ADM4 row / research sector code 1559378; dated ADM3 parent 1559,,,verified
REL-25073C3EAA01584E,1.0.0,current,SRC-TN-HDX-CODAB-2022,ENT-TN-IMADA-32591106,high,,ENT-TN-DELEGATION-714F4FED1031,administrative_parent,ADM4 row / research sector code 32591106; dated ADM3 parent 3259,,,verified
REL-251CE3207EE65A1C,1.0.0,current,SRC-TN-HDX-CODAB-2022,ENT-TN-IMADA-3155967,high,,ENT-TN-DELEGATION-14FA2AE0C064,administrative_parent,ADM4 row / research sector code 3155967; dated ADM3 parent 3155,,,verified
REL-2542ABF38BD05E9F,1.0.0,current,SRC-TN-HDX-CODAB-2022,ENT-TN-IMADA-1754509,high,,ENT-TN-DELEGATION-00E4826B36E2,administrative_parent,ADM4 row / research sector code 1754509; dated ADM3 parent 1754,,,verified
REL-2545310EE7BB5E04,1.0.0,current,SRC-TN-HDX-CODAB-2022,ENT-TN-IMADA-1359250,high,,ENT-TN-DELEGATION-28027896EDDD,administrative_parent,ADM4 row / research sector code 1359250; dated ADM3 parent 1359,,,verified
REL-2548304B57DC59EC,1.0.0,current,SRC-TN-HDX-CODAB-2022,ENT-TN-IMADA-33611224,high,,ENT-TN-DELEGATION-8CD3CBC66F17,administrative_parent,ADM4 row / research sector code 33611224; dated ADM3 parent 3361,,,verified
REL-255A5355B5C35853,1.0.0,current,SRC-TN-HDX-CODAB-2022,ENT-TN-IMADA-51531696,high,,ENT-TN-DELEGATION-5B401B5FE360,administrative_parent,ADM4 row / research sector code 51531696; dated ADM3 parent 5153,,,verified
REL-2574E725F0955E54,1.0.0,current,SRC-TN-HDX-CODAB-2022,ENT-TN-IMADA-51571731,high,,ENT-TN-DELEGATION-5BAD0A66CCEB,administrative_parent,ADM4 row / research sector code 51571731; dated ADM3 parent 5157,,,verified
REL-259B9F6C93915A8A,1.0.0,current,SRC-TN-HDX-CODAB-2022,ENT-TN-IMADA-2352777,high,,ENT-TN-DELEGATION-D4441080949B,administrative_parent,ADM4 row / research sector code 2352777; dated ADM3 parent 2352,,,verified
REL-25AB5A0A802750B2,1.0.0,current,SRC-TN-HDX-CODAB-2022,ENT-TN-DELEGATION-0B11B353C556,high,,ENT-TN-GOVERNORATE-DB8D5C457676,administrative_parent,ADM3 row / dated 264-delegation research code 1159,,,verified
REL-25DD5EB306D1573B,1.0.0,current,SRC-TN-HDX-CODAB-2022,ENT-TN-IMADA-1566420,high,,ENT-TN-DELEGATION-B95D26E1207F,administrative_parent,ADM4 row / research sector code 1566420; dated ADM3 parent 1566,,,verified
REL-25E02F589E755826,1.0.0,current,SRC-TN-HDX-CODAB-2022,ENT-TN-IMADA-51531702,high,,ENT-TN-DELEGATION-5B401B5FE360,administrative_parent,ADM4 row / research sector code 51531702; dated ADM3 parent 5153,,,verified
REL-25E7D3A8395B5F4C,1.0.0,current,SRC-TN-HDX-CODAB-2022,ENT-TN-IMADA-11621482,high,,ENT-TN-DELEGATION-762D553CB7DA,administrative_parent,ADM4 row / research sector code 11621482; dated ADM3 parent 4253,,,verified
REL-25E87F2F9C5F5A66,1.0.0,current,SRC-TN-HDX-CODAB-2022,ENT-TN-IMADA-2255717,high,,ENT-TN-DELEGATION-3D8C44AF7D14,administrative_parent,ADM4 row / research sector code 2255717; dated ADM3 parent 2255,,,verified
REL-25F70E4780B455A3,1.0.0,current,SRC-TN-HDX-CODAB-2022,ENT-TN-IMADA-115553,high,,ENT-TN-DELEGATION-6027493801C5,administrative_parent,ADM4 row / research sector code 115553; dated ADM3 parent 1155,,,verified
REL-26312C435908524D,1.0.0,current,SRC-TN-HDX-CODAB-2022,ENT-TN-IMADA-2251684,high,,ENT-TN-DELEGATION-819F7F2E27F9,administrative_parent,ADM4 row / research sector code 2251684; dated ADM3 parent 2251,,,verified
REL-2646EAD728F0595C,1.0.0,current,SRC-LY-MOLG-MUNICIPALITIES-2026,ENT-LY-MUNICIPALITY-80B4FBE143D0,high,,ENT-LY-COUNTRY,administrative_parent,Municipality list entry: امساعد,,,verified
REL-267656697521544C,1.0.0,current,SRC-TN-HDX-CODAB-2022,ENT-TN-IMADA-62552023,high,,ENT-TN-DELEGATION-DAC482090AC5,administrative_parent,ADM4 row / research sector code 62552023; dated ADM3 parent 6255,,,verified
REL-2685BF708A525166,1.0.0,current,SRC-TN-HDX-CODAB-2022,ENT-TN-IMADA-43571626,high,,ENT-TN-DELEGATION-69C4DE6E547E,administrative_parent,ADM4 row / research sector code 43571626; dated ADM3 parent 4357,,,verified
REL-268ADC58A1395885,1.0.0,current,SRC-TN-HDX-CODAB-2022,ENT-TN-IMADA-53531887,high,,ENT-TN-DELEGATION-9571A404E72D,administrative_parent,ADM4 row / research sector code 53531887; dated ADM3 parent 5353,,,verified
REL-268F9C12F6115102,1.0.0,current,SRC-TN-HDX-CODAB-2022,ENT-TN-IMADA-53521876,high,,ENT-TN-DELEGATION-D3ABF7936ACA,administrative_parent,ADM4 row / research sector code 53521876; dated ADM3 parent 5352,,,verified
REL-26DB8F1D495A595E,1.0.0,current,SRC-TN-DGCL-MUNICIPALITIES-2024,ENT-TN-MUNICIPALITY-2412,high,,ENT-TN-GOVERNORATE-A460B4F223EB,administrative_parent,January 2024 workbook row: governorate 24; municipality code 2412,,,verified
REL-26EF2F017F0258B5,1.0.0,current,SRC-TN-HDX-CODAB-2022,ENT-TN-DELEGATION-D06EBCEA26BA,high,,ENT-TN-GOVERNORATE-07DB5E6D265C,administrative_parent,ADM3 row / dated 264-delegation research code 3161,,,verified
REL-270E6787D0E85E60,1.0.0,current,SRC-TN-HDX-CODAB-2022,ENT-TN-IMADA-34591285,high,,ENT-TN-DELEGATION-D8723103173B,administrative_parent,ADM4 row / research sector code 34591285; dated ADM3 parent 3459,,,verified
REL-2719263486075EAB,1.0.0,current,SRC-TN-HDX-CODAB-2022,ENT-TN-IMADA-1554349,high,,ENT-TN-DELEGATION-25551A4A8808,administrative_parent,ADM4 row / research sector code 1554349; dated ADM3 parent 1554,,,verified
REL-272A1D28DEE25DFB,1.0.0,current,SRC-TN-HDX-CODAB-2022,ENT-TN-IMADA-2459928,high,,ENT-TN-DELEGATION-09D1B99F85DC,administrative_parent,ADM4 row / research sector code 2459928; dated ADM3 parent 2459,,,verified
REL-276DE5C57BE65D57,1.0.0,current,SRC-TN-RESEARCH-GEOMETRY-2018,ENT-TN-MUNICIPALITY-3219,medium,Approximate research topology only; this is not an administrative parent relationship.,ENT-TN-DELEGATION-9D23A36B72E1,boundary_intersects,"sector evidence rows: 32561078,32561079,32561080,32561081,32561086",,,source_verified
REL-277AC0EE0EA55815,1.0.0,current,SRC-TN-HDX-CODAB-2022,ENT-TN-DELEGATION-FE6A0D05DF67,high,,ENT-TN-GOVERNORATE-81845FB6BE40,administrative_parent,ADM3 row / dated 264-delegation research code 1653,,,verified
REL-278AE658986B5559,1.0.0,current,SRC-TN-HDX-CODAB-2022,ENT-TN-IMADA-2154620,high,,ENT-TN-DELEGATION-028DF902ABF9,administrative_parent,ADM4 row / research sector code 2154620; dated ADM3 parent 2154,,,verified
REL-2796CD5C3DCB5E9A,1.0.0,current,SRC-TN-HDX-CODAB-2022,ENT-TN-IMADA-51581735,high,,ENT-TN-DELEGATION-F7614EE1CE5C,administrative_parent,ADM4 row / research sector code 51581735; dated ADM3 parent 5158,,,verified
REL-279CA4D06B2A56B8,1.0.0,current,SRC-TN-HDX-CODAB-2022,ENT-TN-IMADA-42591526,high,,ENT-TN-DELEGATION-9AB968FD4EE0,administrative_parent,ADM4 row / research sector code 42591526; dated ADM3 parent 4259,,,verified
REL-27A0F8A9DD34560F,1.0.0,current,SRC-TN-HDX-CODAB-2022,ENT-TN-IMADA-1751475,high,,ENT-TN-DELEGATION-AADE7E444312,administrative_parent,ADM4 row / research sector code 1751475; dated ADM3 parent 1751,,,verified
REL-27CB6C6EFCBD5993,1.0.0,current,SRC-TN-HDX-CODAB-2022,ENT-TN-IMADA-53541892,high,,ENT-TN-DELEGATION-390678B1D4C7,administrative_parent,ADM4 row / research sector code 53541892; dated ADM3 parent 5354,,,verified
REL-27D08CFBAE0651F5,1.0.0,current,SRC-TN-HDX-CODAB-2022,ENT-TN-IMADA-2454888,high,,ENT-TN-DELEGATION-AF66ED06B9B8,administrative_parent,ADM4 row / research sector code 2454888; dated ADM3 parent 2454,,,verified
REL-27DEA85420A95E59,1.0.0,current,SRC-TN-HDX-CODAB-2022,ENT-TN-IMADA-32561080,high,,ENT-TN-DELEGATION-9D23A36B72E1,administrative_parent,ADM4 row / research sector code 32561080; dated ADM3 parent 3256,,,verified
REL-27EC05C87C3F5AB3,1.0.0,current,SRC-TN-HDX-CODAB-2022,ENT-TN-IMADA-52591840,high,,ENT-TN-DELEGATION-F6FA367C4B52,administrative_parent,ADM4 row / research sector code 52591840; dated ADM3 parent 5259,,,verified
REL-280F4812F82656A5,1.0.0,current,SRC-TN-HDX-CODAB-2022,ENT-TN-IMADA-33571189,high,,ENT-TN-DELEGATION-47EFAA8BC79F,administrative_parent,ADM4 row / research sector code 33571189; dated ADM3 parent 3357,,,verified
REL-285871C16C925F48,1.0.0,current,SRC-TN-HDX-CODAB-2022,ENT-TN-IMADA-1654459,high,,ENT-TN-DELEGATION-43EBF7A156A6,administrative_parent,ADM4 row / research sector code 1654459; dated ADM3 parent 1654,,,verified
REL-286A3173E88C5E43,1.0.0,current,SRC-TN-HDX-CODAB-2022,ENT-TN-IMADA-1354227,high,,ENT-TN-DELEGATION-A6449AC11294,administrative_parent,ADM4 row / research sector code 1354227; dated ADM3 parent 1354,,,verified
REL-28971935C1DE5538,1.0.0,current,SRC-TN-HDX-CODAB-2022,ENT-TN-IMADA-61521926,high,,ENT-TN-DELEGATION-A20DE8BF6185,administrative_parent,ADM4 row / research sector code 61521926; dated ADM3 parent 6152,,,verified
REL-28DD28E0900454E4,1.0.0,current,SRC-TN-HDX-CODAB-2022,ENT-TN-IMADA-53551895,high,,ENT-TN-DELEGATION-2D3CF4EC1C11,administrative_parent,ADM4 row / research sector code 53551895; dated ADM3 parent 5355,,,verified
REL-28E5E24F0F7357BB,1.0.0,current,SRC-TN-RESEARCH-GEOMETRY-2018,ENT-TN-MUNICIPALITY-3232,medium,Approximate research topology only; this is not an administrative parent relationship.,ENT-TN-DELEGATION-714F4FED1031,boundary_intersects,"sector evidence rows: 32591105,32591106,32591107,32599999",,,source_verified
REL-28E82FBC23845411,1.0.0,current,SRC-TN-HDX-CODAB-2022,ENT-TN-IMADA-1169140,high,,ENT-TN-DELEGATION-C93CA450F43B,administrative_parent,ADM4 row / research sector code 1169140; dated ADM3 parent 1169,,,verified
REL-29003217011E5111,1.0.0,current,SRC-TN-HDX-CODAB-2022,ENT-TN-IMADA-2453882,high,,ENT-TN-DELEGATION-E6F9AC3B6A1F,administrative_parent,ADM4 row / research sector code 2453882; dated ADM3 parent 2453,,,verified
REL-290AC9FE84D557C7,1.0.0,current,SRC-LY-MOLG-MUNICIPALITIES-2026,ENT-LY-MUNICIPALITY-B59B50E775C4,high,,ENT-LY-COUNTRY,administrative_parent,Municipality list entry: هراوة,,,verified
REL-291A81ABDC585067,1.0.0,current,SRC-TN-HDX-CODAB-2022,ENT-TN-IMADA-34611301,high,,ENT-TN-DELEGATION-0B9CE76F3AD6,administrative_parent,ADM4 row / research sector code 34611301; dated ADM3 parent 3461,,,verified
REL-29207AEB9FFD5E4A,1.0.0,current,SRC-TN-HDX-CODAB-2022,ENT-TN-IMADA-61551951,high,,ENT-TN-DELEGATION-57457D07E717,administrative_parent,ADM4 row / research sector code 61551951; dated ADM3 parent 6155,,,verified
REL-292B7E103284524F,1.0.0,current,SRC-TN-HDX-CODAB-2022,ENT-TN-IMADA-1167122,high,,ENT-TN-DELEGATION-40268C8E9C06,administrative_parent,ADM4 row / research sector code 1167122; dated ADM3 parent 1167,,,verified
REL-29359DFEE34D54FB,1.0.0,current,SRC-TN-HDX-CODAB-2022,ENT-TN-IMADA-42561508,high,,ENT-TN-DELEGATION-FD2AE43A4C3D,administrative_parent,ADM4 row / research sector code 42561508; dated ADM3 parent 4256,,,verified
REL-29451CEE658A5267,1.0.0,current,SRC-TN-HDX-CODAB-2022,ENT-TN-DELEGATION-36BABB1475F8,high,,ENT-TN-GOVERNORATE-DAC2A2592975,administrative_parent,ADM3 row / dated 264-delegation research code 5351,,,verified
REL-297EE81F89025D85,1.0.0,current,SRC-TN-HDX-CODAB-2022,ENT-TN-DELEGATION-1F3317733151,high,,ENT-TN-GOVERNORATE-DB8D5C457676,administrative_parent,ADM3 row / dated 264-delegation research code 1164,,,verified
REL-298FEC654BB55AF0,1.0.0,current,SRC-TN-RESEARCH-GEOMETRY-2018,ENT-TN-MUNICIPALITY-4123,medium,Approximate research topology only; this is not an administrative parent relationship.,ENT-TN-DELEGATION-A6D2E459547E,boundary_intersects,"sector evidence rows: 41541392,41541393,41541396,41541397,41541401",,,source_verified
REL-2993D7CE8A975EE7,1.0.0,current,SRC-TN-HDX-CODAB-2022,ENT-TN-IMADA-34661342,high,,ENT-TN-DELEGATION-E83D07EB9C29,administrative_parent,ADM4 row / research sector code 34661342; dated ADM3 parent 3466,,,verified
REL-29A090176A6C505B,1.0.0,current,SRC-TN-HDX-CODAB-2022,ENT-TN-IMADA-2355810,high,,ENT-TN-DELEGATION-FF2BD30691C0,administrative_parent,ADM4 row / research sector code 2355810; dated ADM3 parent 2355,,,verified
REL-29A16E62E80A5410,1.0.0,current,SRC-TN-RESEARCH-GEOMETRY-2018,ENT-TN-MUNICIPALITY-2220,medium,Approximate research topology only; this is not an administrative parent relationship.,ENT-TN-DELEGATION-819F7F2E27F9,boundary_intersects,"sector evidence rows: 2251684,2251685,2251686,2251689",,,source_verified
REL-29D248C778B35FF5,1.0.0,current,SRC-TN-HDX-CODAB-2022,ENT-TN-IMADA-53551902,high,,ENT-TN-DELEGATION-2D3CF4EC1C11,administrative_parent,ADM4 row / research sector code 53551902; dated ADM3 parent 5355,,,verified
REL-29E05DB90BF453C0,1.0.0,current,SRC-TN-DGCL-MUNICIPALITIES-2024,ENT-TN-MUNICIPALITY-4318,high,,ENT-TN-GOVERNORATE-47F772AA4A84,administrative_parent,January 2024 workbook row: governorate 43; municipality code 4318,,,verified
REL-29EDE45E12425B9A,1.0.0,current,SRC-TN-HDX-CODAB-2022,ENT-TN-IMADA-11621483,high,,ENT-TN-DELEGATION-762D553CB7DA,administrative_parent,ADM4 row / research sector code 11621483; dated ADM3 parent 4253,,,verified
REL-29F3B9151C1054A3,1.0.0,current,SRC-TN-HDX-CODAB-2022,ENT-TN-IMADA-2453878,high,,ENT-TN-DELEGATION-E6F9AC3B6A1F,administrative_parent,ADM4 row / research sector code 2453878; dated ADM3 parent 2453,,,verified
REL-2A153D3355D359D3,1.0.0,current,SRC-TN-HDX-CODAB-2022,ENT-TN-IMADA-34571276,high,,ENT-TN-DELEGATION-B1DB2FE90D10,administrative_parent,ADM4 row / research sector code 34571276; dated ADM3 parent 3457,,,verified
REL-2A3394ED6A9056A0,1.0.0,current,SRC-TN-HDX-CODAB-2022,ENT-TN-IMADA-2452875,high,,ENT-TN-DELEGATION-37E43863E13C,administrative_parent,ADM4 row / research sector code 2452875; dated ADM3 parent 2452,,,verified
REL-2A42EC6BF03758AC,1.0.0,current,SRC-TN-HDX-CODAB-2022,ENT-TN-IMADA-53561906,high,,ENT-TN-DELEGATION-15D8C5E6532A,administrative_parent,ADM4 row / research sector code 53561906; dated ADM3 parent 5356,,,verified
REL-2A53A25C74C8504C,1.0.0,current,SRC-TN-HDX-CODAB-2022,ENT-TN-IMADA-52561817,high,,ENT-TN-DELEGATION-584902C8EEE0,administrative_parent,ADM4 row / research sector code 52561817; dated ADM3 parent 5256,,,verified
REL-2A647E4C971C5732,1.0.0,current,SRC-TN-HDX-CODAB-2022,ENT-TN-DELEGATION-00EC6583A4A3,high,,ENT-TN-GOVERNORATE-5BC9A7217C8C,administrative_parent,ADM3 row / dated 264-delegation research code 3255,,,verified
REL-2A7F18A040485681,1.0.0,current,SRC-TN-HDX-CODAB-2022,ENT-TN-IMADA-63532044,high,,ENT-TN-DELEGATION-44DC92075FFF,administrative_parent,ADM4 row / research sector code 63532044; dated ADM3 parent 6353,,,verified
REL-2AAFB4785CF25F00,1.0.0,current,SRC-TN-HDX-CODAB-2022,ENT-TN-IMADA-1655468,high,,ENT-TN-DELEGATION-ECE5F1EB80F4,administrative_parent,ADM4 row / research sector code 1655468; dated ADM3 parent 1655,,,verified
REL-2AB3B9C355A15A86,1.0.0,current,SRC-TN-RESEARCH-GEOMETRY-2018,ENT-TN-MUNICIPALITY-4224,medium,Approximate research topology only; this is not an administrative parent relationship.,ENT-TN-DELEGATION-F0E269317685,boundary_intersects,"sector evidence rows: 42511467,42511468",,,source_verified
REL-2AC843DAA29C5472,1.0.0,current,SRC-TN-HDX-CODAB-2022,ENT-TN-IMADA-43521585,high,,ENT-TN-DELEGATION-B5CD972E98C1,administrative_parent,ADM4 row / research sector code 43521585; dated ADM3 parent 4352,,,verified
REL-2ACA5138DB2F5D14,1.0.0,current,SRC-TN-HDX-CODAB-2022,ENT-TN-IMADA-61541938,high,,ENT-TN-DELEGATION-7A57DEB42C2E,administrative_parent,ADM4 row / research sector code 61541938; dated ADM3 parent 6154,,,verified
REL-2AEC51BF55B45998,1.0.0,current,SRC-TN-HDX-CODAB-2022,ENT-TN-IMADA-2156642,high,,ENT-TN-DELEGATION-E8E567F03E9D,administrative_parent,ADM4 row / research sector code 2156642; dated ADM3 parent 2156,,,verified
REL-2AF2963E409B5A29,1.0.0,current,SRC-TN-HDX-CODAB-2022,ENT-TN-IMADA-1654454,high,,ENT-TN-DELEGATION-43EBF7A156A6,administrative_parent,ADM4 row / research sector code 1654454; dated ADM3 parent 1654,,,verified
REL-2B0D74E42DF05737,1.0.0,current,SRC-TN-RESEARCH-GEOMETRY-2018,ENT-TN-MUNICIPALITY-1411,medium,Approximate research topology only; this is not an administrative parent relationship.,ENT-TN-DELEGATION-6334381D4972,boundary_intersects,"sector evidence rows: 1451282,1451283,1451284",,,source_verified
REL-2B280236AA7E5467,1.0.0,current,SRC-TN-HDX-CODAB-2022,ENT-TN-IMADA-42621564,high,,ENT-TN-DELEGATION-C41B01AE892E,administrative_parent,ADM4 row / research sector code 42621564; dated ADM3 parent 4262,,,verified
REL-2B322DE746DA59A5,1.0.0,current,SRC-TN-RESEARCH-GEOMETRY-2018,ENT-TN-MUNICIPALITY-4119,medium,Approximate research topology only; this is not an administrative parent relationship.,ENT-TN-DELEGATION-533D4E540C29,boundary_intersects,"sector evidence rows: 41591440,41591441,41591445,41591446,41591447",,,source_verified
REL-2B48F08930995354,1.0.0,current,SRC-TN-HDX-CODAB-2022,ENT-TN-IMADA-115926,high,,ENT-TN-DELEGATION-0B11B353C556,administrative_parent,ADM4 row / research sector code 115926; dated ADM3 parent 1159,,,verified
REL-2B49172C308D5DF6,1.0.0,current,SRC-TN-HDX-CODAB-2022,ENT-TN-DELEGATION-996BCFD91FDD,high,,ENT-TN-GOVERNORATE-DF747014232C,administrative_parent,ADM3 row / dated 264-delegation research code 5159,,,verified
REL-2B5C520A1FFC565D,1.0.0,current,SRC-TN-HDX-CODAB-2022,ENT-TN-IMADA-33551171,high,,ENT-TN-DELEGATION-7893E2F13C86,administrative_parent,ADM4 row / research sector code 33551171; dated ADM3 parent 3355,,,verified
REL-2B7040A9CB3550ED,1.0.0,current,SRC-TN-HDX-CODAB-2022,ENT-TN-IMADA-41521371,high,,ENT-TN-DELEGATION-3568AB5821B0,administrative_parent,ADM4 row / research sector code 41521371; dated ADM3 parent 4152,,,verified
REL-2B9C879EE4BC5CF6,1.0.0,current,SRC-TN-DGCL-MUNICIPALITIES-2024,ENT-TN-MUNICIPALITY-5124,high,,ENT-TN-GOVERNORATE-DF747014232C,administrative_parent,January 2024 workbook row: governorate 51; municipality code 5124,,,verified
REL-2BA1B71975F95A0D,1.0.0,current,SRC-TN-HDX-CODAB-2022,ENT-TN-IMADA-3152954,high,,ENT-TN-DELEGATION-F0023FB066A4,administrative_parent,ADM4 row / research sector code 3152954; dated ADM3 parent 3152,,,verified
REL-2BA597A3CFFE5D09,1.0.0,current,SRC-TN-RESEARCH-GEOMETRY-2018,ENT-TN-MUNICIPALITY-6120,medium,Approximate research topology only; this is not an administrative parent relationship.,ENT-TN-DELEGATION-A20DE8BF6185,boundary_intersects,"sector evidence rows: 61521921,61521922,61521923,61521924,61521925,61521926",,,source_verified
REL-2BAD1BB7EB2F5029,1.0.0,current,SRC-TN-HDX-CODAB-2022,ENT-TN-DELEGATION-21E89D9190E3,high,,ENT-TN-GOVERNORATE-47F772AA4A84,administrative_parent,ADM3 row / dated 264-delegation research code 4359,,,verified
REL-2BBE6E240F945CF7,1.0.0,current,SRC-TN-HDX-CODAB-2022,ENT-TN-DELEGATION-82A4AF3884E0,high,,ENT-TN-GOVERNORATE-902616FE3988,administrative_parent,ADM3 row / dated 264-delegation research code 5253,,,verified
REL-2BD28EDCFDDE55AB,1.0.0,current,SRC-TN-HDX-CODAB-2022,ENT-TN-GOVERNORATE-0D738EAC753C,high,,ENT-TN-COUNTRY,administrative_parent,ADM2 row / research governorate code 23,,,verified
REL-2BD5E813F13C5ED8,1.0.0,current,SRC-TN-HDX-CODAB-2022,ENT-TN-IMADA-3159992,high,,ENT-TN-DELEGATION-EF5957AC15F4,administrative_parent,ADM4 row / research sector code 3159992; dated ADM3 parent 3159,,,verified
REL-2BE7B766FA3B5973,1.0.0,current,SRC-TN-HDX-CODAB-2022,ENT-TN-IMADA-2254716,high,,ENT-TN-DELEGATION-0A43143796F7,administrative_parent,ADM4 row / research sector code 2254716; dated ADM3 parent 2254,,,verified
REL-2BF77A2A4FB75EB6,1.0.0,current,SRC-TN-HDX-CODAB-2022,ENT-TN-IMADA-63562061,high,,ENT-TN-DELEGATION-46FFC1059453,administrative_parent,ADM4 row / research sector code 63562061; dated ADM3 parent 6356,,,verified
REL-2C0952D92DEA530A,1.0.0,current,SRC-TN-RESEARCH-GEOMETRY-2018,ENT-TN-MUNICIPALITY-1525,medium,Approximate research topology only; this is not an administrative parent relationship.,ENT-TN-DELEGATION-ACB1178786DC,boundary_intersects,"sector evidence rows: 1559375,1559376,1559377,1559378",,,source_verified
REL-2C1AA15CEF905E61,1.0.0,current,SRC-TN-HDX-CODAB-2022,ENT-TN-IMADA-2355813,high,,ENT-TN-DELEGATION-FF2BD30691C0,administrative_parent,ADM4 row / research sector code 2355813; dated ADM3 parent 2355,,,verified
REL-2C1B61BE13AF5788,1.0.0,current,SRC-TN-HDX-CODAB-2022,ENT-TN-IMADA-63522037,high,,ENT-TN-DELEGATION-DEB9F3EFCD2D,administrative_parent,ADM4 row / research sector code 63522037; dated ADM3 parent 6352,,,verified
REL-2C31A9CCC5745F5C,1.0.0,current,SRC-TN-HDX-CODAB-2022,ENT-TN-IMADA-2156643,high,,ENT-TN-DELEGATION-E8E567F03E9D,administrative_parent,ADM4 row / research sector code 2156643; dated ADM3 parent 2156,,,verified
REL-2C4B9AD78B2955D7,1.0.0,current,SRC-TN-HDX-CODAB-2022,ENT-TN-IMADA-43521593,high,,ENT-TN-DELEGATION-B5CD972E98C1,administrative_parent,ADM4 row / research sector code 43521593; dated ADM3 parent 4352,,,verified
REL-2C5D401A3E2950B7,1.0.0,current,SRC-TN-HDX-CODAB-2022,ENT-TN-IMADA-41561418,high,,ENT-TN-DELEGATION-7E9A8227F3FE,administrative_parent,ADM4 row / research sector code 41561418; dated ADM3 parent 4156,,,verified
REL-2C7A50A3CA265441,1.0.0,current,SRC-TN-HDX-CODAB-2022,ENT-TN-IMADA-3156973,high,,ENT-TN-DELEGATION-5CA39F3BFF07,administrative_parent,ADM4 row / research sector code 3156973; dated ADM3 parent 3156,,,verified
REL-2C7BD790B5BC5931,1.0.0,current,SRC-TN-HDX-CODAB-2022,ENT-TN-IMADA-41581431,high,,ENT-TN-DELEGATION-A9A2E64081DA,administrative_parent,ADM4 row / research sector code 41581431; dated ADM3 parent 4158,,,verified
REL-2C8A515A73FE5228,1.0.0,current,SRC-TN-HDX-CODAB-2022,ENT-TN-IMADA-33601211,high,,ENT-TN-DELEGATION-5D5CDCB7496E,administrative_parent,ADM4 row / research sector code 33601211; dated ADM3 parent 3360,,,verified
REL-2CA0628EA3B75082,1.0.0,current,SRC-TN-DGCL-MUNICIPALITIES-2024,ENT-TN-MUNICIPALITY-3241,high,,ENT-TN-GOVERNORATE-5BC9A7217C8C,administrative_parent,January 2024 workbook row: governorate 32; municipality code 3241,,,verified
REL-2CAA2444CFEE52B1,1.0.0,current,SRC-TN-HDX-CODAB-2022,ENT-TN-IMADA-1757530,high,,ENT-TN-DELEGATION-4021556E2BEF,administrative_parent,ADM4 row / research sector code 1757530; dated ADM3 parent 1757,,,verified
REL-2CBE3E7C58865824,1.0.0,current,SRC-TN-HDX-CODAB-2022,ENT-TN-IMADA-1351210,high,,ENT-TN-DELEGATION-8460EAF855E4,administrative_parent,ADM4 row / research sector code 1351210; dated ADM3 parent 1351,,,verified
REL-2CBF7E07D1F152D5,1.0.0,current,SRC-TN-HDX-CODAB-2022,ENT-TN-IMADA-34651337,high,,ENT-TN-DELEGATION-BE40270E2393,administrative_parent,ADM4 row / research sector code 34651337; dated ADM3 parent 3465,,,verified
REL-2CC4D9FD266957D7,1.0.0,current,SRC-TN-HDX-CODAB-2022,ENT-TN-IMADA-53571910,high,,ENT-TN-DELEGATION-4A4ADB1F39D5,administrative_parent,ADM4 row / research sector code 53571910; dated ADM3 parent 5357,,,verified
REL-2CE938C72AF659AA,1.0.0,current,SRC-TN-HDX-CODAB-2022,ENT-TN-IMADA-61551949,high,,ENT-TN-DELEGATION-57457D07E717,administrative_parent,ADM4 row / research sector code 61551949; dated ADM3 parent 6155,,,verified
REL-2D16908FA44C5E15,1.0.0,current,SRC-TN-HDX-CODAB-2022,ENT-TN-IMADA-42591532,high,,ENT-TN-DELEGATION-9AB968FD4EE0,administrative_parent,ADM4 row / research sector code 42591532; dated ADM3 parent 4259,,,verified
REL-2D2AEB7F39335C93,1.0.0,current,SRC-TN-HDX-CODAB-2022,ENT-TN-IMADA-61571964,high,,ENT-TN-DELEGATION-55B6CFADA185,administrative_parent,ADM4 row / research sector code 61571964; dated ADM3 parent 6157,,,verified
REL-2D5772AB4B175C78,1.0.0,current,SRC-TN-HDX-CODAB-2022,ENT-TN-IMADA-61571959,high,,ENT-TN-DELEGATION-55B6CFADA185,administrative_parent,ADM4 row / research sector code 61571959; dated ADM3 parent 6157,,,verified
REL-2D5E8460D1FA5458,1.0.0,current,SRC-TN-HDX-CODAB-2022,ENT-TN-IMADA-41511352,high,,ENT-TN-DELEGATION-9CCDCAF94A4A,administrative_parent,ADM4 row / research sector code 41511352; dated ADM3 parent 4151,,,verified
REL-2D6C67D3F8C25047,1.0.0,current,SRC-TN-HDX-CODAB-2022,ENT-TN-IMADA-32551073,high,,ENT-TN-DELEGATION-00EC6583A4A3,administrative_parent,ADM4 row / research sector code 32551073; dated ADM3 parent 3255,,,verified
REL-2D799A3F5CC45F26,1.0.0,current,SRC-TN-HDX-CODAB-2022,ENT-TN-IMADA-2353788,high,,ENT-TN-DELEGATION-F153AA210A4D,administrative_parent,ADM4 row / research sector code 2353788; dated ADM3 parent 2353,,,verified
REL-2D7AC12B96CA50E3,1.0.0,current,SRC-TN-RESEARCH-GEOMETRY-2018,ENT-TN-MUNICIPALITY-3117,medium,Approximate research topology only; this is not an administrative parent relationship.,ENT-TN-DELEGATION-CA29D85670F9,boundary_intersects,"sector evidence rows: 3157977,3157978,3157979,3157980,3157981,3157982",,,source_verified
REL-2D801E5D73B05D07,1.0.0,current,SRC-TN-DGCL-MUNICIPALITIES-2024,ENT-TN-MUNICIPALITY-1532,high,,ENT-TN-GOVERNORATE-EA30E853F598,administrative_parent,January 2024 workbook row: governorate 15; municipality code 1532,,,verified
REL-2D81DA33DFC55D61,1.0.0,current,SRC-TN-RESEARCH-GEOMETRY-2018,ENT-TN-MUNICIPALITY-1726,medium,Approximate research topology only; this is not an administrative parent relationship.,ENT-TN-DELEGATION-4021556E2BEF,boundary_intersects,"sector evidence rows: 1757529,1757530,1757531,1757532,1757533,1757534,1757535,1757536,1757537",,,source_verified
REL-2D8C885035045AAD,1.0.0,current,SRC-TN-HDX-CODAB-2022,ENT-TN-IMADA-34551262,high,,ENT-TN-DELEGATION-CC6DBA2640FB,administrative_parent,ADM4 row / research sector code 34551262; dated ADM3 parent 3455,,,verified
REL-2DB224ACB39C5CCA,1.0.0,current,SRC-TN-HDX-CODAB-2022,ENT-TN-IMADA-1171150,high,,ENT-TN-DELEGATION-3C575B9AF71B,administrative_parent,ADM4 row / research sector code 1171150; dated ADM3 parent 1171,,,verified
REL-2DB873A83E2258E0,1.0.0,current,SRC-TN-DGCL-MUNICIPALITIES-2024,ENT-TN-MUNICIPALITY-1315,high,,ENT-TN-GOVERNORATE-D5ED89886664,administrative_parent,January 2024 workbook row: governorate 13; municipality code 1315,,,verified
REL-2DBC52580E415EE2,1.0.0,current,SRC-TN-HDX-CODAB-2022,ENT-TN-IMADA-1654458,high,,ENT-TN-DELEGATION-43EBF7A156A6,administrative_parent,ADM4 row / research sector code 1654458; dated ADM3 parent 1654,,,verified
REL-2DE3E009C6EA56C4,1.0.0,current,SRC-TN-HDX-CODAB-2022,ENT-TN-IMADA-63522043,high,,ENT-TN-DELEGATION-DEB9F3EFCD2D,administrative_parent,ADM4 row / research sector code 63522043; dated ADM3 parent 6352,,,verified
REL-2DFD7390BD725797,1.0.0,current,SRC-TN-RESEARCH-GEOMETRY-2018,ENT-TN-MUNICIPALITY-1613,medium,Approximate research topology only; this is not an administrative parent relationship.,ENT-TN-DELEGATION-FE6A0D05DF67,boundary_intersects,"sector evidence rows: 1653444,1653445,1653446,1653447,1653450",,,source_verified
REL-2E0D04C637425C35,1.0.0,current,SRC-TN-HDX-CODAB-2022,ENT-TN-DELEGATION-39EFA7D5C92F,high,,ENT-TN-GOVERNORATE-B1787F907937,administrative_parent,ADM3 row / dated 264-delegation research code 1756,,,verified
REL-2E1A6F0CD6CD5063,1.0.0,current,SRC-TN-HDX-CODAB-2022,ENT-TN-IMADA-2152595,high,,ENT-TN-DELEGATION-08DFD967FB8E,administrative_parent,ADM4 row / research sector code 2152595; dated ADM3 parent 2152,,,verified
REL-2E2EAEFFBF6B5F6E,1.0.0,current,SRC-TN-HDX-CODAB-2022,ENT-TN-IMADA-42571510,high,,ENT-TN-DELEGATION-184C444E7833,administrative_parent,ADM4 row / research sector code 42571510; dated ADM3 parent 4257,,,verified
REL-2E3D64E6B62354D4,1.0.0,current,SRC-TN-HDX-CODAB-2022,ENT-TN-IMADA-1757533,high,,ENT-TN-DELEGATION-4021556E2BEF,administrative_parent,ADM4 row / research sector code 1757533; dated ADM3 parent 1757,,,verified
REL-2E6960C2EB8B5800,1.0.0,current,SRC-TN-HDX-CODAB-2022,ENT-TN-IMADA-61541936,high,,ENT-TN-DELEGATION-7A57DEB42C2E,administrative_parent,ADM4 row / research sector code 61541936; dated ADM3 parent 6154,,,verified
REL-2E6AA877AFFE5131,1.0.0,current,SRC-TN-HDX-CODAB-2022,ENT-TN-IMADA-3158985,high,,ENT-TN-DELEGATION-498ED0DE384B,administrative_parent,ADM4 row / research sector code 3158985; dated ADM3 parent 3158,,,verified
REL-2E71AF467FC15805,1.0.0,current,SRC-TN-RESEARCH-GEOMETRY-2018,ENT-TN-MUNICIPALITY-3423,medium,Approximate research topology only; this is not an administrative parent relationship.,ENT-TN-DELEGATION-17B9E0494EC7,boundary_intersects,"sector evidence rows: 34631317,34631322,34631323,34631324,34631325,34631326,34631327",,,source_verified
REL-2E756BE54A4358CC,1.0.0,current,SRC-TN-DGCL-MUNICIPALITIES-2024,ENT-TN-MUNICIPALITY-3235,high,,ENT-TN-GOVERNORATE-5BC9A7217C8C,administrative_parent,January 2024 workbook row: governorate 32; municipality code 3235,,,verified
REL-2E75EAB0EBA85930,1.0.0,current,SRC-TN-HDX-CODAB-2022,ENT-TN-IMADA-1655465,high,,ENT-TN-DELEGATION-ECE5F1EB80F4,administrative_parent,ADM4 row / research sector code 1655465; dated ADM3 parent 1655,,,verified
REL-2E76BC01B15B50DD,1.0.0,current,SRC-TN-HDX-CODAB-2022,ENT-TN-IMADA-33541163,high,,ENT-TN-DELEGATION-64DEA9083EA0,administrative_parent,ADM4 row / research sector code 33541163; dated ADM3 parent 3354,,,verified
REL-2E78D43BBA605721,1.0.0,current,SRC-TN-DGCL-MUNICIPALITIES-2024,ENT-TN-MUNICIPALITY-4220,high,,ENT-TN-GOVERNORATE-36E4260B310C,administrative_parent,January 2024 workbook row: governorate 42; municipality code 4220,,,verified
REL-2E99747A916B543A,1.0.0,current,SRC-TN-HDX-CODAB-2022,ENT-TN-IMADA-34601298,high,,ENT-TN-DELEGATION-15A144D6467E,administrative_parent,ADM4 row / research sector code 34601298; dated ADM3 parent 3460,,,verified
REL-2EA7CCB5E48C538B,1.0.0,current,SRC-TN-RESEARCH-GEOMETRY-2018,ENT-TN-MUNICIPALITY-1414,medium,Approximate research topology only; this is not an administrative parent relationship.,ENT-TN-DELEGATION-9F59B0DA797D,boundary_intersects,"sector evidence rows: 1453293,1453294,1453295,1453296,1453297,1453298,1453299",,,source_verified
REL-2EBB674CD4745021,1.0.0,current,SRC-TN-HDX-CODAB-2022,ENT-TN-IMADA-53511862,high,,ENT-TN-DELEGATION-36BABB1475F8,administrative_parent,ADM4 row / research sector code 53511862; dated ADM3 parent 5351,,,verified
REL-2ED2D8B6C0185040,1.0.0,current,SRC-TN-RESEARCH-GEOMETRY-2018,ENT-TN-MUNICIPALITY-1526,medium,Approximate research topology only; this is not an administrative parent relationship.,ENT-TN-DELEGATION-29092E1ECD11,boundary_intersects,"sector evidence rows: 1560383,1560384,1560385,1560386,1560387",,,source_verified
REL-2EDA8870E8AD551A,1.0.0,current,SRC-TN-HDX-CODAB-2022,ENT-TN-IMADA-43611658,high,,ENT-TN-DELEGATION-755242916060,administrative_parent,ADM4 row / research sector code 43611658; dated ADM3 parent 4361,,,verified
REL-2EDC63EB4CFD56FF,1.0.0,current,SRC-TN-HDX-CODAB-2022,ENT-TN-IMADA-2458917,high,,ENT-TN-DELEGATION-2F6C05AAB735,administrative_parent,ADM4 row / research sector code 2458917; dated ADM3 parent 2458,,,verified
REL-2F00C88652215838,1.0.0,current,SRC-TN-HDX-CODAB-2022,ENT-TN-IMADA-1169137,high,,ENT-TN-DELEGATION-C93CA450F43B,administrative_parent,ADM4 row / research sector code 1169137; dated ADM3 parent 1169,,,verified
REL-2F0AD7A2DBA158EA,1.0.0,current,SRC-TN-HDX-CODAB-2022,ENT-TN-IMADA-15669999,high,,ENT-TN-DELEGATION-B95D26E1207F,administrative_parent,ADM4 row / research sector code 15669999; dated ADM3 parent 1566,,,verified
REL-2F0B777C8366575B,1.0.0,current,SRC-TN-HDX-CODAB-2022,ENT-TN-IMADA-41511361,high,,ENT-TN-DELEGATION-9CCDCAF94A4A,administrative_parent,ADM4 row / research sector code 41511361; dated ADM3 parent 4151,,,verified
REL-2F0C06C94D705D80,1.0.0,current,SRC-TN-HDX-CODAB-2022,ENT-TN-IMADA-1455310,high,,ENT-TN-DELEGATION-A8FC78D96A53,administrative_parent,ADM4 row / research sector code 1455310; dated ADM3 parent 1455,,,verified
REL-2F296A5044435777,1.0.0,current,SRC-TN-HDX-CODAB-2022,ENT-TN-IMADA-31611008,high,,ENT-TN-DELEGATION-D06EBCEA26BA,administrative_parent,ADM4 row / research sector code 31611008; dated ADM3 parent 3161,,,verified
REL-2F406061035553DF,1.0.0,current,SRC-TN-HDX-CODAB-2022,ENT-TN-IMADA-61581970,high,,ENT-TN-DELEGATION-A638A51CF8F7,administrative_parent,ADM4 row / research sector code 61581970; dated ADM3 parent 6158,,,verified
REL-2F5B7AF4194E5D3A,1.0.0,current,SRC-TN-RESEARCH-GEOMETRY-2018,ENT-TN-MUNICIPALITY-4211,medium,Approximate research topology only; this is not an administrative parent relationship.,ENT-TN-DELEGATION-F0E269317685,boundary_intersects,"sector evidence rows: 42511469,42511470,42511471,42511472",,,source_verified
REL-2F5C0C6284B353F4,1.0.0,current,SRC-TN-HDX-CODAB-2022,ENT-TN-IMADA-1362273,high,,ENT-TN-DELEGATION-D4FC46D8AB0D,administrative_parent,ADM4 row / research sector code 1362273; dated ADM3 parent 1362,,,verified
REL-2F67E3C0B4FF51CA,1.0.0,current,SRC-TN-HDX-CODAB-2022,ENT-TN-IMADA-53531880,high,,ENT-TN-DELEGATION-9571A404E72D,administrative_parent,ADM4 row / research sector code 53531880; dated ADM3 parent 5353,,,verified
REL-2F739C1073DF543D,1.0.0,current,SRC-TN-HDX-CODAB-2022,ENT-TN-IMADA-61541941,high,,ENT-TN-DELEGATION-7A57DEB42C2E,administrative_parent,ADM4 row / research sector code 61541941; dated ADM3 parent 6154,,,verified
REL-2F90E9B8E4865ED1,1.0.0,current,SRC-TN-HDX-CODAB-2022,ENT-TN-IMADA-116072,high,,ENT-TN-DELEGATION-93C5837DFCBF,administrative_parent,ADM4 row / research sector code 116072; dated ADM3 parent 1160,,,verified
REL-2F9541C0B0F5518B,1.0.0,current,SRC-TN-HDX-CODAB-2022,ENT-TN-IMADA-1163103,high,,ENT-TN-DELEGATION-FE081F997DC5,administrative_parent,ADM4 row / research sector code 1163103; dated ADM3 parent 1163,,,verified
REL-2F98B92CD4635695,1.0.0,current,SRC-TN-HDX-CODAB-2022,ENT-TN-IMADA-1758540,high,,ENT-TN-DELEGATION-F3529789545D,administrative_parent,ADM4 row / research sector code 1758540; dated ADM3 parent 1758,,,verified
REL-2F9F257D65CC50C8,1.0.0,current,SRC-TN-HDX-CODAB-2022,ENT-TN-IMADA-33531150,high,,ENT-TN-DELEGATION-1A266F9B008F,administrative_parent,ADM4 row / research sector code 33531150; dated ADM3 parent 3353,,,verified
REL-2FA175B1281B5B47,1.0.0,current,SRC-TN-RESEARCH-GEOMETRY-2018,ENT-TN-MUNICIPALITY-3320,medium,Approximate research topology only; this is not an administrative parent relationship.,ENT-TN-DELEGATION-C2548493A23C,boundary_intersects,"sector evidence rows: 33581193,33581194,33581195",,,source_verified
REL-2FAF0C6D614A561C,1.0.0,current,SRC-TN-HDX-CODAB-2022,ENT-TN-IMADA-34581284,high,,ENT-TN-DELEGATION-05852EF74252,administrative_parent,ADM4 row / research sector code 34581284; dated ADM3 parent 3458,,,verified
REL-2FB1636C26615831,1.0.0,current,SRC-TN-DGCL-MUNICIPALITIES-2024,ENT-TN-MUNICIPALITY-3238,high,,ENT-TN-GOVERNORATE-5BC9A7217C8C,administrative_parent,January 2024 workbook row: governorate 32; municipality code 3238,,,verified
REL-2FD811DD6A2F5E72,1.0.0,current,SRC-TN-HDX-CODAB-2022,ENT-TN-IMADA-41521365,high,,ENT-TN-DELEGATION-3568AB5821B0,administrative_parent,ADM4 row / research sector code 41521365; dated ADM3 parent 4152,,,verified
REL-2FFE281579C0537F,1.0.0,current,SRC-TN-HDX-CODAB-2022,ENT-TN-GOVERNORATE-47F772AA4A84,high,,ENT-TN-COUNTRY,administrative_parent,ADM2 row / research governorate code 43,,,verified
REL-301924140D2D5F76,1.0.0,current,SRC-TN-RESEARCH-GEOMETRY-2018,ENT-TN-MUNICIPALITY-4217,medium,Approximate research topology only; this is not an administrative parent relationship.,ENT-TN-DELEGATION-52AE19694D81,boundary_intersects,"sector evidence rows: 42611540,42611541,42611544,42611545,42611547,42611548,42611550,42611551,42611552",,,source_verified
REL-304D14ED712D5F7E,1.0.0,current,SRC-TN-HDX-CODAB-2022,ENT-TN-IMADA-1566421,high,,ENT-TN-DELEGATION-B95D26E1207F,administrative_parent,ADM4 row / research sector code 1566421; dated ADM3 parent 1566,,,verified
REL-30709D3CE6CE51F5,1.0.0,current,SRC-TN-HDX-CODAB-2022,ENT-TN-IMADA-1253178,high,,ENT-TN-DELEGATION-11CCF21EE571,administrative_parent,ADM4 row / research sector code 1253178; dated ADM3 parent 1253,,,verified
REL-3085AFF9C77050DF,1.0.0,current,SRC-TN-HDX-CODAB-2022,ENT-TN-IMADA-43581633,high,,ENT-TN-DELEGATION-9846A16575C2,administrative_parent,ADM4 row / research sector code 43581633; dated ADM3 parent 4358,,,verified
REL-309CD35EF7F55B75,1.0.0,current,SRC-TN-HDX-CODAB-2022,ENT-TN-IMADA-1351207,high,,ENT-TN-DELEGATION-8460EAF855E4,administrative_parent,ADM4 row / research sector code 1351207; dated ADM3 parent 1351,,,verified
REL-30C4922140315DAD,1.0.0,current,SRC-TN-HDX-CODAB-2022,ENT-TN-IMADA-42611542,high,,ENT-TN-DELEGATION-52AE19694D81,administrative_parent,ADM4 row / research sector code 42611542; dated ADM3 parent 4261,,,verified
REL-30C6BF456832589F,1.0.0,current,SRC-TN-HDX-CODAB-2022,ENT-TN-IMADA-43611673,high,,ENT-TN-DELEGATION-755242916060,administrative_parent,ADM4 row / research sector code 43611673; dated ADM3 parent 4361,,,verified
REL-30D41A5C55885425,1.0.0,current,SRC-TN-HDX-CODAB-2022,ENT-TN-DELEGATION-210B7D8A5B50,high,,ENT-TN-GOVERNORATE-902616FE3988,administrative_parent,ADM3 row / dated 264-delegation research code 5258,,,verified
REL-30E5CEFAF56E5AFF,1.0.0,current,SRC-TN-HDX-CODAB-2022,ENT-TN-IMADA-2459929,high,,ENT-TN-DELEGATION-09D1B99F85DC,administrative_parent,ADM4 row / research sector code 2459929; dated ADM3 parent 2459,,,verified
REL-30ED9F0253795F3E,1.0.0,current,SRC-LY-MOLG-MUNICIPALITIES-2026,ENT-LY-MUNICIPALITY-4433AF57307B,high,,ENT-LY-COUNTRY,administrative_parent,Municipality list entry: خليج السدرة,,,verified
REL-316479E20D135CD4,1.0.0,current,SRC-TN-HDX-CODAB-2022,ENT-TN-IMADA-11599998,high,,ENT-TN-DELEGATION-0B11B353C556,administrative_parent,ADM4 row / research sector code 11599998; dated ADM3 parent 1159,,,verified
REL-316DBE9F4FFC5FC6,1.0.0,current,SRC-TN-HDX-CODAB-2022,ENT-TN-IMADA-31611007,high,,ENT-TN-DELEGATION-D06EBCEA26BA,administrative_parent,ADM4 row / research sector code 31611007; dated ADM3 parent 3161,,,verified
REL-3179D17D9F2853B1,1.0.0,current,SRC-TN-HDX-CODAB-2022,ENT-TN-IMADA-31651049,high,,ENT-TN-DELEGATION-E8F02D6B4EF9,administrative_parent,ADM4 row / research sector code 31651049; dated ADM3 parent 3165,,,verified
REL-31959A69DA315D02,1.0.0,current,SRC-TN-HDX-CODAB-2022,ENT-TN-IMADA-1351212,high,,ENT-TN-DELEGATION-8460EAF855E4,administrative_parent,ADM4 row / research sector code 1351212; dated ADM3 parent 1351,,,verified
REL-31970DBB8169598D,1.0.0,current,SRC-TN-HDX-CODAB-2022,ENT-TN-IMADA-61571961,high,,ENT-TN-DELEGATION-55B6CFADA185,administrative_parent,ADM4 row / research sector code 61571961; dated ADM3 parent 6157,,,verified
REL-319FBA11C78B5C7A,1.0.0,current,SRC-TN-HDX-CODAB-2022,ENT-TN-IMADA-1751476,high,,ENT-TN-DELEGATION-AADE7E444312,administrative_parent,ADM4 row / research sector code 1751476; dated ADM3 parent 1751,,,verified
REL-31B390D134A551B3,1.0.0,current,SRC-TN-HDX-CODAB-2022,ENT-TN-IMADA-2159666,high,,ENT-TN-DELEGATION-34E2240B6A54,administrative_parent,ADM4 row / research sector code 2159666; dated ADM3 parent 2159,,,verified
REL-31EDD569FF015CCF,1.0.0,current,SRC-TN-HDX-CODAB-2022,ENT-TN-IMADA-42521476,high,,ENT-TN-DELEGATION-FA7572893BAA,administrative_parent,ADM4 row / research sector code 42521476; dated ADM3 parent 4252,,,verified
REL-3200493483BA51AA,1.0.0,current,SRC-TN-HDX-CODAB-2022,ENT-TN-IMADA-43601653,high,,ENT-TN-DELEGATION-89139C7B1553,administrative_parent,ADM4 row / research sector code 43601653; dated ADM3 parent 4360,,,verified
REL-322C1F17094851EB,1.0.0,current,SRC-TN-DGCL-MUNICIPALITIES-2024,ENT-TN-MUNICIPALITY-6319,high,,ENT-TN-GOVERNORATE-1864AE41D5B4,administrative_parent,January 2024 workbook row: governorate 63; municipality code 6319,,,verified
REL-322FCD3061145970,1.0.0,current,SRC-TN-HDX-CODAB-2022,ENT-TN-IMADA-2355806,high,,ENT-TN-DELEGATION-FF2BD30691C0,administrative_parent,ADM4 row / research sector code 2355806; dated ADM3 parent 2355,,,verified
REL-3242D240D1675DDC,1.0.0,current,SRC-TN-HDX-CODAB-2022,ENT-TN-IMADA-1757532,high,,ENT-TN-DELEGATION-4021556E2BEF,administrative_parent,ADM4 row / research sector code 1757532; dated ADM3 parent 1757,,,verified
REL-328DF067E8125634,1.0.0,current,SRC-TN-HDX-CODAB-2022,ENT-TN-IMADA-61591971,high,,ENT-TN-DELEGATION-17D9D56D8808,administrative_parent,ADM4 row / research sector code 61591971; dated ADM3 parent 6159,,,verified
REL-32AE64A4A87C5DBB,1.0.0,current,SRC-TN-HDX-CODAB-2022,ENT-TN-IMADA-42591533,high,,ENT-TN-DELEGATION-9AB968FD4EE0,administrative_parent,ADM4 row / research sector code 42591533; dated ADM3 parent 4259,,,verified
REL-32C1377CBB6E5BA7,1.0.0,current,SRC-TN-HDX-CODAB-2022,ENT-TN-IMADA-61611983,high,,ENT-TN-DELEGATION-B06C74E3ED6B,administrative_parent,ADM4 row / research sector code 61611983; dated ADM3 parent 6161,,,verified
REL-32C26A89F3CF5387,1.0.0,current,SRC-TN-DGCL-MUNICIPALITIES-2024,ENT-TN-MUNICIPALITY-3325,high,,ENT-TN-GOVERNORATE-E7D96FEF5043,administrative_parent,January 2024 workbook row: governorate 33; municipality code 3325,,,verified
REL-32CE5BBF40575936,1.0.0,current,SRC-TN-HDX-CODAB-2022,ENT-TN-IMADA-2361854,high,,ENT-TN-DELEGATION-05E0AB3C372D,administrative_parent,ADM4 row / research sector code 2361854; dated ADM3 parent 2361,,,verified
REL-32D99A86EDBA5EFF,1.0.0,current,SRC-TN-HDX-CODAB-2022,ENT-TN-IMADA-33611220,high,,ENT-TN-DELEGATION-8CD3CBC66F17,administrative_parent,ADM4 row / research sector code 33611220; dated ADM3 parent 3361,,,verified
REL-32E819A940E85D1E,1.0.0,current,SRC-TN-HDX-CODAB-2022,ENT-TN-IMADA-33511135,high,,ENT-TN-DELEGATION-E56B524C71BE,administrative_parent,ADM4 row / research sector code 33511135; dated ADM3 parent 3351,,,verified
REL-330301791C9C5521,1.0.0,current,SRC-TN-HDX-CODAB-2022,ENT-TN-IMADA-1255190,high,,ENT-TN-DELEGATION-EE9A7B5ED169,administrative_parent,ADM4 row / research sector code 1255190; dated ADM3 parent 1255,,,verified
REL-3311E8C8B4F35AFF,1.0.0,current,SRC-TN-HDX-CODAB-2022,ENT-TN-IMADA-32589999,high,,ENT-TN-DELEGATION-4E58B3CD9CB1,administrative_parent,ADM4 row / research sector code 32589999; dated ADM3 parent 3258,,,verified
REL-337AA1B434015D02,1.0.0,current,SRC-TN-HDX-CODAB-2022,ENT-TN-IMADA-52581838,high,,ENT-TN-DELEGATION-210B7D8A5B50,administrative_parent,ADM4 row / research sector code 52581838; dated ADM3 parent 5258,,,verified
REL-3389AA151C4C518A,1.0.0,current,SRC-TN-HDX-CODAB-2022,ENT-TN-IMADA-1651433,high,,ENT-TN-DELEGATION-D52472FD9496,administrative_parent,ADM4 row / research sector code 1651433; dated ADM3 parent 1651,,,verified
REL-338CC3132B2C5D26,1.0.0,current,SRC-TN-HDX-CODAB-2022,ENT-TN-IMADA-2457909,high,,ENT-TN-DELEGATION-78A6B0904A2B,administrative_parent,ADM4 row / research sector code 2457909; dated ADM3 parent 2457,,,verified
REL-3391BCE0AAC45CCA,1.0.0,current,SRC-TN-HDX-CODAB-2022,ENT-TN-IMADA-2351774,high,,ENT-TN-DELEGATION-40F8C393FB98,administrative_parent,ADM4 row / research sector code 2351774; dated ADM3 parent 2351,,,verified
REL-3394BDE6E91E51C3,1.0.0,current,SRC-TN-HDX-CODAB-2022,ENT-TN-IMADA-2452870,high,,ENT-TN-DELEGATION-37E43863E13C,administrative_parent,ADM4 row / research sector code 2452870; dated ADM3 parent 2452,,,verified
REL-3398849413FC5F07,1.0.0,current,SRC-TN-HDX-CODAB-2022,ENT-TN-IMADA-43601654,high,,ENT-TN-DELEGATION-89139C7B1553,administrative_parent,ADM4 row / research sector code 43601654; dated ADM3 parent 4360,,,verified
REL-339C567D46FD5E0E,1.0.0,current,SRC-TN-HDX-CODAB-2022,ENT-TN-IMADA-41611462,high,,ENT-TN-DELEGATION-F9557E5DC693,administrative_parent,ADM4 row / research sector code 41611462; dated ADM3 parent 4161,,,verified
REL-33CA78B1BCCB58C3,1.0.0,current,SRC-TN-RESEARCH-GEOMETRY-2018,ENT-TN-MUNICIPALITY-4229,medium,Approximate research topology only; this is not an administrative parent relationship.,ENT-TN-DELEGATION-FA7572893BAA,boundary_intersects,"sector evidence rows: 42521473,42521476,42521478",,,source_verified
REL-33E2689BAED459B6,1.0.0,current,SRC-TN-HDX-CODAB-2022,ENT-TN-IMADA-62542022,high,,ENT-TN-DELEGATION-CB23A7885CA7,administrative_parent,ADM4 row / research sector code 62542022; dated ADM3 parent 6254,,,verified
REL-3422B688EA285BEF,1.0.0,current,SRC-LY-MOLG-MUNICIPALITIES-2026,ENT-LY-MUNICIPALITY-966E30F82E9C,high,,ENT-LY-COUNTRY,administrative_parent,Municipality list entry: الشقيقة,,,verified
REL-34290399035850BE,1.0.0,current,SRC-TN-HDX-CODAB-2022,ENT-TN-IMADA-2451865,high,,ENT-TN-DELEGATION-BACCAA713057,administrative_parent,ADM4 row / research sector code 2451865; dated ADM3 parent 2451,,,verified
REL-3448C38822705668,1.0.0,current,SRC-TN-RESEARCH-GEOMETRY-2018,ENT-TN-MUNICIPALITY-1214,medium,Approximate research topology only; this is not an administrative parent relationship.,ENT-TN-DELEGATION-7D060F057E64,boundary_intersects,"sector evidence rows: 1254182,1254183,1254184,1254185,1254186,1254187",,,source_verified
REL-344A537892B25519,1.0.0,current,SRC-TN-HDX-CODAB-2022,ENT-TN-IMADA-2251686,high,,ENT-TN-DELEGATION-819F7F2E27F9,administrative_parent,ADM4 row / research sector code 2251686; dated ADM3 parent 2251,,,verified
REL-346197B6DA925400,1.0.0,current,SRC-TN-HDX-CODAB-2022,ENT-TN-DELEGATION-AADE7E444312,high,,ENT-TN-GOVERNORATE-B1787F907937,administrative_parent,ADM3 row / dated 264-delegation research code 1751,,,verified
REL-346B80EB93585DE4,1.0.0,current,SRC-TN-HDX-CODAB-2022,ENT-TN-IMADA-32581100,high,,ENT-TN-DELEGATION-4E58B3CD9CB1,administrative_parent,ADM4 row / research sector code 32581100; dated ADM3 parent 3258,,,verified
REL-349F3D91B8165A70,1.0.0,current,SRC-TN-HDX-CODAB-2022,ENT-TN-IMADA-115311,high,,ENT-TN-DELEGATION-FE7ADA16AB50,administrative_parent,ADM4 row / research sector code 115311; dated ADM3 parent 1153,,,verified
REL-34A737BC842059F5,1.0.0,current,SRC-TN-DGCL-MUNICIPALITIES-2024,ENT-TN-MUNICIPALITY-4222,high,,ENT-TN-GOVERNORATE-36E4260B310C,administrative_parent,January 2024 workbook row: governorate 42; municipality code 4222,,,verified
REL-34A7F843BD6E51D3,1.0.0,current,SRC-TN-HDX-CODAB-2022,ENT-TN-IMADA-2257745,high,,ENT-TN-DELEGATION-36D776E11570,administrative_parent,ADM4 row / research sector code 2257745; dated ADM3 parent 2257,,,verified
REL-34C24D6FAF5D511D,1.0.0,current,SRC-TN-HDX-CODAB-2022,ENT-TN-IMADA-52561821,high,,ENT-TN-DELEGATION-584902C8EEE0,administrative_parent,ADM4 row / research sector code 52561821; dated ADM3 parent 5256,,,verified
REL-34E165E403BE5428,1.0.0,current,SRC-TN-HDX-CODAB-2022,ENT-TN-IMADA-115424,high,,ENT-TN-DELEGATION-22BE73F7EFB2,administrative_parent,ADM4 row / research sector code 115424; dated ADM3 parent 1154,,,verified
REL-34FA5DAD7A7B532F,1.0.0,current,SRC-TN-DGCL-MUNICIPALITIES-2024,ENT-TN-MUNICIPALITY-1616,high,,ENT-TN-GOVERNORATE-81845FB6BE40,administrative_parent,January 2024 workbook row: governorate 16; municipality code 1616,,,verified
REL-3510C0A7FD8C5014,1.0.0,current,SRC-TN-HDX-CODAB-2022,ENT-TN-IMADA-2153607,high,,ENT-TN-DELEGATION-64B47287C7CC,administrative_parent,ADM4 row / research sector code 2153607; dated ADM3 parent 2153,,,verified
REL-351F1F2CA3525818,1.0.0,current,SRC-TN-RESEARCH-GEOMETRY-2018,ENT-TN-MUNICIPALITY-2411,medium,Approximate research topology only; this is not an administrative parent relationship.,ENT-TN-DELEGATION-37E43863E13C,boundary_intersects,"sector evidence rows: 2452868,2452869,2452872,2452874",,,source_verified
REL-3527FBF0BC3050D2,1.0.0,current,SRC-TN-HDX-CODAB-2022,ENT-TN-IMADA-31641035,high,,ENT-TN-DELEGATION-9ADFA1D292D9,administrative_parent,ADM4 row / research sector code 31641035; dated ADM3 parent 3164,,,verified
REL-352C755F87195441,1.0.0,current,SRC-TN-RESEARCH-GEOMETRY-2018,ENT-TN-MUNICIPALITY-4311,medium,Approximate research topology only; this is not an administrative parent relationship.,ENT-TN-DELEGATION-B5CD972E98C1,boundary_intersects,sector evidence rows: 43521582,,,source_verified
REL-3538CC26BF215824,1.0.0,current,SRC-TN-HDX-CODAB-2022,ENT-TN-IMADA-42611541,high,,ENT-TN-DELEGATION-52AE19694D81,administrative_parent,ADM4 row / research sector code 42611541; dated ADM3 parent 4261,,,verified
REL-3559A4F276AB5800,1.0.0,current,SRC-TN-HDX-CODAB-2022,ENT-TN-GOVERNORATE-D7972CC63F7E,high,,ENT-TN-COUNTRY,administrative_parent,ADM2 row / research governorate code 62,,,verified
REL-3560555786EA58FD,1.0.0,current,SRC-TN-DGCL-MUNICIPALITIES-2024,ENT-TN-MUNICIPALITY-2113,high,,ENT-TN-GOVERNORATE-EA2D44B4F25E,administrative_parent,January 2024 workbook row: governorate 21; municipality code 2113,,,verified
REL-357FCCAB818F5B43,1.0.0,current,SRC-TN-HDX-CODAB-2022,ENT-TN-IMADA-1565415,high,,ENT-TN-DELEGATION-AFCCE19F1CD3,administrative_parent,ADM4 row / research sector code 1565415; dated ADM3 parent 1565,,,verified
REL-358DEF3C64F35270,1.0.0,current,SRC-TN-DGCL-MUNICIPALITIES-2024,ENT-TN-MUNICIPALITY-3313,high,,ENT-TN-GOVERNORATE-E7D96FEF5043,administrative_parent,January 2024 workbook row: governorate 33; municipality code 3313,,,verified
REL-358EA0733C625B20,1.0.0,current,SRC-TN-HDX-CODAB-2022,ENT-TN-DELEGATION-8B659FB150BF,high,,ENT-TN-GOVERNORATE-36E4260B310C,administrative_parent,ADM3 row / dated 264-delegation research code 4258,,,verified
REL-35A2842E07F05664,1.0.0,current,SRC-TN-HDX-CODAB-2022,ENT-TN-IMADA-1555358,high,,ENT-TN-DELEGATION-C7B4FEE5AE08,administrative_parent,ADM4 row / research sector code 1555358; dated ADM3 parent 1555,,,verified
REL-35A83E7E5A485099,1.0.0,current,SRC-TN-HDX-CODAB-2022,ENT-TN-IMADA-62542016,high,,ENT-TN-DELEGATION-CB23A7885CA7,administrative_parent,ADM4 row / research sector code 62542016; dated ADM3 parent 6254,,,verified
REL-35A86A351AAC5F5D,1.0.0,current,SRC-TN-HDX-CODAB-2022,ENT-TN-IMADA-53521875,high,,ENT-TN-DELEGATION-D3ABF7936ACA,administrative_parent,ADM4 row / research sector code 53521875; dated ADM3 parent 5352,,,verified
REL-35AA6B2DA8CB58BF,1.0.0,current,SRC-TN-HDX-CODAB-2022,ENT-TN-IMADA-31611013,high,,ENT-TN-DELEGATION-D06EBCEA26BA,administrative_parent,ADM4 row / research sector code 31611013; dated ADM3 parent 3161,,,verified
REL-35C848F901705F95,1.0.0,current,SRC-TN-HDX-CODAB-2022,ENT-TN-IMADA-2352781,high,,ENT-TN-DELEGATION-D4441080949B,administrative_parent,ADM4 row / research sector code 2352781; dated ADM3 parent 2352,,,verified
REL-35EEDC8D235E5C33,1.0.0,current,SRC-TN-HDX-CODAB-2022,ENT-TN-IMADA-34601292,high,,ENT-TN-DELEGATION-15A144D6467E,administrative_parent,ADM4 row / research sector code 34601292; dated ADM3 parent 3460,,,verified
REL-36048BB2D7E75EDF,1.0.0,current,SRC-TN-HDX-CODAB-2022,ENT-TN-IMADA-33531152,high,,ENT-TN-DELEGATION-1A266F9B008F,administrative_parent,ADM4 row / research sector code 33531152; dated ADM3 parent 3353,,,verified
REL-360FFD08EBB95A4D,1.0.0,current,SRC-TN-HDX-CODAB-2022,ENT-TN-IMADA-52551807,high,,ENT-TN-DELEGATION-6EFE1FF87CAA,administrative_parent,ADM4 row / research sector code 52551807; dated ADM3 parent 5255,,,verified
REL-3616419F8CAA53BB,1.0.0,current,SRC-TN-HDX-CODAB-2022,ENT-TN-IMADA-2352782,high,,ENT-TN-DELEGATION-D4441080949B,administrative_parent,ADM4 row / research sector code 2352782; dated ADM3 parent 2352,,,verified
REL-36173E92D2145E5E,1.0.0,current,SRC-TN-DGCL-MUNICIPALITIES-2024,ENT-TN-MUNICIPALITY-1113,high,,ENT-TN-GOVERNORATE-DB8D5C457676,administrative_parent,January 2024 workbook row: governorate 11; municipality code 1113,,,verified
REL-36190BA8710A53E3,1.0.0,current,SRC-TN-HDX-CODAB-2022,ENT-TN-IMADA-1651430,high,,ENT-TN-DELEGATION-D52472FD9496,administrative_parent,ADM4 row / research sector code 1651430; dated ADM3 parent 1651,,,verified
REL-3630EC3A73D854E0,1.0.0,current,SRC-TN-HDX-CODAB-2022,ENT-TN-IMADA-53521866,high,,ENT-TN-DELEGATION-D3ABF7936ACA,administrative_parent,ADM4 row / research sector code 53521866; dated ADM3 parent 5352,,,verified
REL-36492FDD598E5F60,1.0.0,current,SRC-TN-HDX-CODAB-2022,ENT-TN-IMADA-52531778,high,,ENT-TN-DELEGATION-82A4AF3884E0,administrative_parent,ADM4 row / research sector code 52531778; dated ADM3 parent 5253,,,verified
REL-367A4B025FE25DE6,1.0.0,current,SRC-TN-HDX-CODAB-2022,ENT-TN-IMADA-42611550,high,,ENT-TN-DELEGATION-52AE19694D81,administrative_parent,ADM4 row / research sector code 42611550; dated ADM3 parent 4261,,,verified
REL-367EC87AB1BE56C8,1.0.0,current,SRC-TN-RESEARCH-GEOMETRY-2018,ENT-TN-MUNICIPALITY-4120,medium,Approximate research topology only; this is not an administrative parent relationship.,ENT-TN-DELEGATION-533D4E540C29,boundary_intersects,"sector evidence rows: 41591442,41591443,41591444",,,source_verified
REL-3693F3557F295095,1.0.0,current,SRC-TN-HDX-CODAB-2022,ENT-TN-IMADA-3151950,high,,ENT-TN-DELEGATION-3487617C49DD,administrative_parent,ADM4 row / research sector code 3151950; dated ADM3 parent 3151,,,verified
REL-36AA63E47AC85258,1.0.0,current,SRC-TN-RESEARCH-GEOMETRY-2018,ENT-TN-MUNICIPALITY-1615,medium,Approximate research topology only; this is not an administrative parent relationship.,ENT-TN-DELEGATION-43EBF7A156A6,boundary_intersects,"sector evidence rows: 1654452,1654453,1654457,1654459,1654460,1654463",,,source_verified
REL-36B13529BDF15F01,1.0.0,current,SRC-TN-HDX-CODAB-2022,ENT-TN-DELEGATION-386953CDE2D6,high,,ENT-TN-GOVERNORATE-5BC9A7217C8C,administrative_parent,ADM3 row / dated 264-delegation research code 3251,,,verified
REL-36C751D0ABAE539A,1.0.0,current,SRC-TN-HDX-CODAB-2022,ENT-TN-GOVERNORATE-07DB5E6D265C,high,,ENT-TN-COUNTRY,administrative_parent,ADM2 row / research governorate code 31,,,verified
REL-36D50EB86175511A,1.0.0,current,SRC-TN-HDX-CODAB-2022,ENT-TN-DELEGATION-AF66ED06B9B8,high,,ENT-TN-GOVERNORATE-A460B4F223EB,administrative_parent,ADM3 row / dated 264-delegation research code 2454,,,verified
REL-370D80E5BEC25EAF,1.0.0,current,SRC-TN-HDX-CODAB-2022,ENT-TN-IMADA-51551708,high,,ENT-TN-DELEGATION-336FE0336AC9,administrative_parent,ADM4 row / research sector code 51551708; dated ADM3 parent 5155,,,verified
REL-372AA88D34465E88,1.0.0,current,SRC-TN-HDX-CODAB-2022,ENT-TN-IMADA-62542018,high,,ENT-TN-DELEGATION-CB23A7885CA7,administrative_parent,ADM4 row / research sector code 62542018; dated ADM3 parent 6254,,,verified
REL-374B7957947A5FE9,1.0.0,current,SRC-TN-HDX-CODAB-2022,ENT-TN-IMADA-42551496,high,,ENT-TN-DELEGATION-5D62B4C8161F,administrative_parent,ADM4 row / research sector code 42551496; dated ADM3 parent 4255,,,verified
REL-37775C45DEAD595F,1.0.0,current,SRC-TN-DGCL-MUNICIPALITIES-2024,ENT-TN-MUNICIPALITY-4311,high,,ENT-TN-GOVERNORATE-47F772AA4A84,administrative_parent,January 2024 workbook row: governorate 43; municipality code 4311,,,verified
REL-3795460F17085649,1.0.0,current,SRC-TN-HDX-CODAB-2022,ENT-TN-IMADA-2257754,high,,ENT-TN-DELEGATION-36D776E11570,administrative_parent,ADM4 row / research sector code 2257754; dated ADM3 parent 2257,,,verified
REL-37BB6B1166705F51,1.0.0,current,SRC-TN-DGCL-MUNICIPALITIES-2024,ENT-TN-MUNICIPALITY-5121,high,,ENT-TN-GOVERNORATE-DF747014232C,administrative_parent,January 2024 workbook row: governorate 51; municipality code 5121,,,verified
REL-37D3DDE1EEB1591C,1.0.0,current,SRC-TN-RESEARCH-GEOMETRY-2018,ENT-TN-MUNICIPALITY-4114,medium,Approximate research topology only; this is not an administrative parent relationship.,ENT-TN-DELEGATION-6EC1A2137D0E,boundary_intersects,"sector evidence rows: 41551402,41551403,41551404,41551405,41551406,41551407,41551409,41551411,41551412",,,source_verified
REL-37E297682F35573B,1.0.0,current,SRC-TN-HDX-CODAB-2022,ENT-TN-IMADA-1257203,high,,ENT-TN-DELEGATION-CC185FFE164C,administrative_parent,ADM4 row / research sector code 1257203; dated ADM3 parent 1257,,,verified
REL-37E6993EE0AA517F,1.0.0,current,SRC-TN-HDX-CODAB-2022,ENT-TN-IMADA-43601657,high,,ENT-TN-DELEGATION-89139C7B1553,administrative_parent,ADM4 row / research sector code 43601657; dated ADM3 parent 4360,,,verified
REL-37F430473AA75D55,1.0.0,current,SRC-TN-HDX-CODAB-2022,ENT-TN-DELEGATION-6F8D6872B9E9,high,,ENT-TN-GOVERNORATE-47F772AA4A84,administrative_parent,ADM3 row / dated 264-delegation research code 4355,,,verified
REL-381F62D915A35A86,1.0.0,current,SRC-TN-HDX-CODAB-2022,ENT-TN-IMADA-1562394,high,,ENT-TN-DELEGATION-4AE753194B10,administrative_parent,ADM4 row / research sector code 1562394; dated ADM3 parent 1562,,,verified
REL-382A2D03496E5278,1.0.0,current,SRC-TN-HDX-CODAB-2022,ENT-TN-IMADA-34601299,high,,ENT-TN-DELEGATION-15A144D6467E,administrative_parent,ADM4 row / research sector code 34601299; dated ADM3 parent 3460,,,verified
REL-384C7B52E6E75FA4,1.0.0,current,SRC-TN-HDX-CODAB-2022,ENT-TN-DELEGATION-390678B1D4C7,high,,ENT-TN-GOVERNORATE-DAC2A2592975,administrative_parent,ADM3 row / dated 264-delegation research code 5354,,,verified
REL-38610113CC3C5A5A,1.0.0,current,SRC-TN-HDX-CODAB-2022,ENT-TN-IMADA-61601980,high,,ENT-TN-DELEGATION-434F19B638E3,administrative_parent,ADM4 row / research sector code 61601980; dated ADM3 parent 6160,,,verified
REL-3879C4B1A95752B6,1.0.0,current,SRC-TN-HDX-CODAB-2022,ENT-TN-IMADA-1351209,high,,ENT-TN-DELEGATION-8460EAF855E4,administrative_parent,ADM4 row / research sector code 1351209; dated ADM3 parent 1351,,,verified
REL-387B099A0F1F590A,1.0.0,current,SRC-TN-DGCL-MUNICIPALITIES-2024,ENT-TN-MUNICIPALITY-3239,high,,ENT-TN-GOVERNORATE-5BC9A7217C8C,administrative_parent,January 2024 workbook row: governorate 32; municipality code 3239,,,verified
REL-387FA71822B85E46,1.0.0,current,SRC-TN-HDX-CODAB-2022,ENT-TN-IMADA-1358244,high,,ENT-TN-DELEGATION-7667BCFBBD94,administrative_parent,ADM4 row / research sector code 1358244; dated ADM3 parent 1358,,,verified
REL-38884E8D35C65252,1.0.0,current,SRC-TN-DGCL-MUNICIPALITIES-2024,ENT-TN-MUNICIPALITY-3121,high,,ENT-TN-GOVERNORATE-07DB5E6D265C,administrative_parent,January 2024 workbook row: governorate 31; municipality code 3121,,,verified
REL-38A3417A36935074,1.0.0,current,SRC-TN-HDX-CODAB-2022,ENT-TN-IMADA-2159672,high,,ENT-TN-DELEGATION-34E2240B6A54,administrative_parent,ADM4 row / research sector code 2159672; dated ADM3 parent 2159,,,verified
REL-38D148A0C0C95A78,1.0.0,current,SRC-TN-HDX-CODAB-2022,ENT-TN-DELEGATION-EFAC1514C55E,high,,ENT-TN-GOVERNORATE-5BC9A7217C8C,administrative_parent,ADM3 row / dated 264-delegation research code 3254,,,verified
REL-38D9EEC1E2E153FA,1.0.0,current,SRC-TN-HDX-CODAB-2022,ENT-TN-IMADA-1754505,high,,ENT-TN-DELEGATION-00E4826B36E2,administrative_parent,ADM4 row / research sector code 1754505; dated ADM3 parent 1754,,,verified
REL-38E843A2C0ED51C2,1.0.0,current,SRC-TN-HDX-CODAB-2022,ENT-TN-DELEGATION-3757F6B83BE1,high,,ENT-TN-GOVERNORATE-97D2B1489F90,administrative_parent,ADM3 row / dated 264-delegation research code 3454,,,verified
REL-39025D21CA7E504B,1.0.0,current,SRC-TN-HDX-CODAB-2022,ENT-TN-IMADA-33511132,high,,ENT-TN-DELEGATION-E56B524C71BE,administrative_parent,ADM4 row / research sector code 33511132; dated ADM3 parent 3351,,,verified
REL-39086E84A80B5A5D,1.0.0,current,SRC-TN-HDX-CODAB-2022,ENT-TN-IMADA-115422,high,,ENT-TN-DELEGATION-22BE73F7EFB2,administrative_parent,ADM4 row / research sector code 115422; dated ADM3 parent 1154,,,verified
REL-3953F3B6C2C05B0F,1.0.0,current,SRC-TN-HDX-CODAB-2022,ENT-TN-DELEGATION-BFF07C1D0C4A,high,,ENT-TN-GOVERNORATE-07DB5E6D265C,administrative_parent,ADM3 row / dated 264-delegation research code 3162,,,verified
REL-3960008BF60E5796,1.0.0,current,SRC-TN-HDX-CODAB-2022,ENT-TN-IMADA-61611988,high,,ENT-TN-DELEGATION-B06C74E3ED6B,administrative_parent,ADM4 row / research sector code 61611988; dated ADM3 parent 6161,,,verified
REL-3963C3BCCA375491,1.0.0,current,SRC-TN-DGCL-MUNICIPALITIES-2024,ENT-TN-MUNICIPALITY-3126,high,,ENT-TN-GOVERNORATE-07DB5E6D265C,administrative_parent,January 2024 workbook row: governorate 31; municipality code 3126,,,verified
REL-396716E9D30B5FE0,1.0.0,current,SRC-TN-RESEARCH-GEOMETRY-2018,ENT-TN-MUNICIPALITY-1420,medium,Approximate research topology only; this is not an administrative parent relationship.,ENT-TN-DELEGATION-3DDA099AD6C7,boundary_intersects,"sector evidence rows: 1454303,1454304,1454306",,,source_verified
REL-398716BC899751D1,1.0.0,current,SRC-TN-HDX-CODAB-2022,ENT-TN-IMADA-51581736,high,,ENT-TN-DELEGATION-F7614EE1CE5C,administrative_parent,ADM4 row / research sector code 51581736; dated ADM3 parent 5158,,,verified
REL-398CCE15859F5659,1.0.0,current,SRC-TN-HDX-CODAB-2022,ENT-TN-IMADA-41531382,high,,ENT-TN-DELEGATION-70B00114B3C2,administrative_parent,ADM4 row / research sector code 41531382; dated ADM3 parent 4153,,,verified
REL-39A33D3A9A1C56F9,1.0.0,current,SRC-TN-DGCL-MUNICIPALITIES-2024,ENT-TN-MUNICIPALITY-1513,high,,ENT-TN-GOVERNORATE-EA30E853F598,administrative_parent,January 2024 workbook row: governorate 15; municipality code 1513,,,verified
REL-39B1C54F1B4E531B,1.0.0,current,SRC-TN-HDX-CODAB-2022,ENT-TN-IMADA-34611305,high,,ENT-TN-DELEGATION-0B9CE76F3AD6,administrative_parent,ADM4 row / research sector code 34611305; dated ADM3 parent 3461,,,verified
REL-39D5EFFF788150B0,1.0.0,current,SRC-TN-HDX-CODAB-2022,ENT-TN-DELEGATION-88077D99D243,high,,ENT-TN-GOVERNORATE-81845FB6BE40,administrative_parent,ADM3 row / dated 264-delegation research code 1656,,,verified
REL-39E262D799B05081,1.0.0,current,SRC-TN-DGCL-MUNICIPALITIES-2024,ENT-TN-MUNICIPALITY-4219,high,,ENT-TN-GOVERNORATE-36E4260B310C,administrative_parent,January 2024 workbook row: governorate 42; municipality code 4219,,,verified
REL-39EBA14AAD785B63,1.0.0,current,SRC-TN-HDX-CODAB-2022,ENT-TN-DELEGATION-F0E269317685,high,,ENT-TN-GOVERNORATE-36E4260B310C,administrative_parent,ADM3 row / dated 264-delegation research code 4251,,,verified
REL-39F0AEDD00F352CB,1.0.0,current,SRC-TN-HDX-CODAB-2022,ENT-TN-IMADA-34541252,high,,ENT-TN-DELEGATION-3757F6B83BE1,administrative_parent,ADM4 row / research sector code 34541252; dated ADM3 parent 3454,,,verified
REL-39FDC6DC9AAD5567,1.0.0,current,SRC-TN-HDX-CODAB-2022,ENT-TN-IMADA-42621555,high,,ENT-TN-DELEGATION-C41B01AE892E,administrative_parent,ADM4 row / research sector code 42621555; dated ADM3 parent 4262,,,verified
REL-39FF32B7A587592A,1.0.0,current,SRC-TN-DGCL-MUNICIPALITIES-2024,ENT-TN-MUNICIPALITY-4322,high,,ENT-TN-GOVERNORATE-47F772AA4A84,administrative_parent,January 2024 workbook row: governorate 43; municipality code 4322,,,verified
REL-3A0E93866AD75FB7,1.0.0,current,SRC-TN-HDX-CODAB-2022,ENT-TN-IMADA-2256730,high,,ENT-TN-DELEGATION-F12F59DBC46E,administrative_parent,ADM4 row / research sector code 2256730; dated ADM3 parent 2256,,,verified
REL-3A4151185E345E63,1.0.0,current,SRC-TN-HDX-CODAB-2022,ENT-TN-IMADA-33561174,high,,ENT-TN-DELEGATION-706200A5C126,administrative_parent,ADM4 row / research sector code 33561174; dated ADM3 parent 3356,,,verified
REL-3A48C341DF3C599A,1.0.0,current,SRC-TN-HDX-CODAB-2022,ENT-TN-IMADA-41601451,high,,ENT-TN-DELEGATION-46D8F9A49020,administrative_parent,ADM4 row / research sector code 41601451; dated ADM3 parent 4160,,,verified
REL-3A6422B9E5C4518B,1.0.0,current,SRC-TN-HDX-CODAB-2022,ENT-TN-DELEGATION-3487617C49DD,high,,ENT-TN-GOVERNORATE-07DB5E6D265C,administrative_parent,ADM3 row / dated 264-delegation research code 3151,,,verified
REL-3AB6ED927AB252C3,1.0.0,current,SRC-TN-HDX-CODAB-2022,ENT-TN-DELEGATION-D59DE8736127,high,,ENT-TN-GOVERNORATE-EA30E853F598,administrative_parent,ADM3 row / dated 264-delegation research code 1558,,,verified
REL-3AC1F99BAE3E5F9A,1.0.0,current,SRC-TN-HDX-CODAB-2022,ENT-TN-IMADA-1255188,high,,ENT-TN-DELEGATION-EE9A7B5ED169,administrative_parent,ADM4 row / research sector code 1255188; dated ADM3 parent 1255,,,verified
REL-3ADC21FB86615812,1.0.0,current,SRC-TN-HDX-CODAB-2022,ENT-TN-IMADA-62522002,high,,ENT-TN-DELEGATION-3240C5021B36,administrative_parent,ADM4 row / research sector code 62522002; dated ADM3 parent 6252,,,verified
REL-3ADDC2602F295D88,1.0.0,current,SRC-LY-MOLG-MUNICIPALITIES-2026,ENT-LY-MUNICIPALITY-7A62834C5F28,high,,ENT-LY-COUNTRY,administrative_parent,Municipality list entry: تاجوراء,,,verified
REL-3B061E767D995D0D,1.0.0,current,SRC-TN-HDX-CODAB-2022,ENT-TN-DELEGATION-70B00114B3C2,high,,ENT-TN-GOVERNORATE-D28A09D558AD,administrative_parent,ADM3 row / dated 264-delegation research code 4153,,,verified
REL-3B1661D1892B5191,1.0.0,current,SRC-TN-HDX-CODAB-2022,ENT-TN-IMADA-2159674,high,,ENT-TN-DELEGATION-34E2240B6A54,administrative_parent,ADM4 row / research sector code 2159674; dated ADM3 parent 2159,,,verified
REL-3B2218C3A28257C0,1.0.0,current,SRC-TN-RESEARCH-GEOMETRY-2018,ENT-TN-MUNICIPALITY-2216,medium,Approximate research topology only; this is not an administrative parent relationship.,ENT-TN-DELEGATION-F12F59DBC46E,boundary_intersects,"sector evidence rows: 2256733,2256734,2256741",,,source_verified
REL-3B32C37814E75909,1.0.0,current,SRC-TN-HDX-CODAB-2022,ENT-TN-DELEGATION-5BB9BF889AC5,high,,ENT-TN-GOVERNORATE-DF747014232C,administrative_parent,ADM3 row / dated 264-delegation research code 5160,,,verified
REL-3B6A7ED6AE0E5ABE,1.0.0,current,SRC-TN-HDX-CODAB-2022,ENT-TN-IMADA-1453293,high,,ENT-TN-DELEGATION-9F59B0DA797D,administrative_parent,ADM4 row / research sector code 1453293; dated ADM3 parent 1453,,,verified
REL-3B6F937F7F85575A,1.0.0,current,SRC-TN-HDX-CODAB-2022,ENT-TN-IMADA-2151586,high,,ENT-TN-DELEGATION-89B5CE300A2D,administrative_parent,ADM4 row / research sector code 2151586; dated ADM3 parent 2151,,,verified
REL-3B7285C378D0566D,1.0.0,current,SRC-TN-RESEARCH-GEOMETRY-2018,ENT-TN-MUNICIPALITY-1321,medium,Approximate research topology only; this is not an administrative parent relationship.,ENT-TN-DELEGATION-D4FC46D8AB0D,boundary_intersects,"sector evidence rows: 1362270,1362275,1362276,1362278,1362280,1362281",,,source_verified
REL-3B7D85FFF75B5B6B,1.0.0,current,SRC-TN-DGCL-MUNICIPALITIES-2024,ENT-TN-MUNICIPALITY-4122,high,,ENT-TN-GOVERNORATE-D28A09D558AD,administrative_parent,January 2024 workbook row: governorate 41; municipality code 4122,,,verified
REL-3B8CFAE0C8405CCC,1.0.0,current,SRC-TN-HDX-CODAB-2022,ENT-TN-IMADA-34541251,high,,ENT-TN-DELEGATION-3757F6B83BE1,administrative_parent,ADM4 row / research sector code 34541251; dated ADM3 parent 3454,,,verified
REL-3BA43CEE625D57C0,1.0.0,current,SRC-TN-HDX-CODAB-2022,ENT-TN-IMADA-34561268,high,,ENT-TN-DELEGATION-99EBA5A17CB9,administrative_parent,ADM4 row / research sector code 34561268; dated ADM3 parent 3456,,,verified
REL-3BB75B948F375A5F,1.0.0,current,SRC-TN-HDX-CODAB-2022,ENT-TN-IMADA-43601651,high,,ENT-TN-DELEGATION-89139C7B1553,administrative_parent,ADM4 row / research sector code 43601651; dated ADM3 parent 4360,,,verified
REL-3BE610FE7EDA511E,1.0.0,current,SRC-TN-RESEARCH-GEOMETRY-2018,ENT-TN-MUNICIPALITY-3111,medium,Approximate research topology only; this is not an administrative parent relationship.,ENT-TN-DELEGATION-C433D277206E,boundary_intersects,"sector evidence rows: 3154962,3154963,3154964,3154965",,,source_verified
REL-3C06A5DBDA565F7D,1.0.0,current,SRC-TN-HDX-CODAB-2022,ENT-TN-DELEGATION-57457D07E717,high,,ENT-TN-GOVERNORATE-467CAA2B1928,administrative_parent,ADM3 row / dated 264-delegation research code 6155,,,verified
REL-3C06E00AB12F5320,1.0.0,current,SRC-TN-RESEARCH-GEOMETRY-2018,ENT-TN-MUNICIPALITY-4321,medium,Approximate research topology only; this is not an administrative parent relationship.,ENT-TN-DELEGATION-755242916060,boundary_intersects,"sector evidence rows: 43611659,43611660,43611670,43611671,43611672",,,source_verified
REL-3C537488B2A356EC,1.0.0,current,SRC-TN-HDX-CODAB-2022,ENT-TN-IMADA-42521475,high,,ENT-TN-DELEGATION-FA7572893BAA,administrative_parent,ADM4 row / research sector code 42521475; dated ADM3 parent 4252,,,verified
REL-3C540C273FB45AD4,1.0.0,current,SRC-TN-DGCL-MUNICIPALITIES-2024,ENT-TN-MUNICIPALITY-6315,high,,ENT-TN-GOVERNORATE-1864AE41D5B4,administrative_parent,January 2024 workbook row: governorate 63; municipality code 6315,,,verified
REL-3D18726FEA3555DC,1.0.0,current,SRC-TN-HDX-CODAB-2022,ENT-TN-IMADA-43551617,high,,ENT-TN-DELEGATION-6F8D6872B9E9,administrative_parent,ADM4 row / research sector code 43551617; dated ADM3 parent 4355,,,verified
REL-3D235183567755AC,1.0.0,current,SRC-TN-RESEARCH-GEOMETRY-2018,ENT-TN-MUNICIPALITY-3120,medium,Approximate research topology only; this is not an administrative parent relationship.,ENT-TN-DELEGATION-AC41B378E3D9,boundary_intersects,"sector evidence rows: 31601000,31601002,31601004,3160993,3160994,3160997,3160998,3160999",,,source_verified
REL-3D42653635AA5CAF,1.0.0,current,SRC-TN-HDX-CODAB-2022,ENT-TN-IMADA-1755514,high,,ENT-TN-DELEGATION-148C846991C4,administrative_parent,ADM4 row / research sector code 1755514; dated ADM3 parent 1755,,,verified
REL-3D61CC4A38BE5A16,1.0.0,current,SRC-TN-HDX-CODAB-2022,ENT-TN-IMADA-51571723,high,,ENT-TN-DELEGATION-5BAD0A66CCEB,administrative_parent,ADM4 row / research sector code 51571723; dated ADM3 parent 5157,,,verified
REL-3D6DC390B49250D0,1.0.0,current,SRC-TN-HDX-CODAB-2022,ENT-TN-IMADA-2451863,high,,ENT-TN-DELEGATION-BACCAA713057,administrative_parent,ADM4 row / research sector code 2451863; dated ADM3 parent 2451,,,verified
REL-3D7D1B3C96745E5D,1.0.0,current,SRC-TN-HDX-CODAB-2022,ENT-TN-IMADA-2154622,high,,ENT-TN-DELEGATION-028DF902ABF9,administrative_parent,ADM4 row / research sector code 2154622; dated ADM3 parent 2154,,,verified
REL-3D943B2276CE5C19,1.0.0,current,SRC-TN-DGCL-MUNICIPALITIES-2024,ENT-TN-MUNICIPALITY-1615,high,,ENT-TN-GOVERNORATE-81845FB6BE40,administrative_parent,January 2024 workbook row: governorate 16; municipality code 1615,,,verified
REL-3D966ADFCE9E5826,1.0.0,current,SRC-TN-HDX-CODAB-2022,ENT-TN-IMADA-116296,high,,ENT-TN-DELEGATION-D75198EE6BB5,administrative_parent,ADM4 row / research sector code 116296; dated ADM3 parent 1162,,,verified
REL-3DA0B6BEBD88512F,1.0.0,current,SRC-TN-HDX-CODAB-2022,ENT-TN-IMADA-41561413,high,,ENT-TN-DELEGATION-7E9A8227F3FE,administrative_parent,ADM4 row / research sector code 41561413; dated ADM3 parent 4156,,,verified
REL-3DACE5A4ED5051A7,1.0.0,current,SRC-TN-HDX-CODAB-2022,ENT-TN-IMADA-116076,high,,ENT-TN-DELEGATION-93C5837DFCBF,administrative_parent,ADM4 row / research sector code 116076; dated ADM3 parent 1160,,,verified
REL-3DAE9354B75F58B2,1.0.0,current,SRC-TN-HDX-CODAB-2022,ENT-TN-IMADA-1651429,high,,ENT-TN-DELEGATION-D52472FD9496,administrative_parent,ADM4 row / research sector code 1651429; dated ADM3 parent 1651,,,verified
REL-3DC66425D58B58BA,1.0.0,current,SRC-TN-RESEARCH-GEOMETRY-2018,ENT-TN-MUNICIPALITY-3215,medium,Approximate research topology only; this is not an administrative parent relationship.,ENT-TN-DELEGATION-B0C081DB1344,boundary_intersects,"sector evidence rows: 32531065,32531067",,,source_verified
REL-3DD976F150E1597A,1.0.0,current,SRC-TN-HDX-CODAB-2022,ENT-TN-DELEGATION-99EBA5A17CB9,high,,ENT-TN-GOVERNORATE-97D2B1489F90,administrative_parent,ADM3 row / dated 264-delegation research code 3456,,,verified
REL-3DE5573F59DC5482,1.0.0,current,SRC-TN-HDX-CODAB-2022,ENT-TN-IMADA-2253703,high,,ENT-TN-DELEGATION-997BFDED88CF,administrative_parent,ADM4 row / research sector code 2253703; dated ADM3 parent 2253,,,verified
REL-3DFFC651FA455C9D,1.0.0,current,SRC-TN-HDX-CODAB-2022,ENT-TN-IMADA-42591530,high,,ENT-TN-DELEGATION-9AB968FD4EE0,administrative_parent,ADM4 row / research sector code 42591530; dated ADM3 parent 4259,,,verified
REL-3E05BE571DFE59AC,1.0.0,current,SRC-TN-HDX-CODAB-2022,ENT-TN-IMADA-2151578,high,,ENT-TN-DELEGATION-89B5CE300A2D,administrative_parent,ADM4 row / research sector code 2151578; dated ADM3 parent 2151,,,verified
REL-3E0E8565CD5B50D1,1.0.0,current,SRC-TN-HDX-CODAB-2022,ENT-TN-IMADA-2358834,high,,ENT-TN-DELEGATION-9D12AE8B04F4,administrative_parent,ADM4 row / research sector code 2358834; dated ADM3 parent 2358,,,verified
REL-3E1D2DB57E8C5C72,1.0.0,current,SRC-TN-HDX-CODAB-2022,ENT-TN-IMADA-1760549,high,,ENT-TN-DELEGATION-920707B361CE,administrative_parent,ADM4 row / research sector code 1760549; dated ADM3 parent 1760,,,verified
REL-3E1E54BF5FD9596E,1.0.0,current,SRC-TN-HDX-CODAB-2022,ENT-TN-DELEGATION-93C5837DFCBF,high,,ENT-TN-GOVERNORATE-DB8D5C457676,administrative_parent,ADM3 row / dated 264-delegation research code 1160,,,verified
REL-3E2505630DF55278,1.0.0,current,SRC-TN-HDX-CODAB-2022,ENT-TN-IMADA-52591843,high,,ENT-TN-DELEGATION-F6FA367C4B52,administrative_parent,ADM4 row / research sector code 52591843; dated ADM3 parent 5259,,,verified
REL-3E3CCC8A8B095FC0,1.0.0,current,SRC-TN-RESEARCH-GEOMETRY-2018,ENT-TN-MUNICIPALITY-3239,medium,Approximate research topology only; this is not an administrative parent relationship.,ENT-TN-DELEGATION-7F9EBE1F4EA1,boundary_intersects,sector evidence rows: 32631124,,,source_verified
REL-3E453CAA8F8E5951,1.0.0,current,SRC-TN-RESEARCH-GEOMETRY-2018,ENT-TN-MUNICIPALITY-3418,medium,Approximate research topology only; this is not an administrative parent relationship.,ENT-TN-DELEGATION-B1DB2FE90D10,boundary_intersects,"sector evidence rows: 34571269,34571270,34571271,34571272,34571273,34571274,34571275,34571276",,,source_verified
REL-3E4D86783A175DE6,1.0.0,current,SRC-TN-HDX-CODAB-2022,ENT-TN-IMADA-32551076,high,,ENT-TN-DELEGATION-00EC6583A4A3,administrative_parent,ADM4 row / research sector code 32551076; dated ADM3 parent 3255,,,verified
REL-3E64001CF26252DB,1.0.0,current,SRC-TN-HDX-CODAB-2022,ENT-TN-IMADA-2455893,high,,ENT-TN-DELEGATION-27DFBC8894A9,administrative_parent,ADM4 row / research sector code 2455893; dated ADM3 parent 2455,,,verified
REL-3E7689D4E5DF59E8,1.0.0,current,SRC-TN-HDX-CODAB-2022,ENT-TN-IMADA-2255724,high,,ENT-TN-DELEGATION-3D8C44AF7D14,administrative_parent,ADM4 row / research sector code 2255724; dated ADM3 parent 2255,,,verified
REL-3EA34FEBDEAF5AE5,1.0.0,current,SRC-TN-HDX-CODAB-2022,ENT-TN-IMADA-34651340,high,,ENT-TN-DELEGATION-BE40270E2393,administrative_parent,ADM4 row / research sector code 34651340; dated ADM3 parent 3465,,,verified
REL-3EBBC73D617555FD,1.0.0,current,SRC-TN-HDX-CODAB-2022,ENT-TN-IMADA-2451864,high,,ENT-TN-DELEGATION-BACCAA713057,administrative_parent,ADM4 row / research sector code 2451864; dated ADM3 parent 2451,,,verified
REL-3EC28A23228A5A1F,1.0.0,current,SRC-TN-HDX-CODAB-2022,ENT-TN-IMADA-2256735,high,,ENT-TN-DELEGATION-F12F59DBC46E,administrative_parent,ADM4 row / research sector code 2256735; dated ADM3 parent 2256,,,verified
REL-3EC7516E0E32505F,1.0.0,current,SRC-TN-RESEARCH-GEOMETRY-2018,ENT-TN-MUNICIPALITY-1116,medium,Approximate research topology only; this is not an administrative parent relationship.,ENT-TN-DELEGATION-CEF958458571,boundary_intersects,"sector evidence rows: 11511,11512",,,source_verified
REL-3ED05762E756584F,1.0.0,current,SRC-LY-MOLG-MUNICIPALITIES-2026,ENT-LY-MUNICIPALITY-9DE4415D3676,high,,ENT-LY-COUNTRY,administrative_parent,Municipality list entry: انتلات البيضان,,,verified
REL-3ED104E850B35BE3,1.0.0,current,SRC-TN-HDX-CODAB-2022,ENT-TN-IMADA-1254187,high,,ENT-TN-DELEGATION-7D060F057E64,administrative_parent,ADM4 row / research sector code 1254187; dated ADM3 parent 1254,,,verified
REL-3EF18A7466815833,1.0.0,current,SRC-TN-HDX-CODAB-2022,ENT-TN-IMADA-11599999,high,,ENT-TN-DELEGATION-0B11B353C556,administrative_parent,ADM4 row / research sector code 11599999; dated ADM3 parent 1159,,,verified
REL-3F1F5131155B5988,1.0.0,current,SRC-TN-HDX-CODAB-2022,ENT-TN-IMADA-1761558,high,,ENT-TN-DELEGATION-5E40024695DE,administrative_parent,ADM4 row / research sector code 1761558; dated ADM3 parent 1761,,,verified
REL-3F25CBDEFB9F5620,1.0.0,current,SRC-TN-HDX-CODAB-2022,ENT-TN-IMADA-2152593,high,,ENT-TN-DELEGATION-08DFD967FB8E,administrative_parent,ADM4 row / research sector code 2152593; dated ADM3 parent 2152,,,verified
REL-3F68DF5C5FD65E29,1.0.0,current,SRC-TN-DGCL-MUNICIPALITIES-2024,ENT-TN-MUNICIPALITY-1530,high,,ENT-TN-GOVERNORATE-EA30E853F598,administrative_parent,January 2024 workbook row: governorate 15; municipality code 1530,,,verified
REL-3F77596A662653C0,1.0.0,current,SRC-TN-RESEARCH-GEOMETRY-2018,ENT-TN-MUNICIPALITY-5214,medium,Approximate research topology only; this is not an administrative parent relationship.,ENT-TN-DELEGATION-6EFE1FF87CAA,boundary_intersects,"sector evidence rows: 52551800,52551801,52551802,52551803,52551805,52551809,52551810,52551811,52551813",,,source_verified
REL-3F7A0D22851C507B,1.0.0,current,SRC-LY-MOLG-MUNICIPALITIES-2026,ENT-LY-MUNICIPALITY-F4FDB1290DF0,high,,ENT-LY-COUNTRY,administrative_parent,Municipality list entry: بني وليد,,,verified
REL-3F84C28FC72859A0,1.0.0,current,SRC-TN-DGCL-MUNICIPALITIES-2024,ENT-TN-MUNICIPALITY-4229,high,,ENT-TN-GOVERNORATE-36E4260B310C,administrative_parent,January 2024 workbook row: governorate 42; municipality code 4229,,,verified
REL-3F8FF1298DAF534E,1.0.0,current,SRC-TN-HDX-CODAB-2022,ENT-TN-DELEGATION-755242916060,high,,ENT-TN-GOVERNORATE-47F772AA4A84,administrative_parent,ADM3 row / dated 264-delegation research code 4361,,,verified
REL-3FB9DFFC43295ED0,1.0.0,current,SRC-TN-HDX-CODAB-2022,ENT-TN-IMADA-2353787,high,,ENT-TN-DELEGATION-F153AA210A4D,administrative_parent,ADM4 row / research sector code 2353787; dated ADM3 parent 2353,,,verified
REL-3FBE287C5C4356E9,1.0.0,current,SRC-TN-HDX-CODAB-2022,ENT-TN-IMADA-41571428,high,,ENT-TN-DELEGATION-5E9C54B26170,administrative_parent,ADM4 row / research sector code 41571428; dated ADM3 parent 4157,,,verified
REL-3FC89EC43DB453B7,1.0.0,current,SRC-TN-HDX-CODAB-2022,ENT-TN-IMADA-61591972,high,,ENT-TN-DELEGATION-17D9D56D8808,administrative_parent,ADM4 row / research sector code 61591972; dated ADM3 parent 6159,,,verified
REL-3FCC34362C7153F5,1.0.0,current,SRC-TN-HDX-CODAB-2022,ENT-TN-IMADA-1559376,high,,ENT-TN-DELEGATION-ACB1178786DC,administrative_parent,ADM4 row / research sector code 1559376; dated ADM3 parent 1559,,,verified
REL-3FFB93FE34315907,1.0.0,current,SRC-TN-DGCL-MUNICIPALITIES-2024,ENT-TN-MUNICIPALITY-2116,high,,ENT-TN-GOVERNORATE-EA2D44B4F25E,administrative_parent,January 2024 workbook row: governorate 21; municipality code 2116,,,verified
REL-4007D0E05A6A5B51,1.0.0,current,SRC-TN-HDX-CODAB-2022,ENT-TN-IMADA-1152106,high,,ENT-TN-DELEGATION-CC12560912DD,administrative_parent,ADM4 row / research sector code 1152106; dated ADM3 parent 1152,,,verified
REL-401658A4C4D6523E,1.0.0,current,SRC-TN-HDX-CODAB-2022,ENT-TN-IMADA-63542054,high,,ENT-TN-DELEGATION-3512572DC050,administrative_parent,ADM4 row / research sector code 63542054; dated ADM3 parent 6354,,,verified
REL-405A3F1C837D5BD0,1.0.0,current,SRC-TN-HDX-CODAB-2022,ENT-TN-IMADA-2251679,high,,ENT-TN-DELEGATION-819F7F2E27F9,administrative_parent,ADM4 row / research sector code 2251679; dated ADM3 parent 2251,,,verified
REL-405FFAAB5AD95D79,1.0.0,current,SRC-TN-DGCL-MUNICIPALITIES-2024,ENT-TN-MUNICIPALITY-5217,high,,ENT-TN-GOVERNORATE-902616FE3988,administrative_parent,January 2024 workbook row: governorate 52; municipality code 5217,,,verified
REL-4060BB6260A85706,1.0.0,current,SRC-TN-HDX-CODAB-2022,ENT-TN-IMADA-2352778,high,,ENT-TN-DELEGATION-D4441080949B,administrative_parent,ADM4 row / research sector code 2352778; dated ADM3 parent 2352,,,verified
REL-4063818E3FE356AF,1.0.0,current,SRC-TN-RESEARCH-GEOMETRY-2018,ENT-TN-MUNICIPALITY-4212,medium,Approximate research topology only; this is not an administrative parent relationship.,ENT-TN-DELEGATION-5D62B4C8161F,boundary_intersects,"sector evidence rows: 42551490,42551491,42551499,42551500,42551503",,,source_verified
REL-40641BBEF2D95E04,1.0.0,current,SRC-TN-RESEARCH-GEOMETRY-2018,ENT-TN-MUNICIPALITY-2222,medium,Approximate research topology only; this is not an administrative parent relationship.,ENT-TN-DELEGATION-F12F59DBC46E,boundary_intersects,"sector evidence rows: 2256732,2256735,2256736,2256739,2256742",,,source_verified
REL-4088E7788C065F17,1.0.0,current,SRC-TN-HDX-CODAB-2022,ENT-TN-IMADA-1352214,high,,ENT-TN-DELEGATION-10DD70515DA0,administrative_parent,ADM4 row / research sector code 1352214; dated ADM3 parent 1352,,,verified
REL-40A020B7E33052A4,1.0.0,current,SRC-TN-HDX-CODAB-2022,ENT-TN-IMADA-1360260,high,,ENT-TN-DELEGATION-01345A7C882C,administrative_parent,ADM4 row / research sector code 1360260; dated ADM3 parent 1360,,,verified
REL-40D23895269C5986,1.0.0,current,SRC-TN-RESEARCH-GEOMETRY-2018,ENT-TN-MUNICIPALITY-1612,medium,Approximate research topology only; this is not an administrative parent relationship.,ENT-TN-DELEGATION-C73B8495072E,boundary_intersects,"sector evidence rows: 1652436,1652437,1652438,1652439,1652440,1652441,1652442,1652443",,,source_verified
REL-40F4357CF922544A,1.0.0,current,SRC-TN-RESEARCH-GEOMETRY-2018,ENT-TN-MUNICIPALITY-6118,medium,Approximate research topology only; this is not an administrative parent relationship.,ENT-TN-DELEGATION-B06C74E3ED6B,boundary_intersects,"sector evidence rows: 61611983,61611984,61611988,61611989",,,source_verified
REL-4122E97B3810538C,1.0.0,current,SRC-TN-HDX-CODAB-2022,ENT-TN-IMADA-116835,high,,ENT-TN-DELEGATION-3178EC239E79,administrative_parent,ADM4 row / research sector code 116835; dated ADM3 parent 1168,,,verified
REL-4139F52C5F2B5061,1.0.0,current,SRC-TN-DGCL-MUNICIPALITIES-2024,ENT-TN-MUNICIPALITY-4321,high,,ENT-TN-GOVERNORATE-47F772AA4A84,administrative_parent,January 2024 workbook row: governorate 43; municipality code 4321,,,verified
REL-413C128CFCA9506F,1.0.0,current,SRC-TN-HDX-CODAB-2022,ENT-TN-IMADA-41571425,high,,ENT-TN-DELEGATION-5E9C54B26170,administrative_parent,ADM4 row / research sector code 41571425; dated ADM3 parent 4157,,,verified
REL-4142E1CF3F98516C,1.0.0,current,SRC-TN-HDX-CODAB-2022,ENT-TN-DELEGATION-4E58B3CD9CB1,high,,ENT-TN-GOVERNORATE-5BC9A7217C8C,administrative_parent,ADM3 row / dated 264-delegation research code 3258,,,verified
REL-415223B0E2E6506C,1.0.0,current,SRC-LY-MOLG-MUNICIPALITIES-2026,ENT-LY-MUNICIPALITY-F35EF09283B9,high,,ENT-LY-COUNTRY,administrative_parent,Municipality list entry: باطن الجبل,,,verified
REL-416E134A6900588B,1.0.0,current,SRC-TN-HDX-CODAB-2022,ENT-TN-IMADA-52531781,high,,ENT-TN-DELEGATION-82A4AF3884E0,administrative_parent,ADM4 row / research sector code 52531781; dated ADM3 parent 5253,,,verified
REL-417DACA9AB6E535E,1.0.0,current,SRC-TN-DGCL-MUNICIPALITIES-2024,ENT-TN-MUNICIPALITY-1719,high,,ENT-TN-GOVERNORATE-B1787F907937,administrative_parent,January 2024 workbook row: governorate 17; municipality code 1719,,,verified
REL-41845831FB3C5251,1.0.0,current,SRC-TN-HDX-CODAB-2022,ENT-TN-IMADA-116586,high,,ENT-TN-DELEGATION-0156C9A906A2,administrative_parent,ADM4 row / research sector code 116586; dated ADM3 parent 1165,,,verified
REL-418DBCFF00205C6C,1.0.0,current,SRC-TN-HDX-CODAB-2022,ENT-TN-IMADA-42631566,high,,ENT-TN-DELEGATION-A9463801F6AD,administrative_parent,ADM4 row / research sector code 42631566; dated ADM3 parent 4263,,,verified
REL-419BFB0369115CEC,1.0.0,current,SRC-TN-HDX-CODAB-2022,ENT-TN-IMADA-1256194,high,,ENT-TN-DELEGATION-4F055D8E4C5F,administrative_parent,ADM4 row / research sector code 1256194; dated ADM3 parent 1256,,,verified
REL-41B3CEC205635E89,1.0.0,current,SRC-TN-HDX-CODAB-2022,ENT-TN-IMADA-3157980,high,,ENT-TN-DELEGATION-CA29D85670F9,administrative_parent,ADM4 row / research sector code 3157980; dated ADM3 parent 3157,,,verified
REL-41C322527AEE5DAC,1.0.0,current,SRC-TN-HDX-CODAB-2022,ENT-TN-IMADA-3155966,high,,ENT-TN-DELEGATION-14FA2AE0C064,administrative_parent,ADM4 row / research sector code 3155966; dated ADM3 parent 3155,,,verified
REL-41D1324ED5B159D5,1.0.0,current,SRC-TN-HDX-CODAB-2022,ENT-TN-IMADA-2359841,high,,ENT-TN-DELEGATION-E3E9C5077EA4,administrative_parent,ADM4 row / research sector code 2359841; dated ADM3 parent 2359,,,verified
REL-41D2688D03A6589C,1.0.0,current,SRC-TN-HDX-CODAB-2022,ENT-TN-DELEGATION-7D060F057E64,high,,ENT-TN-GOVERNORATE-78D6D85AF6A0,administrative_parent,ADM3 row / dated 264-delegation research code 1254,,,verified
REL-41F8AB6344865888,1.0.0,current,SRC-TN-HDX-CODAB-2022,ENT-TN-IMADA-61541943,high,,ENT-TN-DELEGATION-7A57DEB42C2E,administrative_parent,ADM4 row / research sector code 61541943; dated ADM3 parent 6154,,,verified
REL-422F359266BE5A1C,1.0.0,current,SRC-LY-MOLG-MUNICIPALITIES-2026,ENT-LY-MUNICIPALITY-507856C16526,high,,ENT-LY-COUNTRY,administrative_parent,Municipality list entry: الأبيار,,,verified
REL-4282D27B7EA055FF,1.0.0,current,SRC-TN-HDX-CODAB-2022,ENT-TN-IMADA-34551264,high,,ENT-TN-DELEGATION-CC6DBA2640FB,administrative_parent,ADM4 row / research sector code 34551264; dated ADM3 parent 3455,,,verified
REL-4287F47F1E975D17,1.0.0,current,SRC-TN-HDX-CODAB-2022,ENT-TN-GOVERNORATE-1864AE41D5B4,high,,ENT-TN-COUNTRY,administrative_parent,ADM2 row / research governorate code 63,,,verified
REL-428FBEF043C65F35,1.0.0,current,SRC-TN-HDX-CODAB-2022,ENT-TN-IMADA-2254714,high,,ENT-TN-DELEGATION-0A43143796F7,administrative_parent,ADM4 row / research sector code 2254714; dated ADM3 parent 2254,,,verified
REL-42B9F430021C5FBC,1.0.0,current,SRC-TN-HDX-CODAB-2022,ENT-TN-IMADA-62522000,high,,ENT-TN-DELEGATION-3240C5021B36,administrative_parent,ADM4 row / research sector code 62522000; dated ADM3 parent 6252,,,verified
REL-42C4368FBB7F5E9E,1.0.0,current,SRC-TN-HDX-CODAB-2022,ENT-TN-IMADA-2154615,high,,ENT-TN-DELEGATION-028DF902ABF9,administrative_parent,ADM4 row / research sector code 2154615; dated ADM3 parent 2154,,,verified
REL-42D49688DBA2518F,1.0.0,current,SRC-TN-HDX-CODAB-2022,ENT-TN-IMADA-31651046,high,,ENT-TN-DELEGATION-E8F02D6B4EF9,administrative_parent,ADM4 row / research sector code 31651046; dated ADM3 parent 3165,,,verified
REL-42D4E5423B0D55D4,1.0.0,historical,SRC-LY-BSC-CENSUS-2006,ENT-LY-SHABIYA-HISTORICAL-7CF8895F4680,high,Historical hierarchy snapshot only.,ENT-LY-COUNTRY,administrative_parent,2006 census region: سرت,,,verified
REL-42DCA60D9D5E5786,1.0.0,current,SRC-TN-RESEARCH-GEOMETRY-2018,ENT-TN-MUNICIPALITY-1718,medium,Approximate research topology only; this is not an administrative parent relationship.,ENT-TN-DELEGATION-F7ED1EE6DC53,boundary_intersects,"sector evidence rows: 1762561,1762562,1762565",,,source_verified
REL-42DD0DF24DFD51FC,1.0.0,current,SRC-TN-HDX-CODAB-2022,ENT-TN-DELEGATION-533D4E540C29,high,,ENT-TN-GOVERNORATE-D28A09D558AD,administrative_parent,ADM3 row / dated 264-delegation research code 4159,,,verified
REL-42E7886748665FA9,1.0.0,current,SRC-TN-HDX-CODAB-2022,ENT-TN-IMADA-11621480,high,,ENT-TN-DELEGATION-762D553CB7DA,administrative_parent,ADM4 row / research sector code 11621480; dated ADM3 parent 4253,,,verified
REL-42FA8BF9FFED5A60,1.0.0,current,SRC-TN-HDX-CODAB-2022,ENT-TN-IMADA-1654453,high,,ENT-TN-DELEGATION-43EBF7A156A6,administrative_parent,ADM4 row / research sector code 1654453; dated ADM3 parent 1654,,,verified
REL-430762D5710C5B27,1.0.0,current,SRC-TN-HDX-CODAB-2022,ENT-TN-IMADA-52541794,high,,ENT-TN-DELEGATION-F7ED4B759BD6,administrative_parent,ADM4 row / research sector code 52541794; dated ADM3 parent 5254,,,verified
REL-43076C6E6826594D,1.0.0,current,SRC-TN-HDX-CODAB-2022,ENT-TN-IMADA-43551613,high,,ENT-TN-DELEGATION-6F8D6872B9E9,administrative_parent,ADM4 row / research sector code 43551613; dated ADM3 parent 4355,,,verified
REL-432A331B33705829,1.0.0,current,SRC-TN-HDX-CODAB-2022,ENT-TN-IMADA-33511130,high,,ENT-TN-DELEGATION-E56B524C71BE,administrative_parent,ADM4 row / research sector code 33511130; dated ADM3 parent 3351,,,verified
REL-4339FC1B1D245B80,1.0.0,current,SRC-TN-HDX-CODAB-2022,ENT-TN-IMADA-1755516,high,,ENT-TN-DELEGATION-148C846991C4,administrative_parent,ADM4 row / research sector code 1755516; dated ADM3 parent 1755,,,verified
REL-434235734ACA5C67,1.0.0,current,SRC-TN-HDX-CODAB-2022,ENT-TN-IMADA-1757529,high,,ENT-TN-DELEGATION-4021556E2BEF,administrative_parent,ADM4 row / research sector code 1757529; dated ADM3 parent 1757,,,verified
REL-43BC1A34456B50B7,1.0.0,current,SRC-TN-HDX-CODAB-2022,ENT-TN-DELEGATION-336FE0336AC9,high,,ENT-TN-GOVERNORATE-DF747014232C,administrative_parent,ADM3 row / dated 264-delegation research code 5155,,,verified
REL-43C1A4193A345E01,1.0.0,current,SRC-TN-HDX-CODAB-2022,ENT-TN-IMADA-41611466,high,,ENT-TN-DELEGATION-F9557E5DC693,administrative_parent,ADM4 row / research sector code 41611466; dated ADM3 parent 4161,,,verified
REL-43F473139B30592C,1.0.0,current,SRC-TN-HDX-CODAB-2022,ENT-TN-IMADA-1167123,high,,ENT-TN-DELEGATION-40268C8E9C06,administrative_parent,ADM4 row / research sector code 1167123; dated ADM3 parent 1167,,,verified
REL-4406D22834EC52A9,1.0.0,current,SRC-TN-HDX-CODAB-2022,ENT-TN-IMADA-1754507,high,,ENT-TN-DELEGATION-00E4826B36E2,administrative_parent,ADM4 row / research sector code 1754507; dated ADM3 parent 1754,,,verified
REL-442AE75A0D9551F8,1.0.0,current,SRC-TN-HDX-CODAB-2022,ENT-TN-IMADA-63512026,high,,ENT-TN-DELEGATION-83574F602607,administrative_parent,ADM4 row / research sector code 63512026; dated ADM3 parent 6351,,,verified
REL-4446BB3BDECD59D4,1.0.0,current,SRC-TN-RESEARCH-GEOMETRY-2018,ENT-TN-MUNICIPALITY-3431,medium,Approximate research topology only; this is not an administrative parent relationship.,ENT-TN-DELEGATION-05852EF74252,boundary_intersects,"sector evidence rows: 34581278,34581280,34581283",,,source_verified
REL-4483B0EFA2C75DB7,1.0.0,current,SRC-TN-RESEARCH-GEOMETRY-2018,ENT-TN-MUNICIPALITY-4213,medium,Approximate research topology only; this is not an administrative parent relationship.,ENT-TN-DELEGATION-FD2AE43A4C3D,boundary_intersects,"sector evidence rows: 42561504,42561505,42561506,42561507",,,source_verified
REL-4489A6104E6B5F04,1.0.0,current,SRC-TN-HDX-CODAB-2022,ENT-TN-IMADA-42611548,high,,ENT-TN-DELEGATION-52AE19694D81,administrative_parent,ADM4 row / research sector code 42611548; dated ADM3 parent 4261,,,verified
REL-448DA677CFD3546E,1.0.0,current,SRC-TN-HDX-CODAB-2022,ENT-TN-IMADA-41611458,high,,ENT-TN-DELEGATION-F9557E5DC693,administrative_parent,ADM4 row / research sector code 41611458; dated ADM3 parent 4161,,,verified
REL-4490E6DF4B76572B,1.0.0,current,SRC-TN-RESEARCH-GEOMETRY-2018,ENT-TN-MUNICIPALITY-1111,medium,Approximate research topology only; this is not an administrative parent relationship.,ENT-TN-DELEGATION-0156C9A906A2,boundary_intersects,"sector evidence rows: 116567,116568,116583,116584,116585,116586",,,source_verified
REL-44BF6E98858C5621,1.0.0,current,SRC-TN-HDX-CODAB-2022,ENT-TN-IMADA-1758542,high,,ENT-TN-DELEGATION-F3529789545D,administrative_parent,ADM4 row / research sector code 1758542; dated ADM3 parent 1758,,,verified
REL-44D0C486C00D58CA,1.0.0,current,SRC-TN-RESEARCH-GEOMETRY-2018,ENT-TN-MUNICIPALITY-2221,medium,Approximate research topology only; this is not an administrative parent relationship.,ENT-TN-DELEGATION-36D776E11570,boundary_intersects,"sector evidence rows: 2257746,2257752,2257755",,,source_verified
REL-44FD28B1F7535280,1.0.0,current,SRC-TN-HDX-CODAB-2022,ENT-TN-IMADA-53521874,high,,ENT-TN-DELEGATION-D3ABF7936ACA,administrative_parent,ADM4 row / research sector code 53521874; dated ADM3 parent 5352,,,verified
REL-45006C87133A54D9,1.0.0,current,SRC-TN-RESEARCH-GEOMETRY-2018,ENT-TN-MUNICIPALITY-2219,medium,Approximate research topology only; this is not an administrative parent relationship.,ENT-TN-DELEGATION-A1AD72837943,boundary_intersects,"sector evidence rows: 2259762,2259763,2259764,2259765,2259766,2259767,2259768,2259769,2259770,2259771,2259772",,,source_verified
REL-45242D1DE3D958B8,1.0.0,current,SRC-TN-HDX-CODAB-2022,ENT-TN-IMADA-31651047,high,,ENT-TN-DELEGATION-E8F02D6B4EF9,administrative_parent,ADM4 row / research sector code 31651047; dated ADM3 parent 3165,,,verified
REL-45273AC99D4C5358,1.0.0,current,SRC-TN-HDX-CODAB-2022,ENT-TN-IMADA-1564403,high,,ENT-TN-DELEGATION-8708C7088CBC,administrative_parent,ADM4 row / research sector code 1564403; dated ADM3 parent 1564,,,verified
REL-453052B1446D560D,1.0.0,current,SRC-TN-DGCL-MUNICIPALITIES-2024,ENT-TN-MUNICIPALITY-1412,high,,ENT-TN-GOVERNORATE-CC06DF550344,administrative_parent,January 2024 workbook row: governorate 14; municipality code 1412,,,verified
REL-45411159134456E9,1.0.0,current,SRC-LY-MOLG-MUNICIPALITIES-2026,ENT-LY-MUNICIPALITY-080FA16C04CC,high,,ENT-LY-COUNTRY,administrative_parent,Municipality list entry: زوارة,,,verified
REL-455A4D89EBF451C4,1.0.0,current,SRC-TN-HDX-CODAB-2022,ENT-TN-DELEGATION-A638A51CF8F7,high,,ENT-TN-GOVERNORATE-467CAA2B1928,administrative_parent,ADM3 row / dated 264-delegation research code 6158,,,verified
REL-4565E13AF8565581,1.0.0,current,SRC-TN-HDX-CODAB-2022,ENT-TN-IMADA-2255723,high,,ENT-TN-DELEGATION-3D8C44AF7D14,administrative_parent,ADM4 row / research sector code 2255723; dated ADM3 parent 2255,,,verified
REL-456C05B75FF75CC4,1.0.0,current,SRC-TN-HDX-CODAB-2022,ENT-TN-IMADA-43519998,high,,ENT-TN-DELEGATION-DB05A1325AE3,administrative_parent,ADM4 row / research sector code 43519998; dated ADM3 parent 4351,,,verified
REL-457F6106569E51FA,1.0.0,current,SRC-TN-HDX-CODAB-2022,ENT-TN-IMADA-52531775,high,,ENT-TN-DELEGATION-82A4AF3884E0,administrative_parent,ADM4 row / research sector code 52531775; dated ADM3 parent 5253,,,verified
REL-45A21249907655B7,1.0.0,current,SRC-TN-HDX-CODAB-2022,ENT-TN-IMADA-2158657,high,,ENT-TN-DELEGATION-E8E2CE15323A,administrative_parent,ADM4 row / research sector code 2158657; dated ADM3 parent 2158,,,verified
REL-45ADDAE76BEB5DAF,1.0.0,current,SRC-TN-HDX-CODAB-2022,ENT-TN-IMADA-2251688,high,,ENT-TN-DELEGATION-819F7F2E27F9,administrative_parent,ADM4 row / research sector code 2251688; dated ADM3 parent 2251,,,verified
REL-45CC3134C9035E7A,1.0.0,current,SRC-TN-DGCL-MUNICIPALITIES-2024,ENT-TN-MUNICIPALITY-3116,high,,ENT-TN-GOVERNORATE-07DB5E6D265C,administrative_parent,January 2024 workbook row: governorate 31; municipality code 3116,,,verified
REL-45D0BBF3FC065579,1.0.0,current,SRC-TN-HDX-CODAB-2022,ENT-TN-IMADA-42551498,high,,ENT-TN-DELEGATION-5D62B4C8161F,administrative_parent,ADM4 row / research sector code 42551498; dated ADM3 parent 4255,,,verified
REL-45DB807D480652D8,1.0.0,current,SRC-TN-HDX-CODAB-2022,ENT-TN-IMADA-52571830,high,,ENT-TN-DELEGATION-F66C4659B2C0,administrative_parent,ADM4 row / research sector code 52571830; dated ADM3 parent 5257,,,verified
REL-45E5EA355DA25A08,1.0.0,current,SRC-TN-HDX-CODAB-2022,ENT-TN-DELEGATION-44DC92075FFF,high,,ENT-TN-GOVERNORATE-1864AE41D5B4,administrative_parent,ADM3 row / dated 264-delegation research code 6353,,,verified
REL-45EA0818A36E5C94,1.0.0,current,SRC-TN-RESEARCH-GEOMETRY-2018,ENT-TN-MUNICIPALITY-3416,medium,Approximate research topology only; this is not an administrative parent relationship.,ENT-TN-DELEGATION-CC6DBA2640FB,boundary_intersects,"sector evidence rows: 34551259,34551262",,,source_verified
REL-45FA455371455244,1.0.0,current,SRC-TN-HDX-CODAB-2022,ENT-TN-IMADA-1656470,high,,ENT-TN-DELEGATION-88077D99D243,administrative_parent,ADM4 row / research sector code 1656470; dated ADM3 parent 1656,,,verified
REL-4628A15D60D0558C,1.0.0,current,SRC-TN-HDX-CODAB-2022,ENT-TN-IMADA-1251167,high,,ENT-TN-DELEGATION-907386F80604,administrative_parent,ADM4 row / research sector code 1251167; dated ADM3 parent 1251,,,verified
REL-462F94B260F75CFE,1.0.0,current,SRC-TN-HDX-CODAB-2022,ENT-TN-IMADA-2452871,high,,ENT-TN-DELEGATION-37E43863E13C,administrative_parent,ADM4 row / research sector code 2452871; dated ADM3 parent 2452,,,verified
REL-4635A1CFCF435FA3,1.0.0,current,SRC-TN-HDX-CODAB-2022,ENT-TN-DELEGATION-584902C8EEE0,high,,ENT-TN-GOVERNORATE-902616FE3988,administrative_parent,ADM3 row / dated 264-delegation research code 5256,,,verified
REL-4640F7F7A0EE53FB,1.0.0,current,SRC-TN-HDX-CODAB-2022,ENT-TN-IMADA-51511686,high,,ENT-TN-DELEGATION-7075A1113804,administrative_parent,ADM4 row / research sector code 51511686; dated ADM3 parent 5151,,,verified
REL-46591325C02A5102,1.0.0,current,SRC-TN-HDX-CODAB-2022,ENT-TN-IMADA-2459925,high,,ENT-TN-DELEGATION-09D1B99F85DC,administrative_parent,ADM4 row / research sector code 2459925; dated ADM3 parent 2459,,,verified
REL-46624B213BAF5FC4,1.0.0,current,SRC-TN-HDX-CODAB-2022,ENT-TN-IMADA-2361856,high,,ENT-TN-DELEGATION-05E0AB3C372D,administrative_parent,ADM4 row / research sector code 2361856; dated ADM3 parent 2361,,,verified
REL-467E076A1FEE5EBE,1.0.0,current,SRC-TN-HDX-CODAB-2022,ENT-TN-IMADA-32541071,high,,ENT-TN-DELEGATION-EFAC1514C55E,administrative_parent,ADM4 row / research sector code 32541071; dated ADM3 parent 3254,,,verified
REL-46CBC05DC1655719,1.0.0,current,SRC-TN-HDX-CODAB-2022,ENT-TN-IMADA-1556365,high,,ENT-TN-DELEGATION-8CCC58460F99,administrative_parent,ADM4 row / research sector code 1556365; dated ADM3 parent 1556,,,verified
REL-46D442B23E195CC4,1.0.0,current,SRC-TN-HDX-CODAB-2022,ENT-TN-IMADA-1152116,high,,ENT-TN-DELEGATION-CC12560912DD,administrative_parent,ADM4 row / research sector code 1152116; dated ADM3 parent 1152,,,verified
REL-46DC826BE14450B5,1.0.0,current,SRC-TN-RESEARCH-GEOMETRY-2018,ENT-TN-MUNICIPALITY-3241,medium,Approximate research topology only; this is not an administrative parent relationship.,ENT-TN-DELEGATION-EFAC1514C55E,boundary_intersects,"sector evidence rows: 32541068,32541069,32541070",,,source_verified
REL-46E2D7B9FB745C21,1.0.0,current,SRC-TN-HDX-CODAB-2022,ENT-TN-IMADA-42561506,high,,ENT-TN-DELEGATION-FD2AE43A4C3D,administrative_parent,ADM4 row / research sector code 42561506; dated ADM3 parent 4256,,,verified
REL-470FDCACBA8A5DED,1.0.0,current,SRC-TN-HDX-CODAB-2022,ENT-TN-IMADA-1251161,high,,ENT-TN-DELEGATION-907386F80604,administrative_parent,ADM4 row / research sector code 1251161; dated ADM3 parent 1251,,,verified
REL-47191CCBF01455E8,1.0.0,current,SRC-TN-HDX-CODAB-2022,ENT-TN-IMADA-115314,high,,ENT-TN-DELEGATION-FE7ADA16AB50,administrative_parent,ADM4 row / research sector code 115314; dated ADM3 parent 1153,,,verified
REL-4722CDF11FE458CB,1.0.0,current,SRC-TN-HDX-CODAB-2022,ENT-TN-IMADA-1756523,high,,ENT-TN-DELEGATION-39EFA7D5C92F,administrative_parent,ADM4 row / research sector code 1756523; dated ADM3 parent 1756,,,verified
REL-474C5A2FBFF953CB,1.0.0,current,SRC-TN-HDX-CODAB-2022,ENT-TN-IMADA-2157655,high,,ENT-TN-DELEGATION-CCDB3F1D6604,administrative_parent,ADM4 row / research sector code 2157655; dated ADM3 parent 2157,,,verified
REL-475569CCD7485E83,1.0.0,current,SRC-TN-HDX-CODAB-2022,ENT-TN-IMADA-33531155,high,,ENT-TN-DELEGATION-1A266F9B008F,administrative_parent,ADM4 row / research sector code 33531155; dated ADM3 parent 3353,,,verified
REL-477C8D127214515D,1.0.0,current,SRC-TN-HDX-CODAB-2022,ENT-TN-IMADA-2458923,high,,ENT-TN-DELEGATION-2F6C05AAB735,administrative_parent,ADM4 row / research sector code 2458923; dated ADM3 parent 2458,,,verified
REL-478F0A8EAF955092,1.0.0,current,SRC-TN-RESEARCH-GEOMETRY-2018,ENT-TN-MUNICIPALITY-5215,medium,Approximate research topology only; this is not an administrative parent relationship.,ENT-TN-DELEGATION-584902C8EEE0,boundary_intersects,"sector evidence rows: 52561816,52561817,52561818,52561819,52561820,52561821,52561822,52561823,52561824,52561825,52561826",,,source_verified
REL-47A74D68EF905CF2,1.0.0,current,SRC-TN-HDX-CODAB-2022,ENT-TN-DELEGATION-0B9CE76F3AD6,high,,ENT-TN-GOVERNORATE-97D2B1489F90,administrative_parent,ADM3 row / dated 264-delegation research code 3461,,,verified
REL-47B0159FD7145C38,1.0.0,current,SRC-TN-HDX-CODAB-2022,ENT-TN-IMADA-1565412,high,,ENT-TN-DELEGATION-AFCCE19F1CD3,administrative_parent,ADM4 row / research sector code 1565412; dated ADM3 parent 1565,,,verified
REL-47B44AA894375843,1.0.0,current,SRC-TN-HDX-CODAB-2022,ENT-TN-IMADA-43541608,high,,ENT-TN-DELEGATION-AD509F0A9D79,administrative_parent,ADM4 row / research sector code 43541608; dated ADM3 parent 4354,,,verified
REL-47B57E5C5B0D5879,1.0.0,current,SRC-LY-MOLG-MUNICIPALITIES-2026,ENT-LY-MUNICIPALITY-3177FB198116,high,,ENT-LY-COUNTRY,administrative_parent,Municipality list entry: أم الرزم,,,verified
REL-47E4B5EF2F65598B,1.0.0,current,SRC-TN-HDX-CODAB-2022,ENT-TN-IMADA-1561389,high,,ENT-TN-DELEGATION-4A822090C35C,administrative_parent,ADM4 row / research sector code 1561389; dated ADM3 parent 1561,,,verified
REL-47EBF3BA65FF5162,1.0.0,current,SRC-TN-HDX-CODAB-2022,ENT-TN-IMADA-62511990,high,,ENT-TN-DELEGATION-0410399059C4,administrative_parent,ADM4 row / research sector code 62511990; dated ADM3 parent 6251,,,verified
REL-47F167F5A9BC50F9,1.0.0,current,SRC-TN-HDX-CODAB-2022,ENT-TN-IMADA-3156976,high,,ENT-TN-DELEGATION-5CA39F3BFF07,administrative_parent,ADM4 row / research sector code 3156976; dated ADM3 parent 3156,,,verified
REL-4834DC8632AA5DB0,1.0.0,current,SRC-TN-HDX-CODAB-2022,ENT-TN-IMADA-41511359,high,,ENT-TN-DELEGATION-9CCDCAF94A4A,administrative_parent,ADM4 row / research sector code 41511359; dated ADM3 parent 4151,,,verified
REL-4836B854DDEF57C6,1.0.0,current,SRC-TN-RESEARCH-GEOMETRY-2018,ENT-TN-MUNICIPALITY-3112,medium,Approximate research topology only; this is not an administrative parent relationship.,ENT-TN-DELEGATION-05AAF8FA23F6,boundary_intersects,"sector evidence rows: 3152952,3152953",,,source_verified
REL-48550BEAA8445012,1.0.0,current,SRC-TN-HDX-CODAB-2022,ENT-TN-IMADA-2456897,high,,ENT-TN-DELEGATION-5D1C1977A0A6,administrative_parent,ADM4 row / research sector code 2456897; dated ADM3 parent 2456,,,verified
REL-488242D9E8D256A2,1.0.0,current,SRC-TN-RESEARCH-GEOMETRY-2018,ENT-TN-MUNICIPALITY-5124,medium,Approximate research topology only; this is not an administrative parent relationship.,ENT-TN-DELEGATION-5BAD0A66CCEB,boundary_intersects,"sector evidence rows: 51571728,51571729,51571730,51571731,51571732",,,source_verified
REL-48862CFCC3695EF9,1.0.0,current,SRC-TN-HDX-CODAB-2022,ENT-TN-IMADA-34541253,high,,ENT-TN-DELEGATION-3757F6B83BE1,administrative_parent,ADM4 row / research sector code 34541253; dated ADM3 parent 3454,,,verified
REL-4896CD975D395272,1.0.0,current,SRC-TN-HDX-CODAB-2022,ENT-TN-IMADA-61511918,high,,ENT-TN-DELEGATION-08BF6BF26FFF,administrative_parent,ADM4 row / research sector code 61511918; dated ADM3 parent 6151,,,verified
REL-48A2C14546965AA9,1.0.0,current,SRC-TN-HDX-CODAB-2022,ENT-TN-DELEGATION-C151EAFA4BD1,high,,ENT-TN-GOVERNORATE-0D738EAC753C,administrative_parent,ADM3 row / dated 264-delegation research code 2356,,,verified
REL-48AF0C266AC45685,1.0.0,current,SRC-TN-HDX-CODAB-2022,ENT-TN-IMADA-43561625,high,,ENT-TN-DELEGATION-A5B79B7F0981,administrative_parent,ADM4 row / research sector code 43561625; dated ADM3 parent 4356,,,verified
REL-4970F1BEF5F95C56,1.0.0,current,SRC-TN-DGCL-MUNICIPALITIES-2024,ENT-TN-MUNICIPALITY-1528,high,,ENT-TN-GOVERNORATE-EA30E853F598,administrative_parent,January 2024 workbook row: governorate 15; municipality code 1528,,,verified
REL-4983549344EE5D5B,1.0.0,current,SRC-TN-HDX-CODAB-2022,ENT-TN-IMADA-34631323,high,,ENT-TN-DELEGATION-17B9E0494EC7,administrative_parent,ADM4 row / research sector code 34631323; dated ADM3 parent 3463,,,verified
REL-4994FFD3E6DA5B79,1.0.0,current,SRC-TN-DGCL-MUNICIPALITIES-2024,ENT-TN-MUNICIPALITY-1524,high,,ENT-TN-GOVERNORATE-EA30E853F598,administrative_parent,January 2024 workbook row: governorate 15; municipality code 1524,,,verified
REL-499A9F89D6FC5840,1.0.0,current,SRC-TN-HDX-CODAB-2022,ENT-TN-IMADA-52521770,high,,ENT-TN-DELEGATION-B117D836FA70,administrative_parent,ADM4 row / research sector code 52521770; dated ADM3 parent 5252,,,verified
REL-499DF47B98B45281,1.0.0,current,SRC-TN-HDX-CODAB-2022,ENT-TN-IMADA-61531929,high,,ENT-TN-DELEGATION-8C1A5CC41315,administrative_parent,ADM4 row / research sector code 61531929; dated ADM3 parent 6153,,,verified
REL-49C30982C3695AB7,1.0.0,current,SRC-TN-HDX-CODAB-2022,ENT-TN-IMADA-33571185,high,,ENT-TN-DELEGATION-47EFAA8BC79F,administrative_parent,ADM4 row / research sector code 33571185; dated ADM3 parent 3357,,,verified
REL-49C8853864B95B11,1.0.0,current,SRC-TN-HDX-CODAB-2022,ENT-TN-IMADA-2355811,high,,ENT-TN-DELEGATION-FF2BD30691C0,administrative_parent,ADM4 row / research sector code 2355811; dated ADM3 parent 2355,,,verified
REL-49D2F449337B5695,1.0.0,current,SRC-TN-HDX-CODAB-2022,ENT-TN-IMADA-3158983,high,,ENT-TN-DELEGATION-498ED0DE384B,administrative_parent,ADM4 row / research sector code 3158983; dated ADM3 parent 3158,,,verified
REL-49D4EFF995B95BCB,1.0.0,current,SRC-TN-RESEARCH-GEOMETRY-2018,ENT-TN-MUNICIPALITY-6112,medium,Approximate research topology only; this is not an administrative parent relationship.,ENT-TN-DELEGATION-8C1A5CC41315,boundary_intersects,"sector evidence rows: 61531927,61531928,61531931,61531932",,,source_verified
REL-49EDFE215BBA56F2,1.0.0,current,SRC-TN-RESEARCH-GEOMETRY-2018,ENT-TN-MUNICIPALITY-3323,medium,Approximate research topology only; this is not an administrative parent relationship.,ENT-TN-DELEGATION-8CD3CBC66F17,boundary_intersects,"sector evidence rows: 33611214,33611215,33611216,33611217,33611218,33611220,33611221",,,source_verified
REL-49F35A8C14655DB8,1.0.0,current,SRC-TN-HDX-CODAB-2022,ENT-TN-IMADA-1164129,high,,ENT-TN-DELEGATION-1F3317733151,administrative_parent,ADM4 row / research sector code 1164129; dated ADM3 parent 1164,,,verified
REL-49F971FCCA135D5E,1.0.0,current,SRC-TN-HDX-CODAB-2022,ENT-TN-IMADA-1251162,high,,ENT-TN-DELEGATION-907386F80604,administrative_parent,ADM4 row / research sector code 1251162; dated ADM3 parent 1251,,,verified
REL-4A0BC462CE00597D,1.0.0,current,SRC-TN-RESEARCH-GEOMETRY-2018,ENT-TN-MUNICIPALITY-4316,medium,Approximate research topology only; this is not an administrative parent relationship.,ENT-TN-DELEGATION-69C4DE6E547E,boundary_intersects,"sector evidence rows: 43571626,43571627,43571628,43571629,43571630,43571631,43571632",,,source_verified
REL-4A19A6D7A23C5EB8,1.0.0,current,SRC-TN-HDX-CODAB-2022,ENT-TN-IMADA-3152955,high,,ENT-TN-DELEGATION-F0023FB066A4,administrative_parent,ADM4 row / research sector code 3152955; dated ADM3 parent 3152,,,verified
REL-4A1D191D09A850AA,1.0.0,current,SRC-TN-HDX-CODAB-2022,ENT-TN-IMADA-63522042,high,,ENT-TN-DELEGATION-DEB9F3EFCD2D,administrative_parent,ADM4 row / research sector code 63522042; dated ADM3 parent 6352,,,verified
REL-4A1D1CFDD5315DD7,1.0.0,current,SRC-TN-HDX-CODAB-2022,ENT-TN-IMADA-52581836,high,,ENT-TN-DELEGATION-210B7D8A5B50,administrative_parent,ADM4 row / research sector code 52581836; dated ADM3 parent 5258,,,verified
REL-4A22BEC338225B43,1.0.0,current,SRC-TN-HDX-CODAB-2022,ENT-TN-DELEGATION-7893E2F13C86,high,,ENT-TN-GOVERNORATE-E7D96FEF5043,administrative_parent,ADM3 row / dated 264-delegation research code 3355,,,verified
REL-4A2E513E163C5248,1.0.0,current,SRC-TN-HDX-CODAB-2022,ENT-TN-IMADA-43531599,high,,ENT-TN-DELEGATION-B63E32B2BC3F,administrative_parent,ADM4 row / research sector code 43531599; dated ADM3 parent 4353,,,verified
REL-4A370AAD32B45EED,1.0.0,current,SRC-TN-DGCL-MUNICIPALITIES-2024,ENT-TN-MUNICIPALITY-5125,high,,ENT-TN-GOVERNORATE-DF747014232C,administrative_parent,January 2024 workbook row: governorate 51; municipality code 5125,,,verified
REL-4A80998BC91C5F80,1.0.0,current,SRC-TN-RESEARCH-GEOMETRY-2018,ENT-TN-MUNICIPALITY-5120,medium,Approximate research topology only; this is not an administrative parent relationship.,ENT-TN-DELEGATION-5BB9BF889AC5,boundary_intersects,"sector evidence rows: 51601748,51601749",,,source_verified
REL-4A88A84959C1525E,1.0.0,current,SRC-TN-HDX-CODAB-2022,ENT-TN-IMADA-31631023,high,,ENT-TN-DELEGATION-E401587A83A1,administrative_parent,ADM4 row / research sector code 31631023; dated ADM3 parent 3163,,,verified
REL-4AB9C177AC945560,1.0.0,current,SRC-TN-HDX-CODAB-2022,ENT-TN-IMADA-52541797,high,,ENT-TN-DELEGATION-F7ED4B759BD6,administrative_parent,ADM4 row / research sector code 52541797; dated ADM3 parent 5254,,,verified
REL-4AC06E9AFDD45C9E,1.0.0,current,SRC-TN-HDX-CODAB-2022,ENT-TN-IMADA-1457318,high,,ENT-TN-DELEGATION-99CBAA7046B8,administrative_parent,ADM4 row / research sector code 1457318; dated ADM3 parent 1457,,,verified
REL-4AC5765CFF2F54D6,1.0.0,current,SRC-TN-HDX-CODAB-2022,ENT-TN-IMADA-34631324,high,,ENT-TN-DELEGATION-17B9E0494EC7,administrative_parent,ADM4 row / research sector code 34631324; dated ADM3 parent 3463,,,verified
REL-4AF318405CBC511B,1.0.0,current,SRC-TN-HDX-CODAB-2022,ENT-TN-IMADA-1758543,high,,ENT-TN-DELEGATION-F3529789545D,administrative_parent,ADM4 row / research sector code 1758543; dated ADM3 parent 1758,,,verified
REL-4B5D26332E035AC7,1.0.0,current,SRC-TN-RESEARCH-GEOMETRY-2018,ENT-TN-MUNICIPALITY-6319,medium,Approximate research topology only; this is not an administrative parent relationship.,ENT-TN-DELEGATION-44DC92075FFF,boundary_intersects,"sector evidence rows: 63532048,63532049,63532050",,,source_verified
REL-4B779BECB7E05CAC,1.0.0,current,SRC-TN-DGCL-MUNICIPALITIES-2024,ENT-TN-MUNICIPALITY-4313,high,,ENT-TN-GOVERNORATE-47F772AA4A84,administrative_parent,January 2024 workbook row: governorate 43; municipality code 4313,,,verified
REL-4B7C49FA5AED5673,1.0.0,current,SRC-TN-RESEARCH-GEOMETRY-2018,ENT-TN-MUNICIPALITY-1316,medium,Approximate research topology only; this is not an administrative parent relationship.,ENT-TN-DELEGATION-0E56BD3D1B3A,boundary_intersects,"sector evidence rows: 1357236,1357237,1357238,1357239",,,source_verified
REL-4BB0409CF41E5CCD,1.0.0,current,SRC-TN-HDX-CODAB-2022,ENT-TN-IMADA-2454883,high,,ENT-TN-DELEGATION-AF66ED06B9B8,administrative_parent,ADM4 row / research sector code 2454883; dated ADM3 parent 2454,,,verified
REL-4BB56F2C11A952A1,1.0.0,current,SRC-TN-HDX-CODAB-2022,ENT-TN-IMADA-52521765,high,,ENT-TN-DELEGATION-B117D836FA70,administrative_parent,ADM4 row / research sector code 52521765; dated ADM3 parent 5252,,,verified
REL-4BC5DF6A8377550A,1.0.0,current,SRC-TN-HDX-CODAB-2022,ENT-TN-IMADA-33541166,high,,ENT-TN-DELEGATION-64DEA9083EA0,administrative_parent,ADM4 row / research sector code 33541166; dated ADM3 parent 3354,,,verified
REL-4BDA9589A72056A6,1.0.0,current,SRC-TN-DGCL-MUNICIPALITIES-2024,ENT-TN-MUNICIPALITY-3428,high,,ENT-TN-GOVERNORATE-97D2B1489F90,administrative_parent,January 2024 workbook row: governorate 34; municipality code 3428,,,verified
REL-4BDDF93B93F053E5,1.0.0,current,SRC-LY-MOLG-MUNICIPALITIES-2026,ENT-LY-MUNICIPALITY-B4F67D0D3B02,high,,ENT-LY-COUNTRY,administrative_parent,Municipality list entry: زليتن,,,verified
REL-4BF2BC1BA5985993,1.0.0,current,SRC-TN-HDX-CODAB-2022,ENT-TN-IMADA-63529999,high,,ENT-TN-DELEGATION-DEB9F3EFCD2D,administrative_parent,ADM4 row / research sector code 63529999; dated ADM3 parent 6352,,,verified
REL-4BFF5C8E971057D6,1.0.0,current,SRC-TN-HDX-CODAB-2022,ENT-TN-IMADA-2153601,high,,ENT-TN-DELEGATION-64B47287C7CC,administrative_parent,ADM4 row / research sector code 2153601; dated ADM3 parent 2153,,,verified
REL-4C00435F606A5FF3,1.0.0,current,SRC-TN-HDX-CODAB-2022,ENT-TN-IMADA-34571269,high,,ENT-TN-DELEGATION-B1DB2FE90D10,administrative_parent,ADM4 row / research sector code 34571269; dated ADM3 parent 3457,,,verified
REL-4C288C51D26C53E2,1.0.0,current,SRC-TN-HDX-CODAB-2022,ENT-TN-IMADA-63532046,high,,ENT-TN-DELEGATION-44DC92075FFF,administrative_parent,ADM4 row / research sector code 63532046; dated ADM3 parent 6353,,,verified
REL-4C30D536EB2C5E49,1.0.0,current,SRC-TN-HDX-CODAB-2022,ENT-TN-IMADA-1655466,high,,ENT-TN-DELEGATION-ECE5F1EB80F4,administrative_parent,ADM4 row / research sector code 1655466; dated ADM3 parent 1655,,,verified
REL-4C4CB4DEE773509F,1.0.0,current,SRC-TN-HDX-CODAB-2022,ENT-TN-IMADA-2256731,high,,ENT-TN-DELEGATION-F12F59DBC46E,administrative_parent,ADM4 row / research sector code 2256731; dated ADM3 parent 2256,,,verified
REL-4C5A6BE67BAF5CB1,1.0.0,current,SRC-TN-HDX-CODAB-2022,ENT-TN-DELEGATION-C433D277206E,high,,ENT-TN-GOVERNORATE-07DB5E6D265C,administrative_parent,ADM3 row / dated 264-delegation research code 3154,,,verified
REL-4C776E767FC65903,1.0.0,current,SRC-TN-RESEARCH-GEOMETRY-2018,ENT-TN-MUNICIPALITY-4313,medium,Approximate research topology only; this is not an administrative parent relationship.,ENT-TN-DELEGATION-AD509F0A9D79,boundary_intersects,"sector evidence rows: 43541605,43541606,43541607,43541608,43541609",,,source_verified
REL-4C7EC06E1A065C9D,1.0.0,current,SRC-TN-HDX-CODAB-2022,ENT-TN-IMADA-1553341,high,,ENT-TN-DELEGATION-00F12985BEC9,administrative_parent,ADM4 row / research sector code 1553341; dated ADM3 parent 1553,,,verified
REL-4C7F3280148A56CC,1.0.0,current,SRC-TN-HDX-CODAB-2022,ENT-TN-IMADA-1561392,high,,ENT-TN-DELEGATION-4A822090C35C,administrative_parent,ADM4 row / research sector code 1561392; dated ADM3 parent 1561,,,verified
REL-4C892735F06551D9,1.0.0,current,SRC-TN-HDX-CODAB-2022,ENT-TN-IMADA-62511996,high,,ENT-TN-DELEGATION-0410399059C4,administrative_parent,ADM4 row / research sector code 62511996; dated ADM3 parent 6251,,,verified
REL-4C9D0D9A6AC555E9,1.0.0,current,SRC-LY-MOLG-MUNICIPALITIES-2026,ENT-LY-MUNICIPALITY-987C4C244DF2,high,,ENT-LY-COUNTRY,administrative_parent,Municipality list entry: جادو,,,verified
REL-4CA08736EA125651,1.0.0,current,SRC-TN-HDX-CODAB-2022,ENT-TN-IMADA-1757534,high,,ENT-TN-DELEGATION-4021556E2BEF,administrative_parent,ADM4 row / research sector code 1757534; dated ADM3 parent 1757,,,verified
REL-4CA8B0681A0A5AE4,1.0.0,current,SRC-TN-HDX-CODAB-2022,ENT-TN-DELEGATION-819F7F2E27F9,high,,ENT-TN-GOVERNORATE-7A4D0C3A889C,administrative_parent,ADM3 row / dated 264-delegation research code 2251,,,verified
REL-4CB87EE3AD1B58E4,1.0.0,current,SRC-TN-HDX-CODAB-2022,ENT-TN-IMADA-1361262,high,,ENT-TN-DELEGATION-678C562CAA1C,administrative_parent,ADM4 row / research sector code 1361262; dated ADM3 parent 1361,,,verified
REL-4CEF72A761085A8F,1.0.0,current,SRC-TN-HDX-CODAB-2022,ENT-TN-IMADA-1554350,high,,ENT-TN-DELEGATION-25551A4A8808,administrative_parent,ADM4 row / research sector code 1554350; dated ADM3 parent 1554,,,verified
REL-4CFB738ACD625591,1.0.0,current,SRC-TN-HDX-CODAB-2022,ENT-TN-IMADA-2451861,high,,ENT-TN-DELEGATION-BACCAA713057,administrative_parent,ADM4 row / research sector code 2451861; dated ADM3 parent 2451,,,verified
REL-4CFDA6A01C9859B0,1.0.0,current,SRC-TN-RESEARCH-GEOMETRY-2018,ENT-TN-MUNICIPALITY-1117,medium,Approximate research topology only; this is not an administrative parent relationship.,ENT-TN-DELEGATION-3C575B9AF71B,boundary_intersects,"sector evidence rows: 1171149,1171150,1171151,1171152,1171153,1171154,1171155,1171156,1171157,1171158",,,source_verified
REL-4D0A8DD43EB1502D,1.0.0,current,SRC-TN-HDX-CODAB-2022,ENT-TN-IMADA-34581280,high,,ENT-TN-DELEGATION-05852EF74252,administrative_parent,ADM4 row / research sector code 34581280; dated ADM3 parent 3458,,,verified
REL-4D1343EC47025260,1.0.0,current,SRC-TN-HDX-CODAB-2022,ENT-TN-IMADA-2157650,high,,ENT-TN-DELEGATION-CCDB3F1D6604,administrative_parent,ADM4 row / research sector code 2157650; dated ADM3 parent 2157,,,verified
REL-4D3176228BDD51AF,1.0.0,current,SRC-TN-HDX-CODAB-2022,ENT-TN-IMADA-1359249,high,,ENT-TN-DELEGATION-28027896EDDD,administrative_parent,ADM4 row / research sector code 1359249; dated ADM3 parent 1359,,,verified
REL-4D4F7270BE495712,1.0.0,current,SRC-TN-HDX-CODAB-2022,ENT-TN-IMADA-1555359,high,,ENT-TN-DELEGATION-C7B4FEE5AE08,administrative_parent,ADM4 row / research sector code 1555359; dated ADM3 parent 1555,,,verified
REL-4D54C4D95BCF5DAF,1.0.0,current,SRC-TN-HDX-CODAB-2022,ENT-TN-IMADA-1555355,high,,ENT-TN-DELEGATION-C7B4FEE5AE08,administrative_parent,ADM4 row / research sector code 1555355; dated ADM3 parent 1555,,,verified
REL-4D864E32A62855E5,1.0.0,current,SRC-TN-HDX-CODAB-2022,ENT-TN-DELEGATION-B63E32B2BC3F,high,,ENT-TN-GOVERNORATE-47F772AA4A84,administrative_parent,ADM3 row / dated 264-delegation research code 4353,,,verified
REL-4DDA9696286B59C5,1.0.0,current,SRC-TN-HDX-CODAB-2022,ENT-TN-IMADA-11513,high,,ENT-TN-DELEGATION-CEF958458571,administrative_parent,ADM4 row / research sector code 11513; dated ADM3 parent 1151,,,verified
REL-4DECA0BFBD2F5456,1.0.0,current,SRC-TN-HDX-CODAB-2022,ENT-TN-IMADA-34631320,high,,ENT-TN-DELEGATION-17B9E0494EC7,administrative_parent,ADM4 row / research sector code 34631320; dated ADM3 parent 3463,,,verified
REL-4DF16D715F8C5430,1.0.0,current,SRC-TN-HDX-CODAB-2022,ENT-TN-IMADA-63562062,high,,ENT-TN-DELEGATION-46FFC1059453,administrative_parent,ADM4 row / research sector code 63562062; dated ADM3 parent 6356,,,verified
REL-4DFC655DEB5D58E8,1.0.0,current,SRC-LY-MOLG-MUNICIPALITIES-2026,ENT-LY-MUNICIPALITY-679CE4FCE061,high,,ENT-LY-COUNTRY,administrative_parent,Municipality list entry: كاباو,,,verified
REL-4E1167BE84205508,1.0.0,current,SRC-TN-HDX-CODAB-2022,ENT-TN-IMADA-115313,high,,ENT-TN-DELEGATION-FE7ADA16AB50,administrative_parent,ADM4 row / research sector code 115313; dated ADM3 parent 1153,,,verified
REL-4E3846D260265C56,1.0.0,current,SRC-TN-DGCL-MUNICIPALITIES-2024,ENT-TN-MUNICIPALITY-1525,high,,ENT-TN-GOVERNORATE-EA30E853F598,administrative_parent,January 2024 workbook row: governorate 15; municipality code 1525,,,verified
REL-4E43D074D0D257EA,1.0.0,current,SRC-TN-HDX-CODAB-2022,ENT-TN-IMADA-1357239,high,,ENT-TN-DELEGATION-0E56BD3D1B3A,administrative_parent,ADM4 row / research sector code 1357239; dated ADM3 parent 1357,,,verified
REL-4E461DBFEAF7576E,1.0.0,current,SRC-TN-RESEARCH-GEOMETRY-2018,ENT-TN-MUNICIPALITY-2211,medium,Approximate research topology only; this is not an administrative parent relationship.,ENT-TN-DELEGATION-819F7F2E27F9,boundary_intersects,"sector evidence rows: 2251678,2251679,2251680,2251681,2251682,2251683,2251687,2251688",,,source_verified
REL-4E4AE386969F55B0,1.0.0,current,SRC-TN-HDX-CODAB-2022,ENT-TN-IMADA-1753498,high,,ENT-TN-DELEGATION-529F20CCEFFA,administrative_parent,ADM4 row / research sector code 1753498; dated ADM3 parent 1753,,,verified
REL-4E74EAA58F665EAB,1.0.0,current,SRC-TN-HDX-CODAB-2022,ENT-TN-IMADA-1161134,high,,ENT-TN-DELEGATION-9BE55C4562EE,administrative_parent,ADM4 row / research sector code 1161134; dated ADM3 parent 1161,,,verified
REL-4EE6E936956153FE,1.0.0,current,SRC-TN-HDX-CODAB-2022,ENT-TN-DELEGATION-E45902371203,high,,ENT-TN-GOVERNORATE-47F772AA4A84,administrative_parent,ADM3 row / dated 264-delegation research code 4362,,,verified
REL-4EEB0640F83958C1,1.0.0,current,SRC-TN-HDX-CODAB-2022,ENT-TN-DELEGATION-C12FC68E8013,high,,ENT-TN-GOVERNORATE-EA30E853F598,administrative_parent,ADM3 row / dated 264-delegation research code 1563,,,verified
REL-4F1ACE319C67513A,1.0.0,current,SRC-TN-HDX-CODAB-2022,ENT-TN-IMADA-43571630,high,,ENT-TN-DELEGATION-69C4DE6E547E,administrative_parent,ADM4 row / research sector code 43571630; dated ADM3 parent 4357,,,verified
REL-4F1B56F02A52504B,1.0.0,current,SRC-TN-RESEARCH-GEOMETRY-2018,ENT-TN-MUNICIPALITY-3432,medium,Approximate research topology only; this is not an administrative parent relationship.,ENT-TN-DELEGATION-17B9E0494EC7,boundary_intersects,"sector evidence rows: 34631318,34631319,34631320,34631321,34631328",,,source_verified
REL-4F2BDDC63DCA5543,1.0.0,current,SRC-TN-HDX-CODAB-2022,ENT-TN-IMADA-1170148,high,,ENT-TN-DELEGATION-2576985BFCE5,administrative_parent,ADM4 row / research sector code 1170148; dated ADM3 parent 1170,,,verified
REL-4F32BFB976115A12,1.0.0,current,SRC-TN-HDX-CODAB-2022,ENT-TN-IMADA-1656474,high,,ENT-TN-DELEGATION-88077D99D243,administrative_parent,ADM4 row / research sector code 1656474; dated ADM3 parent 1656,,,verified
REL-4F4E8044A4115DB3,1.0.0,current,SRC-TN-DGCL-MUNICIPALITIES-2024,ENT-TN-MUNICIPALITY-1415,high,,ENT-TN-GOVERNORATE-CC06DF550344,administrative_parent,January 2024 workbook row: governorate 14; municipality code 1415,,,verified
REL-4F635414B1425B80,1.0.0,current,SRC-TN-DGCL-MUNICIPALITIES-2024,ENT-TN-MUNICIPALITY-4120,high,,ENT-TN-GOVERNORATE-D28A09D558AD,administrative_parent,January 2024 workbook row: governorate 41; municipality code 4120,,,verified
REL-4F6483A2421D5096,1.0.0,current,SRC-TN-HDX-CODAB-2022,ENT-TN-IMADA-34611302,high,,ENT-TN-DELEGATION-0B9CE76F3AD6,administrative_parent,ADM4 row / research sector code 34611302; dated ADM3 parent 3461,,,verified
REL-4F6576A8D6EC5494,1.0.0,current,SRC-TN-RESEARCH-GEOMETRY-2018,ENT-TN-MUNICIPALITY-4117,medium,Approximate research topology only; this is not an administrative parent relationship.,ENT-TN-DELEGATION-5E9C54B26170,boundary_intersects,"sector evidence rows: 41571422,41571423,41571424,41571425,41571426,41571427,41571428,41571429,41571430",,,source_verified
REL-4F66B4B8F1C157DF,1.0.0,current,SRC-TN-HDX-CODAB-2022,ENT-TN-IMADA-2255728,high,,ENT-TN-DELEGATION-3D8C44AF7D14,administrative_parent,ADM4 row / research sector code 2255728; dated ADM3 parent 2255,,,verified
REL-4F752252EE635974,1.0.0,current,SRC-TN-HDX-CODAB-2022,ENT-TN-DELEGATION-8CAB25CD1628,high,,ENT-TN-GOVERNORATE-CC06DF550344,administrative_parent,ADM3 row / dated 264-delegation research code 1458,,,verified
REL-4FA6BBF21A2451E2,1.0.0,current,SRC-TN-HDX-CODAB-2022,ENT-TN-IMADA-51511687,high,,ENT-TN-DELEGATION-7075A1113804,administrative_parent,ADM4 row / research sector code 51511687; dated ADM3 parent 5151,,,verified
REL-4FB03AD8F92C5DC2,1.0.0,current,SRC-TN-HDX-CODAB-2022,ENT-TN-IMADA-34661344,high,,ENT-TN-DELEGATION-E83D07EB9C29,administrative_parent,ADM4 row / research sector code 34661344; dated ADM3 parent 3466,,,verified
REL-4FB0C72650535851,1.0.0,current,SRC-TN-HDX-CODAB-2022,ENT-TN-IMADA-61611987,high,,ENT-TN-DELEGATION-B06C74E3ED6B,administrative_parent,ADM4 row / research sector code 61611987; dated ADM3 parent 6161,,,verified
REL-4FC88082E1F35339,1.0.0,current,SRC-TN-HDX-CODAB-2022,ENT-TN-IMADA-1559380,high,,ENT-TN-DELEGATION-ACB1178786DC,administrative_parent,ADM4 row / research sector code 1559380; dated ADM3 parent 1559,,,verified
REL-4FCE1D8B2BFB52B7,1.0.0,current,SRC-TN-HDX-CODAB-2022,ENT-TN-IMADA-42631569,high,,ENT-TN-DELEGATION-A9463801F6AD,administrative_parent,ADM4 row / research sector code 42631569; dated ADM3 parent 4263,,,verified
REL-4FDB83BE2A4F535B,1.0.0,current,SRC-TN-HDX-CODAB-2022,ENT-TN-IMADA-2355807,high,,ENT-TN-DELEGATION-FF2BD30691C0,administrative_parent,ADM4 row / research sector code 2355807; dated ADM3 parent 2355,,,verified
REL-4FDFEBBD66215BF6,1.0.0,current,SRC-TN-DGCL-MUNICIPALITIES-2024,ENT-TN-MUNICIPALITY-2422,high,,ENT-TN-GOVERNORATE-A460B4F223EB,administrative_parent,January 2024 workbook row: governorate 24; municipality code 2422,,,verified
REL-4FE29808707C5B98,1.0.0,current,SRC-TN-HDX-CODAB-2022,ENT-TN-IMADA-1755517,high,,ENT-TN-DELEGATION-148C846991C4,administrative_parent,ADM4 row / research sector code 1755517; dated ADM3 parent 1755,,,verified
REL-50075B162BE650C2,1.0.0,current,SRC-TN-HDX-CODAB-2022,ENT-TN-IMADA-1556363,high,,ENT-TN-DELEGATION-8CCC58460F99,administrative_parent,ADM4 row / research sector code 1556363; dated ADM3 parent 1556,,,verified
REL-500A7CA5DE555BAE,1.0.0,current,SRC-TN-DGCL-MUNICIPALITIES-2024,ENT-TN-MUNICIPALITY-4125,high,,ENT-TN-GOVERNORATE-D28A09D558AD,administrative_parent,January 2024 workbook row: governorate 41; municipality code 4125,,,verified
REL-5032622B3C5154C2,1.0.0,current,SRC-TN-DGCL-MUNICIPALITIES-2024,ENT-TN-MUNICIPALITY-2311,high,,ENT-TN-GOVERNORATE-0D738EAC753C,administrative_parent,January 2024 workbook row: governorate 23; municipality code 2311,,,verified
REL-5033C2CE7CEB54AB,1.0.0,current,SRC-TN-RESEARCH-GEOMETRY-2018,ENT-TN-MUNICIPALITY-5311,medium,Approximate research topology only; this is not an administrative parent relationship.,ENT-TN-DELEGATION-36BABB1475F8,boundary_intersects,"sector evidence rows: 53511850,53511851,53511852,53511853,53511854,53511855,53511856,53511857,53511858,53511859,53511860,53511861,53511862,53511863,53511864",,,source_verified
REL-503431F101745A1F,1.0.0,current,SRC-TN-RESEARCH-GEOMETRY-2018,ENT-TN-MUNICIPALITY-1721,medium,Approximate research topology only; this is not an administrative parent relationship.,ENT-TN-DELEGATION-28A3B2254932,boundary_intersects,"sector evidence rows: 1764570,1764571",,,source_verified
REL-507CB3E27D185E31,1.0.0,current,SRC-TN-HDX-CODAB-2022,ENT-TN-IMADA-11649999,high,,ENT-TN-DELEGATION-1F3317733151,administrative_parent,ADM4 row / research sector code 11649999; dated ADM3 parent 1164,,,verified
REL-509BB9B3B3D65E11,1.0.0,current,SRC-TN-HDX-CODAB-2022,ENT-TN-IMADA-1566423,high,,ENT-TN-DELEGATION-B95D26E1207F,administrative_parent,ADM4 row / research sector code 1566423; dated ADM3 parent 1566,,,verified
REL-50AB2BFCBF4758D5,1.0.0,current,SRC-TN-HDX-CODAB-2022,ENT-TN-IMADA-1761557,high,,ENT-TN-DELEGATION-5E40024695DE,administrative_parent,ADM4 row / research sector code 1761557; dated ADM3 parent 1761,,,verified
REL-50C43490396C51A7,1.0.0,current,SRC-TN-HDX-CODAB-2022,ENT-TN-IMADA-1651431,high,,ENT-TN-DELEGATION-D52472FD9496,administrative_parent,ADM4 row / research sector code 1651431; dated ADM3 parent 1651,,,verified
REL-50D576B35801528A,1.0.0,current,SRC-TN-HDX-CODAB-2022,ENT-TN-DELEGATION-D3ABF7936ACA,high,,ENT-TN-GOVERNORATE-DAC2A2592975,administrative_parent,ADM3 row / dated 264-delegation research code 5352,,,verified
REL-50FCA79973DF5F11,1.0.0,current,SRC-TN-RESEARCH-GEOMETRY-2018,ENT-TN-MUNICIPALITY-1417,medium,Approximate research topology only; this is not an administrative parent relationship.,ENT-TN-DELEGATION-2592EE0518F8,boundary_intersects,"sector evidence rows: 1456311,1456312,1456313,1456314,1456315,1456316",,,source_verified
REL-51028F4D847752B4,1.0.0,current,SRC-TN-DGCL-MUNICIPALITIES-2024,ENT-TN-MUNICIPALITY-3223,high,,ENT-TN-GOVERNORATE-5BC9A7217C8C,administrative_parent,January 2024 workbook row: governorate 32; municipality code 3223,,,verified
REL-510A82A5615A5179,1.0.0,current,SRC-TN-DGCL-MUNICIPALITIES-2024,ENT-TN-MUNICIPALITY-1722,high,,ENT-TN-GOVERNORATE-B1787F907937,administrative_parent,January 2024 workbook row: governorate 17; municipality code 1722,,,verified
REL-512EED0758E35492,1.0.0,current,SRC-TN-HDX-CODAB-2022,ENT-TN-IMADA-32561082,high,,ENT-TN-DELEGATION-9D23A36B72E1,administrative_parent,ADM4 row / research sector code 32561082; dated ADM3 parent 3256,,,verified
REL-5130DC3BEF8B55D3,1.0.0,current,SRC-TN-HDX-CODAB-2022,ENT-TN-IMADA-32621120,high,,ENT-TN-DELEGATION-1172E32A37EA,administrative_parent,ADM4 row / research sector code 32621120; dated ADM3 parent 3262,,,verified
REL-513D1345009A5D4F,1.0.0,current,SRC-TN-HDX-CODAB-2022,ENT-TN-IMADA-2252691,high,,ENT-TN-DELEGATION-A2C2D831ECC0,administrative_parent,ADM4 row / research sector code 2252691; dated ADM3 parent 2252,,,verified
REL-516B4FEDD9A95905,1.0.0,current,SRC-TN-HDX-CODAB-2022,ENT-TN-IMADA-33611219,high,,ENT-TN-DELEGATION-8CD3CBC66F17,administrative_parent,ADM4 row / research sector code 33611219; dated ADM3 parent 3361,,,verified
REL-51722F66082C5862,1.0.0,current,SRC-TN-HDX-CODAB-2022,ENT-TN-IMADA-2356821,high,,ENT-TN-DELEGATION-C151EAFA4BD1,administrative_parent,ADM4 row / research sector code 2356821; dated ADM3 parent 2356,,,verified
REL-51A7EECF91D05FD0,1.0.0,current,SRC-TN-HDX-CODAB-2022,ENT-TN-IMADA-1751482,high,,ENT-TN-DELEGATION-AADE7E444312,administrative_parent,ADM4 row / research sector code 1751482; dated ADM3 parent 1751,,,verified
REL-51B4D98138205ABA,1.0.0,current,SRC-TN-DGCL-MUNICIPALITIES-2024,ENT-TN-MUNICIPALITY-5116,high,,ENT-TN-GOVERNORATE-DF747014232C,administrative_parent,January 2024 workbook row: governorate 51; municipality code 5116,,,verified
REL-51C8BF884A645F1D,1.0.0,current,SRC-TN-HDX-CODAB-2022,ENT-TN-IMADA-1358241,high,,ENT-TN-DELEGATION-7667BCFBBD94,administrative_parent,ADM4 row / research sector code 1358241; dated ADM3 parent 1358,,,verified
REL-522A3C7A39445FB5,1.0.0,current,SRC-TN-DGCL-MUNICIPALITIES-2024,ENT-TN-MUNICIPALITY-3127,high,,ENT-TN-GOVERNORATE-07DB5E6D265C,administrative_parent,January 2024 workbook row: governorate 31; municipality code 3127,,,verified
REL-523DEB3B0F635F64,1.0.0,current,SRC-TN-HDX-CODAB-2022,ENT-TN-IMADA-31611010,high,,ENT-TN-DELEGATION-D06EBCEA26BA,administrative_parent,ADM4 row / research sector code 31611010; dated ADM3 parent 3161,,,verified
REL-52466D29B73D582A,1.0.0,current,SRC-TN-HDX-CODAB-2022,ENT-TN-IMADA-52581835,high,,ENT-TN-DELEGATION-210B7D8A5B50,administrative_parent,ADM4 row / research sector code 52581835; dated ADM3 parent 5258,,,verified
REL-5247F6299E9D5985,1.0.0,current,SRC-TN-HDX-CODAB-2022,ENT-TN-IMADA-115660,high,,ENT-TN-DELEGATION-F68992D7EA16,administrative_parent,ADM4 row / research sector code 115660; dated ADM3 parent 1156,,,verified
REL-526A64D9ABBC570D,1.0.0,current,SRC-TN-HDX-CODAB-2022,ENT-TN-IMADA-2259761,high,,ENT-TN-DELEGATION-A1AD72837943,administrative_parent,ADM4 row / research sector code 2259761; dated ADM3 parent 2259,,,verified
REL-52708CBC71ED5689,1.0.0,current,SRC-LY-MOLG-MUNICIPALITIES-2026,ENT-LY-MUNICIPALITY-4C13BE888BC7,high,,ENT-LY-COUNTRY,administrative_parent,Municipality list entry: الجفرة,,,verified
REL-5273FCD2C3CA55C0,1.0.0,current,SRC-TN-HDX-CODAB-2022,ENT-TN-DELEGATION-C41B01AE892E,high,,ENT-TN-GOVERNORATE-36E4260B310C,administrative_parent,ADM3 row / dated 264-delegation research code 4262,,,verified
REL-527F4D5F2B8454D4,1.0.0,historical,SRC-LY-BSC-CENSUS-2006,ENT-LY-SHABIYA-HISTORICAL-13C04BB937EA,high,Historical hierarchy snapshot only.,ENT-LY-COUNTRY,administrative_parent,2006 census region: النقاط الخمس,,,verified
REL-532069802BED5757,1.0.0,current,SRC-TN-DGCL-MUNICIPALITIES-2024,ENT-TN-MUNICIPALITY-1716,high,,ENT-TN-GOVERNORATE-B1787F907937,administrative_parent,January 2024 workbook row: governorate 17; municipality code 1716,,,verified
REL-5329306443A25CAD,1.0.0,current,SRC-TN-HDX-CODAB-2022,ENT-TN-IMADA-51601755,high,,ENT-TN-DELEGATION-5BB9BF889AC5,administrative_parent,ADM4 row / research sector code 51601755; dated ADM3 parent 5160,,,verified
REL-533D7DB7E08D5653,1.0.0,current,SRC-TN-HDX-CODAB-2022,ENT-TN-IMADA-1757536,high,,ENT-TN-DELEGATION-4021556E2BEF,administrative_parent,ADM4 row / research sector code 1757536; dated ADM3 parent 1757,,,verified
REL-539759B1278C580C,1.0.0,current,SRC-TN-HDX-CODAB-2022,ENT-TN-IMADA-41611457,high,,ENT-TN-DELEGATION-F9557E5DC693,administrative_parent,ADM4 row / research sector code 41611457; dated ADM3 parent 4161,,,verified
REL-539B73E6092C5866,1.0.0,current,SRC-TN-HDX-CODAB-2022,ENT-TN-IMADA-2253708,high,,ENT-TN-DELEGATION-997BFDED88CF,administrative_parent,ADM4 row / research sector code 2253708; dated ADM3 parent 2253,,,verified
REL-53F6840B2AB25593,1.0.0,current,SRC-TN-HDX-CODAB-2022,ENT-TN-IMADA-2155639,high,,ENT-TN-DELEGATION-A97443748914,administrative_parent,ADM4 row / research sector code 2155639; dated ADM3 parent 2155,,,verified
REL-5412A7024F0C50DA,1.0.0,current,SRC-TN-RESEARCH-GEOMETRY-2018,ENT-TN-MUNICIPALITY-2122,medium,Approximate research topology only; this is not an administrative parent relationship.,ENT-TN-DELEGATION-CCDB3F1D6604,boundary_intersects,"sector evidence rows: 2157650,2157654",,,source_verified
REL-54192E90A2CF540F,1.0.0,current,SRC-TN-HDX-CODAB-2022,ENT-TN-IMADA-2259766,high,,ENT-TN-DELEGATION-A1AD72837943,administrative_parent,ADM4 row / research sector code 2259766; dated ADM3 parent 2259,,,verified
REL-5432113CF4BF58FC,1.0.0,current,SRC-TN-RESEARCH-GEOMETRY-2018,ENT-TN-MUNICIPALITY-1611,medium,Approximate research topology only; this is not an administrative parent relationship.,ENT-TN-DELEGATION-D52472FD9496,boundary_intersects,"sector evidence rows: 1651427,1651428,1651429,1651430,1651431,1651432,1651433,1651434,1651435",,,source_verified
REL-5439F4DDAF575047,1.0.0,current,SRC-TN-HDX-CODAB-2022,ENT-TN-IMADA-1654460,high,,ENT-TN-DELEGATION-43EBF7A156A6,administrative_parent,ADM4 row / research sector code 1654460; dated ADM3 parent 1654,,,verified
REL-5458D0564D04575A,1.0.0,current,SRC-TN-HDX-CODAB-2022,ENT-TN-IMADA-1354226,high,,ENT-TN-DELEGATION-A6449AC11294,administrative_parent,ADM4 row / research sector code 1354226; dated ADM3 parent 1354,,,verified
REL-5495ED5D7A3B5C70,1.0.0,historical,SRC-LY-BSC-CENSUS-2006,ENT-LY-SHABIYA-HISTORICAL-60953DB053E4,high,Historical hierarchy snapshot only.,ENT-LY-COUNTRY,administrative_parent,2006 census region: الجفارة,,,verified
REL-54A19E59A2E55D97,1.0.0,current,SRC-TN-DGCL-MUNICIPALITIES-2024,ENT-TN-MUNICIPALITY-6112,high,,ENT-TN-GOVERNORATE-467CAA2B1928,administrative_parent,January 2024 workbook row: governorate 61; municipality code 6112,,,verified
REL-54A559AA3112550B,1.0.0,current,SRC-TN-HDX-CODAB-2022,ENT-TN-IMADA-34631318,high,,ENT-TN-DELEGATION-17B9E0494EC7,administrative_parent,ADM4 row / research sector code 34631318; dated ADM3 parent 3463,,,verified
REL-54AC71D29B205A89,1.0.0,current,SRC-TN-HDX-CODAB-2022,ENT-TN-IMADA-1451287,high,,ENT-TN-DELEGATION-6334381D4972,administrative_parent,ADM4 row / research sector code 1451287; dated ADM3 parent 1451,,,verified
REL-54C2DC52D384571B,1.0.0,current,SRC-TN-HDX-CODAB-2022,ENT-TN-IMADA-1562396,high,,ENT-TN-DELEGATION-4AE753194B10,administrative_parent,ADM4 row / research sector code 1562396; dated ADM3 parent 1562,,,verified
REL-54D8B8B80A095920,1.0.0,current,SRC-TN-HDX-CODAB-2022,ENT-TN-IMADA-1760556,high,,ENT-TN-DELEGATION-920707B361CE,administrative_parent,ADM4 row / research sector code 1760556; dated ADM3 parent 1760,,,verified
REL-54DBD256F83A5C36,1.0.0,current,SRC-TN-HDX-CODAB-2022,ENT-TN-DELEGATION-BE50E5DE6BD2,high,,ENT-TN-GOVERNORATE-A460B4F223EB,administrative_parent,ADM3 row / dated 264-delegation research code 2461,,,verified
REL-54E545B4A3EF5116,1.0.0,current,SRC-TN-HDX-CODAB-2022,ENT-TN-IMADA-2356822,high,,ENT-TN-DELEGATION-C151EAFA4BD1,administrative_parent,ADM4 row / research sector code 2356822; dated ADM3 parent 2356,,,verified
REL-54EB626FD82C5C29,1.0.0,current,SRC-TN-HDX-CODAB-2022,ENT-TN-IMADA-42511469,high,,ENT-TN-DELEGATION-F0E269317685,administrative_parent,ADM4 row / research sector code 42511469; dated ADM3 parent 4251,,,verified
REL-54FC3A853DF9597E,1.0.0,current,SRC-TN-HDX-CODAB-2022,ENT-TN-IMADA-116639,high,,ENT-TN-DELEGATION-D592FC6CD4D2,administrative_parent,ADM4 row / research sector code 116639; dated ADM3 parent 1166,,,verified
REL-5500E2C98CCE5EEC,1.0.0,current,SRC-TN-HDX-CODAB-2022,ENT-TN-IMADA-63562063,high,,ENT-TN-DELEGATION-46FFC1059453,administrative_parent,ADM4 row / research sector code 63562063; dated ADM3 parent 6356,,,verified
REL-550889EA261B5735,1.0.0,current,SRC-TN-HDX-CODAB-2022,ENT-TN-IMADA-32581097,high,,ENT-TN-DELEGATION-4E58B3CD9CB1,administrative_parent,ADM4 row / research sector code 32581097; dated ADM3 parent 3258,,,verified
REL-550F8A24A22F5EF3,1.0.0,current,SRC-TN-DGCL-MUNICIPALITIES-2024,ENT-TN-MUNICIPALITY-1718,high,,ENT-TN-GOVERNORATE-B1787F907937,administrative_parent,January 2024 workbook row: governorate 17; municipality code 1718,,,verified
REL-55188F526E4856EA,1.0.0,current,SRC-TN-HDX-CODAB-2022,ENT-TN-IMADA-2252692,high,,ENT-TN-DELEGATION-A2C2D831ECC0,administrative_parent,ADM4 row / research sector code 2252692; dated ADM3 parent 2252,,,verified
REL-55262B12946C5680,1.0.0,current,SRC-TN-HDX-CODAB-2022,ENT-TN-IMADA-43611668,high,,ENT-TN-DELEGATION-755242916060,administrative_parent,ADM4 row / research sector code 43611668; dated ADM3 parent 4361,,,verified
REL-556723ED64D45006,1.0.0,current,SRC-TN-HDX-CODAB-2022,ENT-TN-IMADA-2153611,high,,ENT-TN-DELEGATION-64B47287C7CC,administrative_parent,ADM4 row / research sector code 2153611; dated ADM3 parent 2153,,,verified
REL-5570D8AD708B5AC4,1.0.0,current,SRC-TN-HDX-CODAB-2022,ENT-TN-IMADA-1457322,high,,ENT-TN-DELEGATION-99CBAA7046B8,administrative_parent,ADM4 row / research sector code 1457322; dated ADM3 parent 1457,,,verified
REL-557329845EA956AE,1.0.0,current,SRC-TN-DGCL-MUNICIPALITIES-2024,ENT-TN-MUNICIPALITY-3419,high,,ENT-TN-GOVERNORATE-97D2B1489F90,administrative_parent,January 2024 workbook row: governorate 34; municipality code 3419,,,verified
REL-55764ED300755AE4,1.0.0,current,SRC-TN-DGCL-MUNICIPALITIES-2024,ENT-TN-MUNICIPALITY-3123,high,,ENT-TN-GOVERNORATE-07DB5E6D265C,administrative_parent,January 2024 workbook row: governorate 31; municipality code 3123,,,verified
REL-55788A3FAE8B5EA0,1.0.0,current,SRC-TN-RESEARCH-GEOMETRY-2018,ENT-TN-MUNICIPALITY-3119,medium,Approximate research topology only; this is not an administrative parent relationship.,ENT-TN-DELEGATION-EF5957AC15F4,boundary_intersects,"sector evidence rows: 3159990,3159991,3159992",,,source_verified
REL-557B508CC89D5C03,1.0.0,current,SRC-TN-HDX-CODAB-2022,ENT-TN-IMADA-34531248,high,,ENT-TN-DELEGATION-EA875BA2BFE0,administrative_parent,ADM4 row / research sector code 34531248; dated ADM3 parent 3453,,,verified
REL-557BE17F21DA54BA,1.0.0,current,SRC-TN-RESEARCH-GEOMETRY-2018,ENT-TN-MUNICIPALITY-3417,medium,Approximate research topology only; this is not an administrative parent relationship.,ENT-TN-DELEGATION-99EBA5A17CB9,boundary_intersects,"sector evidence rows: 34561266,34561267",,,source_verified
REL-5590B7E6D4765429,1.0.0,current,SRC-TN-HDX-CODAB-2022,ENT-TN-IMADA-2458922,high,,ENT-TN-DELEGATION-2F6C05AAB735,administrative_parent,ADM4 row / research sector code 2458922; dated ADM3 parent 2458,,,verified
REL-5597E6CF2A3C59C3,1.0.0,current,SRC-TN-HDX-CODAB-2022,ENT-TN-IMADA-1457317,high,,ENT-TN-DELEGATION-99CBAA7046B8,administrative_parent,ADM4 row / research sector code 1457317; dated ADM3 parent 1457,,,verified
REL-55A2E81F21785F6E,1.0.0,current,SRC-TN-HDX-CODAB-2022,ENT-TN-IMADA-42571511,high,,ENT-TN-DELEGATION-184C444E7833,administrative_parent,ADM4 row / research sector code 42571511; dated ADM3 parent 4257,,,verified
REL-55ACA90FA2945390,1.0.0,current,SRC-TN-HDX-CODAB-2022,ENT-TN-IMADA-42591523,high,,ENT-TN-DELEGATION-9AB968FD4EE0,administrative_parent,ADM4 row / research sector code 42591523; dated ADM3 parent 4259,,,verified
REL-55C7C8A101F05F86,1.0.0,current,SRC-TN-HDX-CODAB-2022,ENT-TN-IMADA-11515,high,,ENT-TN-DELEGATION-CEF958458571,administrative_parent,ADM4 row / research sector code 11515; dated ADM3 parent 1151,,,verified
REL-55D7A08CF86D51F0,1.0.0,current,SRC-TN-HDX-CODAB-2022,ENT-TN-DELEGATION-EE9A7B5ED169,high,,ENT-TN-GOVERNORATE-78D6D85AF6A0,administrative_parent,ADM3 row / dated 264-delegation research code 1255,,,verified
REL-55E4D7A288B45168,1.0.0,current,SRC-TN-HDX-CODAB-2022,ENT-TN-IMADA-1358240,high,,ENT-TN-DELEGATION-7667BCFBBD94,administrative_parent,ADM4 row / research sector code 1358240; dated ADM3 parent 1358,,,verified
REL-55E753150ABD503C,1.0.0,current,SRC-TN-HDX-CODAB-2022,ENT-TN-IMADA-61591973,high,,ENT-TN-DELEGATION-17D9D56D8808,administrative_parent,ADM4 row / research sector code 61591973; dated ADM3 parent 6159,,,verified
REL-563BFAB0C6EA566C,1.0.0,current,SRC-LY-MOLG-MUNICIPALITIES-2026,ENT-LY-MUNICIPALITY-90065E4F47F0,high,,ENT-LY-COUNTRY,administrative_parent,Municipality list entry: توكرة,,,verified
REL-563F590D80D25573,1.0.0,current,SRC-TN-HDX-CODAB-2022,ENT-TN-DELEGATION-FD2AE43A4C3D,high,,ENT-TN-GOVERNORATE-36E4260B310C,administrative_parent,ADM3 row / dated 264-delegation research code 4256,,,verified
REL-56422AEB48ED592A,1.0.0,current,SRC-TN-HDX-CODAB-2022,ENT-TN-IMADA-41541393,high,,ENT-TN-DELEGATION-A6D2E459547E,administrative_parent,ADM4 row / research sector code 41541393; dated ADM3 parent 4154,,,verified
REL-5643BFCE676C5F9B,1.0.0,current,SRC-TN-RESEARCH-GEOMETRY-2018,ENT-TN-MUNICIPALITY-3235,medium,Approximate research topology only; this is not an administrative parent relationship.,ENT-TN-DELEGATION-1172E32A37EA,boundary_intersects,sector evidence rows: 32621117,,,source_verified
REL-56A95297334954BA,1.0.0,current,SRC-TN-HDX-CODAB-2022,ENT-TN-IMADA-1164124,high,,ENT-TN-DELEGATION-1F3317733151,administrative_parent,ADM4 row / research sector code 1164124; dated ADM3 parent 1164,,,verified
REL-56BC9C4C219D5EB8,1.0.0,current,SRC-TN-HDX-CODAB-2022,ENT-TN-IMADA-115928,high,,ENT-TN-DELEGATION-0B11B353C556,administrative_parent,ADM4 row / research sector code 115928; dated ADM3 parent 1159,,,verified
REL-56D5217B419B587C,1.0.0,current,SRC-TN-HDX-CODAB-2022,ENT-TN-IMADA-1566426,high,,ENT-TN-DELEGATION-B95D26E1207F,administrative_parent,ADM4 row / research sector code 1566426; dated ADM3 parent 1566,,,verified
REL-56EA719A7F8E5EDA,1.0.0,current,SRC-LY-MOLG-MUNICIPALITIES-2026,ENT-LY-MUNICIPALITY-9215CE466738,high,,ENT-LY-COUNTRY,administrative_parent,Municipality list entry: شحات,,,verified
REL-56FE40ED122853F1,1.0.0,current,SRC-TN-HDX-CODAB-2022,ENT-TN-IMADA-1764574,high,,ENT-TN-DELEGATION-28A3B2254932,administrative_parent,ADM4 row / research sector code 1764574; dated ADM3 parent 1764,,,verified
REL-573FBAF80FCC50DA,1.0.0,current,SRC-TN-DGCL-MUNICIPALITIES-2024,ENT-TN-MUNICIPALITY-4312,high,,ENT-TN-GOVERNORATE-47F772AA4A84,administrative_parent,January 2024 workbook row: governorate 43; municipality code 4312,,,verified
REL-574664D4613B5112,1.0.0,current,SRC-TN-HDX-CODAB-2022,ENT-TN-IMADA-1757537,high,,ENT-TN-DELEGATION-4021556E2BEF,administrative_parent,ADM4 row / research sector code 1757537; dated ADM3 parent 1757,,,verified
REL-57B6AC999A335C76,1.0.0,current,SRC-TN-HDX-CODAB-2022,ENT-TN-IMADA-2258756,high,,ENT-TN-DELEGATION-7B1B28620EBA,administrative_parent,ADM4 row / research sector code 2258756; dated ADM3 parent 2258,,,verified
REL-57B8193D786F5E62,1.0.0,current,SRC-TN-HDX-CODAB-2022,ENT-TN-IMADA-2254711,high,,ENT-TN-DELEGATION-0A43143796F7,administrative_parent,ADM4 row / research sector code 2254711; dated ADM3 parent 2254,,,verified
REL-57CF02E969EA580E,1.0.0,current,SRC-TN-DGCL-MUNICIPALITIES-2024,ENT-TN-MUNICIPALITY-2413,high,,ENT-TN-GOVERNORATE-A460B4F223EB,administrative_parent,January 2024 workbook row: governorate 24; municipality code 2413,,,verified
REL-57CFBD44435F5AB0,1.0.0,current,SRC-TN-RESEARCH-GEOMETRY-2018,ENT-TN-MUNICIPALITY-1212,medium,Approximate research topology only; this is not an administrative parent relationship.,ENT-TN-DELEGATION-2230C03437B2,boundary_intersects,"sector evidence rows: 1252168,1252169,1252170,1252171,1252172,1252173,1252174",,,source_verified
REL-57D51982435C5416,1.0.0,current,SRC-TN-HDX-CODAB-2022,ENT-TN-IMADA-43601650,high,,ENT-TN-DELEGATION-89139C7B1553,administrative_parent,ADM4 row / research sector code 43601650; dated ADM3 parent 4360,,,verified
REL-57EE64BE626159D6,1.0.0,current,SRC-TN-HDX-CODAB-2022,ENT-TN-IMADA-2159675,high,,ENT-TN-DELEGATION-34E2240B6A54,administrative_parent,ADM4 row / research sector code 2159675; dated ADM3 parent 2159,,,verified
REL-57FB7139704652AF,1.0.0,current,SRC-TN-HDX-CODAB-2022,ENT-TN-IMADA-116643,high,,ENT-TN-DELEGATION-D592FC6CD4D2,administrative_parent,ADM4 row / research sector code 116643; dated ADM3 parent 1166,,,verified
REL-57FBF9A2C5F05D70,1.0.0,current,SRC-TN-HDX-CODAB-2022,ENT-TN-IMADA-63552055,high,,ENT-TN-DELEGATION-010FEC49E881,administrative_parent,ADM4 row / research sector code 63552055; dated ADM3 parent 6355,,,verified
REL-580536ABA86D517E,1.0.0,current,SRC-TN-HDX-CODAB-2022,ENT-TN-GOVERNORATE-97D2B1489F90,high,,ENT-TN-COUNTRY,administrative_parent,ADM2 row / research governorate code 34,,,verified
REL-5811C6C52C8E5E2B,1.0.0,current,SRC-LY-MOLG-MUNICIPALITIES-2026,ENT-LY-MUNICIPALITY-6DCB46097B61,high,,ENT-LY-COUNTRY,administrative_parent,Municipality list entry: الرجبان,,,verified
REL-5818DC9EC5D85013,1.0.0,current,SRC-TN-DGCL-MUNICIPALITIES-2024,ENT-TN-MUNICIPALITY-3211,high,,ENT-TN-GOVERNORATE-5BC9A7217C8C,administrative_parent,January 2024 workbook row: governorate 32; municipality code 3211,,,verified
REL-581D5E5898DF5482,1.0.0,current,SRC-TN-RESEARCH-GEOMETRY-2018,ENT-TN-MUNICIPALITY-1111,medium,Approximate research topology only; this is not an administrative parent relationship.,ENT-TN-DELEGATION-FE7ADA16AB50,boundary_intersects,"sector evidence rows: 115310,115311,115312,115313,115314,11537,11538,11539",,,source_verified
REL-581FBFCCEE9E5A3A,1.0.0,current,SRC-TN-HDX-CODAB-2022,ENT-TN-IMADA-52551813,high,,ENT-TN-DELEGATION-6EFE1FF87CAA,administrative_parent,ADM4 row / research sector code 52551813; dated ADM3 parent 5255,,,verified
REL-582DB98ACAF95D9E,1.0.0,current,SRC-TN-DGCL-MUNICIPALITIES-2024,ENT-TN-MUNICIPALITY-3215,high,,ENT-TN-GOVERNORATE-5BC9A7217C8C,administrative_parent,January 2024 workbook row: governorate 32; municipality code 3215,,,verified
REL-5833A1368D305145,1.0.0,current,SRC-TN-HDX-CODAB-2022,ENT-TN-GOVERNORATE-A460B4F223EB,high,,ENT-TN-COUNTRY,administrative_parent,ADM2 row / research governorate code 24,,,verified
REL-58361BBA51A55A1B,1.0.0,current,SRC-TN-HDX-CODAB-2022,ENT-TN-IMADA-2451860,high,,ENT-TN-DELEGATION-BACCAA713057,administrative_parent,ADM4 row / research sector code 2451860; dated ADM3 parent 2451,,,verified
REL-5842DC37D42250A3,1.0.0,current,SRC-TN-HDX-CODAB-2022,ENT-TN-IMADA-1752489,high,,ENT-TN-DELEGATION-FCEB64E05ED0,administrative_parent,ADM4 row / research sector code 1752489; dated ADM3 parent 1752,,,verified
REL-58475AF90ABB5708,1.0.0,current,SRC-TN-RESEARCH-GEOMETRY-2018,ENT-TN-MUNICIPALITY-2111,medium,Approximate research topology only; this is not an administrative parent relationship.,ENT-TN-DELEGATION-89B5CE300A2D,boundary_intersects,"sector evidence rows: 2151577,2151578,2151579,2151580,2151581,2151582,2151583,2151584,2151585,2151586,2151587,2151588,2151589,2151590",,,source_verified
REL-5859A5F4B36F5465,1.0.0,current,SRC-TN-HDX-CODAB-2022,ENT-TN-IMADA-33571190,high,,ENT-TN-DELEGATION-47EFAA8BC79F,administrative_parent,ADM4 row / research sector code 33571190; dated ADM3 parent 3357,,,verified
REL-585A209B40935E3E,1.0.0,current,SRC-TN-HDX-CODAB-2022,ENT-TN-IMADA-43511579,high,,ENT-TN-DELEGATION-DB05A1325AE3,administrative_parent,ADM4 row / research sector code 43511579; dated ADM3 parent 4351,,,verified
REL-586D6ACFBE06507A,1.0.0,current,SRC-TN-HDX-CODAB-2022,ENT-TN-IMADA-42569999,high,,ENT-TN-DELEGATION-FD2AE43A4C3D,administrative_parent,ADM4 row / research sector code 42569999; dated ADM3 parent 4256,,,verified
REL-58885BF1AD995C1C,1.0.0,current,SRC-TN-HDX-CODAB-2022,ENT-TN-IMADA-1164127,high,,ENT-TN-DELEGATION-1F3317733151,administrative_parent,ADM4 row / research sector code 1164127; dated ADM3 parent 1164,,,verified
REL-58A8E30D72F450CD,1.0.0,current,SRC-TN-DGCL-MUNICIPALITIES-2024,ENT-TN-MUNICIPALITY-6312,high,,ENT-TN-GOVERNORATE-1864AE41D5B4,administrative_parent,January 2024 workbook row: governorate 63; municipality code 6312,,,verified
REL-58B93E38D8F45745,1.0.0,current,SRC-TN-HDX-CODAB-2022,ENT-TN-IMADA-1161133,high,,ENT-TN-DELEGATION-9BE55C4562EE,administrative_parent,ADM4 row / research sector code 1161133; dated ADM3 parent 1161,,,verified
REL-58E682C1EDE65FC0,1.0.0,current,SRC-TN-HDX-CODAB-2022,ENT-TN-IMADA-62522006,high,,ENT-TN-DELEGATION-3240C5021B36,administrative_parent,ADM4 row / research sector code 62522006; dated ADM3 parent 6252,,,verified
REL-58F1241AE34C5494,1.0.0,current,SRC-TN-HDX-CODAB-2022,ENT-TN-IMADA-61561956,high,,ENT-TN-DELEGATION-A16A1E882313,administrative_parent,ADM4 row / research sector code 61561956; dated ADM3 parent 6156,,,verified
REL-591CC9B0F96556C7,1.0.0,current,SRC-TN-RESEARCH-GEOMETRY-2018,ENT-TN-MUNICIPALITY-1511,medium,Approximate research topology only; this is not an administrative parent relationship.,ENT-TN-DELEGATION-909BD4DC039A,boundary_intersects,"sector evidence rows: 1551328,1551329,1551330,1551331,1551332,1551333",,,source_verified
REL-592E28DB9E75579A,1.0.0,current,SRC-TN-HDX-CODAB-2022,ENT-TN-IMADA-43511574,high,,ENT-TN-DELEGATION-DB05A1325AE3,administrative_parent,ADM4 row / research sector code 43511574; dated ADM3 parent 4351,,,verified
REL-593E7EB3FACA5389,1.0.0,current,SRC-TN-DGCL-MUNICIPALITIES-2024,ENT-TN-MUNICIPALITY-5212,high,,ENT-TN-GOVERNORATE-902616FE3988,administrative_parent,January 2024 workbook row: governorate 52; municipality code 5212,,,verified
REL-5947FE22B43C5C5F,1.0.0,current,SRC-TN-HDX-CODAB-2022,ENT-TN-IMADA-34631317,high,,ENT-TN-DELEGATION-17B9E0494EC7,administrative_parent,ADM4 row / research sector code 34631317; dated ADM3 parent 3463,,,verified
REL-59586483837C5370,1.0.0,current,SRC-TN-HDX-CODAB-2022,ENT-TN-IMADA-43511580,high,,ENT-TN-DELEGATION-DB05A1325AE3,administrative_parent,ADM4 row / research sector code 43511580; dated ADM3 parent 4351,,,verified
REL-597A81F515825A16,1.0.0,current,SRC-TN-HDX-CODAB-2022,ENT-TN-IMADA-61511916,high,,ENT-TN-DELEGATION-08BF6BF26FFF,administrative_parent,ADM4 row / research sector code 61511916; dated ADM3 parent 6151,,,verified
REL-5986C2E26D345B97,1.0.0,current,SRC-TN-DGCL-MUNICIPALITIES-2024,ENT-TN-MUNICIPALITY-2222,high,,ENT-TN-GOVERNORATE-7A4D0C3A889C,administrative_parent,January 2024 workbook row: governorate 22; municipality code 2222,,,verified
REL-59902C8DB6AB541A,1.0.0,current,SRC-TN-HDX-CODAB-2022,ENT-TN-IMADA-52551801,high,,ENT-TN-DELEGATION-6EFE1FF87CAA,administrative_parent,ADM4 row / research sector code 52551801; dated ADM3 parent 5255,,,verified
REL-59988930080A5421,1.0.0,current,SRC-LY-MOLG-MUNICIPALITIES-2026,ENT-LY-MUNICIPALITY-CD923B017533,high,,ENT-LY-COUNTRY,administrative_parent,Municipality list entry: قصر خيار,,,verified
REL-59B3005AC27D5B4E,1.0.0,current,SRC-TN-HDX-CODAB-2022,ENT-TN-IMADA-116071,high,,ENT-TN-DELEGATION-93C5837DFCBF,administrative_parent,ADM4 row / research sector code 116071; dated ADM3 parent 1160,,,verified
REL-59C2FE27F27F567C,1.0.0,current,SRC-TN-HDX-CODAB-2022,ENT-TN-IMADA-41601452,high,,ENT-TN-DELEGATION-46D8F9A49020,administrative_parent,ADM4 row / research sector code 41601452; dated ADM3 parent 4160,,,verified
REL-59CE3ED9DC7950E9,1.0.0,current,SRC-TN-HDX-CODAB-2022,ENT-TN-IMADA-1167120,high,,ENT-TN-DELEGATION-40268C8E9C06,administrative_parent,ADM4 row / research sector code 1167120; dated ADM3 parent 1167,,,verified
REL-59CEE9C6ACF852ED,1.0.0,current,SRC-TN-HDX-CODAB-2022,ENT-TN-IMADA-33511139,high,,ENT-TN-DELEGATION-E56B524C71BE,administrative_parent,ADM4 row / research sector code 33511139; dated ADM3 parent 3351,,,verified
REL-59E9D021FC685DA5,1.0.0,current,SRC-TN-DGCL-MUNICIPALITIES-2024,ENT-TN-MUNICIPALITY-3326,high,,ENT-TN-GOVERNORATE-E7D96FEF5043,administrative_parent,January 2024 workbook row: governorate 33; municipality code 3326,,,verified
REL-59FDE386571D5F54,1.0.0,current,SRC-TN-DGCL-MUNICIPALITIES-2024,ENT-TN-MUNICIPALITY-1322,high,,ENT-TN-GOVERNORATE-D5ED89886664,administrative_parent,January 2024 workbook row: governorate 13; municipality code 1322,,,verified
REL-5A1F8FC8859C5516,1.0.0,current,SRC-TN-HDX-CODAB-2022,ENT-TN-IMADA-53521869,high,,ENT-TN-DELEGATION-D3ABF7936ACA,administrative_parent,ADM4 row / research sector code 53521869; dated ADM3 parent 5352,,,verified
REL-5A1FAE6C5E9F5D96,1.0.0,current,SRC-TN-HDX-CODAB-2022,ENT-TN-IMADA-1352216,high,,ENT-TN-DELEGATION-10DD70515DA0,administrative_parent,ADM4 row / research sector code 1352216; dated ADM3 parent 1352,,,verified
REL-5A91CB214A2C57AC,1.0.0,current,SRC-TN-HDX-CODAB-2022,ENT-TN-DELEGATION-A43DBAE26B8A,high,,ENT-TN-GOVERNORATE-97D2B1489F90,administrative_parent,ADM3 row / dated 264-delegation research code 3451,,,verified
REL-5AA0EF0784C3561B,1.0.0,current,SRC-TN-RESEARCH-GEOMETRY-2018,ENT-TN-MUNICIPALITY-4128,medium,Approximate research topology only; this is not an administrative parent relationship.,ENT-TN-DELEGATION-7E9A8227F3FE,boundary_intersects,"sector evidence rows: 41561416,41561419,41561420",,,source_verified
REL-5AAE3E54D9FC58DC,1.0.0,current,SRC-TN-DGCL-MUNICIPALITIES-2024,ENT-TN-MUNICIPALITY-5218,high,,ENT-TN-GOVERNORATE-902616FE3988,administrative_parent,January 2024 workbook row: governorate 52; municipality code 5218,,,verified
REL-5AB2489DCFE25612,1.0.0,current,SRC-TN-HDX-CODAB-2022,ENT-TN-IMADA-51551713,high,,ENT-TN-DELEGATION-336FE0336AC9,administrative_parent,ADM4 row / research sector code 51551713; dated ADM3 parent 5155,,,verified
REL-5AE746CEB2305E1A,1.0.0,current,SRC-TN-HDX-CODAB-2022,ENT-TN-IMADA-2452869,high,,ENT-TN-DELEGATION-37E43863E13C,administrative_parent,ADM4 row / research sector code 2452869; dated ADM3 parent 2452,,,verified
REL-5AF06B785D945D7D,1.0.0,current,SRC-TN-HDX-CODAB-2022,ENT-TN-IMADA-41581432,high,,ENT-TN-DELEGATION-A9A2E64081DA,administrative_parent,ADM4 row / research sector code 41581432; dated ADM3 parent 4158,,,verified
REL-5B10665D64375AD8,1.0.0,current,SRC-TN-HDX-CODAB-2022,ENT-TN-IMADA-33571192,high,,ENT-TN-DELEGATION-47EFAA8BC79F,administrative_parent,ADM4 row / research sector code 33571192; dated ADM3 parent 3357,,,verified
REL-5B1CA71BA3A054B6,1.0.0,current,SRC-TN-HDX-CODAB-2022,ENT-TN-DELEGATION-5CA39F3BFF07,high,,ENT-TN-GOVERNORATE-07DB5E6D265C,administrative_parent,ADM3 row / dated 264-delegation research code 3156,,,verified
REL-5B64B9DB8B475CA3,1.0.0,current,SRC-TN-DGCL-MUNICIPALITIES-2024,ENT-TN-MUNICIPALITY-1535,high,,ENT-TN-GOVERNORATE-EA30E853F598,administrative_parent,January 2024 workbook row: governorate 15; municipality code 1535,,,verified
REL-5B6A11B285A9584A,1.0.0,current,SRC-TN-HDX-CODAB-2022,ENT-TN-IMADA-33521141,high,,ENT-TN-DELEGATION-8B2B3E3BDE8C,administrative_parent,ADM4 row / research sector code 33521141; dated ADM3 parent 3352,,,verified
REL-5B70D75A17E25484,1.0.0,current,SRC-TN-RESEARCH-GEOMETRY-2018,ENT-TN-MUNICIPALITY-4214,medium,Approximate research topology only; this is not an administrative parent relationship.,ENT-TN-DELEGATION-184C444E7833,boundary_intersects,"sector evidence rows: 42571510,42571511,42571512,42571513,42571514",,,source_verified
REL-5B760C20FC0B5290,1.0.0,current,SRC-TN-HDX-CODAB-2022,ENT-TN-IMADA-51601753,high,,ENT-TN-DELEGATION-5BB9BF889AC5,administrative_parent,ADM4 row / research sector code 51601753; dated ADM3 parent 5160,,,verified
REL-5B83403E9C0F5FC0,1.0.0,current,SRC-TN-HDX-CODAB-2022,ENT-TN-DELEGATION-AFAE2BE79F31,high,,ENT-TN-GOVERNORATE-DF747014232C,administrative_parent,ADM3 row / dated 264-delegation research code 5152,,,verified
REL-5BE009ED6B2357B6,1.0.0,current,SRC-TN-HDX-CODAB-2022,ENT-TN-IMADA-1256201,high,,ENT-TN-DELEGATION-4F055D8E4C5F,administrative_parent,ADM4 row / research sector code 1256201; dated ADM3 parent 1256,,,verified
REL-5BE45F78C7475DA4,1.0.0,current,SRC-TN-DGCL-MUNICIPALITIES-2024,ENT-TN-MUNICIPALITY-6318,high,,ENT-TN-GOVERNORATE-1864AE41D5B4,administrative_parent,January 2024 workbook row: governorate 63; municipality code 6318,,,verified
REL-5BEF9B223CD85A2D,1.0.0,current,SRC-TN-HDX-CODAB-2022,ENT-TN-IMADA-31641040,high,,ENT-TN-DELEGATION-9ADFA1D292D9,administrative_parent,ADM4 row / research sector code 31641040; dated ADM3 parent 3164,,,verified
REL-5C2B67F6714554F5,1.0.0,current,SRC-TN-HDX-CODAB-2022,ENT-TN-IMADA-61541939,high,,ENT-TN-DELEGATION-7A57DEB42C2E,administrative_parent,ADM4 row / research sector code 61541939; dated ADM3 parent 6154,,,verified
REL-5C3DB43180A551EC,1.0.0,current,SRC-TN-HDX-CODAB-2022,ENT-TN-IMADA-1555354,high,,ENT-TN-DELEGATION-C7B4FEE5AE08,administrative_parent,ADM4 row / research sector code 1555354; dated ADM3 parent 1555,,,verified
REL-5C5711B30D6F5B56,1.0.0,current,SRC-TN-HDX-CODAB-2022,ENT-TN-IMADA-2154629,high,,ENT-TN-DELEGATION-028DF902ABF9,administrative_parent,ADM4 row / research sector code 2154629; dated ADM3 parent 2154,,,verified
REL-5C67C7D885AC5EBF,1.0.0,current,SRC-TN-DGCL-MUNICIPALITIES-2024,ENT-TN-MUNICIPALITY-6120,high,,ENT-TN-GOVERNORATE-467CAA2B1928,administrative_parent,January 2024 workbook row: governorate 61; municipality code 6120,,,verified
REL-5C7D7B317C6E5BF8,1.0.0,current,SRC-TN-RESEARCH-GEOMETRY-2018,ENT-TN-MUNICIPALITY-5118,medium,Approximate research topology only; this is not an administrative parent relationship.,ENT-TN-DELEGATION-996BCFD91FDD,boundary_intersects,"sector evidence rows: 51591737,51591738,51591739,51591740,51591741",,,source_verified
REL-5C9E8E2ED8F95038,1.0.0,current,SRC-TN-HDX-CODAB-2022,ENT-TN-IMADA-2253705,high,,ENT-TN-DELEGATION-997BFDED88CF,administrative_parent,ADM4 row / research sector code 2253705; dated ADM3 parent 2253,,,verified
REL-5CB3FCB8AEEA5EF3,1.0.0,current,SRC-TN-HDX-CODAB-2022,ENT-TN-DELEGATION-14FA2AE0C064,high,,ENT-TN-GOVERNORATE-07DB5E6D265C,administrative_parent,ADM3 row / dated 264-delegation research code 3155,,,verified
REL-5CDA4D12DDDD5C0F,1.0.0,current,SRC-TN-HDX-CODAB-2022,ENT-TN-IMADA-2352780,high,,ENT-TN-DELEGATION-D4441080949B,administrative_parent,ADM4 row / research sector code 2352780; dated ADM3 parent 2352,,,verified
REL-5CDCEBF413605183,1.0.0,current,SRC-TN-HDX-CODAB-2022,ENT-TN-IMADA-3156975,high,,ENT-TN-DELEGATION-5CA39F3BFF07,administrative_parent,ADM4 row / research sector code 3156975; dated ADM3 parent 3156,,,verified
REL-5CE044DCDDED532A,1.0.0,current,SRC-TN-HDX-CODAB-2022,ENT-TN-IMADA-34621315,high,,ENT-TN-DELEGATION-5CE249CD9A5F,administrative_parent,ADM4 row / research sector code 34621315; dated ADM3 parent 3462,,,verified
REL-5CF14B4F7B055FCC,1.0.0,current,SRC-TN-RESEARCH-GEOMETRY-2018,ENT-TN-MUNICIPALITY-5111,medium,Approximate research topology only; this is not an administrative parent relationship.,ENT-TN-DELEGATION-5B401B5FE360,boundary_intersects,"sector evidence rows: 51531697,51531698,51531699",,,source_verified
REL-5D0FC537C62C545B,1.0.0,current,SRC-TN-DGCL-MUNICIPALITIES-2024,ENT-TN-MUNICIPALITY-3115,high,,ENT-TN-GOVERNORATE-07DB5E6D265C,administrative_parent,January 2024 workbook row: governorate 31; municipality code 3115,,,verified
REL-5D12DE4056E85C3A,1.0.0,current,SRC-TN-RESEARCH-GEOMETRY-2018,ENT-TN-MUNICIPALITY-3312,medium,Approximate research topology only; this is not an administrative parent relationship.,ENT-TN-DELEGATION-E56B524C71BE,boundary_intersects,"sector evidence rows: 33511129,33511130",,,source_verified
REL-5D33C14EFD435DA2,1.0.0,current,SRC-TN-HDX-CODAB-2022,ENT-TN-IMADA-1564411,high,,ENT-TN-DELEGATION-8708C7088CBC,administrative_parent,ADM4 row / research sector code 1564411; dated ADM3 parent 1564,,,verified
REL-5D81445F626C5773,1.0.0,current,SRC-TN-HDX-CODAB-2022,ENT-TN-IMADA-63552058,high,,ENT-TN-DELEGATION-010FEC49E881,administrative_parent,ADM4 row / research sector code 63552058; dated ADM3 parent 6355,,,verified
REL-5D8B1A12B36053B1,1.0.0,current,SRC-TN-HDX-CODAB-2022,ENT-TN-IMADA-62532013,high,,ENT-TN-DELEGATION-21A9D436EAA7,administrative_parent,ADM4 row / research sector code 62532013; dated ADM3 parent 6253,,,verified
REL-5D9F38FCF2A2523B,1.0.0,current,SRC-TN-RESEARCH-GEOMETRY-2018,ENT-TN-MUNICIPALITY-3324,medium,Approximate research topology only; this is not an administrative parent relationship.,ENT-TN-DELEGATION-8CD3CBC66F17,boundary_intersects,"sector evidence rows: 33611222,33611223,33611224,33611225",,,source_verified
REL-5DA1980DB28E5CD0,1.0.0,current,SRC-TN-HDX-CODAB-2022,ENT-TN-IMADA-63549999,high,,ENT-TN-DELEGATION-3512572DC050,administrative_parent,ADM4 row / research sector code 63549999; dated ADM3 parent 6354,,,verified
REL-5DBE427081F152A8,1.0.0,current,SRC-TN-HDX-CODAB-2022,ENT-TN-IMADA-2153602,high,,ENT-TN-DELEGATION-64B47287C7CC,administrative_parent,ADM4 row / research sector code 2153602; dated ADM3 parent 2153,,,verified
REL-5DC327968BAE55B7,1.0.0,current,SRC-TN-HDX-CODAB-2022,ENT-TN-IMADA-41521376,high,,ENT-TN-DELEGATION-3568AB5821B0,administrative_parent,ADM4 row / research sector code 41521376; dated ADM3 parent 4152,,,verified
REL-5DCA3C57734B5AC0,1.0.0,current,SRC-TN-HDX-CODAB-2022,ENT-TN-IMADA-1563398,high,,ENT-TN-DELEGATION-C12FC68E8013,administrative_parent,ADM4 row / research sector code 1563398; dated ADM3 parent 1563,,,verified
REL-5DCE6DAD9ACC5238,1.0.0,current,SRC-TN-HDX-CODAB-2022,ENT-TN-IMADA-1753497,high,,ENT-TN-DELEGATION-529F20CCEFFA,administrative_parent,ADM4 row / research sector code 1753497; dated ADM3 parent 1753,,,verified
REL-5DD3DCF7F7875FE1,1.0.0,current,SRC-TN-HDX-CODAB-2022,ENT-TN-IMADA-33531151,high,,ENT-TN-DELEGATION-1A266F9B008F,administrative_parent,ADM4 row / research sector code 33531151; dated ADM3 parent 3353,,,verified
REL-5DE3C7AD62C75E87,1.0.0,current,SRC-TN-DGCL-MUNICIPALITIES-2024,ENT-TN-MUNICIPALITY-6313,high,,ENT-TN-GOVERNORATE-1864AE41D5B4,administrative_parent,January 2024 workbook row: governorate 63; municipality code 6313,,,verified
REL-5DEC0585442C5090,1.0.0,current,SRC-TN-HDX-CODAB-2022,ENT-TN-IMADA-2157646,high,,ENT-TN-DELEGATION-CCDB3F1D6604,administrative_parent,ADM4 row / research sector code 2157646; dated ADM3 parent 2157,,,verified
REL-5DEC16ED1C7E5089,1.0.0,current,SRC-TN-HDX-CODAB-2022,ENT-TN-IMADA-63562065,high,,ENT-TN-DELEGATION-46FFC1059453,administrative_parent,ADM4 row / research sector code 63562065; dated ADM3 parent 6356,,,verified
REL-5E0CA5C4355C57C0,1.0.0,current,SRC-TN-RESEARCH-GEOMETRY-2018,ENT-TN-MUNICIPALITY-5112,medium,Approximate research topology only; this is not an administrative parent relationship.,ENT-TN-DELEGATION-AFAE2BE79F31,boundary_intersects,"sector evidence rows: 51521689,51521691,51521692,51521693,51521694,51521695",,,source_verified
REL-5E162AF1DA3F5244,1.0.0,current,SRC-TN-HDX-CODAB-2022,ENT-TN-IMADA-1251164,high,,ENT-TN-DELEGATION-907386F80604,administrative_parent,ADM4 row / research sector code 1251164; dated ADM3 parent 1251,,,verified
REL-5E1ED0789EE05321,1.0.0,current,SRC-TN-HDX-CODAB-2022,ENT-TN-IMADA-1654462,high,,ENT-TN-DELEGATION-43EBF7A156A6,administrative_parent,ADM4 row / research sector code 1654462; dated ADM3 parent 1654,,,verified
REL-5E3C65EDDB845FD4,1.0.0,current,SRC-TN-HDX-CODAB-2022,ENT-TN-DELEGATION-028DF902ABF9,high,,ENT-TN-GOVERNORATE-EA2D44B4F25E,administrative_parent,ADM3 row / dated 264-delegation research code 2154,,,verified
REL-5E7F323220FE55FB,1.0.0,current,SRC-TN-HDX-CODAB-2022,ENT-TN-IMADA-31641044,high,,ENT-TN-DELEGATION-9ADFA1D292D9,administrative_parent,ADM4 row / research sector code 31641044; dated ADM3 parent 3164,,,verified
REL-5EB3CD76028E5C92,1.0.0,current,SRC-TN-RESEARCH-GEOMETRY-2018,ENT-TN-MUNICIPALITY-5113,medium,Approximate research topology only; this is not an administrative parent relationship.,ENT-TN-DELEGATION-7D9681B14049,boundary_intersects,"sector evidence rows: 51541703,51541704,51541705,51541706",,,source_verified
REL-5EB65F6598BE5FF7,1.0.0,current,SRC-LY-MOLG-MUNICIPALITIES-2026,ENT-LY-MUNICIPALITY-6BDBE6600EED,high,,ENT-LY-COUNTRY,administrative_parent,Municipality list entry: القلعة,,,verified
REL-5EBF8E6A494759BF,1.0.0,current,SRC-TN-HDX-CODAB-2022,ENT-TN-IMADA-2154621,high,,ENT-TN-DELEGATION-028DF902ABF9,administrative_parent,ADM4 row / research sector code 2154621; dated ADM3 parent 2154,,,verified
REL-5EEE81464ABE58C8,1.0.0,current,SRC-TN-HDX-CODAB-2022,ENT-TN-IMADA-32601110,high,,ENT-TN-DELEGATION-BDF031A58E55,administrative_parent,ADM4 row / research sector code 32601110; dated ADM3 parent 3260,,,verified
REL-5F06EC2A79DE50C6,1.0.0,current,SRC-TN-HDX-CODAB-2022,ENT-TN-IMADA-116640,high,,ENT-TN-DELEGATION-D592FC6CD4D2,administrative_parent,ADM4 row / research sector code 116640; dated ADM3 parent 1166,,,verified
REL-5F173CC1B95D5F76,1.0.0,current,SRC-TN-HDX-CODAB-2022,ENT-TN-DELEGATION-64DB1B613F50,high,,ENT-TN-GOVERNORATE-CC06DF550344,administrative_parent,ADM3 row / dated 264-delegation research code 1452,,,verified
REL-5F206D6DCE4B5120,1.0.0,current,SRC-TN-HDX-CODAB-2022,ENT-TN-IMADA-52511757,high,,ENT-TN-DELEGATION-EE60D65B9935,administrative_parent,ADM4 row / research sector code 52511757; dated ADM3 parent 5251,,,verified
REL-5F2AFE4F564E5EB2,1.0.0,current,SRC-TN-HDX-CODAB-2022,ENT-TN-IMADA-1251163,high,,ENT-TN-DELEGATION-907386F80604,administrative_parent,ADM4 row / research sector code 1251163; dated ADM3 parent 1251,,,verified
REL-5F3E9CC3F0025C7C,1.0.0,current,SRC-TN-DGCL-MUNICIPALITIES-2024,ENT-TN-MUNICIPALITY-4115,high,,ENT-TN-GOVERNORATE-D28A09D558AD,administrative_parent,January 2024 workbook row: governorate 41; municipality code 4115,,,verified
REL-5F597E0812575B17,1.0.0,current,SRC-TN-HDX-CODAB-2022,ENT-TN-IMADA-62542020,high,,ENT-TN-DELEGATION-CB23A7885CA7,administrative_parent,ADM4 row / research sector code 62542020; dated ADM3 parent 6254,,,verified
REL-5F8E37A6B78958D9,1.0.0,current,SRC-TN-HDX-CODAB-2022,ENT-TN-GOVERNORATE-D28A09D558AD,high,,ENT-TN-COUNTRY,administrative_parent,ADM2 row / research governorate code 41,,,verified
REL-5FC7C007774453CC,1.0.0,current,SRC-TN-HDX-CODAB-2022,ENT-TN-IMADA-115310,high,,ENT-TN-DELEGATION-FE7ADA16AB50,administrative_parent,ADM4 row / research sector code 115310; dated ADM3 parent 1153,,,verified
REL-5FD1E3EDFE8B5C08,1.0.0,current,SRC-TN-RESEARCH-GEOMETRY-2018,ENT-TN-MUNICIPALITY-2422,medium,Approximate research topology only; this is not an administrative parent relationship.,ENT-TN-DELEGATION-2F6C05AAB735,boundary_intersects,"sector evidence rows: 2458914,2458915,2458916",,,source_verified
REL-5FDF3097FE55523F,1.0.0,current,SRC-TN-HDX-CODAB-2022,ENT-TN-IMADA-53541890,high,,ENT-TN-DELEGATION-390678B1D4C7,administrative_parent,ADM4 row / research sector code 53541890; dated ADM3 parent 5354,,,verified
REL-5FE230A8F55452D1,1.0.0,current,SRC-TN-HDX-CODAB-2022,ENT-TN-IMADA-34591288,high,,ENT-TN-DELEGATION-D8723103173B,administrative_parent,ADM4 row / research sector code 34591288; dated ADM3 parent 3459,,,verified
REL-5FE61A8B278054B0,1.0.0,current,SRC-TN-HDX-CODAB-2022,ENT-TN-IMADA-34571271,high,,ENT-TN-DELEGATION-B1DB2FE90D10,administrative_parent,ADM4 row / research sector code 34571271; dated ADM3 parent 3457,,,verified
REL-60136F9986615DC6,1.0.0,current,SRC-TN-HDX-CODAB-2022,ENT-TN-DELEGATION-A9463801F6AD,high,,ENT-TN-GOVERNORATE-36E4260B310C,administrative_parent,ADM3 row / dated 264-delegation research code 4263,,,verified
REL-602F68277CDA56AD,1.0.0,current,SRC-TN-HDX-CODAB-2022,ENT-TN-IMADA-1453294,high,,ENT-TN-DELEGATION-9F59B0DA797D,administrative_parent,ADM4 row / research sector code 1453294; dated ADM3 parent 1453,,,verified
REL-604B307D2DE95693,1.0.0,current,SRC-TN-RESEARCH-GEOMETRY-2018,ENT-TN-MUNICIPALITY-1113,medium,Approximate research topology only; this is not an administrative parent relationship.,ENT-TN-DELEGATION-2576985BFCE5,boundary_intersects,"sector evidence rows: 1170142,1170143,1170144,1170145,1170146,1170147,1170148",,,source_verified
REL-605D50DE2AC9545A,1.0.0,current,SRC-TN-HDX-CODAB-2022,ENT-TN-IMADA-1563400,high,,ENT-TN-DELEGATION-C12FC68E8013,administrative_parent,ADM4 row / research sector code 1563400; dated ADM3 parent 1563,,,verified
REL-605DA78D15905866,1.0.0,current,SRC-TN-HDX-CODAB-2022,ENT-TN-IMADA-2460933,high,,ENT-TN-DELEGATION-3CEADA31C198,administrative_parent,ADM4 row / research sector code 2460933; dated ADM3 parent 2460,,,verified
REL-60804C4443BB555B,1.0.0,current,SRC-TN-HDX-CODAB-2022,ENT-TN-DELEGATION-CC6DBA2640FB,high,,ENT-TN-GOVERNORATE-97D2B1489F90,administrative_parent,ADM3 row / dated 264-delegation research code 3455,,,verified
REL-6097086491D55FCD,1.0.0,current,SRC-TN-HDX-CODAB-2022,ENT-TN-IMADA-1361263,high,,ENT-TN-DELEGATION-678C562CAA1C,administrative_parent,ADM4 row / research sector code 1361263; dated ADM3 parent 1361,,,verified
REL-60B1340F8DD05CD9,1.0.0,current,SRC-TN-HDX-CODAB-2022,ENT-TN-DELEGATION-EA875BA2BFE0,high,,ENT-TN-GOVERNORATE-97D2B1489F90,administrative_parent,ADM3 row / dated 264-delegation research code 3453,,,verified
REL-60DC645116865B75,1.0.0,current,SRC-TN-HDX-CODAB-2022,ENT-TN-IMADA-43581639,high,,ENT-TN-DELEGATION-9846A16575C2,administrative_parent,ADM4 row / research sector code 43581639; dated ADM3 parent 4358,,,verified
REL-60E99595D4A15D6E,1.0.0,current,SRC-LY-MOLG-MUNICIPALITIES-2026,ENT-LY-MUNICIPALITY-2B314A80B1E9,high,,ENT-LY-COUNTRY,administrative_parent,Municipality list entry: سرت,,,verified
REL-60FD9AD84F9A53AD,1.0.0,current,SRC-TN-HDX-CODAB-2022,ENT-TN-IMADA-2159667,high,,ENT-TN-DELEGATION-34E2240B6A54,administrative_parent,ADM4 row / research sector code 2159667; dated ADM3 parent 2159,,,verified
REL-6103ECA49AD958C7,1.0.0,current,SRC-TN-DGCL-MUNICIPALITIES-2024,ENT-TN-MUNICIPALITY-3324,high,,ENT-TN-GOVERNORATE-E7D96FEF5043,administrative_parent,January 2024 workbook row: governorate 33; municipality code 3324,,,verified
REL-610C54F5451C5FC3,1.0.0,current,SRC-TN-HDX-CODAB-2022,ENT-TN-IMADA-33511136,high,,ENT-TN-DELEGATION-E56B524C71BE,administrative_parent,ADM4 row / research sector code 33511136; dated ADM3 parent 3351,,,verified
REL-613296E3731F58B4,1.0.0,current,SRC-TN-DGCL-MUNICIPALITIES-2024,ENT-TN-MUNICIPALITY-4324,high,,ENT-TN-GOVERNORATE-47F772AA4A84,administrative_parent,January 2024 workbook row: governorate 43; municipality code 4324,,,verified
REL-6161696D345955BB,1.0.0,current,SRC-TN-HDX-CODAB-2022,ENT-TN-IMADA-1754503,high,,ENT-TN-DELEGATION-00E4826B36E2,administrative_parent,ADM4 row / research sector code 1754503; dated ADM3 parent 1754,,,verified
REL-616F577B90D75E65,1.0.0,current,SRC-TN-DGCL-MUNICIPALITIES-2024,ENT-TN-MUNICIPALITY-2414,high,,ENT-TN-GOVERNORATE-A460B4F223EB,administrative_parent,January 2024 workbook row: governorate 24; municipality code 2414,,,verified
REL-61939F14E3B95628,1.0.0,current,SRC-TN-HDX-CODAB-2022,ENT-TN-DELEGATION-6027493801C5,high,,ENT-TN-GOVERNORATE-DB8D5C457676,administrative_parent,ADM3 row / dated 264-delegation research code 1155,,,verified
REL-61AB6F0579C456CD,1.0.0,current,SRC-TN-HDX-CODAB-2022,ENT-TN-IMADA-41601449,high,,ENT-TN-DELEGATION-46D8F9A49020,administrative_parent,ADM4 row / research sector code 41601449; dated ADM3 parent 4160,,,verified
REL-62043202DD7B5BAD,1.0.0,current,SRC-TN-HDX-CODAB-2022,ENT-TN-IMADA-34581277,high,,ENT-TN-DELEGATION-05852EF74252,administrative_parent,ADM4 row / research sector code 34581277; dated ADM3 parent 3458,,,verified
REL-62239CDB367D541C,1.0.0,current,SRC-TN-HDX-CODAB-2022,ENT-TN-IMADA-43561624,high,,ENT-TN-DELEGATION-A5B79B7F0981,administrative_parent,ADM4 row / research sector code 43561624; dated ADM3 parent 4356,,,verified
REL-6226B5F277445106,1.0.0,current,SRC-TN-HDX-CODAB-2022,ENT-TN-IMADA-34541257,high,,ENT-TN-DELEGATION-3757F6B83BE1,administrative_parent,ADM4 row / research sector code 34541257; dated ADM3 parent 3454,,,verified
REL-625200A3CB1D566B,1.0.0,current,SRC-TN-HDX-CODAB-2022,ENT-TN-IMADA-116642,high,,ENT-TN-DELEGATION-D592FC6CD4D2,administrative_parent,ADM4 row / research sector code 116642; dated ADM3 parent 1166,,,verified
REL-625648F8D2BB5E87,1.0.0,current,SRC-TN-HDX-CODAB-2022,ENT-TN-IMADA-51601746,high,,ENT-TN-DELEGATION-5BB9BF889AC5,administrative_parent,ADM4 row / research sector code 51601746; dated ADM3 parent 5160,,,verified
REL-6258035586345B59,1.0.0,current,SRC-TN-HDX-CODAB-2022,ENT-TN-DELEGATION-6EC1A2137D0E,high,,ENT-TN-GOVERNORATE-D28A09D558AD,administrative_parent,ADM3 row / dated 264-delegation research code 4155,,,verified
REL-625DB60B681350CA,1.0.0,current,SRC-TN-DGCL-MUNICIPALITIES-2024,ENT-TN-MUNICIPALITY-5120,high,,ENT-TN-GOVERNORATE-DF747014232C,administrative_parent,January 2024 workbook row: governorate 51; municipality code 5120,,,verified
REL-628CC5A333B052D1,1.0.0,current,SRC-TN-HDX-CODAB-2022,ENT-TN-IMADA-2151581,high,,ENT-TN-DELEGATION-89B5CE300A2D,administrative_parent,ADM4 row / research sector code 2151581; dated ADM3 parent 2151,,,verified
REL-62CF05B14526590D,1.0.0,current,SRC-LY-MOLG-MUNICIPALITIES-2026,ENT-LY-MUNICIPALITY-67FBB89D0610,high,,ENT-LY-COUNTRY,administrative_parent,Municipality list entry: الزاوية,,,verified
REL-62D35F9944045000,1.0.0,current,SRC-TN-RESEARCH-GEOMETRY-2018,ENT-TN-MUNICIPALITY-3412,medium,Approximate research topology only; this is not an administrative parent relationship.,ENT-TN-DELEGATION-EA875BA2BFE0,boundary_intersects,"sector evidence rows: 34531245,34531246,34531247,34531250,34539999",,,source_verified
REL-62D4898AB1DA590D,1.0.0,current,SRC-TN-HDX-CODAB-2022,ENT-TN-IMADA-3154964,high,,ENT-TN-DELEGATION-C433D277206E,administrative_parent,ADM4 row / research sector code 3154964; dated ADM3 parent 3154,,,verified
REL-63390EE51CB1582C,1.0.0,current,SRC-TN-DGCL-MUNICIPALITIES-2024,ENT-TN-MUNICIPALITY-4228,high,,ENT-TN-GOVERNORATE-36E4260B310C,administrative_parent,January 2024 workbook row: governorate 42; municipality code 4228,,,verified
REL-633C93BF132B5304,1.0.0,current,SRC-TN-HDX-CODAB-2022,ENT-TN-IMADA-34591287,high,,ENT-TN-DELEGATION-D8723103173B,administrative_parent,ADM4 row / research sector code 34591287; dated ADM3 parent 3459,,,verified
REL-6344222CC0C35E08,1.0.0,current,SRC-TN-HDX-CODAB-2022,ENT-TN-IMADA-2455891,high,,ENT-TN-DELEGATION-27DFBC8894A9,administrative_parent,ADM4 row / research sector code 2455891; dated ADM3 parent 2455,,,verified
REL-635DFB47995F572D,1.0.0,current,SRC-TN-HDX-CODAB-2022,ENT-TN-IMADA-1359251,high,,ENT-TN-DELEGATION-28027896EDDD,administrative_parent,ADM4 row / research sector code 1359251; dated ADM3 parent 1359,,,verified
REL-637A2A15F9095B93,1.0.0,current,SRC-LY-MOLG-MUNICIPALITIES-2026,ENT-LY-MUNICIPALITY-0F4C4033DB6A,high,,ENT-LY-COUNTRY,administrative_parent,Municipality list entry: المليطانية,,,verified
REL-6398366D39EE58F8,1.0.0,current,SRC-TN-HDX-CODAB-2022,ENT-TN-IMADA-2451862,high,,ENT-TN-DELEGATION-BACCAA713057,administrative_parent,ADM4 row / research sector code 2451862; dated ADM3 parent 2451,,,verified
REL-63BE1E7FC2D55926,1.0.0,current,SRC-TN-HDX-CODAB-2022,ENT-TN-IMADA-32631125,high,,ENT-TN-DELEGATION-7F9EBE1F4EA1,administrative_parent,ADM4 row / research sector code 32631125; dated ADM3 parent 3263,,,verified
REL-63BE25F758B05F31,1.0.0,current,SRC-TN-HDX-CODAB-2022,ENT-TN-DELEGATION-F0023FB066A4,high,,ENT-TN-GOVERNORATE-07DB5E6D265C,administrative_parent,ADM3 row / dated 264-delegation research code 3152,,,verified
REL-63E24CE3C8225710,1.0.0,current,SRC-TN-HDX-CODAB-2022,ENT-TN-IMADA-115930,high,,ENT-TN-DELEGATION-0B11B353C556,administrative_parent,ADM4 row / research sector code 115930; dated ADM3 parent 1159,,,verified
REL-63E8272FC9AC5D94,1.0.0,current,SRC-TN-RESEARCH-GEOMETRY-2018,ENT-TN-MUNICIPALITY-4326,medium,Approximate research topology only; this is not an administrative parent relationship.,ENT-TN-DELEGATION-6F8D6872B9E9,boundary_intersects,"sector evidence rows: 43551616,43551617",,,source_verified
REL-64081170845A58D6,1.0.0,current,SRC-TN-HDX-CODAB-2022,ENT-TN-IMADA-2259765,high,,ENT-TN-DELEGATION-A1AD72837943,administrative_parent,ADM4 row / research sector code 2259765; dated ADM3 parent 2259,,,verified
REL-640C837DA7F654E2,1.0.0,current,SRC-TN-HDX-CODAB-2022,ENT-TN-IMADA-41521368,high,,ENT-TN-DELEGATION-3568AB5821B0,administrative_parent,ADM4 row / research sector code 41521368; dated ADM3 parent 4152,,,verified
REL-6418983D5E6A5CCD,1.0.0,current,SRC-TN-DGCL-MUNICIPALITIES-2024,ENT-TN-MUNICIPALITY-1317,high,,ENT-TN-GOVERNORATE-D5ED89886664,administrative_parent,January 2024 workbook row: governorate 13; municipality code 1317,,,verified
REL-6439E44C7252560B,1.0.0,current,SRC-TN-HDX-CODAB-2022,ENT-TN-IMADA-33611225,high,,ENT-TN-DELEGATION-8CD3CBC66F17,administrative_parent,ADM4 row / research sector code 33611225; dated ADM3 parent 3361,,,verified
REL-6458A667B4CB5C9B,1.0.0,current,SRC-TN-DGCL-MUNICIPALITIES-2024,ENT-TN-MUNICIPALITY-4126,high,,ENT-TN-GOVERNORATE-D28A09D558AD,administrative_parent,January 2024 workbook row: governorate 41; municipality code 4126,,,verified
REL-645A5768895A5298,1.0.0,current,SRC-LY-MOLG-MUNICIPALITIES-2026,ENT-LY-MUNICIPALITY-C8CC4F9CD2B3,high,,ENT-LY-COUNTRY,administrative_parent,Municipality list entry: صبراتة,,,verified
REL-648E4DA467EF56BC,1.0.0,current,SRC-TN-HDX-CODAB-2022,ENT-TN-IMADA-2155631,high,,ENT-TN-DELEGATION-A97443748914,administrative_parent,ADM4 row / research sector code 2155631; dated ADM3 parent 2155,,,verified
REL-6493F594DF725CB0,1.0.0,current,SRC-TN-HDX-CODAB-2022,ENT-TN-IMADA-2457912,high,,ENT-TN-DELEGATION-78A6B0904A2B,administrative_parent,ADM4 row / research sector code 2457912; dated ADM3 parent 2457,,,verified
REL-649FB8C3E5F551DB,1.0.0,current,SRC-TN-HDX-CODAB-2022,ENT-TN-IMADA-1453297,high,,ENT-TN-DELEGATION-9F59B0DA797D,administrative_parent,ADM4 row / research sector code 1453297; dated ADM3 parent 1453,,,verified
REL-64A414933666592D,1.0.0,current,SRC-TN-DGCL-MUNICIPALITIES-2024,ENT-TN-MUNICIPALITY-3424,high,,ENT-TN-GOVERNORATE-97D2B1489F90,administrative_parent,January 2024 workbook row: governorate 34; municipality code 3424,,,verified
REL-64B4F35C7EB15D13,1.0.0,current,SRC-TN-HDX-CODAB-2022,ENT-TN-IMADA-52571831,high,,ENT-TN-DELEGATION-F66C4659B2C0,administrative_parent,ADM4 row / research sector code 52571831; dated ADM3 parent 5257,,,verified
REL-64CD518A4784585C,1.0.0,current,SRC-TN-HDX-CODAB-2022,ENT-TN-IMADA-34611310,high,,ENT-TN-DELEGATION-0B9CE76F3AD6,administrative_parent,ADM4 row / research sector code 34611310; dated ADM3 parent 3461,,,verified
REL-64CE824836EB5FAD,1.0.0,current,SRC-TN-RESEARCH-GEOMETRY-2018,ENT-TN-MUNICIPALITY-1727,medium,Approximate research topology only; this is not an administrative parent relationship.,ENT-TN-DELEGATION-00E4826B36E2,boundary_intersects,"sector evidence rows: 1754503,1754504,1754505,1754508",,,source_verified
REL-64F2316CA0D55082,1.0.0,current,SRC-TN-RESEARCH-GEOMETRY-2018,ENT-TN-MUNICIPALITY-5211,medium,Approximate research topology only; this is not an administrative parent relationship.,ENT-TN-DELEGATION-B117D836FA70,boundary_intersects,"sector evidence rows: 52521765,52521766,52521767,52521768,52521769,52521770,52521771,52521772,52521773",,,source_verified
REL-64FB7C370A31528D,1.0.0,current,SRC-TN-RESEARCH-GEOMETRY-2018,ENT-TN-MUNICIPALITY-5315,medium,Approximate research topology only; this is not an administrative parent relationship.,ENT-TN-DELEGATION-4A4ADB1F39D5,boundary_intersects,"sector evidence rows: 53571907,53571908,53571909,53571910,53571911,53571912,53571913",,,source_verified
REL-650A4C623C0C5955,1.0.0,current,SRC-TN-HDX-CODAB-2022,ENT-TN-IMADA-2152596,high,,ENT-TN-DELEGATION-08DFD967FB8E,administrative_parent,ADM4 row / research sector code 2152596; dated ADM3 parent 2152,,,verified
REL-65109861B16A5BEA,1.0.0,current,SRC-TN-DGCL-MUNICIPALITIES-2024,ENT-TN-MUNICIPALITY-3311,high,,ENT-TN-GOVERNORATE-E7D96FEF5043,administrative_parent,January 2024 workbook row: governorate 33; municipality code 3311,,,verified
REL-652D51B8BF81532A,1.0.0,current,SRC-TN-HDX-CODAB-2022,ENT-TN-IMADA-2157653,high,,ENT-TN-DELEGATION-CCDB3F1D6604,administrative_parent,ADM4 row / research sector code 2157653; dated ADM3 parent 2157,,,verified
REL-6536FF8F6F2C5069,1.0.0,current,SRC-TN-HDX-CODAB-2022,ENT-TN-IMADA-1562393,high,,ENT-TN-DELEGATION-4AE753194B10,administrative_parent,ADM4 row / research sector code 1562393; dated ADM3 parent 1562,,,verified
REL-654BA10897D858A5,1.0.0,current,SRC-TN-HDX-CODAB-2022,ENT-TN-IMADA-116399,high,,ENT-TN-DELEGATION-FE081F997DC5,administrative_parent,ADM4 row / research sector code 116399; dated ADM3 parent 1163,,,verified
REL-656330DBA403549F,1.0.0,current,SRC-TN-HDX-CODAB-2022,ENT-TN-IMADA-1760555,high,,ENT-TN-DELEGATION-920707B361CE,administrative_parent,ADM4 row / research sector code 1760555; dated ADM3 parent 1760,,,verified
REL-6568C44AFF9653DB,1.0.0,current,SRC-TN-HDX-CODAB-2022,ENT-TN-IMADA-2259767,high,,ENT-TN-DELEGATION-A1AD72837943,administrative_parent,ADM4 row / research sector code 2259767; dated ADM3 parent 2259,,,verified
REL-656FF6A134555123,1.0.0,current,SRC-TN-HDX-CODAB-2022,ENT-TN-IMADA-1556362,high,,ENT-TN-DELEGATION-8CCC58460F99,administrative_parent,ADM4 row / research sector code 1556362; dated ADM3 parent 1556,,,verified
REL-658A6C29F4835167,1.0.0,current,SRC-TN-HDX-CODAB-2022,ENT-TN-IMADA-32581103,high,,ENT-TN-DELEGATION-4E58B3CD9CB1,administrative_parent,ADM4 row / research sector code 32581103; dated ADM3 parent 3258,,,verified
REL-658C4EA1AC0D5526,1.0.0,current,SRC-TN-HDX-CODAB-2022,ENT-TN-IMADA-116567,high,,ENT-TN-DELEGATION-0156C9A906A2,administrative_parent,ADM4 row / research sector code 116567; dated ADM3 parent 1165,,,verified
REL-65C681D198DA5989,1.0.0,current,SRC-TN-HDX-CODAB-2022,ENT-TN-IMADA-34651341,high,,ENT-TN-DELEGATION-BE40270E2393,administrative_parent,ADM4 row / research sector code 34651341; dated ADM3 parent 3465,,,verified
REL-65D36EFAE5545E88,1.0.0,current,SRC-TN-HDX-CODAB-2022,ENT-TN-IMADA-116645,high,,ENT-TN-DELEGATION-D592FC6CD4D2,administrative_parent,ADM4 row / research sector code 116645; dated ADM3 parent 1166,,,verified
REL-65D5FD3A042F5D7E,1.0.0,current,SRC-TN-DGCL-MUNICIPALITIES-2024,ENT-TN-MUNICIPALITY-1711,high,,ENT-TN-GOVERNORATE-B1787F907937,administrative_parent,January 2024 workbook row: governorate 17; municipality code 1711,,,verified
REL-65DA69CCB05A513A,1.0.0,current,SRC-TN-HDX-CODAB-2022,ENT-TN-IMADA-53541891,high,,ENT-TN-DELEGATION-390678B1D4C7,administrative_parent,ADM4 row / research sector code 53541891; dated ADM3 parent 5354,,,verified
REL-65DD930436395AE8,1.0.0,current,SRC-TN-HDX-CODAB-2022,ENT-TN-IMADA-34661345,high,,ENT-TN-DELEGATION-E83D07EB9C29,administrative_parent,ADM4 row / research sector code 34661345; dated ADM3 parent 3466,,,verified
REL-66148898DBDD5931,1.0.0,current,SRC-TN-HDX-CODAB-2022,ENT-TN-DELEGATION-A20DE8BF6185,high,,ENT-TN-GOVERNORATE-467CAA2B1928,administrative_parent,ADM3 row / dated 264-delegation research code 6152,,,verified
REL-662341C5CBBD5201,1.0.0,current,SRC-TN-HDX-CODAB-2022,ENT-TN-IMADA-43611660,high,,ENT-TN-DELEGATION-755242916060,administrative_parent,ADM4 row / research sector code 43611660; dated ADM3 parent 4361,,,verified
REL-66345731F6C95977,1.0.0,current,SRC-TN-HDX-CODAB-2022,ENT-TN-IMADA-31621019,high,,ENT-TN-DELEGATION-BFF07C1D0C4A,administrative_parent,ADM4 row / research sector code 31621019; dated ADM3 parent 3162,,,verified
REL-663D1D298CFD5D56,1.0.0,current,SRC-TN-RESEARCH-GEOMETRY-2018,ENT-TN-MUNICIPALITY-3113,medium,Approximate research topology only; this is not an administrative parent relationship.,ENT-TN-DELEGATION-F0023FB066A4,boundary_intersects,sector evidence rows: 3152954,,,source_verified
REL-664F0170C0995C19,1.0.0,current,SRC-TN-HDX-CODAB-2022,ENT-TN-DELEGATION-02E328685503,high,,ENT-TN-GOVERNORATE-97D2B1489F90,administrative_parent,ADM3 row / dated 264-delegation research code 3464,,,verified
REL-6657D5361C135399,1.0.0,current,SRC-TN-HDX-CODAB-2022,ENT-TN-IMADA-34611307,high,,ENT-TN-DELEGATION-0B9CE76F3AD6,administrative_parent,ADM4 row / research sector code 34611307; dated ADM3 parent 3461,,,verified
REL-6666EBB2978150FE,1.0.0,current,SRC-TN-RESEARCH-GEOMETRY-2018,ENT-TN-MUNICIPALITY-1617,medium,Approximate research topology only; this is not an administrative parent relationship.,ENT-TN-DELEGATION-88077D99D243,boundary_intersects,"sector evidence rows: 1656470,1656471,1656472,1656473,1656474",,,source_verified
REL-666AFC0EE92259CD,1.0.0,current,SRC-TN-HDX-CODAB-2022,ENT-TN-IMADA-115420,high,,ENT-TN-DELEGATION-22BE73F7EFB2,administrative_parent,ADM4 row / research sector code 115420; dated ADM3 parent 1154,,,verified
REL-667E975FE763533C,1.0.0,current,SRC-TN-DGCL-MUNICIPALITIES-2024,ENT-TN-MUNICIPALITY-1117,high,,ENT-TN-GOVERNORATE-DB8D5C457676,administrative_parent,January 2024 workbook row: governorate 11; municipality code 1117,,,verified
REL-6680F30D98CB5D03,1.0.0,current,SRC-TN-HDX-CODAB-2022,ENT-TN-IMADA-34641335,high,,ENT-TN-DELEGATION-02E328685503,administrative_parent,ADM4 row / research sector code 34641335; dated ADM3 parent 3464,,,verified
REL-66949FA63A9C599A,1.0.0,current,SRC-TN-DGCL-MUNICIPALITIES-2024,ENT-TN-MUNICIPALITY-1511,high,,ENT-TN-GOVERNORATE-EA30E853F598,administrative_parent,January 2024 workbook row: governorate 15; municipality code 1511,,,verified
REL-66AA2621A0BF5999,1.0.0,current,SRC-TN-DGCL-MUNICIPALITIES-2024,ENT-TN-MUNICIPALITY-2313,high,,ENT-TN-GOVERNORATE-0D738EAC753C,administrative_parent,January 2024 workbook row: governorate 23; municipality code 2313,,,verified
REL-66BA35A972385E21,1.0.0,current,SRC-TN-HDX-CODAB-2022,ENT-TN-DELEGATION-9D12AE8B04F4,high,,ENT-TN-GOVERNORATE-0D738EAC753C,administrative_parent,ADM3 row / dated 264-delegation research code 2358,,,verified
REL-66C79CF10F865684,1.0.0,current,SRC-TN-HDX-CODAB-2022,ENT-TN-DELEGATION-A16A1E882313,high,,ENT-TN-GOVERNORATE-467CAA2B1928,administrative_parent,ADM3 row / dated 264-delegation research code 6156,,,verified
REL-66E71B289FAE5C92,1.0.0,current,SRC-TN-HDX-CODAB-2022,ENT-TN-IMADA-51591737,high,,ENT-TN-DELEGATION-996BCFD91FDD,administrative_parent,ADM4 row / research sector code 51591737; dated ADM3 parent 5159,,,verified
REL-66EEB5A53F5954CF,1.0.0,current,SRC-TN-HDX-CODAB-2022,ENT-TN-IMADA-2360849,high,,ENT-TN-DELEGATION-0AAD4BD027D5,administrative_parent,ADM4 row / research sector code 2360849; dated ADM3 parent 2360,,,verified
REL-670AB594A64A55DD,1.0.0,current,SRC-TN-HDX-CODAB-2022,ENT-TN-IMADA-2354800,high,,ENT-TN-DELEGATION-D77747883E55,administrative_parent,ADM4 row / research sector code 2354800; dated ADM3 parent 2354,,,verified
REL-6720BE6D0880593F,1.0.0,current,SRC-TN-HDX-CODAB-2022,ENT-TN-IMADA-42611552,high,,ENT-TN-DELEGATION-52AE19694D81,administrative_parent,ADM4 row / research sector code 42611552; dated ADM3 parent 4261,,,verified
REL-672672E550CD55F1,1.0.0,current,SRC-TN-RESEARCH-GEOMETRY-2018,ENT-TN-MUNICIPALITY-6214,medium,Approximate research topology only; this is not an administrative parent relationship.,ENT-TN-DELEGATION-CB23A7885CA7,boundary_intersects,"sector evidence rows: 62542015,62542016,62542017,62542018,62542019,62542020,62542021,62542022",,,source_verified
REL-67539AEEA034598A,1.0.0,current,SRC-TN-DGCL-MUNICIPALITIES-2024,ENT-TN-MUNICIPALITY-1216,high,,ENT-TN-GOVERNORATE-78D6D85AF6A0,administrative_parent,January 2024 workbook row: governorate 12; municipality code 1216,,,verified
REL-675AC0E3F07F5256,1.0.0,current,SRC-TN-HDX-CODAB-2022,ENT-TN-IMADA-3154965,high,,ENT-TN-DELEGATION-C433D277206E,administrative_parent,ADM4 row / research sector code 3154965; dated ADM3 parent 3154,,,verified
REL-675E6911BBED54C9,1.0.0,current,SRC-TN-HDX-CODAB-2022,ENT-TN-IMADA-1763568,high,,ENT-TN-DELEGATION-CB0D8DF8758C,administrative_parent,ADM4 row / research sector code 1763568; dated ADM3 parent 1763,,,verified
REL-67679A1E77FE5997,1.0.0,current,SRC-TN-HDX-CODAB-2022,ENT-TN-IMADA-115787,high,,ENT-TN-DELEGATION-5C87693EF7C1,administrative_parent,ADM4 row / research sector code 115787; dated ADM3 parent 1157,,,verified
REL-6773AC7390C55906,1.0.0,current,SRC-TN-DGCL-MUNICIPALITIES-2024,ENT-TN-MUNICIPALITY-3216,high,,ENT-TN-GOVERNORATE-5BC9A7217C8C,administrative_parent,January 2024 workbook row: governorate 32; municipality code 3216,,,verified
REL-6788DD2B1EC2581D,1.0.0,current,SRC-TN-RESEARCH-GEOMETRY-2018,ENT-TN-MUNICIPALITY-1532,medium,Approximate research topology only; this is not an administrative parent relationship.,ENT-TN-DELEGATION-8708C7088CBC,boundary_intersects,"sector evidence rows: 1564405,1564406,1564408,1564409,1564410,1564411",,,source_verified
REL-6792EDE0B4795C2B,1.0.0,current,SRC-TN-RESEARCH-GEOMETRY-2018,ENT-TN-MUNICIPALITY-5211,medium,Approximate research topology only; this is not an administrative parent relationship.,ENT-TN-DELEGATION-EE60D65B9935,boundary_intersects,"sector evidence rows: 52511757,52511758,52511759,52511760,52511761,52511762,52511763,52511764",,,source_verified
REL-67A2D78EE5D85B71,1.0.0,current,SRC-TN-HDX-CODAB-2022,ENT-TN-IMADA-52521772,high,,ENT-TN-DELEGATION-B117D836FA70,administrative_parent,ADM4 row / research sector code 52521772; dated ADM3 parent 5252,,,verified
REL-67B0F5A9D6625CEC,1.0.0,current,SRC-TN-HDX-CODAB-2022,ENT-TN-IMADA-52571829,high,,ENT-TN-DELEGATION-F66C4659B2C0,administrative_parent,ADM4 row / research sector code 52571829; dated ADM3 parent 5257,,,verified
REL-67F7171E89625CF2,1.0.0,current,SRC-TN-HDX-CODAB-2022,ENT-TN-IMADA-1565413,high,,ENT-TN-DELEGATION-AFCCE19F1CD3,administrative_parent,ADM4 row / research sector code 1565413; dated ADM3 parent 1565,,,verified
REL-67F8E26A721052F8,1.0.0,current,SRC-LY-MOLG-MUNICIPALITIES-2026,ENT-LY-MUNICIPALITY-5D6A4BA52C7D,high,,ENT-LY-COUNTRY,administrative_parent,Municipality list entry: غدامس,,,verified
REL-67FCB656AA395A26,1.0.0,current,SRC-TN-HDX-CODAB-2022,ENT-TN-DELEGATION-E56B524C71BE,high,,ENT-TN-GOVERNORATE-E7D96FEF5043,administrative_parent,ADM3 row / dated 264-delegation research code 3351,,,verified
REL-681EBBC50A725DF6,1.0.0,current,SRC-TN-HDX-CODAB-2022,ENT-TN-IMADA-34631319,high,,ENT-TN-DELEGATION-17B9E0494EC7,administrative_parent,ADM4 row / research sector code 34631319; dated ADM3 parent 3463,,,verified
REL-6825C248967B595A,1.0.0,current,SRC-TN-HDX-CODAB-2022,ENT-TN-IMADA-2256740,high,,ENT-TN-DELEGATION-F12F59DBC46E,administrative_parent,ADM4 row / research sector code 2256740; dated ADM3 parent 2256,,,verified
REL-682FBD87FF145762,1.0.0,current,SRC-TN-HDX-CODAB-2022,ENT-TN-IMADA-3152956,high,,ENT-TN-DELEGATION-F0023FB066A4,administrative_parent,ADM4 row / research sector code 3152956; dated ADM3 parent 3152,,,verified
REL-6843447FC2425AE0,1.0.0,current,SRC-TN-HDX-CODAB-2022,ENT-TN-IMADA-1764571,high,,ENT-TN-DELEGATION-28A3B2254932,administrative_parent,ADM4 row / research sector code 1764571; dated ADM3 parent 1764,,,verified
REL-6850980103185222,1.0.0,current,SRC-TN-RESEARCH-GEOMETRY-2018,ENT-TN-MUNICIPALITY-3121,medium,Approximate research topology only; this is not an administrative parent relationship.,ENT-TN-DELEGATION-D06EBCEA26BA,boundary_intersects,"sector evidence rows: 31611006,31611007,31611008,31611009,31611010,31611011,31611012,31611013,31611014",,,source_verified
REL-6859A6541BD5504A,1.0.0,current,SRC-TN-RESEARCH-GEOMETRY-2018,ENT-TN-MUNICIPALITY-1517,medium,Approximate research topology only; this is not an administrative parent relationship.,ENT-TN-DELEGATION-25551A4A8808,boundary_intersects,sector evidence rows: 1554348,,,source_verified
REL-688F0C9A86A451A1,1.0.0,current,SRC-TN-RESEARCH-GEOMETRY-2018,ENT-TN-MUNICIPALITY-6111,medium,Approximate research topology only; this is not an administrative parent relationship.,ENT-TN-DELEGATION-08BF6BF26FFF,boundary_intersects,"sector evidence rows: 61511914,61511915,61511916,61511917,61511918,61511919,61511920",,,source_verified
REL-68D3FB7AFF895E82,1.0.0,current,SRC-TN-HDX-CODAB-2022,ENT-TN-IMADA-2353784,high,,ENT-TN-DELEGATION-F153AA210A4D,administrative_parent,ADM4 row / research sector code 2353784; dated ADM3 parent 2353,,,verified
REL-68DF5B0B938A5984,1.0.0,current,SRC-TN-HDX-CODAB-2022,ENT-TN-IMADA-1554347,high,,ENT-TN-DELEGATION-25551A4A8808,administrative_parent,ADM4 row / research sector code 1554347; dated ADM3 parent 1554,,,verified
REL-68FBBD1867925D63,1.0.0,current,SRC-TN-HDX-CODAB-2022,ENT-TN-IMADA-34631326,high,,ENT-TN-DELEGATION-17B9E0494EC7,administrative_parent,ADM4 row / research sector code 34631326; dated ADM3 parent 3463,,,verified
REL-69168B5FADF2570B,1.0.0,current,SRC-TN-HDX-CODAB-2022,ENT-TN-IMADA-1655469,high,,ENT-TN-DELEGATION-ECE5F1EB80F4,administrative_parent,ADM4 row / research sector code 1655469; dated ADM3 parent 1655,,,verified
REL-691C593B365A5025,1.0.0,current,SRC-TN-DGCL-MUNICIPALITIES-2024,ENT-TN-MUNICIPALITY-3224,high,,ENT-TN-GOVERNORATE-5BC9A7217C8C,administrative_parent,January 2024 workbook row: governorate 32; municipality code 3224,,,verified
REL-69349A2A7A5D5258,1.0.0,current,SRC-TN-DGCL-MUNICIPALITIES-2024,ENT-TN-MUNICIPALITY-3319,high,,ENT-TN-GOVERNORATE-E7D96FEF5043,administrative_parent,January 2024 workbook row: governorate 33; municipality code 3319,,,verified
REL-6938215DD44655B1,1.0.0,current,SRC-TN-DGCL-MUNICIPALITIES-2024,ENT-TN-MUNICIPALITY-1613,high,,ENT-TN-GOVERNORATE-81845FB6BE40,administrative_parent,January 2024 workbook row: governorate 16; municipality code 1613,,,verified
REL-694E506DE353509E,1.0.0,current,SRC-TN-HDX-CODAB-2022,ENT-TN-IMADA-51601754,high,,ENT-TN-DELEGATION-5BB9BF889AC5,administrative_parent,ADM4 row / research sector code 51601754; dated ADM3 parent 5160,,,verified
REL-69549956A4BA54F3,1.0.0,current,SRC-TN-RESEARCH-GEOMETRY-2018,ENT-TN-MUNICIPALITY-2322,medium,Approximate research topology only; this is not an administrative parent relationship.,ENT-TN-DELEGATION-05E0AB3C372D,boundary_intersects,"sector evidence rows: 2361851,2361852,2361853,2361854,2361855",,,source_verified
REL-696E093A292A574E,1.0.0,current,SRC-TN-HDX-CODAB-2022,ENT-TN-IMADA-43521587,high,,ENT-TN-DELEGATION-B5CD972E98C1,administrative_parent,ADM4 row / research sector code 43521587; dated ADM3 parent 4352,,,verified
REL-69791686316B5CC1,1.0.0,current,SRC-TN-RESEARCH-GEOMETRY-2018,ENT-TN-MUNICIPALITY-6117,medium,Approximate research topology only; this is not an administrative parent relationship.,ENT-TN-DELEGATION-17D9D56D8808,boundary_intersects,"sector evidence rows: 61591971,61591972,61591973,61591974,61591975,61591976",,,source_verified
REL-697B298863225132,1.0.0,current,SRC-TN-HDX-CODAB-2022,ENT-TN-IMADA-1456313,high,,ENT-TN-DELEGATION-2592EE0518F8,administrative_parent,ADM4 row / research sector code 1456313; dated ADM3 parent 1456,,,verified
REL-69D304F31F6553D0,1.0.0,current,SRC-TN-HDX-CODAB-2022,ENT-TN-IMADA-51591741,high,,ENT-TN-DELEGATION-996BCFD91FDD,administrative_parent,ADM4 row / research sector code 51591741; dated ADM3 parent 5159,,,verified
REL-69D8026FCA3F5FFC,1.0.0,current,SRC-TN-HDX-CODAB-2022,ENT-TN-IMADA-1760553,high,,ENT-TN-DELEGATION-920707B361CE,administrative_parent,ADM4 row / research sector code 1760553; dated ADM3 parent 1760,,,verified
REL-69DE6CF0BAC95FF7,1.0.0,current,SRC-TN-HDX-CODAB-2022,ENT-TN-IMADA-53521870,high,,ENT-TN-DELEGATION-D3ABF7936ACA,administrative_parent,ADM4 row / research sector code 53521870; dated ADM3 parent 5352,,,verified
REL-69F6231CB0A0590B,1.0.0,current,SRC-TN-HDX-CODAB-2022,ENT-TN-IMADA-53521873,high,,ENT-TN-DELEGATION-D3ABF7936ACA,administrative_parent,ADM4 row / research sector code 53521873; dated ADM3 parent 5352,,,verified
REL-6A3453C96BD8533E,1.0.0,current,SRC-TN-HDX-CODAB-2022,ENT-TN-IMADA-62542015,high,,ENT-TN-DELEGATION-CB23A7885CA7,administrative_parent,ADM4 row / research sector code 62542015; dated ADM3 parent 6254,,,verified
REL-6A36CF594F2956B0,1.0.0,current,SRC-TN-DGCL-MUNICIPALITIES-2024,ENT-TN-MUNICIPALITY-2323,high,,ENT-TN-GOVERNORATE-0D738EAC753C,administrative_parent,January 2024 workbook row: governorate 23; municipality code 2323,,,verified
REL-6A4FB42F485E5B30,1.0.0,current,SRC-TN-HDX-CODAB-2022,ENT-TN-IMADA-1653449,high,,ENT-TN-DELEGATION-FE6A0D05DF67,administrative_parent,ADM4 row / research sector code 1653449; dated ADM3 parent 1653,,,verified
REL-6A60C337ED1756DF,1.0.0,current,SRC-TN-HDX-CODAB-2022,ENT-TN-IMADA-32561084,high,,ENT-TN-DELEGATION-9D23A36B72E1,administrative_parent,ADM4 row / research sector code 32561084; dated ADM3 parent 3256,,,verified
REL-6A6A5EEC2C0A5487,1.0.0,current,SRC-TN-HDX-CODAB-2022,ENT-TN-IMADA-41611455,high,,ENT-TN-DELEGATION-F9557E5DC693,administrative_parent,ADM4 row / research sector code 41611455; dated ADM3 parent 4161,,,verified
REL-6A73A7C080D75DCA,1.0.0,current,SRC-TN-HDX-CODAB-2022,ENT-TN-IMADA-53541894,high,,ENT-TN-DELEGATION-390678B1D4C7,administrative_parent,ADM4 row / research sector code 53541894; dated ADM3 parent 5354,,,verified
REL-6A874FF115D25129,1.0.0,current,SRC-TN-DGCL-MUNICIPALITIES-2024,ENT-TN-MUNICIPALITY-1312,high,,ENT-TN-GOVERNORATE-D5ED89886664,administrative_parent,January 2024 workbook row: governorate 13; municipality code 1312,,,verified
REL-6AAF51BAAC085460,1.0.0,current,SRC-TN-HDX-CODAB-2022,ENT-TN-IMADA-61561955,high,,ENT-TN-DELEGATION-A16A1E882313,administrative_parent,ADM4 row / research sector code 61561955; dated ADM3 parent 6156,,,verified
REL-6AC37533AD275181,1.0.0,current,SRC-TN-HDX-CODAB-2022,ENT-TN-IMADA-33611214,high,,ENT-TN-DELEGATION-8CD3CBC66F17,administrative_parent,ADM4 row / research sector code 33611214; dated ADM3 parent 3361,,,verified
REL-6AC4806E105F5D52,1.0.0,current,SRC-TN-HDX-CODAB-2022,ENT-TN-IMADA-2251685,high,,ENT-TN-DELEGATION-819F7F2E27F9,administrative_parent,ADM4 row / research sector code 2251685; dated ADM3 parent 2251,,,verified
REL-6AC76823148A5176,1.0.0,current,SRC-TN-DGCL-MUNICIPALITIES-2024,ENT-TN-MUNICIPALITY-1533,high,,ENT-TN-GOVERNORATE-EA30E853F598,administrative_parent,January 2024 workbook row: governorate 15; municipality code 1533,,,verified
REL-6AD67A63C8A254AC,1.0.0,current,SRC-TN-HDX-CODAB-2022,ENT-TN-IMADA-2361858,high,,ENT-TN-DELEGATION-05E0AB3C372D,administrative_parent,ADM4 row / research sector code 2361858; dated ADM3 parent 2361,,,verified
REL-6AEE39F3402D5CE6,1.0.0,current,SRC-TN-HDX-CODAB-2022,ENT-TN-IMADA-33591200,high,,ENT-TN-DELEGATION-2A637B595634,administrative_parent,ADM4 row / research sector code 33591200; dated ADM3 parent 3359,,,verified
REL-6B0822577A9E52B5,1.0.0,current,SRC-TN-HDX-CODAB-2022,ENT-TN-IMADA-116079,high,,ENT-TN-DELEGATION-93C5837DFCBF,administrative_parent,ADM4 row / research sector code 116079; dated ADM3 parent 1160,,,verified
REL-6B14BA229DC05DE1,1.0.0,current,SRC-TN-HDX-CODAB-2022,ENT-TN-IMADA-61521925,high,,ENT-TN-DELEGATION-A20DE8BF6185,administrative_parent,ADM4 row / research sector code 61521925; dated ADM3 parent 6152,,,verified
REL-6B1B25CE5C1C5355,1.0.0,current,SRC-TN-HDX-CODAB-2022,ENT-TN-IMADA-43591642,high,,ENT-TN-DELEGATION-21E89D9190E3,administrative_parent,ADM4 row / research sector code 43591642; dated ADM3 parent 4359,,,verified
REL-6B1F25CABE425928,1.0.0,current,SRC-TN-HDX-CODAB-2022,ENT-TN-IMADA-2355816,high,,ENT-TN-DELEGATION-FF2BD30691C0,administrative_parent,ADM4 row / research sector code 2355816; dated ADM3 parent 2355,,,verified
REL-6B253C8B1BE75C8C,1.0.0,current,SRC-TN-HDX-CODAB-2022,ENT-TN-IMADA-41511358,high,,ENT-TN-DELEGATION-9CCDCAF94A4A,administrative_parent,ADM4 row / research sector code 41511358; dated ADM3 parent 4151,,,verified
REL-6B38AB1D32105707,1.0.0,current,SRC-TN-RESEARCH-GEOMETRY-2018,ENT-TN-MUNICIPALITY-2111,medium,Approximate research topology only; this is not an administrative parent relationship.,ENT-TN-DELEGATION-08DFD967FB8E,boundary_intersects,"sector evidence rows: 2152591,2152592",,,source_verified
REL-6B397D7AC76D5339,1.0.0,current,SRC-TN-HDX-CODAB-2022,ENT-TN-IMADA-41571424,high,,ENT-TN-DELEGATION-5E9C54B26170,administrative_parent,ADM4 row / research sector code 41571424; dated ADM3 parent 4157,,,verified
REL-6B453B8D1A0452DA,1.0.0,current,SRC-UNESCO-ICH-TN-2026,ENT-TN-NATURAL-SITE-KERKENNAH-ISLANDS,high,,ENT-TN-COUNTRY,located_in,ICH element 01566: Kerkennah Islands and the entire local community,,,verified
REL-6B85B3B24A53536D,1.0.0,current,SRC-TN-HDX-CODAB-2022,ENT-TN-IMADA-2357826,high,,ENT-TN-DELEGATION-D2E46DB3C8BC,administrative_parent,ADM4 row / research sector code 2357826; dated ADM3 parent 2357,,,verified
REL-6B8B49E633D958C3,1.0.0,current,SRC-TN-HDX-CODAB-2022,ENT-TN-DELEGATION-529F20CCEFFA,high,,ENT-TN-GOVERNORATE-B1787F907937,administrative_parent,ADM3 row / dated 264-delegation research code 1753,,,verified
REL-6B8C09A7E11F53E6,1.0.0,current,SRC-TN-DGCL-MUNICIPALITIES-2024,ENT-TN-MUNICIPALITY-3220,high,,ENT-TN-GOVERNORATE-5BC9A7217C8C,administrative_parent,January 2024 workbook row: governorate 32; municipality code 3220,,,verified
REL-6BB2B5F237B652E9,1.0.0,current,SRC-TN-HDX-CODAB-2022,ENT-TN-IMADA-2361859,high,,ENT-TN-DELEGATION-05E0AB3C372D,administrative_parent,ADM4 row / research sector code 2361859; dated ADM3 parent 2361,,,verified
REL-6BD47DB0D324572E,1.0.0,current,SRC-TN-HDX-CODAB-2022,ENT-TN-IMADA-42521473,high,,ENT-TN-DELEGATION-FA7572893BAA,administrative_parent,ADM4 row / research sector code 42521473; dated ADM3 parent 4252,,,verified
REL-6BE59B2D24155FFF,1.0.0,current,SRC-TN-DGCL-MUNICIPALITIES-2024,ENT-TN-MUNICIPALITY-1114,high,,ENT-TN-GOVERNORATE-DB8D5C457676,administrative_parent,January 2024 workbook row: governorate 11; municipality code 1114,,,verified
REL-6C2F5A9942315466,1.0.0,current,SRC-TN-HDX-CODAB-2022,ENT-TN-DELEGATION-5E40024695DE,high,,ENT-TN-GOVERNORATE-B1787F907937,administrative_parent,ADM3 row / dated 264-delegation research code 1761,,,verified
REL-6C3FA882826A5545,1.0.0,current,SRC-TN-HDX-CODAB-2022,ENT-TN-IMADA-1565418,high,,ENT-TN-DELEGATION-AFCCE19F1CD3,administrative_parent,ADM4 row / research sector code 1565418; dated ADM3 parent 1565,,,verified
REL-6C456CC5F45B5A60,1.0.0,current,SRC-TN-HDX-CODAB-2022,ENT-TN-IMADA-2361857,high,,ENT-TN-DELEGATION-05E0AB3C372D,administrative_parent,ADM4 row / research sector code 2361857; dated ADM3 parent 2361,,,verified
REL-6C524D17A4285461,1.0.0,current,SRC-LY-MOLG-MUNICIPALITIES-2026,ENT-LY-MUNICIPALITY-1A5203BDE4FA,high,,ENT-LY-COUNTRY,administrative_parent,Municipality list entry: زلطن,,,verified
REL-6C6546BC6AA358F3,1.0.0,current,SRC-TN-HDX-CODAB-2022,ENT-TN-IMADA-3160993,high,,ENT-TN-DELEGATION-AC41B378E3D9,administrative_parent,ADM4 row / research sector code 3160993; dated ADM3 parent 3160,,,verified
REL-6C6E233D83865CCC,1.0.0,current,SRC-TN-HDX-CODAB-2022,ENT-TN-IMADA-34531245,high,,ENT-TN-DELEGATION-EA875BA2BFE0,administrative_parent,ADM4 row / research sector code 34531245; dated ADM3 parent 3453,,,verified
REL-6CAB4322CB1B5E09,1.0.0,current,SRC-TN-RESEARCH-GEOMETRY-2018,ENT-TN-MUNICIPALITY-1531,medium,Approximate research topology only; this is not an administrative parent relationship.,ENT-TN-DELEGATION-C12FC68E8013,boundary_intersects,"sector evidence rows: 1563400,1563401",,,source_verified
REL-6CD46141625D596C,1.0.0,current,SRC-TN-HDX-CODAB-2022,ENT-TN-DELEGATION-4A822090C35C,high,,ENT-TN-GOVERNORATE-EA30E853F598,administrative_parent,ADM3 row / dated 264-delegation research code 1561,,,verified
REL-6CD92D7AD67652EF,1.0.0,current,SRC-TN-HDX-CODAB-2022,ENT-TN-DELEGATION-C73B8495072E,high,,ENT-TN-GOVERNORATE-81845FB6BE40,administrative_parent,ADM3 row / dated 264-delegation research code 1652,,,verified
REL-6CE49B7C6C8653BA,1.0.0,current,SRC-TN-HDX-CODAB-2022,ENT-TN-IMADA-115417,high,,ENT-TN-DELEGATION-22BE73F7EFB2,administrative_parent,ADM4 row / research sector code 115417; dated ADM3 parent 1154,,,verified
REL-6CEF837B6C535A30,1.0.0,current,SRC-TN-HDX-CODAB-2022,ENT-TN-IMADA-1353221,high,,ENT-TN-DELEGATION-B8BFE8FFB2B8,administrative_parent,ADM4 row / research sector code 1353221; dated ADM3 parent 1353,,,verified
REL-6D00ECA8C60D5132,1.0.0,current,SRC-TN-HDX-CODAB-2022,ENT-TN-IMADA-116078,high,,ENT-TN-DELEGATION-93C5837DFCBF,administrative_parent,ADM4 row / research sector code 116078; dated ADM3 parent 1160,,,verified
REL-6D087542EB8D5C66,1.0.0,current,SRC-TN-RESEARCH-GEOMETRY-2018,ENT-TN-MUNICIPALITY-1723,medium,Approximate research topology only; this is not an administrative parent relationship.,ENT-TN-DELEGATION-28A3B2254932,boundary_intersects,"sector evidence rows: 1764574,1764575",,,source_verified
REL-6D19785DED4F5AD2,1.0.0,current,SRC-TN-HDX-CODAB-2022,ENT-TN-IMADA-61531927,high,,ENT-TN-DELEGATION-8C1A5CC41315,administrative_parent,ADM4 row / research sector code 61531927; dated ADM3 parent 6153,,,verified
REL-6D2447EB8F525534,1.0.0,current,SRC-TN-DGCL-MUNICIPALITIES-2024,ENT-TN-MUNICIPALITY-6316,high,,ENT-TN-GOVERNORATE-1864AE41D5B4,administrative_parent,January 2024 workbook row: governorate 63; municipality code 6316,,,verified
REL-6D40D2C97B9953E3,1.0.0,current,SRC-TN-HDX-CODAB-2022,ENT-TN-IMADA-34611303,high,,ENT-TN-DELEGATION-0B9CE76F3AD6,administrative_parent,ADM4 row / research sector code 34611303; dated ADM3 parent 3461,,,verified
REL-6D43781C64C85316,1.0.0,current,SRC-TN-DGCL-MUNICIPALITIES-2024,ENT-TN-MUNICIPALITY-1529,high,,ENT-TN-GOVERNORATE-EA30E853F598,administrative_parent,January 2024 workbook row: governorate 15; municipality code 1529,,,verified
REL-6D48D382863F59D5,1.0.0,current,SRC-TN-HDX-CODAB-2022,ENT-TN-IMADA-2151577,high,,ENT-TN-DELEGATION-89B5CE300A2D,administrative_parent,ADM4 row / research sector code 2151577; dated ADM3 parent 2151,,,verified
REL-6D4BE7716F3A53F1,1.0.0,current,SRC-TN-RESEARCH-GEOMETRY-2018,ENT-TN-MUNICIPALITY-4113,medium,Approximate research topology only; this is not an administrative parent relationship.,ENT-TN-DELEGATION-A6D2E459547E,boundary_intersects,"sector evidence rows: 41541387,41541388,41541389,41541390,41541391,41541394,41541395,41541398,41541399,41541400",,,source_verified
REL-6D4E41AFA738533C,1.0.0,current,SRC-TN-HDX-CODAB-2022,ENT-TN-IMADA-2452872,high,,ENT-TN-DELEGATION-37E43863E13C,administrative_parent,ADM4 row / research sector code 2452872; dated ADM3 parent 2452,,,verified
REL-6D686F8CAB605B5D,1.0.0,current,SRC-TN-RESEARCH-GEOMETRY-2018,ENT-TN-MUNICIPALITY-1111,medium,Approximate research topology only; this is not an administrative parent relationship.,ENT-TN-DELEGATION-5C87693EF7C1,boundary_intersects,"sector evidence rows: 115787,115788,115789,115790,115791",,,source_verified
REL-6D70F129E6245A42,1.0.0,current,SRC-TN-RESEARCH-GEOMETRY-2018,ENT-TN-MUNICIPALITY-5119,medium,Approximate research topology only; this is not an administrative parent relationship.,ENT-TN-DELEGATION-5BB9BF889AC5,boundary_intersects,"sector evidence rows: 51601742,51601743,51601744,51601747,51601750",,,source_verified
REL-6D9C5660C27F51B6,1.0.0,current,SRC-LY-MOLG-MUNICIPALITIES-2026,ENT-LY-MUNICIPALITY-9571F0E2CA7A,high,,ENT-LY-COUNTRY,administrative_parent,Municipality list entry: أوباري,,,verified
REL-6DBAA34FD615587C,1.0.0,current,SRC-TN-HDX-CODAB-2022,ENT-TN-IMADA-2152599,high,,ENT-TN-DELEGATION-08DFD967FB8E,administrative_parent,ADM4 row / research sector code 2152599; dated ADM3 parent 2152,,,verified
REL-6DBC98A04E7A5B46,1.0.0,current,SRC-TN-RESEARCH-GEOMETRY-2018,ENT-TN-MUNICIPALITY-2318,medium,Approximate research topology only; this is not an administrative parent relationship.,ENT-TN-DELEGATION-D2E46DB3C8BC,boundary_intersects,"sector evidence rows: 2357826,2357827,2357828,2357829",,,source_verified
REL-6DC47DC2918D5956,1.0.0,current,SRC-TN-HDX-CODAB-2022,ENT-TN-IMADA-32571087,high,,ENT-TN-DELEGATION-A9FD50013858,administrative_parent,ADM4 row / research sector code 32571087; dated ADM3 parent 3257,,,verified
REL-6DD2965AE8555BB9,1.0.0,current,SRC-TN-HDX-CODAB-2022,ENT-TN-IMADA-1564405,high,,ENT-TN-DELEGATION-8708C7088CBC,administrative_parent,ADM4 row / research sector code 1564405; dated ADM3 parent 1564,,,verified
REL-6DD3316FE85F559B,1.0.0,current,SRC-TN-HDX-CODAB-2022,ENT-TN-IMADA-31621021,high,,ENT-TN-DELEGATION-BFF07C1D0C4A,administrative_parent,ADM4 row / research sector code 31621021; dated ADM3 parent 3162,,,verified
REL-6DE4C69C0A855B0D,1.0.0,current,SRC-TN-HDX-CODAB-2022,ENT-TN-IMADA-42601537,high,,ENT-TN-DELEGATION-D555F337D568,administrative_parent,ADM4 row / research sector code 42601537; dated ADM3 parent 4260,,,verified
REL-6DF6081A7A6F5886,1.0.0,current,SRC-TN-HDX-CODAB-2022,ENT-TN-IMADA-2157652,high,,ENT-TN-DELEGATION-CCDB3F1D6604,administrative_parent,ADM4 row / research sector code 2157652; dated ADM3 parent 2157,,,verified
REL-6DF8638B88CD54B5,1.0.0,current,SRC-TN-HDX-CODAB-2022,ENT-TN-IMADA-3156971,high,,ENT-TN-DELEGATION-5CA39F3BFF07,administrative_parent,ADM4 row / research sector code 3156971; dated ADM3 parent 3156,,,verified
REL-6DFA3F8A68185DE1,1.0.0,current,SRC-LY-MOLG-MUNICIPALITIES-2026,ENT-LY-MUNICIPALITY-2C0C4E0A63FB,high,,ENT-LY-COUNTRY,administrative_parent,Municipality list entry: مرادة,,,verified
REL-6E32D1FFFE4F584A,1.0.0,current,SRC-TN-HDX-CODAB-2022,ENT-TN-IMADA-63552057,high,,ENT-TN-DELEGATION-010FEC49E881,administrative_parent,ADM4 row / research sector code 63552057; dated ADM3 parent 6355,,,verified
REL-6E338C430EEB5237,1.0.0,current,SRC-TN-HDX-CODAB-2022,ENT-TN-IMADA-2361851,high,,ENT-TN-DELEGATION-05E0AB3C372D,administrative_parent,ADM4 row / research sector code 2361851; dated ADM3 parent 2361,,,verified
REL-6E39C884F3A752DD,1.0.0,current,SRC-TN-HDX-CODAB-2022,ENT-TN-IMADA-1756520,high,,ENT-TN-DELEGATION-39EFA7D5C92F,administrative_parent,ADM4 row / research sector code 1756520; dated ADM3 parent 1756,,,verified
REL-6E3F002062D4593B,1.0.0,current,SRC-TN-HDX-CODAB-2022,ENT-TN-IMADA-115663,high,,ENT-TN-DELEGATION-F68992D7EA16,administrative_parent,ADM4 row / research sector code 115663; dated ADM3 parent 1156,,,verified
REL-6E5AF61B62195FA1,1.0.0,current,SRC-TN-HDX-CODAB-2022,ENT-TN-DELEGATION-CC12560912DD,high,,ENT-TN-GOVERNORATE-DB8D5C457676,administrative_parent,ADM3 row / dated 264-delegation research code 1152,,,verified
REL-6E9E372C64165BDB,1.0.0,current,SRC-TN-HDX-CODAB-2022,ENT-TN-IMADA-32531067,high,,ENT-TN-DELEGATION-B0C081DB1344,administrative_parent,ADM4 row / research sector code 32531067; dated ADM3 parent 3253,,,verified
REL-6EBD25D4114453DB,1.0.0,current,SRC-TN-HDX-CODAB-2022,ENT-TN-DELEGATION-A5B79B7F0981,high,,ENT-TN-GOVERNORATE-47F772AA4A84,administrative_parent,ADM3 row / dated 264-delegation research code 4356,,,verified
REL-6EDD127AF60D573A,1.0.0,current,SRC-TN-HDX-CODAB-2022,ENT-TN-IMADA-42621556,high,,ENT-TN-DELEGATION-C41B01AE892E,administrative_parent,ADM4 row / research sector code 42621556; dated ADM3 parent 4262,,,verified
REL-6F074F103D695CD9,1.0.0,current,SRC-TN-HDX-CODAB-2022,ENT-TN-IMADA-1554345,high,,ENT-TN-DELEGATION-25551A4A8808,administrative_parent,ADM4 row / research sector code 1554345; dated ADM3 parent 1554,,,verified
REL-6F14D99041595B7A,1.0.0,current,SRC-TN-HDX-CODAB-2022,ENT-TN-IMADA-2259771,high,,ENT-TN-DELEGATION-A1AD72837943,administrative_parent,ADM4 row / research sector code 2259771; dated ADM3 parent 2259,,,verified
REL-6F30EACEA7BB5808,1.0.0,current,SRC-TN-HDX-CODAB-2022,ENT-TN-IMADA-63532045,high,,ENT-TN-DELEGATION-44DC92075FFF,administrative_parent,ADM4 row / research sector code 63532045; dated ADM3 parent 6353,,,verified
REL-6F34BC08E1B55A13,1.0.0,current,SRC-TN-HDX-CODAB-2022,ENT-TN-IMADA-2256729,high,,ENT-TN-DELEGATION-F12F59DBC46E,administrative_parent,ADM4 row / research sector code 2256729; dated ADM3 parent 2256,,,verified
REL-6F37031B540556FB,1.0.0,current,SRC-TN-HDX-CODAB-2022,ENT-TN-IMADA-1654456,high,,ENT-TN-DELEGATION-43EBF7A156A6,administrative_parent,ADM4 row / research sector code 1654456; dated ADM3 parent 1654,,,verified
REL-6F384ACFE66B53AC,1.0.0,current,SRC-TN-HDX-CODAB-2022,ENT-TN-IMADA-2457903,high,,ENT-TN-DELEGATION-78A6B0904A2B,administrative_parent,ADM4 row / research sector code 2457903; dated ADM3 parent 2457,,,verified
REL-6F64367C1CB45AE7,1.0.0,current,SRC-TN-DGCL-MUNICIPALITIES-2024,ENT-TN-MUNICIPALITY-3124,high,,ENT-TN-GOVERNORATE-07DB5E6D265C,administrative_parent,January 2024 workbook row: governorate 31; municipality code 3124,,,verified
REL-6F76A7231DB65110,1.0.0,current,SRC-TN-HDX-CODAB-2022,ENT-TN-IMADA-2459930,high,,ENT-TN-DELEGATION-09D1B99F85DC,administrative_parent,ADM4 row / research sector code 2459930; dated ADM3 parent 2459,,,verified
REL-6FA2A06619EB5982,1.0.0,current,SRC-TN-HDX-CODAB-2022,ENT-TN-DELEGATION-B95D26E1207F,high,,ENT-TN-GOVERNORATE-EA30E853F598,administrative_parent,ADM3 row / dated 264-delegation research code 1566,,,verified
REL-6FB3BF66E9565508,1.0.0,current,SRC-TN-HDX-CODAB-2022,ENT-TN-IMADA-32541072,high,,ENT-TN-DELEGATION-EFAC1514C55E,administrative_parent,ADM4 row / research sector code 32541072; dated ADM3 parent 3254,,,verified
REL-6FCDEBA6A20C56C4,1.0.0,current,SRC-TN-RESEARCH-GEOMETRY-2018,ENT-TN-MUNICIPALITY-4219,medium,Approximate research topology only; this is not an administrative parent relationship.,ENT-TN-DELEGATION-C41B01AE892E,boundary_intersects,"sector evidence rows: 42621559,42621560,42621561,42621562,42621563,42621564",,,source_verified
REL-7003823057685408,1.0.0,current,SRC-TN-HDX-CODAB-2022,ENT-TN-IMADA-53521877,high,,ENT-TN-DELEGATION-D3ABF7936ACA,administrative_parent,ADM4 row / research sector code 53521877; dated ADM3 parent 5352,,,verified
REL-7035C42078815E95,1.0.0,current,SRC-TN-HDX-CODAB-2022,ENT-TN-DELEGATION-FFE2346B14CF,high,,ENT-TN-GOVERNORATE-B1787F907937,administrative_parent,ADM3 row / dated 264-delegation research code 1759,,,verified
REL-70620E64A4AF5D17,1.0.0,current,SRC-TN-HDX-CODAB-2022,ENT-TN-IMADA-1760554,high,,ENT-TN-DELEGATION-920707B361CE,administrative_parent,ADM4 row / research sector code 1760554; dated ADM3 parent 1760,,,verified
REL-70634135EFDF59FA,1.0.0,current,SRC-TN-DGCL-MUNICIPALITIES-2024,ENT-TN-MUNICIPALITY-1536,high,,ENT-TN-GOVERNORATE-EA30E853F598,administrative_parent,January 2024 workbook row: governorate 15; municipality code 1536,,,verified
REL-706C507659845906,1.0.0,current,SRC-TN-HDX-CODAB-2022,ENT-TN-IMADA-2251681,high,,ENT-TN-DELEGATION-819F7F2E27F9,administrative_parent,ADM4 row / research sector code 2251681; dated ADM3 parent 2251,,,verified
REL-7083E6B05DD8595E,1.0.0,current,SRC-TN-HDX-CODAB-2022,ENT-TN-IMADA-42581519,high,,ENT-TN-DELEGATION-8B659FB150BF,administrative_parent,ADM4 row / research sector code 42581519; dated ADM3 parent 4258,,,verified
REL-70B8163E86E05A19,1.0.0,current,SRC-TN-HDX-CODAB-2022,ENT-TN-IMADA-53551898,high,,ENT-TN-DELEGATION-2D3CF4EC1C11,administrative_parent,ADM4 row / research sector code 53551898; dated ADM3 parent 5355,,,verified
REL-70CD6C4079C15467,1.0.0,current,SRC-TN-HDX-CODAB-2022,ENT-TN-IMADA-32621118,high,,ENT-TN-DELEGATION-1172E32A37EA,administrative_parent,ADM4 row / research sector code 32621118; dated ADM3 parent 3262,,,verified
REL-70CE13F9DAF555FA,1.0.0,current,SRC-TN-HDX-CODAB-2022,ENT-TN-IMADA-42511468,high,,ENT-TN-DELEGATION-F0E269317685,administrative_parent,ADM4 row / research sector code 42511468; dated ADM3 parent 4251,,,verified
REL-70D6F5F1CE2C54AE,1.0.0,current,SRC-TN-HDX-CODAB-2022,ENT-TN-IMADA-33551167,high,,ENT-TN-DELEGATION-7893E2F13C86,administrative_parent,ADM4 row / research sector code 33551167; dated ADM3 parent 3355,,,verified
REL-70E9A1A6D18C55A3,1.0.0,current,SRC-TN-DGCL-MUNICIPALITIES-2024,ENT-TN-MUNICIPALITY-5119,high,,ENT-TN-GOVERNORATE-DF747014232C,administrative_parent,January 2024 workbook row: governorate 51; municipality code 5119,,,verified
REL-70F996BD6A0C583A,1.0.0,current,SRC-TN-HDX-CODAB-2022,ENT-TN-IMADA-3159991,high,,ENT-TN-DELEGATION-EF5957AC15F4,administrative_parent,ADM4 row / research sector code 3159991; dated ADM3 parent 3159,,,verified
REL-7105115ED6105471,1.0.0,current,SRC-TN-HDX-CODAB-2022,ENT-TN-IMADA-2360848,high,,ENT-TN-DELEGATION-0AAD4BD027D5,administrative_parent,ADM4 row / research sector code 2360848; dated ADM3 parent 2360,,,verified
REL-711FA109E01C5FE8,1.0.0,current,SRC-TN-HDX-CODAB-2022,ENT-TN-IMADA-1451285,high,,ENT-TN-DELEGATION-6334381D4972,administrative_parent,ADM4 row / research sector code 1451285; dated ADM3 parent 1451,,,verified
REL-712288B16DB85A1C,1.0.0,current,SRC-TN-RESEARCH-GEOMETRY-2018,ENT-TN-MUNICIPALITY-1538,medium,Approximate research topology only; this is not an administrative parent relationship.,ENT-TN-DELEGATION-4A822090C35C,boundary_intersects,"sector evidence rows: 1561389,1561390",,,source_verified
REL-713A3C911E0C53CC,1.0.0,current,SRC-TN-HDX-CODAB-2022,ENT-TN-IMADA-41511362,high,,ENT-TN-DELEGATION-9CCDCAF94A4A,administrative_parent,ADM4 row / research sector code 41511362; dated ADM3 parent 4151,,,verified
REL-713A52B7C438590B,1.0.0,current,SRC-TN-RESEARCH-GEOMETRY-2018,ENT-TN-MUNICIPALITY-5218,medium,Approximate research topology only; this is not an administrative parent relationship.,ENT-TN-DELEGATION-F6FA367C4B52,boundary_intersects,"sector evidence rows: 52591840,52591841,52591842,52591843,52591844,52591845,52591846,52591847,52591848,52591849,52599999",,,source_verified
REL-7144A172450254FB,1.0.0,current,SRC-TN-HDX-CODAB-2022,ENT-TN-IMADA-42521478,high,,ENT-TN-DELEGATION-FA7572893BAA,administrative_parent,ADM4 row / research sector code 42521478; dated ADM3 parent 4252,,,verified
REL-7144D63ED8605ABE,1.0.0,current,SRC-TN-RESEARCH-GEOMETRY-2018,ENT-TN-MUNICIPALITY-4314,medium,Approximate research topology only; this is not an administrative parent relationship.,ENT-TN-DELEGATION-6F8D6872B9E9,boundary_intersects,"sector evidence rows: 43551610,43551611,43551612,43551613,43551614,43551615,43551618",,,source_verified
REL-7167D3ED2BA45455,1.0.0,current,SRC-TN-HDX-CODAB-2022,ENT-TN-DELEGATION-381871ACE873,high,,ENT-TN-GOVERNORATE-DF747014232C,administrative_parent,ADM3 row / dated 264-delegation research code 5156,,,verified
REL-71702859E4BC5E99,1.0.0,current,SRC-TN-HDX-CODAB-2022,ENT-TN-IMADA-43621676,high,,ENT-TN-DELEGATION-E45902371203,administrative_parent,ADM4 row / research sector code 43621676; dated ADM3 parent 4362,,,verified
REL-717E20FB17CA502B,1.0.0,current,SRC-TN-HDX-CODAB-2022,ENT-TN-IMADA-43611664,high,,ENT-TN-DELEGATION-755242916060,administrative_parent,ADM4 row / research sector code 43611664; dated ADM3 parent 4361,,,verified
REL-719F295A8B955AE4,1.0.0,current,SRC-TN-HDX-CODAB-2022,ENT-TN-IMADA-1161135,high,,ENT-TN-DELEGATION-9BE55C4562EE,administrative_parent,ADM4 row / research sector code 1161135; dated ADM3 parent 1161,,,verified
REL-719F9EB3623E540F,1.0.0,current,SRC-TN-HDX-CODAB-2022,ENT-TN-IMADA-42581520,high,,ENT-TN-DELEGATION-8B659FB150BF,administrative_parent,ADM4 row / research sector code 42581520; dated ADM3 parent 4258,,,verified
REL-71AB59B67210534D,1.0.0,current,SRC-TN-HDX-CODAB-2022,ENT-TN-IMADA-51531697,high,,ENT-TN-DELEGATION-5B401B5FE360,administrative_parent,ADM4 row / research sector code 51531697; dated ADM3 parent 5153,,,verified
REL-71C271A9974F5C53,1.0.0,current,SRC-TN-DGCL-MUNICIPALITIES-2024,ENT-TN-MUNICIPALITY-1418,high,,ENT-TN-GOVERNORATE-CC06DF550344,administrative_parent,January 2024 workbook row: governorate 14; municipality code 1418,,,verified
REL-71E6811EBA805947,1.0.0,current,SRC-TN-HDX-CODAB-2022,ENT-TN-IMADA-63522038,high,,ENT-TN-DELEGATION-DEB9F3EFCD2D,administrative_parent,ADM4 row / research sector code 63522038; dated ADM3 parent 6352,,,verified
REL-71EF58AA67A3558F,1.0.0,current,SRC-TN-HDX-CODAB-2022,ENT-TN-IMADA-115788,high,,ENT-TN-DELEGATION-5C87693EF7C1,administrative_parent,ADM4 row / research sector code 115788; dated ADM3 parent 1157,,,verified
REL-7211C9B655565659,1.0.0,current,SRC-TN-HDX-CODAB-2022,ENT-TN-IMADA-1455307,high,,ENT-TN-DELEGATION-A8FC78D96A53,administrative_parent,ADM4 row / research sector code 1455307; dated ADM3 parent 1455,,,verified
REL-724D7E1961895DE5,1.0.0,current,SRC-TN-DGCL-MUNICIPALITIES-2024,ENT-TN-MUNICIPALITY-3225,high,,ENT-TN-GOVERNORATE-5BC9A7217C8C,administrative_parent,January 2024 workbook row: governorate 32; municipality code 3225,,,verified
REL-725A792A6EBA5C28,1.0.0,current,SRC-TN-RESEARCH-GEOMETRY-2018,ENT-TN-MUNICIPALITY-4129,medium,Approximate research topology only; this is not an administrative parent relationship.,ENT-TN-DELEGATION-A9A2E64081DA,boundary_intersects,"sector evidence rows: 41581433,41581434,41581435,41581439",,,source_verified
REL-725DE78C71855DF0,1.0.0,current,SRC-UNESCO-WHC-TN-2026,ENT-TN-SITE-DJERBA,high,,ENT-TN-GOVERNORATE-902616FE3988,located_in,World Heritage property 1640,,,verified
REL-726FF9F7835C5F7D,1.0.0,current,SRC-TN-HDX-CODAB-2022,ENT-TN-DELEGATION-AFCCE19F1CD3,high,,ENT-TN-GOVERNORATE-EA30E853F598,administrative_parent,ADM3 row / dated 264-delegation research code 1565,,,verified
REL-729AFEAA984C5450,1.0.0,current,SRC-TN-RESEARCH-GEOMETRY-2018,ENT-TN-MUNICIPALITY-1419,medium,Approximate research topology only; this is not an administrative parent relationship.,ENT-TN-DELEGATION-8CAB25CD1628,boundary_intersects,"sector evidence rows: 1458324,1458325,1458326,1458327",,,source_verified
REL-72B3F76271AA56E9,1.0.0,current,SRC-TN-DGCL-MUNICIPALITIES-2024,ENT-TN-MUNICIPALITY-4211,high,,ENT-TN-GOVERNORATE-36E4260B310C,administrative_parent,January 2024 workbook row: governorate 42; municipality code 4211,,,verified
REL-72B70E0E8D685BCE,1.0.0,current,SRC-TN-HDX-CODAB-2022,ENT-TN-IMADA-32531063,high,,ENT-TN-DELEGATION-B0C081DB1344,administrative_parent,ADM4 row / research sector code 32531063; dated ADM3 parent 3253,,,verified
REL-72CC25FD6CB35F80,1.0.0,current,SRC-LY-MOLG-MUNICIPALITIES-2026,ENT-LY-MUNICIPALITY-EF5D9FE95D5A,high,,ENT-LY-COUNTRY,administrative_parent,Municipality list entry: القبة,,,verified
REL-72D980906F5A5805,1.0.0,current,SRC-TN-HDX-CODAB-2022,ENT-TN-IMADA-2460935,high,,ENT-TN-DELEGATION-3CEADA31C198,administrative_parent,ADM4 row / research sector code 2460935; dated ADM3 parent 2460,,,verified
REL-72E9477F01CD5B51,1.0.0,current,SRC-TN-HDX-CODAB-2022,ENT-TN-IMADA-2454889,high,,ENT-TN-DELEGATION-AF66ED06B9B8,administrative_parent,ADM4 row / research sector code 2454889; dated ADM3 parent 2454,,,verified
REL-72EA9D88D53E54DA,1.0.0,current,SRC-TN-HDX-CODAB-2022,ENT-TN-IMADA-115659,high,,ENT-TN-DELEGATION-F68992D7EA16,administrative_parent,ADM4 row / research sector code 115659; dated ADM3 parent 1156,,,verified
REL-72F7100EDDE15EDE,1.0.0,current,SRC-TN-HDX-CODAB-2022,ENT-TN-DELEGATION-706200A5C126,high,,ENT-TN-GOVERNORATE-E7D96FEF5043,administrative_parent,ADM3 row / dated 264-delegation research code 3356,,,verified
REL-72FA7283CE175DDC,1.0.0,current,SRC-TN-HDX-CODAB-2022,ENT-TN-IMADA-62522003,high,,ENT-TN-DELEGATION-3240C5021B36,administrative_parent,ADM4 row / research sector code 62522003; dated ADM3 parent 6252,,,verified
REL-72FD4E27C92C5CDA,1.0.0,current,SRC-TN-HDX-CODAB-2022,ENT-TN-DELEGATION-7667BCFBBD94,high,,ENT-TN-GOVERNORATE-D5ED89886664,administrative_parent,ADM3 row / dated 264-delegation research code 1358,,,verified
REL-730D5624E5BA5015,1.0.0,current,SRC-TN-HDX-CODAB-2022,ENT-TN-IMADA-2153609,high,,ENT-TN-DELEGATION-64B47287C7CC,administrative_parent,ADM4 row / research sector code 2153609; dated ADM3 parent 2153,,,verified
REL-731918E2307F563D,1.0.0,current,SRC-TN-HDX-CODAB-2022,ENT-TN-IMADA-43541606,high,,ENT-TN-DELEGATION-AD509F0A9D79,administrative_parent,ADM4 row / research sector code 43541606; dated ADM3 parent 4354,,,verified
REL-733F3A8D664250BD,1.0.0,current,SRC-TN-RESEARCH-GEOMETRY-2018,ENT-TN-MUNICIPALITY-1714,medium,Approximate research topology only; this is not an administrative parent relationship.,ENT-TN-DELEGATION-F3529789545D,boundary_intersects,"sector evidence rows: 1758538,1758539,1758540,1758541,1758542,1758543,1758544,1758545",,,source_verified
REL-735BD2CB9354509A,1.0.0,current,SRC-TN-HDX-CODAB-2022,ENT-TN-GOVERNORATE-467CAA2B1928,high,,ENT-TN-COUNTRY,administrative_parent,ADM2 row / research governorate code 61,,,verified
REL-735FEA8C44EE5B6B,1.0.0,current,SRC-TN-RESEARCH-GEOMETRY-2018,ENT-TN-MUNICIPALITY-3221,medium,Approximate research topology only; this is not an administrative parent relationship.,ENT-TN-DELEGATION-9D23A36B72E1,boundary_intersects,sector evidence rows: 32561082,,,source_verified
REL-739DF10BC8ED5339,1.0.0,current,SRC-TN-HDX-CODAB-2022,ENT-TN-IMADA-32511050,high,,ENT-TN-DELEGATION-386953CDE2D6,administrative_parent,ADM4 row / research sector code 32511050; dated ADM3 parent 3251,,,verified
REL-73CA7A0E99545211,1.0.0,current,SRC-TN-HDX-CODAB-2022,ENT-TN-IMADA-41611453,high,,ENT-TN-DELEGATION-F9557E5DC693,administrative_parent,ADM4 row / research sector code 41611453; dated ADM3 parent 4161,,,verified
REL-73FCEB01038A5A69,1.0.0,current,SRC-TN-HDX-CODAB-2022,ENT-TN-IMADA-32601109,high,,ENT-TN-DELEGATION-BDF031A58E55,administrative_parent,ADM4 row / research sector code 32601109; dated ADM3 parent 3260,,,verified
REL-73FD4B821F495E97,1.0.0,current,SRC-TN-HDX-CODAB-2022,ENT-TN-IMADA-1359248,high,,ENT-TN-DELEGATION-28027896EDDD,administrative_parent,ADM4 row / research sector code 1359248; dated ADM3 parent 1359,,,verified
REL-7409CCF70BC45367,1.0.0,current,SRC-TN-DGCL-MUNICIPALITIES-2024,ENT-TN-MUNICIPALITY-3117,high,,ENT-TN-GOVERNORATE-07DB5E6D265C,administrative_parent,January 2024 workbook row: governorate 31; municipality code 3117,,,verified
REL-741C460357A956BF,1.0.0,current,SRC-TN-HDX-CODAB-2022,ENT-TN-IMADA-2255722,high,,ENT-TN-DELEGATION-3D8C44AF7D14,administrative_parent,ADM4 row / research sector code 2255722; dated ADM3 parent 2255,,,verified
REL-743338AA01655895,1.0.0,current,SRC-TN-HDX-CODAB-2022,ENT-TN-IMADA-41521369,high,,ENT-TN-DELEGATION-3568AB5821B0,administrative_parent,ADM4 row / research sector code 41521369; dated ADM3 parent 4152,,,verified
REL-748245C20D805857,1.0.0,current,SRC-TN-HDX-CODAB-2022,ENT-TN-IMADA-1763566,high,,ENT-TN-DELEGATION-CB0D8DF8758C,administrative_parent,ADM4 row / research sector code 1763566; dated ADM3 parent 1763,,,verified
REL-7493897753A95FE7,1.0.0,current,SRC-TN-HDX-CODAB-2022,ENT-TN-IMADA-52599999,high,,ENT-TN-DELEGATION-F6FA367C4B52,administrative_parent,ADM4 row / research sector code 52599999; dated ADM3 parent 5259,,,verified
REL-74AA8FAB57D65153,1.0.0,current,SRC-TN-HDX-CODAB-2022,ENT-TN-DELEGATION-678C562CAA1C,high,,ENT-TN-GOVERNORATE-D5ED89886664,administrative_parent,ADM3 row / dated 264-delegation research code 1361,,,verified
REL-74B47672D178517C,1.0.0,current,SRC-TN-HDX-CODAB-2022,ENT-TN-IMADA-1456311,high,,ENT-TN-DELEGATION-2592EE0518F8,administrative_parent,ADM4 row / research sector code 1456311; dated ADM3 parent 1456,,,verified
REL-751F0A01C33A5FC3,1.0.0,current,SRC-TN-HDX-CODAB-2022,ENT-TN-IMADA-2158662,high,,ENT-TN-DELEGATION-E8E2CE15323A,administrative_parent,ADM4 row / research sector code 2158662; dated ADM3 parent 2158,,,verified
REL-7521466A8C2E543D,1.0.0,current,SRC-TN-DGCL-MUNICIPALITIES-2024,ENT-TN-MUNICIPALITY-6121,high,,ENT-TN-GOVERNORATE-467CAA2B1928,administrative_parent,January 2024 workbook row: governorate 61; municipality code 6121,,,verified
REL-7530BB7E80715204,1.0.0,current,SRC-TN-HDX-CODAB-2022,ENT-TN-IMADA-34661347,high,,ENT-TN-DELEGATION-E83D07EB9C29,administrative_parent,ADM4 row / research sector code 34661347; dated ADM3 parent 3466,,,verified
REL-753BD9C12C755745,1.0.0,current,SRC-TN-HDX-CODAB-2022,ENT-TN-DELEGATION-AC41B378E3D9,high,,ENT-TN-GOVERNORATE-07DB5E6D265C,administrative_parent,ADM3 row / dated 264-delegation research code 3160,,,verified
REL-75522415856D5331,1.0.0,current,SRC-TN-HDX-CODAB-2022,ENT-TN-IMADA-33521147,high,,ENT-TN-DELEGATION-8B2B3E3BDE8C,administrative_parent,ADM4 row / research sector code 33521147; dated ADM3 parent 3352,,,verified
REL-7584DB7BD504535E,1.0.0,current,SRC-TN-DGCL-MUNICIPALITIES-2024,ENT-TN-MUNICIPALITY-2223,high,,ENT-TN-GOVERNORATE-7A4D0C3A889C,administrative_parent,January 2024 workbook row: governorate 22; municipality code 2223,,,verified
REL-7594D14B81825F3E,1.0.0,current,SRC-TN-HDX-CODAB-2022,ENT-TN-IMADA-33511133,high,,ENT-TN-DELEGATION-E56B524C71BE,administrative_parent,ADM4 row / research sector code 33511133; dated ADM3 parent 3351,,,verified
REL-7595BCDE33E25F24,1.0.0,current,SRC-TN-HDX-CODAB-2022,ENT-TN-IMADA-2251682,high,,ENT-TN-DELEGATION-819F7F2E27F9,administrative_parent,ADM4 row / research sector code 2251682; dated ADM3 parent 2251,,,verified
REL-75B300C114355892,1.0.0,current,SRC-TN-HDX-CODAB-2022,ENT-TN-IMADA-1251166,high,,ENT-TN-DELEGATION-907386F80604,administrative_parent,ADM4 row / research sector code 1251166; dated ADM3 parent 1251,,,verified
REL-75C56D39BB525A16,1.0.0,current,SRC-TN-HDX-CODAB-2022,ENT-TN-IMADA-32591105,high,,ENT-TN-DELEGATION-714F4FED1031,administrative_parent,ADM4 row / research sector code 32591105; dated ADM3 parent 3259,,,verified
REL-75D591E3639A563C,1.0.0,current,SRC-TN-HDX-CODAB-2022,ENT-TN-IMADA-115661,high,,ENT-TN-DELEGATION-F68992D7EA16,administrative_parent,ADM4 row / research sector code 115661; dated ADM3 parent 1156,,,verified
REL-75E86E5F286E5E44,1.0.0,current,SRC-TN-RESEARCH-GEOMETRY-2018,ENT-TN-MUNICIPALITY-5122,medium,Approximate research topology only; this is not an administrative parent relationship.,ENT-TN-DELEGATION-AFAE2BE79F31,boundary_intersects,sector evidence rows: 51521690,,,source_verified
REL-75F0A6BB4F395457,1.0.0,current,SRC-LY-MOLG-MUNICIPALITIES-2026,ENT-LY-MUNICIPALITY-6542F9B46B75,high,,ENT-LY-COUNTRY,administrative_parent,Municipality list entry: الشويرف,,,verified
REL-75F299E4D98558F7,1.0.0,current,SRC-TN-DGCL-MUNICIPALITIES-2024,ENT-TN-MUNICIPALITY-1323,high,,ENT-TN-GOVERNORATE-D5ED89886664,administrative_parent,January 2024 workbook row: governorate 13; municipality code 1323,,,verified
REL-76026A70D9615C1A,1.0.0,current,SRC-TN-HDX-CODAB-2022,ENT-TN-IMADA-33531156,high,,ENT-TN-DELEGATION-1A266F9B008F,administrative_parent,ADM4 row / research sector code 33531156; dated ADM3 parent 3353,,,verified
REL-76366BBBABAC5AB4,1.0.0,current,SRC-TN-HDX-CODAB-2022,ENT-TN-IMADA-2159676,high,,ENT-TN-DELEGATION-34E2240B6A54,administrative_parent,ADM4 row / research sector code 2159676; dated ADM3 parent 2159,,,verified
REL-764E33EF83F45478,1.0.0,current,SRC-TN-HDX-CODAB-2022,ENT-TN-IMADA-1161131,high,,ENT-TN-DELEGATION-9BE55C4562EE,administrative_parent,ADM4 row / research sector code 1161131; dated ADM3 parent 1161,,,verified
REL-7650DCD9A8E35881,1.0.0,current,SRC-TN-DGCL-MUNICIPALITIES-2024,ENT-TN-MUNICIPALITY-3120,high,,ENT-TN-GOVERNORATE-07DB5E6D265C,administrative_parent,January 2024 workbook row: governorate 31; municipality code 3120,,,verified
REL-76589C44E5B65148,1.0.0,current,SRC-TN-DGCL-MUNICIPALITIES-2024,ENT-TN-MUNICIPALITY-5317,high,,ENT-TN-GOVERNORATE-DAC2A2592975,administrative_parent,January 2024 workbook row: governorate 53; municipality code 5317,,,verified
REL-765DD07DBC5E54C8,1.0.0,current,SRC-TN-HDX-CODAB-2022,ENT-TN-IMADA-52561822,high,,ENT-TN-DELEGATION-584902C8EEE0,administrative_parent,ADM4 row / research sector code 52561822; dated ADM3 parent 5256,,,verified
REL-7661B068F3145B34,1.0.0,current,SRC-TN-DGCL-MUNICIPALITIES-2024,ENT-TN-MUNICIPALITY-2214,high,,ENT-TN-GOVERNORATE-7A4D0C3A889C,administrative_parent,January 2024 workbook row: governorate 22; municipality code 2214,,,verified
REL-7661C7B4A2145C72,1.0.0,current,SRC-TN-HDX-CODAB-2022,ENT-TN-IMADA-42601536,high,,ENT-TN-DELEGATION-D555F337D568,administrative_parent,ADM4 row / research sector code 42601536; dated ADM3 parent 4260,,,verified
REL-768181C850CE5A5E,1.0.0,current,SRC-TN-HDX-CODAB-2022,ENT-TN-IMADA-61521922,high,,ENT-TN-DELEGATION-A20DE8BF6185,administrative_parent,ADM4 row / research sector code 61521922; dated ADM3 parent 6152,,,verified
REL-768DF8AF67365A9A,1.0.0,current,SRC-TN-RESEARCH-GEOMETRY-2018,ENT-TN-MUNICIPALITY-1528,medium,Approximate research topology only; this is not an administrative parent relationship.,ENT-TN-DELEGATION-4A822090C35C,boundary_intersects,sector evidence rows: 1561388,,,source_verified
REL-769A3DDA3DC95097,1.0.0,current,SRC-TN-HDX-CODAB-2022,ENT-TN-IMADA-2461941,high,,ENT-TN-DELEGATION-BE50E5DE6BD2,administrative_parent,ADM4 row / research sector code 2461941; dated ADM3 parent 2461,,,verified
REL-769AE79F9F9452AB,1.0.0,current,SRC-TN-HDX-CODAB-2022,ENT-TN-IMADA-41611459,high,,ENT-TN-DELEGATION-F9557E5DC693,administrative_parent,ADM4 row / research sector code 41611459; dated ADM3 parent 4161,,,verified
REL-76AC47CA937A5BAA,1.0.0,current,SRC-TN-RESEARCH-GEOMETRY-2018,ENT-TN-MUNICIPALITY-4122,medium,Approximate research topology only; this is not an administrative parent relationship.,ENT-TN-DELEGATION-46D8F9A49020,boundary_intersects,sector evidence rows: 41601450,,,source_verified
REL-76C02322AB5D53A7,1.0.0,current,SRC-TN-HDX-CODAB-2022,ENT-TN-IMADA-2159673,high,,ENT-TN-DELEGATION-34E2240B6A54,administrative_parent,ADM4 row / research sector code 2159673; dated ADM3 parent 2159,,,verified
REL-76E211B4FA3E572A,1.0.0,current,SRC-TN-ONTT-PLACES-2018,ENT-TN-CITY-SOUSSE,high,,ENT-TN-MUNICIPALITY-3111,located_in,Around Sousse and Port El Kantaoui: Sousse is Tunisia's third biggest city,,,verified
REL-76F3279148A2529B,1.0.0,current,SRC-TN-DGCL-MUNICIPALITIES-2024,ENT-TN-MUNICIPALITY-2117,high,,ENT-TN-GOVERNORATE-EA2D44B4F25E,administrative_parent,January 2024 workbook row: governorate 21; municipality code 2117,,,verified
REL-770AA682D6485432,1.0.0,current,SRC-TN-HDX-CODAB-2022,ENT-TN-IMADA-1762564,high,,ENT-TN-DELEGATION-F7ED1EE6DC53,administrative_parent,ADM4 row / research sector code 1762564; dated ADM3 parent 1762,,,verified
REL-7783C6BEC4B053E0,1.0.0,current,SRC-TN-HDX-CODAB-2022,ENT-TN-DELEGATION-9571A404E72D,high,,ENT-TN-GOVERNORATE-DAC2A2592975,administrative_parent,ADM3 row / dated 264-delegation research code 5353,,,verified
REL-77945470C7BB5F6B,1.0.0,current,SRC-TN-HDX-CODAB-2022,ENT-TN-IMADA-3160997,high,,ENT-TN-DELEGATION-AC41B378E3D9,administrative_parent,ADM4 row / research sector code 3160997; dated ADM3 parent 3160,,,verified
REL-77E701752C625FDD,1.0.0,current,SRC-TN-HDX-CODAB-2022,ENT-TN-IMADA-51561719,high,,ENT-TN-DELEGATION-381871ACE873,administrative_parent,ADM4 row / research sector code 51561719; dated ADM3 parent 5156,,,verified
REL-7805C68AFC7E5F6A,1.0.0,current,SRC-TN-HDX-CODAB-2022,ENT-TN-IMADA-2353793,high,,ENT-TN-DELEGATION-F153AA210A4D,administrative_parent,ADM4 row / research sector code 2353793; dated ADM3 parent 2353,,,verified
REL-780773637A975786,1.0.0,current,SRC-TN-HDX-CODAB-2022,ENT-TN-IMADA-2155635,high,,ENT-TN-DELEGATION-A97443748914,administrative_parent,ADM4 row / research sector code 2155635; dated ADM3 parent 2155,,,verified
REL-78110E8FB72F5CF3,1.0.0,current,SRC-TN-HDX-CODAB-2022,ENT-TN-IMADA-1651435,high,,ENT-TN-DELEGATION-D52472FD9496,administrative_parent,ADM4 row / research sector code 1651435; dated ADM3 parent 1651,,,verified
REL-7811B521B6C352D1,1.0.0,current,SRC-TN-HDX-CODAB-2022,ENT-TN-IMADA-43551615,high,,ENT-TN-DELEGATION-6F8D6872B9E9,administrative_parent,ADM4 row / research sector code 43551615; dated ADM3 parent 4355,,,verified
REL-7833E4A6345454CB,1.0.0,current,SRC-TN-RESEARCH-GEOMETRY-2018,ENT-TN-MUNICIPALITY-5121,medium,Approximate research topology only; this is not an administrative parent relationship.,ENT-TN-DELEGATION-381871ACE873,boundary_intersects,"sector evidence rows: 51561714,51561715,51561716,51561717,51561718,51561719,51571720",,,source_verified
REL-78346511FA375878,1.0.0,current,SRC-TN-HDX-CODAB-2022,ENT-TN-IMADA-51551709,high,,ENT-TN-DELEGATION-336FE0336AC9,administrative_parent,ADM4 row / research sector code 51551709; dated ADM3 parent 5155,,,verified
REL-7847849EA19E54F0,1.0.0,current,SRC-TN-HDX-CODAB-2022,ENT-TN-IMADA-1651434,high,,ENT-TN-DELEGATION-D52472FD9496,administrative_parent,ADM4 row / research sector code 1651434; dated ADM3 parent 1651,,,verified
REL-78543F9E82E65107,1.0.0,current,SRC-TN-HDX-CODAB-2022,ENT-TN-IMADA-31641032,high,,ENT-TN-DELEGATION-9ADFA1D292D9,administrative_parent,ADM4 row / research sector code 31641032; dated ADM3 parent 3164,,,verified
REL-7865CA49AAE75B4A,1.0.0,current,SRC-TN-RESEARCH-GEOMETRY-2018,ENT-TN-MUNICIPALITY-6313,medium,Approximate research topology only; this is not an administrative parent relationship.,ENT-TN-DELEGATION-010FEC49E881,boundary_intersects,"sector evidence rows: 63552055,63552056,63552057,63552058,63552059",,,source_verified
REL-787E5B6E9FE655D0,1.0.0,current,SRC-TN-DGCL-MUNICIPALITIES-2024,ENT-TN-MUNICIPALITY-4323,high,,ENT-TN-GOVERNORATE-47F772AA4A84,administrative_parent,January 2024 workbook row: governorate 43; municipality code 4323,,,verified
REL-789079310CAF5252,1.0.0,current,SRC-TN-HDX-CODAB-2022,ENT-TN-DELEGATION-06F62E53748D,high,,ENT-TN-GOVERNORATE-D5ED89886664,administrative_parent,ADM3 row / dated 264-delegation research code 1356,,,verified
REL-789D26D4D522529C,1.0.0,current,SRC-TN-HDX-CODAB-2022,ENT-TN-IMADA-2351775,high,,ENT-TN-DELEGATION-40F8C393FB98,administrative_parent,ADM4 row / research sector code 2351775; dated ADM3 parent 2351,,,verified
REL-78A66EB7B5405F9C,1.0.0,current,SRC-TN-HDX-CODAB-2022,ENT-TN-IMADA-34661348,high,,ENT-TN-DELEGATION-E83D07EB9C29,administrative_parent,ADM4 row / research sector code 34661348; dated ADM3 parent 3466,,,verified
REL-78C2D97A047E5254,1.0.0,current,SRC-TN-RESEARCH-GEOMETRY-2018,ENT-TN-MUNICIPALITY-1111,medium,Approximate research topology only; this is not an administrative parent relationship.,ENT-TN-DELEGATION-3178EC239E79,boundary_intersects,"sector evidence rows: 116832,116833,116834,116835,116836,116837,116838",,,source_verified
REL-78FD9B67CEEB59D5,1.0.0,current,SRC-TN-HDX-CODAB-2022,ENT-TN-IMADA-42631568,high,,ENT-TN-DELEGATION-A9463801F6AD,administrative_parent,ADM4 row / research sector code 42631568; dated ADM3 parent 4263,,,verified
REL-7902DDB8026E5182,1.0.0,current,SRC-TN-HDX-CODAB-2022,ENT-TN-IMADA-43581636,high,,ENT-TN-DELEGATION-9846A16575C2,administrative_parent,ADM4 row / research sector code 43581636; dated ADM3 parent 4358,,,verified
REL-790EE185872152C2,1.0.0,current,SRC-TN-HDX-CODAB-2022,ENT-TN-IMADA-43521582,high,,ENT-TN-DELEGATION-B5CD972E98C1,administrative_parent,ADM4 row / research sector code 43521582; dated ADM3 parent 4352,,,verified
REL-7913385E82665F35,1.0.0,current,SRC-TN-RESEARCH-GEOMETRY-2018,ENT-TN-MUNICIPALITY-3229,medium,Approximate research topology only; this is not an administrative parent relationship.,ENT-TN-DELEGATION-4E58B3CD9CB1,boundary_intersects,"sector evidence rows: 32581103,32581104",,,source_verified
REL-792BD81F80B35BA7,1.0.0,current,SRC-TN-RESEARCH-GEOMETRY-2018,ENT-TN-MUNICIPALITY-4223,medium,Approximate research topology only; this is not an administrative parent relationship.,ENT-TN-DELEGATION-762D553CB7DA,boundary_intersects,"sector evidence rows: 11621479,11621480,11621481,11621482,11621483,11621484",,,source_verified
REL-795BA2A80F5B5B53,1.0.0,current,SRC-TN-HDX-CODAB-2022,ENT-TN-DELEGATION-1172E32A37EA,high,,ENT-TN-GOVERNORATE-5BC9A7217C8C,administrative_parent,ADM3 row / dated 264-delegation research code 3262,,,verified
REL-796BE3853CF351E8,1.0.0,current,SRC-TN-HDX-CODAB-2022,ENT-TN-IMADA-2157647,high,,ENT-TN-DELEGATION-CCDB3F1D6604,administrative_parent,ADM4 row / research sector code 2157647; dated ADM3 parent 2157,,,verified
REL-79742FEB6D4755D4,1.0.0,current,SRC-TN-RESEARCH-GEOMETRY-2018,ENT-TN-MUNICIPALITY-3321,medium,Approximate research topology only; this is not an administrative parent relationship.,ENT-TN-DELEGATION-2A637B595634,boundary_intersects,"sector evidence rows: 33591197,33591198,33591199,33591200,33591201",,,source_verified
REL-7982CA149A045A99,1.0.0,current,SRC-TN-HDX-CODAB-2022,ENT-TN-IMADA-2359839,high,,ENT-TN-DELEGATION-E3E9C5077EA4,administrative_parent,ADM4 row / research sector code 2359839; dated ADM3 parent 2359,,,verified
REL-798A84A3AE4F5669,1.0.0,current,SRC-TN-HDX-CODAB-2022,ENT-TN-IMADA-41591446,high,,ENT-TN-DELEGATION-533D4E540C29,administrative_parent,ADM4 row / research sector code 41591446; dated ADM3 parent 4159,,,verified
REL-79AA39D99A5C51DE,1.0.0,current,SRC-TN-HDX-CODAB-2022,ENT-TN-IMADA-61511915,high,,ENT-TN-DELEGATION-08BF6BF26FFF,administrative_parent,ADM4 row / research sector code 61511915; dated ADM3 parent 6151,,,verified
REL-79AA514214FC5260,1.0.0,current,SRC-TN-HDX-CODAB-2022,ENT-TN-IMADA-43621683,high,,ENT-TN-DELEGATION-E45902371203,administrative_parent,ADM4 row / research sector code 43621683; dated ADM3 parent 4362,,,verified
REL-79AB46275F8C508C,1.0.0,current,SRC-TN-DGCL-MUNICIPALITIES-2024,ENT-TN-MUNICIPALITY-1614,high,,ENT-TN-GOVERNORATE-81845FB6BE40,administrative_parent,January 2024 workbook row: governorate 16; municipality code 1614,,,verified
REL-79AD5FAE39105B90,1.0.0,current,SRC-TN-HDX-CODAB-2022,ENT-TN-IMADA-1253181,high,,ENT-TN-DELEGATION-11CCF21EE571,administrative_parent,ADM4 row / research sector code 1253181; dated ADM3 parent 1253,,,verified
REL-79AE596D9CA3517D,1.0.0,current,SRC-TN-HDX-CODAB-2022,ENT-TN-IMADA-34511229,high,,ENT-TN-DELEGATION-A43DBAE26B8A,administrative_parent,ADM4 row / research sector code 34511229; dated ADM3 parent 3451,,,verified
REL-79FA1331561F588A,1.0.0,current,SRC-TN-HDX-CODAB-2022,ENT-TN-IMADA-33601213,high,,ENT-TN-DELEGATION-5D5CDCB7496E,administrative_parent,ADM4 row / research sector code 33601213; dated ADM3 parent 3360,,,verified
REL-79FA8C81231F557F,1.0.0,current,SRC-TN-HDX-CODAB-2022,ENT-TN-DELEGATION-9D23A36B72E1,high,,ENT-TN-GOVERNORATE-5BC9A7217C8C,administrative_parent,ADM3 row / dated 264-delegation research code 3256,,,verified
REL-7A2853A264F0522F,1.0.0,current,SRC-TN-HDX-CODAB-2022,ENT-TN-IMADA-41611461,high,,ENT-TN-DELEGATION-F9557E5DC693,administrative_parent,ADM4 row / research sector code 41611461; dated ADM3 parent 4161,,,verified
REL-7A5B4C804F2F575A,1.0.0,current,SRC-TN-HDX-CODAB-2022,ENT-TN-IMADA-53531881,high,,ENT-TN-DELEGATION-9571A404E72D,administrative_parent,ADM4 row / research sector code 53531881; dated ADM3 parent 5353,,,verified
REL-7A5F6F73621D53B8,1.0.0,current,SRC-TN-HDX-CODAB-2022,ENT-TN-IMADA-52531777,high,,ENT-TN-DELEGATION-82A4AF3884E0,administrative_parent,ADM4 row / research sector code 52531777; dated ADM3 parent 5253,,,verified
REL-7A6531183E8A5186,1.0.0,current,SRC-TN-HDX-CODAB-2022,ENT-TN-DELEGATION-0410399059C4,high,,ENT-TN-GOVERNORATE-D7972CC63F7E,administrative_parent,ADM3 row / dated 264-delegation research code 6251,,,verified
REL-7A710E2FE6E6500D,1.0.0,current,SRC-TN-HDX-CODAB-2022,ENT-TN-IMADA-33541164,high,,ENT-TN-DELEGATION-64DEA9083EA0,administrative_parent,ADM4 row / research sector code 33541164; dated ADM3 parent 3354,,,verified
REL-7A79159B691F5A7D,1.0.0,current,SRC-TN-RESEARCH-GEOMETRY-2018,ENT-TN-MUNICIPALITY-5313,medium,Approximate research topology only; this is not an administrative parent relationship.,ENT-TN-DELEGATION-2D3CF4EC1C11,boundary_intersects,"sector evidence rows: 53551895,53551896,53551897,53551898,53551899,53551900,53551901,53551902,53551903,53551904",,,source_verified
REL-7A93156B78E75CC4,1.0.0,current,SRC-TN-HDX-CODAB-2022,ENT-TN-IMADA-43521589,high,,ENT-TN-DELEGATION-B5CD972E98C1,administrative_parent,ADM4 row / research sector code 43521589; dated ADM3 parent 4352,,,verified
REL-7AD994824EB354B7,1.0.0,current,SRC-TN-RESEARCH-GEOMETRY-2018,ENT-TN-MUNICIPALITY-1515,medium,Approximate research topology only; this is not an administrative parent relationship.,ENT-TN-DELEGATION-00F12985BEC9,boundary_intersects,"sector evidence rows: 1553341,1553342",,,source_verified
REL-7ADB27568EB4538B,1.0.0,current,SRC-TN-HDX-CODAB-2022,ENT-TN-DELEGATION-00555D763B13,high,,ENT-TN-GOVERNORATE-36E4260B310C,administrative_parent,ADM3 row / dated 264-delegation research code 4254,,,verified
REL-7AE653DD1D1F5AE6,1.0.0,current,SRC-LY-MOLG-MUNICIPALITIES-2026,ENT-LY-MUNICIPALITY-4943A937AB74,high,,ENT-LY-COUNTRY,administrative_parent,Municipality list entry: الناصرية,,,verified
REL-7AF8B341ACA95E82,1.0.0,current,SRC-TN-HDX-CODAB-2022,ENT-TN-DELEGATION-CA29D85670F9,high,,ENT-TN-GOVERNORATE-07DB5E6D265C,administrative_parent,ADM3 row / dated 264-delegation research code 3157,,,verified
REL-7AFF68DD52445A72,1.0.0,current,SRC-TN-DGCL-MUNICIPALITIES-2024,ENT-TN-MUNICIPALITY-1518,high,,ENT-TN-GOVERNORATE-EA30E853F598,administrative_parent,January 2024 workbook row: governorate 15; municipality code 1518,,,verified
REL-7B0A379B1C385A0C,1.0.0,current,SRC-TN-HDX-CODAB-2022,ENT-TN-IMADA-2253701,high,,ENT-TN-DELEGATION-997BFDED88CF,administrative_parent,ADM4 row / research sector code 2253701; dated ADM3 parent 2253,,,verified
REL-7B30926E2FF95271,1.0.0,current,SRC-TN-HDX-CODAB-2022,ENT-TN-IMADA-33541159,high,,ENT-TN-DELEGATION-64DEA9083EA0,administrative_parent,ADM4 row / research sector code 33541159; dated ADM3 parent 3354,,,verified
REL-7B3BC62A4131501A,1.0.0,current,SRC-TN-RESEARCH-GEOMETRY-2018,ENT-TN-MUNICIPALITY-1114,medium,Approximate research topology only; this is not an administrative parent relationship.,ENT-TN-DELEGATION-C93CA450F43B,boundary_intersects,"sector evidence rows: 1169137,1169138,1169139,1169140,1169141",,,source_verified
REL-7B5B631F7AC15E6A,1.0.0,current,SRC-TN-HDX-CODAB-2022,ENT-TN-IMADA-53511851,high,,ENT-TN-DELEGATION-36BABB1475F8,administrative_parent,ADM4 row / research sector code 53511851; dated ADM3 parent 5351,,,verified
REL-7B6081D6BD1954D0,1.0.0,current,SRC-TN-HDX-CODAB-2022,ENT-TN-IMADA-63569999,high,,ENT-TN-DELEGATION-46FFC1059453,administrative_parent,ADM4 row / research sector code 63569999; dated ADM3 parent 6356,,,verified
REL-7B7B11AFFC5C57AB,1.0.0,current,SRC-TN-RESEARCH-GEOMETRY-2018,ENT-TN-MUNICIPALITY-1513,medium,Approximate research topology only; this is not an administrative parent relationship.,ENT-TN-DELEGATION-00F12985BEC9,boundary_intersects,"sector evidence rows: 1553338,1553339",,,source_verified
REL-7B8BDC0E123759CD,1.0.0,current,SRC-TN-HDX-CODAB-2022,ENT-TN-DELEGATION-34E2240B6A54,high,,ENT-TN-GOVERNORATE-EA2D44B4F25E,administrative_parent,ADM3 row / dated 264-delegation research code 2159,,,verified
REL-7BC367D77B005297,1.0.0,current,SRC-TN-HDX-CODAB-2022,ENT-TN-IMADA-52521773,high,,ENT-TN-DELEGATION-B117D836FA70,administrative_parent,ADM4 row / research sector code 52521773; dated ADM3 parent 5252,,,verified
REL-7BDFB657F9A65261,1.0.0,current,SRC-TN-RESEARCH-GEOMETRY-2018,ENT-TN-MUNICIPALITY-1111,medium,Approximate research topology only; this is not an administrative parent relationship.,ENT-TN-DELEGATION-FE081F997DC5,boundary_intersects,"sector evidence rows: 1163100,1163101,1163102,1163103,1163104,1163105,116397,116398,116399",,,source_verified
REL-7BE90212721D53F9,1.0.0,current,SRC-TN-RESEARCH-GEOMETRY-2018,ENT-TN-MUNICIPALITY-2215,medium,Approximate research topology only; this is not an administrative parent relationship.,ENT-TN-DELEGATION-F12F59DBC46E,boundary_intersects,"sector evidence rows: 2256729,2256730,2256731,2256737,2256738,2256740,2256743",,,source_verified
REL-7BF128C71DF85C63,1.0.0,current,SRC-TN-DGCL-MUNICIPALITIES-2024,ENT-TN-MUNICIPALITY-3422,high,,ENT-TN-GOVERNORATE-97D2B1489F90,administrative_parent,January 2024 workbook row: governorate 34; municipality code 3422,,,verified
REL-7C5CDB46049D5973,1.0.0,current,SRC-TN-RESEARCH-GEOMETRY-2018,ENT-TN-MUNICIPALITY-3322,medium,Approximate research topology only; this is not an administrative parent relationship.,ENT-TN-DELEGATION-5D5CDCB7496E,boundary_intersects,"sector evidence rows: 33601202,33601203,33601205,33601206,33601207,33601212,33601213",,,source_verified
REL-7C8F61A3550558C9,1.0.0,current,SRC-TN-HDX-CODAB-2022,ENT-TN-IMADA-2252696,high,,ENT-TN-DELEGATION-A2C2D831ECC0,administrative_parent,ADM4 row / research sector code 2252696; dated ADM3 parent 2252,,,verified
REL-7CC58DDF81305E8F,1.0.0,historical,SRC-LY-BSC-CENSUS-2006,ENT-LY-SHABIYA-HISTORICAL-0592FDC7EC09,high,Historical hierarchy snapshot only.,ENT-LY-COUNTRY,administrative_parent,2006 census region: الواحات,,,verified
REL-7CD0AB13AE615353,1.0.0,current,SRC-TN-DGCL-MUNICIPALITIES-2024,ENT-TN-MUNICIPALITY-6212,high,,ENT-TN-GOVERNORATE-D7972CC63F7E,administrative_parent,January 2024 workbook row: governorate 62; municipality code 6212,,,verified
REL-7D0D0727EEFA5F0D,1.0.0,current,SRC-TN-DGCL-MUNICIPALITIES-2024,ENT-TN-MUNICIPALITY-1413,high,,ENT-TN-GOVERNORATE-CC06DF550344,administrative_parent,January 2024 workbook row: governorate 14; municipality code 1413,,,verified
REL-7D239DE023045983,1.0.0,current,SRC-TN-HDX-CODAB-2022,ENT-TN-IMADA-34651338,high,,ENT-TN-DELEGATION-BE40270E2393,administrative_parent,ADM4 row / research sector code 34651338; dated ADM3 parent 3465,,,verified
REL-7D32F0EF5D2A5DEF,1.0.0,current,SRC-TN-HDX-CODAB-2022,ENT-TN-IMADA-33571183,high,,ENT-TN-DELEGATION-47EFAA8BC79F,administrative_parent,ADM4 row / research sector code 33571183; dated ADM3 parent 3357,,,verified
REL-7D3311057D1D52D0,1.0.0,current,SRC-TN-HDX-CODAB-2022,ENT-TN-DELEGATION-A2C2D831ECC0,high,,ENT-TN-GOVERNORATE-7A4D0C3A889C,administrative_parent,ADM3 row / dated 264-delegation research code 2252,,,verified
REL-7D43C84C33E45E98,1.0.0,current,SRC-TN-HDX-CODAB-2022,ENT-TN-IMADA-2354804,high,,ENT-TN-DELEGATION-D77747883E55,administrative_parent,ADM4 row / research sector code 2354804; dated ADM3 parent 2354,,,verified
REL-7D49D307FDD85423,1.0.0,current,SRC-TN-HDX-CODAB-2022,ENT-TN-IMADA-3158987,high,,ENT-TN-DELEGATION-498ED0DE384B,administrative_parent,ADM4 row / research sector code 3158987; dated ADM3 parent 3158,,,verified
REL-7D5EA08CE0005379,1.0.0,current,SRC-TN-HDX-CODAB-2022,ENT-TN-DELEGATION-D2E46DB3C8BC,high,,ENT-TN-GOVERNORATE-0D738EAC753C,administrative_parent,ADM3 row / dated 264-delegation research code 2357,,,verified
REL-7D639D9C23EF526F,1.0.0,current,SRC-TN-HDX-CODAB-2022,ENT-TN-IMADA-43611669,high,,ENT-TN-DELEGATION-755242916060,administrative_parent,ADM4 row / research sector code 43611669; dated ADM3 parent 4361,,,verified
REL-7D652251C4B4543E,1.0.0,current,SRC-TN-HDX-CODAB-2022,ENT-TN-IMADA-43591643,high,,ENT-TN-DELEGATION-21E89D9190E3,administrative_parent,ADM4 row / research sector code 43591643; dated ADM3 parent 4359,,,verified
REL-7D6D59F5F8CC53F3,1.0.0,current,SRC-TN-HDX-CODAB-2022,ENT-TN-IMADA-32581101,high,,ENT-TN-DELEGATION-4E58B3CD9CB1,administrative_parent,ADM4 row / research sector code 32581101; dated ADM3 parent 3258,,,verified
REL-7D83A39F4FD8594D,1.0.0,current,SRC-TN-HDX-CODAB-2022,ENT-TN-IMADA-1163100,high,,ENT-TN-DELEGATION-FE081F997DC5,administrative_parent,ADM4 row / research sector code 1163100; dated ADM3 parent 1163,,,verified
REL-7D86303643295D54,1.0.0,current,SRC-TN-DGCL-MUNICIPALITIES-2024,ENT-TN-MUNICIPALITY-5216,high,,ENT-TN-GOVERNORATE-902616FE3988,administrative_parent,January 2024 workbook row: governorate 52; municipality code 5216,,,verified
REL-7DA80C0A1C58534D,1.0.0,current,SRC-TN-RESEARCH-GEOMETRY-2018,ENT-TN-MUNICIPALITY-1415,medium,Approximate research topology only; this is not an administrative parent relationship.,ENT-TN-DELEGATION-3DDA099AD6C7,boundary_intersects,"sector evidence rows: 1454300,1454301,1454302,1454305,14549999",,,source_verified
REL-7DB5EFE6992E5F8F,1.0.0,current,SRC-TN-HDX-CODAB-2022,ENT-TN-IMADA-61571965,high,,ENT-TN-DELEGATION-55B6CFADA185,administrative_parent,ADM4 row / research sector code 61571965; dated ADM3 parent 6157,,,verified
REL-7DCAE6D781EA5279,1.0.0,current,SRC-TN-HDX-CODAB-2022,ENT-TN-IMADA-1751477,high,,ENT-TN-DELEGATION-AADE7E444312,administrative_parent,ADM4 row / research sector code 1751477; dated ADM3 parent 1751,,,verified
REL-7DD3803A2128505B,1.0.0,current,SRC-TN-HDX-CODAB-2022,ENT-TN-IMADA-33611217,high,,ENT-TN-DELEGATION-8CD3CBC66F17,administrative_parent,ADM4 row / research sector code 33611217; dated ADM3 parent 3361,,,verified
REL-7DEF15EEBCAB5BF4,1.0.0,current,SRC-TN-HDX-CODAB-2022,ENT-TN-IMADA-43531595,high,,ENT-TN-DELEGATION-B63E32B2BC3F,administrative_parent,ADM4 row / research sector code 43531595; dated ADM3 parent 4353,,,verified
REL-7E0805E932F55B50,1.0.0,current,SRC-TN-HDX-CODAB-2022,ENT-TN-DELEGATION-55B6CFADA185,high,,ENT-TN-GOVERNORATE-467CAA2B1928,administrative_parent,ADM3 row / dated 264-delegation research code 6157,,,verified
REL-7E0CB7914076535C,1.0.0,current,SRC-TN-HDX-CODAB-2022,ENT-TN-IMADA-2355812,high,,ENT-TN-DELEGATION-FF2BD30691C0,administrative_parent,ADM4 row / research sector code 2355812; dated ADM3 parent 2355,,,verified
REL-7E1470DD08CC504E,1.0.0,current,SRC-TN-HDX-CODAB-2022,ENT-TN-IMADA-51601748,high,,ENT-TN-DELEGATION-5BB9BF889AC5,administrative_parent,ADM4 row / research sector code 51601748; dated ADM3 parent 5160,,,verified
REL-7E5599EB6154501B,1.0.0,current,SRC-TN-RESEARCH-GEOMETRY-2018,ENT-TN-MUNICIPALITY-2411,medium,Approximate research topology only; this is not an administrative parent relationship.,ENT-TN-DELEGATION-BACCAA713057,boundary_intersects,"sector evidence rows: 2451860,2451861,2451862,2451863,2451864,2451865,2451866,2451867",,,source_verified
REL-7E6643FD039656CE,1.0.0,current,SRC-TN-RESEARCH-GEOMETRY-2018,ENT-TN-MUNICIPALITY-3211,medium,Approximate research topology only; this is not an administrative parent relationship.,ENT-TN-DELEGATION-386953CDE2D6,boundary_intersects,"sector evidence rows: 32511050,32511051,32511052,32511053,32511054,32511055,32511056",,,source_verified
REL-7E6E8F5DCB7D5D77,1.0.0,current,SRC-TN-HDX-CODAB-2022,ENT-TN-GOVERNORATE-DAC2A2592975,high,,ENT-TN-COUNTRY,administrative_parent,ADM2 row / research governorate code 53,,,verified
REL-7E706879D68A59C1,1.0.0,current,SRC-TN-HDX-CODAB-2022,ENT-TN-IMADA-53551900,high,,ENT-TN-DELEGATION-2D3CF4EC1C11,administrative_parent,ADM4 row / research sector code 53551900; dated ADM3 parent 5355,,,verified
REL-7EA133C63F5E5AEB,1.0.0,current,SRC-TN-HDX-CODAB-2022,ENT-TN-IMADA-34631322,high,,ENT-TN-DELEGATION-17B9E0494EC7,administrative_parent,ADM4 row / research sector code 34631322; dated ADM3 parent 3463,,,verified
REL-7EC5CCE47DCD5A48,1.0.0,current,SRC-TN-RESEARCH-GEOMETRY-2018,ENT-TN-MUNICIPALITY-3122,medium,Approximate research topology only; this is not an administrative parent relationship.,ENT-TN-DELEGATION-E401587A83A1,boundary_intersects,"sector evidence rows: 31631022,31631023,31631024,31631025,31631026,31631027",,,source_verified
REL-7ECA5F81ADDC54DF,1.0.0,current,SRC-TN-HDX-CODAB-2022,ENT-TN-IMADA-1754506,high,,ENT-TN-DELEGATION-00E4826B36E2,administrative_parent,ADM4 row / research sector code 1754506; dated ADM3 parent 1754,,,verified
REL-7ED9D7B91FDB5A5F,1.0.0,current,SRC-TN-HDX-CODAB-2022,ENT-TN-IMADA-1565416,high,,ENT-TN-DELEGATION-AFCCE19F1CD3,administrative_parent,ADM4 row / research sector code 1565416; dated ADM3 parent 1565,,,verified
REL-7EDB386CB3AB5C8B,1.0.0,current,SRC-TN-HDX-CODAB-2022,ENT-TN-IMADA-1652439,high,,ENT-TN-DELEGATION-C73B8495072E,administrative_parent,ADM4 row / research sector code 1652439; dated ADM3 parent 1652,,,verified
REL-7EF19B85298D5EDB,1.0.0,current,SRC-TN-HDX-CODAB-2022,ENT-TN-IMADA-51541706,high,,ENT-TN-DELEGATION-7D9681B14049,administrative_parent,ADM4 row / research sector code 51541706; dated ADM3 parent 5154,,,verified
REL-7EF25D161D8255DF,1.0.0,current,SRC-TN-HDX-CODAB-2022,ENT-TN-IMADA-33561179,high,,ENT-TN-DELEGATION-706200A5C126,administrative_parent,ADM4 row / research sector code 33561179; dated ADM3 parent 3356,,,verified
REL-7EFD0ACEA6435941,1.0.0,current,SRC-TN-HDX-CODAB-2022,ENT-TN-IMADA-2256742,high,,ENT-TN-DELEGATION-F12F59DBC46E,administrative_parent,ADM4 row / research sector code 2256742; dated ADM3 parent 2256,,,verified
REL-7F1B28974CC45087,1.0.0,current,SRC-TN-HDX-CODAB-2022,ENT-TN-DELEGATION-B06C74E3ED6B,high,,ENT-TN-GOVERNORATE-467CAA2B1928,administrative_parent,ADM3 row / dated 264-delegation research code 6161,,,verified
REL-7F2A893DCB7656F9,1.0.0,current,SRC-TN-HDX-CODAB-2022,ENT-TN-IMADA-1454301,high,,ENT-TN-DELEGATION-3DDA099AD6C7,administrative_parent,ADM4 row / research sector code 1454301; dated ADM3 parent 1454,,,verified
REL-7F360CEEE8285171,1.0.0,current,SRC-TN-HDX-CODAB-2022,ENT-TN-IMADA-34611308,high,,ENT-TN-DELEGATION-0B9CE76F3AD6,administrative_parent,ADM4 row / research sector code 34611308; dated ADM3 parent 3461,,,verified
REL-7F612584F4255578,1.0.0,current,SRC-TN-HDX-CODAB-2022,ENT-TN-IMADA-43531596,high,,ENT-TN-DELEGATION-B63E32B2BC3F,administrative_parent,ADM4 row / research sector code 43531596; dated ADM3 parent 4353,,,verified
REL-7F64DEBB30035CC4,1.0.0,current,SRC-TN-HDX-CODAB-2022,ENT-TN-IMADA-3160999,high,,ENT-TN-DELEGATION-AC41B378E3D9,administrative_parent,ADM4 row / research sector code 3160999; dated ADM3 parent 3160,,,verified
REL-7F72DF589E90575B,1.0.0,current,SRC-TN-HDX-CODAB-2022,ENT-TN-IMADA-34581279,high,,ENT-TN-DELEGATION-05852EF74252,administrative_parent,ADM4 row / research sector code 34581279; dated ADM3 parent 3458,,,verified
REL-7F7417B69950564B,1.0.0,current,SRC-TN-HDX-CODAB-2022,ENT-TN-IMADA-31601004,high,,ENT-TN-DELEGATION-AC41B378E3D9,administrative_parent,ADM4 row / research sector code 31601004; dated ADM3 parent 3160,,,verified
REL-7F837C3B32FF5D32,1.0.0,current,SRC-TN-RESEARCH-GEOMETRY-2018,ENT-TN-MUNICIPALITY-4311,medium,Approximate research topology only; this is not an administrative parent relationship.,ENT-TN-DELEGATION-DB05A1325AE3,boundary_intersects,"sector evidence rows: 43511572,43511573,43511574,43511575,43511576,43511577,43511578,43511579,43511580,43511581,43519998,43519999",,,source_verified
REL-7F905308652052A6,1.0.0,current,SRC-TN-RESEARCH-GEOMETRY-2018,ENT-TN-MUNICIPALITY-4122,medium,Approximate research topology only; this is not an administrative parent relationship.,ENT-TN-DELEGATION-F9557E5DC693,boundary_intersects,"sector evidence rows: 41611453,41611454,41611457,41611458,41611459,41611460,41611461,41611462,41611463,41611464,41611465,41611466",,,source_verified
REL-7FA42EE43FBC5D6A,1.0.0,current,SRC-TN-HDX-CODAB-2022,ENT-TN-IMADA-1455309,high,,ENT-TN-DELEGATION-A8FC78D96A53,administrative_parent,ADM4 row / research sector code 1455309; dated ADM3 parent 1455,,,verified
REL-7FB70D8535675583,1.0.0,current,SRC-TN-HDX-CODAB-2022,ENT-TN-IMADA-42601535,high,,ENT-TN-DELEGATION-D555F337D568,administrative_parent,ADM4 row / research sector code 42601535; dated ADM3 parent 4260,,,verified
REL-7FCF19AF44BE5437,1.0.0,current,SRC-TN-RESEARCH-GEOMETRY-2018,ENT-TN-MUNICIPALITY-3433,medium,Approximate research topology only; this is not an administrative parent relationship.,ENT-TN-DELEGATION-15A144D6467E,boundary_intersects,"sector evidence rows: 34601292,34601294,34601295,34601299",,,source_verified
REL-7FDED2C5686457C6,1.0.0,current,SRC-TN-HDX-CODAB-2022,ENT-TN-IMADA-1362271,high,,ENT-TN-DELEGATION-D4FC46D8AB0D,administrative_parent,ADM4 row / research sector code 1362271; dated ADM3 parent 1362,,,verified
REL-7FE615A6D1EB5C2D,1.0.0,current,SRC-TN-HDX-CODAB-2022,ENT-TN-IMADA-2255727,high,,ENT-TN-DELEGATION-3D8C44AF7D14,administrative_parent,ADM4 row / research sector code 2255727; dated ADM3 parent 2255,,,verified
REL-7FE74976FDC85F44,1.0.0,current,SRC-TN-RESEARCH-GEOMETRY-2018,ENT-TN-MUNICIPALITY-5213,medium,Approximate research topology only; this is not an administrative parent relationship.,ENT-TN-DELEGATION-F7ED4B759BD6,boundary_intersects,"sector evidence rows: 52541788,52541789,52541790,52541791,52541792,52541793,52541794,52541795,52541796,52541797,52541798,52541799",,,source_verified
REL-80307457B5DD506B,1.0.0,current,SRC-TN-HDX-CODAB-2022,ENT-TN-IMADA-52591846,high,,ENT-TN-DELEGATION-F6FA367C4B52,administrative_parent,ADM4 row / research sector code 52591846; dated ADM3 parent 5259,,,verified
REL-803CF3C8B08C5AB6,1.0.0,current,SRC-TN-RESEARCH-GEOMETRY-2018,ENT-TN-MUNICIPALITY-2312,medium,Approximate research topology only; this is not an administrative parent relationship.,ENT-TN-DELEGATION-F153AA210A4D,boundary_intersects,"sector evidence rows: 2353784,2353785,2353786,2353787,2353791,2353794",,,source_verified
REL-803DE54D1EA55394,1.0.0,current,SRC-TN-HDX-CODAB-2022,ENT-TN-IMADA-2155632,high,,ENT-TN-DELEGATION-A97443748914,administrative_parent,ADM4 row / research sector code 2155632; dated ADM3 parent 2155,,,verified
REL-80495266CD085FBB,1.0.0,current,SRC-TN-HDX-CODAB-2022,ENT-TN-DELEGATION-3CEADA31C198,high,,ENT-TN-GOVERNORATE-A460B4F223EB,administrative_parent,ADM3 row / dated 264-delegation research code 2460,,,verified
REL-805AD066D8585E1B,1.0.0,current,SRC-TN-RESEARCH-GEOMETRY-2018,ENT-TN-MUNICIPALITY-3226,medium,Approximate research topology only; this is not an administrative parent relationship.,ENT-TN-DELEGATION-4E58B3CD9CB1,boundary_intersects,sector evidence rows: 32581099,,,source_verified
REL-8065278AA540565F,1.0.0,current,SRC-TN-HDX-CODAB-2022,ENT-TN-DELEGATION-E8E567F03E9D,high,,ENT-TN-GOVERNORATE-EA2D44B4F25E,administrative_parent,ADM3 row / dated 264-delegation research code 2156,,,verified
REL-806644BE04DA5A83,1.0.0,current,SRC-TN-HDX-CODAB-2022,ENT-TN-IMADA-1653444,high,,ENT-TN-DELEGATION-FE6A0D05DF67,administrative_parent,ADM4 row / research sector code 1653444; dated ADM3 parent 1653,,,verified
REL-807227334ACB584A,1.0.0,current,SRC-TN-HDX-CODAB-2022,ENT-TN-IMADA-32511054,high,,ENT-TN-DELEGATION-386953CDE2D6,administrative_parent,ADM4 row / research sector code 32511054; dated ADM3 parent 3251,,,verified
REL-8077EAF8A1A85824,1.0.0,current,SRC-TN-HDX-CODAB-2022,ENT-TN-IMADA-63552056,high,,ENT-TN-DELEGATION-010FEC49E881,administrative_parent,ADM4 row / research sector code 63552056; dated ADM3 parent 6355,,,verified
REL-80797663B60C5301,1.0.0,current,SRC-TN-HDX-CODAB-2022,ENT-TN-IMADA-32541070,high,,ENT-TN-DELEGATION-EFAC1514C55E,administrative_parent,ADM4 row / research sector code 32541070; dated ADM3 parent 3254,,,verified
REL-8085655EA7CE5C9A,1.0.0,current,SRC-TN-HDX-CODAB-2022,ENT-TN-IMADA-63542053,high,,ENT-TN-DELEGATION-3512572DC050,administrative_parent,ADM4 row / research sector code 63542053; dated ADM3 parent 6354,,,verified
REL-809A80F4DB255876,1.0.0,current,SRC-TN-HDX-CODAB-2022,ENT-TN-IMADA-34581283,high,,ENT-TN-DELEGATION-05852EF74252,administrative_parent,ADM4 row / research sector code 34581283; dated ADM3 parent 3458,,,verified
REL-80B2ABD7D0B7575E,1.0.0,current,SRC-TN-HDX-CODAB-2022,ENT-TN-IMADA-1351208,high,,ENT-TN-DELEGATION-8460EAF855E4,administrative_parent,ADM4 row / research sector code 1351208; dated ADM3 parent 1351,,,verified
REL-80CB9FB274D45A8D,1.0.0,current,SRC-TN-RESEARCH-GEOMETRY-2018,ENT-TN-MUNICIPALITY-2413,medium,Approximate research topology only; this is not an administrative parent relationship.,ENT-TN-DELEGATION-AF66ED06B9B8,boundary_intersects,"sector evidence rows: 2454883,2454884,2454885,2454886,2454887,2454888,2454889",,,source_verified
REL-80EAD3570C355941,1.0.0,current,SRC-TN-DGCL-MUNICIPALITIES-2024,ENT-TN-MUNICIPALITY-6111,high,,ENT-TN-GOVERNORATE-467CAA2B1928,administrative_parent,January 2024 workbook row: governorate 61; municipality code 6111,,,verified
REL-80FAAF19149D5A31,1.0.0,historical,SRC-LY-BSC-CENSUS-2006,ENT-LY-SHABIYA-HISTORICAL-B3DDBFEFC011,high,Historical hierarchy snapshot only.,ENT-LY-COUNTRY,administrative_parent,2006 census region: المرقب,,,verified
REL-8103485FDF6C5C76,1.0.0,current,SRC-TN-HDX-CODAB-2022,ENT-TN-IMADA-1355232,high,,ENT-TN-DELEGATION-19EB9068FDEB,administrative_parent,ADM4 row / research sector code 1355232; dated ADM3 parent 1355,,,verified
REL-810A0EAA68BD518E,1.0.0,current,SRC-TN-HDX-CODAB-2022,ENT-TN-IMADA-1152114,high,,ENT-TN-DELEGATION-CC12560912DD,administrative_parent,ADM4 row / research sector code 1152114; dated ADM3 parent 1152,,,verified
REL-810FF276E04E5BA1,1.0.0,current,SRC-TN-HDX-CODAB-2022,ENT-TN-DELEGATION-0E56BD3D1B3A,high,,ENT-TN-GOVERNORATE-D5ED89886664,administrative_parent,ADM3 row / dated 264-delegation research code 1357,,,verified
REL-811E76203A015532,1.0.0,current,SRC-TN-HDX-CODAB-2022,ENT-TN-IMADA-3153958,high,,ENT-TN-DELEGATION-9D652FC873EB,administrative_parent,ADM4 row / research sector code 3153958; dated ADM3 parent 3153,,,verified
REL-815065ABC84A528F,1.0.0,current,SRC-TN-HDX-CODAB-2022,ENT-TN-IMADA-41591444,high,,ENT-TN-DELEGATION-533D4E540C29,administrative_parent,ADM4 row / research sector code 41591444; dated ADM3 parent 4159,,,verified
REL-816B569253DD5268,1.0.0,current,SRC-TN-HDX-CODAB-2022,ENT-TN-IMADA-116294,high,,ENT-TN-DELEGATION-D75198EE6BB5,administrative_parent,ADM4 row / research sector code 116294; dated ADM3 parent 1162,,,verified
REL-81737BF42E255975,1.0.0,current,SRC-TN-HDX-CODAB-2022,ENT-TN-DELEGATION-F12F59DBC46E,high,,ENT-TN-GOVERNORATE-7A4D0C3A889C,administrative_parent,ADM3 row / dated 264-delegation research code 2256,,,verified
REL-817CDE79DBA65381,1.0.0,current,SRC-TN-DGCL-MUNICIPALITIES-2024,ENT-TN-MUNICIPALITY-2320,high,,ENT-TN-GOVERNORATE-0D738EAC753C,administrative_parent,January 2024 workbook row: governorate 23; municipality code 2320,,,verified
REL-818B5686D4015F17,1.0.0,current,SRC-TN-DGCL-MUNICIPALITIES-2024,ENT-TN-MUNICIPALITY-4129,high,,ENT-TN-GOVERNORATE-D28A09D558AD,administrative_parent,January 2024 workbook row: governorate 41; municipality code 4129,,,verified
REL-818BF2780BAF558B,1.0.0,current,SRC-TN-RESEARCH-GEOMETRY-2018,ENT-TN-MUNICIPALITY-3415,medium,Approximate research topology only; this is not an administrative parent relationship.,ENT-TN-DELEGATION-CC6DBA2640FB,boundary_intersects,"sector evidence rows: 34551260,34551261",,,source_verified
REL-8191CBCBB9BC5636,1.0.0,current,SRC-LY-MOLG-MUNICIPALITIES-2026,ENT-LY-MUNICIPALITY-4F6B5309ABE3,high,,ENT-LY-COUNTRY,administrative_parent,Municipality list entry: القرضة الشاطئ,,,verified
REL-819B20FBEDBE5595,1.0.0,current,SRC-TN-HDX-CODAB-2022,ENT-TN-IMADA-41521366,high,,ENT-TN-DELEGATION-3568AB5821B0,administrative_parent,ADM4 row / research sector code 41521366; dated ADM3 parent 4152,,,verified
REL-81BE182B95AE5038,1.0.0,current,SRC-TN-RESEARCH-GEOMETRY-2018,ENT-TN-MUNICIPALITY-6121,medium,Approximate research topology only; this is not an administrative parent relationship.,ENT-TN-DELEGATION-8C1A5CC41315,boundary_intersects,"sector evidence rows: 61531929,61531930",,,source_verified
REL-81BF837C08A651D0,1.0.0,current,SRC-TN-HDX-CODAB-2022,ENT-TN-DELEGATION-08DFD967FB8E,high,,ENT-TN-GOVERNORATE-EA2D44B4F25E,administrative_parent,ADM3 row / dated 264-delegation research code 2152,,,verified
REL-825FF3F186CD531C,1.0.0,current,SRC-TN-DGCL-MUNICIPALITIES-2024,ENT-TN-MUNICIPALITY-4123,high,,ENT-TN-GOVERNORATE-D28A09D558AD,administrative_parent,January 2024 workbook row: governorate 41; municipality code 4123,,,verified
REL-82675BC3CCEC537D,1.0.0,current,SRC-TN-HDX-CODAB-2022,ENT-TN-IMADA-2259768,high,,ENT-TN-DELEGATION-A1AD72837943,administrative_parent,ADM4 row / research sector code 2259768; dated ADM3 parent 2259,,,verified
REL-827CBD0DCF615F92,1.0.0,current,SRC-TN-RESEARCH-GEOMETRY-2018,ENT-TN-MUNICIPALITY-3414,medium,Approximate research topology only; this is not an administrative parent relationship.,ENT-TN-DELEGATION-3757F6B83BE1,boundary_intersects,"sector evidence rows: 34541251,34541252,34541253,34541254",,,source_verified
REL-828907390F7E53D7,1.0.0,current,SRC-TN-HDX-CODAB-2022,ENT-TN-IMADA-2256737,high,,ENT-TN-DELEGATION-F12F59DBC46E,administrative_parent,ADM4 row / research sector code 2256737; dated ADM3 parent 2256,,,verified
REL-829A0DEB74A0579F,1.0.0,current,SRC-TN-HDX-CODAB-2022,ENT-TN-IMADA-43571631,high,,ENT-TN-DELEGATION-69C4DE6E547E,administrative_parent,ADM4 row / research sector code 43571631; dated ADM3 parent 4357,,,verified
REL-82AAE7CE71BC5F6C,1.0.0,current,SRC-TN-HDX-CODAB-2022,ENT-TN-IMADA-52551810,high,,ENT-TN-DELEGATION-6EFE1FF87CAA,administrative_parent,ADM4 row / research sector code 52551810; dated ADM3 parent 5255,,,verified
REL-82C92D37146750BC,1.0.0,current,SRC-TN-DGCL-MUNICIPALITIES-2024,ENT-TN-MUNICIPALITY-5211,high,,ENT-TN-GOVERNORATE-902616FE3988,administrative_parent,January 2024 workbook row: governorate 52; municipality code 5211,,,verified
REL-831BB7288D6F512D,1.0.0,current,SRC-TN-HDX-CODAB-2022,ENT-TN-IMADA-1557368,high,,ENT-TN-DELEGATION-6DD1C12A1852,administrative_parent,ADM4 row / research sector code 1557368; dated ADM3 parent 1557,,,verified
REL-831E760A5ACD5F4C,1.0.0,current,SRC-TN-HDX-CODAB-2022,ENT-TN-GOVERNORATE-36E4260B310C,high,,ENT-TN-COUNTRY,administrative_parent,ADM2 row / research governorate code 42,,,verified
REL-8321FD1500585268,1.0.0,current,SRC-TN-HDX-CODAB-2022,ENT-TN-IMADA-41521378,high,,ENT-TN-DELEGATION-3568AB5821B0,administrative_parent,ADM4 row / research sector code 41521378; dated ADM3 parent 4152,,,verified
REL-836B2E5EC5D55D9B,1.0.0,current,SRC-TN-HDX-CODAB-2022,ENT-TN-IMADA-52551812,high,,ENT-TN-DELEGATION-6EFE1FF87CAA,administrative_parent,ADM4 row / research sector code 52551812; dated ADM3 parent 5255,,,verified
REL-839BDD22E65551EA,1.0.0,historical,SRC-LY-BSC-CENSUS-2006,ENT-LY-SHABIYA-HISTORICAL-FB593D7CD4D4,high,Historical hierarchy snapshot only.,ENT-LY-COUNTRY,administrative_parent,2006 census region: نالوت,,,verified
REL-83B24D5B10DE518B,1.0.0,current,SRC-TN-HDX-CODAB-2022,ENT-TN-IMADA-34511232,high,,ENT-TN-DELEGATION-A43DBAE26B8A,administrative_parent,ADM4 row / research sector code 34511232; dated ADM3 parent 3451,,,verified
REL-83CEFC2045585B01,1.0.0,current,SRC-TN-HDX-CODAB-2022,ENT-TN-IMADA-1756522,high,,ENT-TN-DELEGATION-39EFA7D5C92F,administrative_parent,ADM4 row / research sector code 1756522; dated ADM3 parent 1756,,,verified
REL-83E796E62DA65347,1.0.0,current,SRC-TN-HDX-CODAB-2022,ENT-TN-IMADA-61581968,high,,ENT-TN-DELEGATION-A638A51CF8F7,administrative_parent,ADM4 row / research sector code 61581968; dated ADM3 parent 6158,,,verified
REL-83F53C455C2651C0,1.0.0,current,SRC-TN-HDX-CODAB-2022,ENT-TN-IMADA-1552334,high,,ENT-TN-DELEGATION-14077DE6F00B,administrative_parent,ADM4 row / research sector code 1552334; dated ADM3 parent 1552,,,verified
REL-83FC42E7CDEF5765,1.0.0,current,SRC-TN-HDX-CODAB-2022,ENT-TN-IMADA-63532049,high,,ENT-TN-DELEGATION-44DC92075FFF,administrative_parent,ADM4 row / research sector code 63532049; dated ADM3 parent 6353,,,verified
REL-840F703B3AA156BB,1.0.0,current,SRC-TN-HDX-CODAB-2022,ENT-TN-DELEGATION-2592EE0518F8,high,,ENT-TN-GOVERNORATE-CC06DF550344,administrative_parent,ADM3 row / dated 264-delegation research code 1456,,,verified
REL-8418565628925318,1.0.0,current,SRC-TN-HDX-CODAB-2022,ENT-TN-IMADA-1454306,high,,ENT-TN-DELEGATION-3DDA099AD6C7,administrative_parent,ADM4 row / research sector code 1454306; dated ADM3 parent 1454,,,verified
REL-8422E4E1E308528D,1.0.0,current,SRC-TN-HDX-CODAB-2022,ENT-TN-IMADA-1552336,high,,ENT-TN-DELEGATION-14077DE6F00B,administrative_parent,ADM4 row / research sector code 1552336; dated ADM3 parent 1552,,,verified
REL-84303B7ACC8F507A,1.0.0,current,SRC-TN-HDX-CODAB-2022,ENT-TN-IMADA-2158658,high,,ENT-TN-DELEGATION-E8E2CE15323A,administrative_parent,ADM4 row / research sector code 2158658; dated ADM3 parent 2158,,,verified
REL-843E40E3200C50DF,1.0.0,current,SRC-TN-DGCL-MUNICIPALITIES-2024,ENT-TN-MUNICIPALITY-1519,high,,ENT-TN-GOVERNORATE-EA30E853F598,administrative_parent,January 2024 workbook row: governorate 15; municipality code 1519,,,verified
REL-8447ED23A1825526,1.0.0,current,SRC-TN-HDX-CODAB-2022,ENT-TN-IMADA-34611311,high,,ENT-TN-DELEGATION-0B9CE76F3AD6,administrative_parent,ADM4 row / research sector code 34611311; dated ADM3 parent 3461,,,verified
REL-844DE2867F255883,1.0.0,current,SRC-TN-HDX-CODAB-2022,ENT-TN-IMADA-34611300,high,,ENT-TN-DELEGATION-0B9CE76F3AD6,administrative_parent,ADM4 row / research sector code 34611300; dated ADM3 parent 3461,,,verified
REL-84554D9E7CC15D3D,1.0.0,current,SRC-TN-RESEARCH-GEOMETRY-2018,ENT-TN-MUNICIPALITY-1720,medium,Approximate research topology only; this is not an administrative parent relationship.,ENT-TN-DELEGATION-CB0D8DF8758C,boundary_intersects,"sector evidence rows: 1763566,1763567,1763568,1763569",,,source_verified
REL-846A7D8877F953CB,1.0.0,current,SRC-TN-HDX-CODAB-2022,ENT-TN-IMADA-33561175,high,,ENT-TN-DELEGATION-706200A5C126,administrative_parent,ADM4 row / research sector code 33561175; dated ADM3 parent 3356,,,verified
REL-848C7A3A0ADC52C3,1.0.0,current,SRC-TN-HDX-CODAB-2022,ENT-TN-IMADA-42591521,high,,ENT-TN-DELEGATION-9AB968FD4EE0,administrative_parent,ADM4 row / research sector code 42591521; dated ADM3 parent 4259,,,verified
REL-848F565F25F25371,1.0.0,current,SRC-TN-DGCL-MUNICIPALITIES-2024,ENT-TN-MUNICIPALITY-1321,high,,ENT-TN-GOVERNORATE-D5ED89886664,administrative_parent,January 2024 workbook row: governorate 13; municipality code 1321,,,verified
REL-84B3CB07C1305BC5,1.0.0,current,SRC-TN-RESEARCH-GEOMETRY-2018,ENT-TN-MUNICIPALITY-1711,medium,Approximate research topology only; this is not an administrative parent relationship.,ENT-TN-DELEGATION-FCEB64E05ED0,boundary_intersects,"sector evidence rows: 1752488,1752489,1752490,1752491",,,source_verified
REL-84D77CB4A5D756FD,1.0.0,current,SRC-TN-HDX-CODAB-2022,ENT-TN-IMADA-42631565,high,,ENT-TN-DELEGATION-A9463801F6AD,administrative_parent,ADM4 row / research sector code 42631565; dated ADM3 parent 4263,,,verified
REL-84D960B90A4D50D6,1.0.0,current,SRC-TN-HDX-CODAB-2022,ENT-TN-IMADA-1566425,high,,ENT-TN-DELEGATION-B95D26E1207F,administrative_parent,ADM4 row / research sector code 1566425; dated ADM3 parent 1566,,,verified
REL-84DBB1D7958C5E50,1.0.0,current,SRC-TN-HDX-CODAB-2022,ENT-TN-IMADA-2256743,high,,ENT-TN-DELEGATION-F12F59DBC46E,administrative_parent,ADM4 row / research sector code 2256743; dated ADM3 parent 2256,,,verified
REL-84E087409F0B5C03,1.0.0,current,SRC-TN-HDX-CODAB-2022,ENT-TN-IMADA-2258760,high,,ENT-TN-DELEGATION-7B1B28620EBA,administrative_parent,ADM4 row / research sector code 2258760; dated ADM3 parent 2258,,,verified
REL-84F6D1A0F47E5B9F,1.0.0,current,SRC-TN-RESEARCH-GEOMETRY-2018,ENT-TN-MUNICIPALITY-1111,medium,Approximate research topology only; this is not an administrative parent relationship.,ENT-TN-DELEGATION-22BE73F7EFB2,boundary_intersects,"sector evidence rows: 115415,115416,115417,115418,115419,115420,115421,115422,115423,115424,115425",,,source_verified
REL-850614B30FA35670,1.0.0,current,SRC-TN-HDX-CODAB-2022,ENT-TN-IMADA-41521364,high,,ENT-TN-DELEGATION-3568AB5821B0,administrative_parent,ADM4 row / research sector code 41521364; dated ADM3 parent 4152,,,verified
REL-850890B57E105DD8,1.0.0,current,SRC-TN-DGCL-MUNICIPALITIES-2024,ENT-TN-MUNICIPALITY-4215,high,,ENT-TN-GOVERNORATE-36E4260B310C,administrative_parent,January 2024 workbook row: governorate 42; municipality code 4215,,,verified
REL-8510270A4ADE581E,1.0.0,current,SRC-TN-HDX-CODAB-2022,ENT-TN-IMADA-1170147,high,,ENT-TN-DELEGATION-2576985BFCE5,administrative_parent,ADM4 row / research sector code 1170147; dated ADM3 parent 1170,,,verified
REL-8512D114F37D57AC,1.0.0,current,SRC-TN-HDX-CODAB-2022,ENT-TN-IMADA-1253175,high,,ENT-TN-DELEGATION-11CCF21EE571,administrative_parent,ADM4 row / research sector code 1253175; dated ADM3 parent 1253,,,verified
REL-851393D214035E33,1.0.0,current,SRC-TN-HDX-CODAB-2022,ENT-TN-IMADA-34551261,high,,ENT-TN-DELEGATION-CC6DBA2640FB,administrative_parent,ADM4 row / research sector code 34551261; dated ADM3 parent 3455,,,verified
REL-851C981742EF5E53,1.0.0,current,SRC-TN-HDX-CODAB-2022,ENT-TN-IMADA-2354798,high,,ENT-TN-DELEGATION-D77747883E55,administrative_parent,ADM4 row / research sector code 2354798; dated ADM3 parent 2354,,,verified
REL-85352136BAA55EDC,1.0.0,current,SRC-TN-HDX-CODAB-2022,ENT-TN-DELEGATION-8C1A5CC41315,high,,ENT-TN-GOVERNORATE-467CAA2B1928,administrative_parent,ADM3 row / dated 264-delegation research code 6153,,,verified
REL-8564304BB5565B32,1.0.0,current,SRC-TN-RESEARCH-GEOMETRY-2018,ENT-TN-MUNICIPALITY-3327,medium,Approximate research topology only; this is not an administrative parent relationship.,ENT-TN-DELEGATION-47EFAA8BC79F,boundary_intersects,"sector evidence rows: 33571189,33571190,33571191,33571192",,,source_verified
REL-8570761A42FF5E51,1.0.0,current,SRC-TN-HDX-CODAB-2022,ENT-TN-IMADA-43521586,high,,ENT-TN-DELEGATION-B5CD972E98C1,administrative_parent,ADM4 row / research sector code 43521586; dated ADM3 parent 4352,,,verified
REL-858CCFABEB3C5647,1.0.0,current,SRC-TN-HDX-CODAB-2022,ENT-TN-IMADA-33601202,high,,ENT-TN-DELEGATION-5D5CDCB7496E,administrative_parent,ADM4 row / research sector code 33601202; dated ADM3 parent 3360,,,verified
REL-8591BDD3C1CF5782,1.0.0,current,SRC-TN-HDX-CODAB-2022,ENT-TN-IMADA-41551409,high,,ENT-TN-DELEGATION-6EC1A2137D0E,administrative_parent,ADM4 row / research sector code 41551409; dated ADM3 parent 4155,,,verified
REL-85997F8671705FB4,1.0.0,current,SRC-TN-HDX-CODAB-2022,ENT-TN-DELEGATION-DEB9F3EFCD2D,high,,ENT-TN-GOVERNORATE-1864AE41D5B4,administrative_parent,ADM3 row / dated 264-delegation research code 6352,,,verified
REL-859CEC8BED605F4D,1.0.0,current,SRC-TN-HDX-CODAB-2022,ENT-TN-IMADA-1164128,high,,ENT-TN-DELEGATION-1F3317733151,administrative_parent,ADM4 row / research sector code 1164128; dated ADM3 parent 1164,,,verified
REL-85A6517B4E2F52DF,1.0.0,current,SRC-TN-HDX-CODAB-2022,ENT-TN-DELEGATION-CEF958458571,high,,ENT-TN-GOVERNORATE-DB8D5C457676,administrative_parent,ADM3 row / dated 264-delegation research code 1151,,,verified
REL-85AA099287515FD6,1.0.0,current,SRC-TN-RESEARCH-GEOMETRY-2018,ENT-TN-MUNICIPALITY-3123,medium,Approximate research topology only; this is not an administrative parent relationship.,ENT-TN-DELEGATION-9ADFA1D292D9,boundary_intersects,"sector evidence rows: 31641028,31641029,31641030,31641031,31641032,31641033,31641034,31641035,31641036,31641037,31641038,31641039,31641040,31641041,31641042,31641043",,,source_verified
REL-85AF60DC935057BC,1.0.0,current,SRC-TN-DGCL-MUNICIPALITIES-2024,ENT-TN-MUNICIPALITY-5126,high,,ENT-TN-GOVERNORATE-DF747014232C,administrative_parent,January 2024 workbook row: governorate 51; municipality code 5126,,,verified
REL-85BA5C69826351AC,1.0.0,current,SRC-TN-HDX-CODAB-2022,ENT-TN-IMADA-1553338,high,,ENT-TN-DELEGATION-00F12985BEC9,administrative_parent,ADM4 row / research sector code 1553338; dated ADM3 parent 1553,,,verified
REL-85CC214AE37C51B5,1.0.0,current,SRC-TN-ONTT-PLACES-2018,ENT-TN-SITE-MAGON,high,,ENT-TN-SITE-CARTHAGE,located_in,Around Carthage and Sidi Bou Said: remains of the Magon quarter,,,verified
REL-85CC39CE366D56F3,1.0.0,current,SRC-TN-HDX-CODAB-2022,ENT-TN-IMADA-3153961,high,,ENT-TN-DELEGATION-9D652FC873EB,administrative_parent,ADM4 row / research sector code 3153961; dated ADM3 parent 3153,,,verified
REL-85DF9164F9835286,1.0.0,current,SRC-TN-HDX-CODAB-2022,ENT-TN-IMADA-1653446,high,,ENT-TN-DELEGATION-FE6A0D05DF67,administrative_parent,ADM4 row / research sector code 1653446; dated ADM3 parent 1653,,,verified
REL-85FD3129A1E8574A,1.0.0,current,SRC-TN-HDX-CODAB-2022,ENT-TN-IMADA-2255718,high,,ENT-TN-DELEGATION-3D8C44AF7D14,administrative_parent,ADM4 row / research sector code 2255718; dated ADM3 parent 2255,,,verified
REL-861E40FE353B5848,1.0.0,current,SRC-TN-HDX-CODAB-2022,ENT-TN-IMADA-1167121,high,,ENT-TN-DELEGATION-40268C8E9C06,administrative_parent,ADM4 row / research sector code 1167121; dated ADM3 parent 1167,,,verified
REL-8623853049745503,1.0.0,current,SRC-TN-HDX-CODAB-2022,ENT-TN-IMADA-2458915,high,,ENT-TN-DELEGATION-2F6C05AAB735,administrative_parent,ADM4 row / research sector code 2458915; dated ADM3 parent 2458,,,verified
REL-8633F10003AE5492,1.0.0,current,SRC-TN-HDX-CODAB-2022,ENT-TN-IMADA-51521692,high,,ENT-TN-DELEGATION-AFAE2BE79F31,administrative_parent,ADM4 row / research sector code 51521692; dated ADM3 parent 5152,,,verified
REL-865EBD43BD465D40,1.0.0,current,SRC-TN-HDX-CODAB-2022,ENT-TN-IMADA-41611465,high,,ENT-TN-DELEGATION-F9557E5DC693,administrative_parent,ADM4 row / research sector code 41611465; dated ADM3 parent 4161,,,verified
REL-86A83BCBD50C5BC0,1.0.0,current,SRC-TN-HDX-CODAB-2022,ENT-TN-GOVERNORATE-DB8D5C457676,high,,ENT-TN-COUNTRY,administrative_parent,ADM2 row / research governorate code 11,,,verified
REL-86C54D44551252C1,1.0.0,current,SRC-TN-HDX-CODAB-2022,ENT-TN-IMADA-42621561,high,,ENT-TN-DELEGATION-C41B01AE892E,administrative_parent,ADM4 row / research sector code 42621561; dated ADM3 parent 4262,,,verified
REL-86E19E344E0E504C,1.0.0,current,SRC-TN-HDX-CODAB-2022,ENT-TN-IMADA-42611544,high,,ENT-TN-DELEGATION-52AE19694D81,administrative_parent,ADM4 row / research sector code 42611544; dated ADM3 parent 4261,,,verified
REL-86E679DA101E52E2,1.0.0,historical,SRC-LY-BSC-CENSUS-2006,ENT-LY-SHABIYA-HISTORICAL-EB71D983D50C,high,Historical hierarchy snapshot only.,ENT-LY-COUNTRY,administrative_parent,2006 census region: الكفرة,,,verified
REL-87006B1C7B65519E,1.0.0,current,SRC-TN-HDX-CODAB-2022,ENT-TN-IMADA-43521591,high,,ENT-TN-DELEGATION-B5CD972E98C1,administrative_parent,ADM4 row / research sector code 43521591; dated ADM3 parent 4352,,,verified
REL-871962482FB1509F,1.0.0,current,SRC-TN-HDX-CODAB-2022,ENT-TN-IMADA-61551945,high,,ENT-TN-DELEGATION-57457D07E717,administrative_parent,ADM4 row / research sector code 61551945; dated ADM3 parent 6155,,,verified
REL-872DF1C0C090528B,1.0.0,current,SRC-TN-HDX-CODAB-2022,ENT-TN-IMADA-2455896,high,,ENT-TN-DELEGATION-27DFBC8894A9,administrative_parent,ADM4 row / research sector code 2455896; dated ADM3 parent 2455,,,verified
REL-8730696219A35E2F,1.0.0,current,SRC-TN-HDX-CODAB-2022,ENT-TN-IMADA-53531883,high,,ENT-TN-DELEGATION-9571A404E72D,administrative_parent,ADM4 row / research sector code 53531883; dated ADM3 parent 5353,,,verified
REL-873403D9CF4353BC,1.0.0,current,SRC-TN-HDX-CODAB-2022,ENT-TN-IMADA-2154624,high,,ENT-TN-DELEGATION-028DF902ABF9,administrative_parent,ADM4 row / research sector code 2154624; dated ADM3 parent 2154,,,verified
REL-8743A7C0350750AA,1.0.0,current,SRC-TN-HDX-CODAB-2022,ENT-TN-IMADA-43581637,high,,ENT-TN-DELEGATION-9846A16575C2,administrative_parent,ADM4 row / research sector code 43581637; dated ADM3 parent 4358,,,verified
REL-874724E1390B5D15,1.0.0,current,SRC-TN-HDX-CODAB-2022,ENT-TN-IMADA-31611009,high,,ENT-TN-DELEGATION-D06EBCEA26BA,administrative_parent,ADM4 row / research sector code 31611009; dated ADM3 parent 3161,,,verified
REL-875660898B895863,1.0.0,current,SRC-TN-DGCL-MUNICIPALITIES-2024,ENT-TN-MUNICIPALITY-4314,high,,ENT-TN-GOVERNORATE-47F772AA4A84,administrative_parent,January 2024 workbook row: governorate 43; municipality code 4314,,,verified
REL-87684A94C8A65503,1.0.0,current,SRC-TN-HDX-CODAB-2022,ENT-TN-IMADA-1254182,high,,ENT-TN-DELEGATION-7D060F057E64,administrative_parent,ADM4 row / research sector code 1254182; dated ADM3 parent 1254,,,verified
REL-877312544A23519A,1.0.0,current,SRC-TN-HDX-CODAB-2022,ENT-TN-IMADA-2253700,high,,ENT-TN-DELEGATION-997BFDED88CF,administrative_parent,ADM4 row / research sector code 2253700; dated ADM3 parent 2253,,,verified
REL-8778C30F74AF57EB,1.0.0,current,SRC-TN-HDX-CODAB-2022,ENT-TN-IMADA-2153605,high,,ENT-TN-DELEGATION-64B47287C7CC,administrative_parent,ADM4 row / research sector code 2153605; dated ADM3 parent 2153,,,verified
REL-8782318ADC105B76,1.0.0,current,SRC-TN-HDX-CODAB-2022,ENT-TN-IMADA-33601204,high,,ENT-TN-DELEGATION-5D5CDCB7496E,administrative_parent,ADM4 row / research sector code 33601204; dated ADM3 parent 3360,,,verified
REL-878FAAFE45F757EE,1.0.0,current,SRC-TN-HDX-CODAB-2022,ENT-TN-IMADA-41561419,high,,ENT-TN-DELEGATION-7E9A8227F3FE,administrative_parent,ADM4 row / research sector code 41561419; dated ADM3 parent 4156,,,verified
REL-879486E6D88E5E7D,1.0.0,current,SRC-TN-HDX-CODAB-2022,ENT-TN-IMADA-115555,high,,ENT-TN-DELEGATION-6027493801C5,administrative_parent,ADM4 row / research sector code 115555; dated ADM3 parent 1155,,,verified
REL-8796FFAA5486524E,1.0.0,current,SRC-TN-RESEARCH-GEOMETRY-2018,ENT-TN-MUNICIPALITY-6215,medium,Approximate research topology only; this is not an administrative parent relationship.,ENT-TN-DELEGATION-21A9D436EAA7,boundary_intersects,"sector evidence rows: 62532009,62532010,62532011,62532012,62532013,62532014",,,source_verified
REL-87BBE6F422985A1B,1.0.0,current,SRC-TN-HDX-CODAB-2022,ENT-TN-IMADA-1171153,high,,ENT-TN-DELEGATION-3C575B9AF71B,administrative_parent,ADM4 row / research sector code 1171153; dated ADM3 parent 1171,,,verified
REL-87BF688B1E7E56C9,1.0.0,current,SRC-TN-HDX-CODAB-2022,ENT-TN-IMADA-43531594,high,,ENT-TN-DELEGATION-B63E32B2BC3F,administrative_parent,ADM4 row / research sector code 43531594; dated ADM3 parent 4353,,,verified
REL-87C77B64BD5F521D,1.0.0,current,SRC-TN-HDX-CODAB-2022,ENT-TN-IMADA-41561414,high,,ENT-TN-DELEGATION-7E9A8227F3FE,administrative_parent,ADM4 row / research sector code 41561414; dated ADM3 parent 4156,,,verified
REL-8814928FDBAC5258,1.0.0,current,SRC-TN-HDX-CODAB-2022,ENT-TN-IMADA-1255189,high,,ENT-TN-DELEGATION-EE9A7B5ED169,administrative_parent,ADM4 row / research sector code 1255189; dated ADM3 parent 1255,,,verified
REL-8829305899AD5302,1.0.0,current,SRC-TN-HDX-CODAB-2022,ENT-TN-DELEGATION-5C87693EF7C1,high,,ENT-TN-GOVERNORATE-DB8D5C457676,administrative_parent,ADM3 row / dated 264-delegation research code 1157,,,verified
REL-8833B9004CFB500D,1.0.0,current,SRC-TN-HDX-CODAB-2022,ENT-TN-IMADA-41541400,high,,ENT-TN-DELEGATION-A6D2E459547E,administrative_parent,ADM4 row / research sector code 41541400; dated ADM3 parent 4154,,,verified
REL-8836FBBC66FD5E74,1.0.0,current,SRC-LY-MOLG-MUNICIPALITIES-2026,ENT-LY-MUNICIPALITY-AC19BA540992,high,,ENT-LY-COUNTRY,administrative_parent,Municipality list entry: جالو,,,verified
REL-883916EF18785E40,1.0.0,current,SRC-TN-HDX-CODAB-2022,ENT-TN-IMADA-2460938,high,,ENT-TN-DELEGATION-3CEADA31C198,administrative_parent,ADM4 row / research sector code 2460938; dated ADM3 parent 2460,,,verified
REL-88422A1ACB8A5867,1.0.0,current,SRC-TN-HDX-CODAB-2022,ENT-TN-DELEGATION-64B47287C7CC,high,,ENT-TN-GOVERNORATE-EA2D44B4F25E,administrative_parent,ADM3 row / dated 264-delegation research code 2153,,,verified
REL-8859A62C9FB5558B,1.0.0,current,SRC-TN-HDX-CODAB-2022,ENT-TN-IMADA-41521373,high,,ENT-TN-DELEGATION-3568AB5821B0,administrative_parent,ADM4 row / research sector code 41521373; dated ADM3 parent 4152,,,verified
REL-887F95F4BC295E82,1.0.0,current,SRC-TN-RESEARCH-GEOMETRY-2018,ENT-TN-MUNICIPALITY-4319,medium,Approximate research topology only; this is not an administrative parent relationship.,ENT-TN-DELEGATION-755242916060,boundary_intersects,"sector evidence rows: 43611658,43611661,43611662,43611663,43611664,43611665,43611666,43611667,43611668,43611669,43611673,43611674",,,source_verified
REL-888F309C607E501E,1.0.0,current,SRC-TN-HDX-CODAB-2022,ENT-TN-IMADA-2259772,high,,ENT-TN-DELEGATION-A1AD72837943,administrative_parent,ADM4 row / research sector code 2259772; dated ADM3 parent 2259,,,verified
REL-889C78FEF2AA5B47,1.0.0,current,SRC-TN-HDX-CODAB-2022,ENT-TN-IMADA-51521690,high,,ENT-TN-DELEGATION-AFAE2BE79F31,administrative_parent,ADM4 row / research sector code 51521690; dated ADM3 parent 5152,,,verified
REL-88BEE61FC4D25708,1.0.0,current,SRC-TN-HDX-CODAB-2022,ENT-TN-IMADA-1171156,high,,ENT-TN-DELEGATION-3C575B9AF71B,administrative_parent,ADM4 row / research sector code 1171156; dated ADM3 parent 1171,,,verified
REL-890EEF18F63054C0,1.0.0,current,SRC-TN-HDX-CODAB-2022,ENT-TN-IMADA-1756528,high,,ENT-TN-DELEGATION-39EFA7D5C92F,administrative_parent,ADM4 row / research sector code 1756528; dated ADM3 parent 1756,,,verified
REL-891F17ABA60F5F9D,1.0.0,current,SRC-TN-RESEARCH-GEOMETRY-2018,ENT-TN-MUNICIPALITY-3240,medium,Approximate research topology only; this is not an administrative parent relationship.,ENT-TN-DELEGATION-7F9EBE1F4EA1,boundary_intersects,sector evidence rows: 32631125,,,source_verified
REL-89291BC0EC1B570A,1.0.0,current,SRC-TN-HDX-CODAB-2022,ENT-TN-IMADA-1163104,high,,ENT-TN-DELEGATION-FE081F997DC5,administrative_parent,ADM4 row / research sector code 1163104; dated ADM3 parent 1163,,,verified
REL-89479866ED0D5388,1.0.0,current,SRC-TN-DGCL-MUNICIPALITIES-2024,ENT-TN-MUNICIPALITY-1521,high,,ENT-TN-GOVERNORATE-EA30E853F598,administrative_parent,January 2024 workbook row: governorate 15; municipality code 1521,,,verified
REL-8951BB02A5E45C1C,1.0.0,current,SRC-TN-HDX-CODAB-2022,ENT-TN-DELEGATION-5589DBA6CB89,high,,ENT-TN-GOVERNORATE-97D2B1489F90,administrative_parent,ADM3 row / dated 264-delegation research code 3452,,,verified
REL-897ED883DDF95AD2,1.0.0,current,SRC-TN-DGCL-MUNICIPALITIES-2024,ENT-TN-MUNICIPALITY-1420,high,,ENT-TN-GOVERNORATE-CC06DF550344,administrative_parent,January 2024 workbook row: governorate 14; municipality code 1420,,,verified
REL-8985D680B4A6585C,1.0.0,current,SRC-TN-RESEARCH-GEOMETRY-2018,ENT-TN-MUNICIPALITY-1211,medium,Approximate research topology only; this is not an administrative parent relationship.,ENT-TN-DELEGATION-907386F80604,boundary_intersects,"sector evidence rows: 1251159,1251160,1251161,1251162,1251163,1251164,1251165,1251166,1251167",,,source_verified
REL-89A8A77088885EE5,1.0.0,current,SRC-LY-MOLG-MUNICIPALITIES-2026,ENT-LY-MUNICIPALITY-19604B73339C,high,,ENT-LY-COUNTRY,administrative_parent,Municipality list entry: إجدابيا,,,verified
REL-89CFB002175C51EB,1.0.0,current,SRC-TN-HDX-CODAB-2022,ENT-TN-IMADA-34561266,high,,ENT-TN-DELEGATION-99EBA5A17CB9,administrative_parent,ADM4 row / research sector code 34561266; dated ADM3 parent 3456,,,verified
REL-89F3F35463F757B3,1.0.0,current,SRC-TN-HDX-CODAB-2022,ENT-TN-IMADA-1760551,high,,ENT-TN-DELEGATION-920707B361CE,administrative_parent,ADM4 row / research sector code 1760551; dated ADM3 parent 1760,,,verified
REL-89F76A25E16A52E7,1.0.0,current,SRC-TN-HDX-CODAB-2022,ENT-TN-IMADA-52551802,high,,ENT-TN-DELEGATION-6EFE1FF87CAA,administrative_parent,ADM4 row / research sector code 52551802; dated ADM3 parent 5255,,,verified
REL-89FE2332166055DA,1.0.0,current,SRC-TN-HDX-CODAB-2022,ENT-TN-IMADA-62522005,high,,ENT-TN-DELEGATION-3240C5021B36,administrative_parent,ADM4 row / research sector code 62522005; dated ADM3 parent 6252,,,verified
REL-8A1598D754FF5EBC,1.0.0,current,SRC-TN-HDX-CODAB-2022,ENT-TN-IMADA-34511228,high,,ENT-TN-DELEGATION-A43DBAE26B8A,administrative_parent,ADM4 row / research sector code 34511228; dated ADM3 parent 3451,,,verified
REL-8A4017B254945108,1.0.0,current,SRC-TN-HDX-CODAB-2022,ENT-TN-IMADA-1758545,high,,ENT-TN-DELEGATION-F3529789545D,administrative_parent,ADM4 row / research sector code 1758545; dated ADM3 parent 1758,,,verified
REL-8AA7351428665866,1.0.0,current,SRC-TN-HDX-CODAB-2022,ENT-TN-IMADA-31651045,high,,ENT-TN-DELEGATION-E8F02D6B4EF9,administrative_parent,ADM4 row / research sector code 31651045; dated ADM3 parent 3165,,,verified
REL-8AD92EF2D5EE55FE,1.0.0,current,SRC-TN-HDX-CODAB-2022,ENT-TN-IMADA-42581518,high,,ENT-TN-DELEGATION-8B659FB150BF,administrative_parent,ADM4 row / research sector code 42581518; dated ADM3 parent 4258,,,verified
REL-8ADDC33B77F95343,1.0.0,current,SRC-TN-HDX-CODAB-2022,ENT-TN-IMADA-52541792,high,,ENT-TN-DELEGATION-F7ED4B759BD6,administrative_parent,ADM4 row / research sector code 52541792; dated ADM3 parent 5254,,,verified
REL-8AEB5FC00B575164,1.0.0,current,SRC-TN-HDX-CODAB-2022,ENT-TN-IMADA-1764570,high,,ENT-TN-DELEGATION-28A3B2254932,administrative_parent,ADM4 row / research sector code 1764570; dated ADM3 parent 1764,,,verified
REL-8AEBFC0D62F6529F,1.0.0,current,SRC-TN-DGCL-MUNICIPALITIES-2024,ENT-TN-MUNICIPALITY-5312,high,,ENT-TN-GOVERNORATE-DAC2A2592975,administrative_parent,January 2024 workbook row: governorate 53; municipality code 5312,,,verified
REL-8AEEF3A8637951CE,1.0.0,current,SRC-TN-HDX-CODAB-2022,ENT-TN-IMADA-34651339,high,,ENT-TN-DELEGATION-BE40270E2393,administrative_parent,ADM4 row / research sector code 34651339; dated ADM3 parent 3465,,,verified
REL-8AF4ECBEB9025735,1.0.0,current,SRC-TN-HDX-CODAB-2022,ENT-TN-IMADA-34541255,high,,ENT-TN-DELEGATION-3757F6B83BE1,administrative_parent,ADM4 row / research sector code 34541255; dated ADM3 parent 3454,,,verified
REL-8AFBCCD6C04E5940,1.0.0,current,SRC-TN-HDX-CODAB-2022,ENT-TN-IMADA-2159677,high,,ENT-TN-DELEGATION-34E2240B6A54,administrative_parent,ADM4 row / research sector code 2159677; dated ADM3 parent 2159,,,verified
REL-8B0BE16BE21C5882,1.0.0,current,SRC-TN-HDX-CODAB-2022,ENT-TN-IMADA-41611460,high,,ENT-TN-DELEGATION-F9557E5DC693,administrative_parent,ADM4 row / research sector code 41611460; dated ADM3 parent 4161,,,verified
REL-8B270E12368859FF,1.0.0,current,SRC-TN-HDX-CODAB-2022,ENT-TN-IMADA-33531154,high,,ENT-TN-DELEGATION-1A266F9B008F,administrative_parent,ADM4 row / research sector code 33531154; dated ADM3 parent 3353,,,verified
REL-8B332FFC7E175C35,1.0.0,current,SRC-TN-HDX-CODAB-2022,ENT-TN-IMADA-32631122,high,,ENT-TN-DELEGATION-7F9EBE1F4EA1,administrative_parent,ADM4 row / research sector code 32631122; dated ADM3 parent 3263,,,verified
REL-8B38EC1EF44D58F0,1.0.0,current,SRC-TN-HDX-CODAB-2022,ENT-TN-IMADA-1558373,high,,ENT-TN-DELEGATION-D59DE8736127,administrative_parent,ADM4 row / research sector code 1558373; dated ADM3 parent 1558,,,verified
REL-8B461033EF195921,1.0.0,current,SRC-TN-HDX-CODAB-2022,ENT-TN-IMADA-42591527,high,,ENT-TN-DELEGATION-9AB968FD4EE0,administrative_parent,ADM4 row / research sector code 42591527; dated ADM3 parent 4259,,,verified
REL-8B701DE9B85E56FD,1.0.0,current,SRC-TN-HDX-CODAB-2022,ENT-TN-IMADA-31641033,high,,ENT-TN-DELEGATION-9ADFA1D292D9,administrative_parent,ADM4 row / research sector code 31641033; dated ADM3 parent 3164,,,verified
REL-8B71650B9FA454F7,1.0.0,current,SRC-TN-HDX-CODAB-2022,ENT-TN-IMADA-1653448,high,,ENT-TN-DELEGATION-FE6A0D05DF67,administrative_parent,ADM4 row / research sector code 1653448; dated ADM3 parent 1653,,,verified
REL-8B8262969FC55463,1.0.0,current,SRC-TN-RESEARCH-GEOMETRY-2018,ENT-TN-MUNICIPALITY-2325,medium,Approximate research topology only; this is not an administrative parent relationship.,ENT-TN-DELEGATION-05E0AB3C372D,boundary_intersects,"sector evidence rows: 2361856,2361857,2361858,2361859",,,source_verified
REL-8B9C160492315615,1.0.0,current,SRC-TN-RESEARCH-GEOMETRY-2018,ENT-TN-MUNICIPALITY-3216,medium,Approximate research topology only; this is not an administrative parent relationship.,ENT-TN-DELEGATION-EFAC1514C55E,boundary_intersects,"sector evidence rows: 32541071,32541072",,,source_verified
REL-8BA1874471D954C2,1.0.0,current,SRC-TN-HDX-CODAB-2022,ENT-TN-IMADA-42611549,high,,ENT-TN-DELEGATION-52AE19694D81,administrative_parent,ADM4 row / research sector code 42611549; dated ADM3 parent 4261,,,verified
REL-8BA5D2A3CE525A8A,1.0.0,current,SRC-TN-DGCL-MUNICIPALITIES-2024,ENT-TN-MUNICIPALITY-3227,high,,ENT-TN-GOVERNORATE-5BC9A7217C8C,administrative_parent,January 2024 workbook row: governorate 32; municipality code 3227,,,verified
REL-8BC330B9D55058D5,1.0.0,current,SRC-TN-HDX-CODAB-2022,ENT-TN-IMADA-2460940,high,,ENT-TN-DELEGATION-3CEADA31C198,administrative_parent,ADM4 row / research sector code 2460940; dated ADM3 parent 2460,,,verified
REL-8BC3AE3447BC5B44,1.0.0,current,SRC-TN-HDX-CODAB-2022,ENT-TN-IMADA-41551405,high,,ENT-TN-DELEGATION-6EC1A2137D0E,administrative_parent,ADM4 row / research sector code 41551405; dated ADM3 parent 4155,,,verified
REL-8BD275BCDABC5972,1.0.0,current,SRC-TN-RESEARCH-GEOMETRY-2018,ENT-TN-MUNICIPALITY-1533,medium,Approximate research topology only; this is not an administrative parent relationship.,ENT-TN-DELEGATION-AFCCE19F1CD3,boundary_intersects,"sector evidence rows: 1565412,1565413,1565414,1565415,1565416,1565417,1565418",,,source_verified
REL-8BD2ACE67E38597A,1.0.0,current,SRC-TN-DGCL-MUNICIPALITIES-2024,ENT-TN-MUNICIPALITY-4124,high,,ENT-TN-GOVERNORATE-D28A09D558AD,administrative_parent,January 2024 workbook row: governorate 41; municipality code 4124,,,verified
REL-8BDC558E1CEE5F96,1.0.0,current,SRC-TN-HDX-CODAB-2022,ENT-TN-IMADA-1751484,high,,ENT-TN-DELEGATION-AADE7E444312,administrative_parent,ADM4 row / research sector code 1751484; dated ADM3 parent 1751,,,verified
REL-8BE12602BF4D574A,1.0.0,current,SRC-TN-DGCL-MUNICIPALITIES-2024,ENT-TN-MUNICIPALITY-2215,high,,ENT-TN-GOVERNORATE-7A4D0C3A889C,administrative_parent,January 2024 workbook row: governorate 22; municipality code 2215,,,verified
REL-8C04ADFA1089555D,1.0.0,current,SRC-TN-HDX-CODAB-2022,ENT-TN-IMADA-1362278,high,,ENT-TN-DELEGATION-D4FC46D8AB0D,administrative_parent,ADM4 row / research sector code 1362278; dated ADM3 parent 1362,,,verified
REL-8C2966E005245030,1.0.0,current,SRC-TN-DGCL-MUNICIPALITIES-2024,ENT-TN-MUNICIPALITY-6113,high,,ENT-TN-GOVERNORATE-467CAA2B1928,administrative_parent,January 2024 workbook row: governorate 61; municipality code 6113,,,verified
REL-8C70D619A6D75159,1.0.0,current,SRC-TN-RESEARCH-GEOMETRY-2018,ENT-TN-MUNICIPALITY-3220,medium,Approximate research topology only; this is not an administrative parent relationship.,ENT-TN-DELEGATION-9D23A36B72E1,boundary_intersects,"sector evidence rows: 32561083,32561084,32561085",,,source_verified
REL-8C78527E16A55E7A,1.0.0,current,SRC-TN-DGCL-MUNICIPALITIES-2024,ENT-TN-MUNICIPALITY-4221,high,,ENT-TN-GOVERNORATE-36E4260B310C,administrative_parent,January 2024 workbook row: governorate 42; municipality code 4221,,,verified
REL-8C7A6129522056D6,1.0.0,current,SRC-TN-HDX-CODAB-2022,ENT-TN-IMADA-43581634,high,,ENT-TN-DELEGATION-9846A16575C2,administrative_parent,ADM4 row / research sector code 43581634; dated ADM3 parent 4358,,,verified
REL-8CA0DB3FBB4D5E40,1.0.0,current,SRC-TN-HDX-CODAB-2022,ENT-TN-IMADA-1254185,high,,ENT-TN-DELEGATION-7D060F057E64,administrative_parent,ADM4 row / research sector code 1254185; dated ADM3 parent 1254,,,verified
REL-8CA6EB83D52C5EFF,1.0.0,current,SRC-TN-HDX-CODAB-2022,ENT-TN-IMADA-2256736,high,,ENT-TN-DELEGATION-F12F59DBC46E,administrative_parent,ADM4 row / research sector code 2256736; dated ADM3 parent 2256,,,verified
REL-8CA7323246D45D05,1.0.0,current,SRC-TN-HDX-CODAB-2022,ENT-TN-IMADA-43551616,high,,ENT-TN-DELEGATION-6F8D6872B9E9,administrative_parent,ADM4 row / research sector code 43551616; dated ADM3 parent 4355,,,verified
REL-8CDCC73932E157B7,1.0.0,current,SRC-TN-HDX-CODAB-2022,ENT-TN-IMADA-1163105,high,,ENT-TN-DELEGATION-FE081F997DC5,administrative_parent,ADM4 row / research sector code 1163105; dated ADM3 parent 1163,,,verified
REL-8CE0CA162E6A5694,1.0.0,current,SRC-TN-DGCL-MUNICIPALITIES-2024,ENT-TN-MUNICIPALITY-1537,high,,ENT-TN-GOVERNORATE-EA30E853F598,administrative_parent,January 2024 workbook row: governorate 15; municipality code 1537,,,verified
REL-8CF855BFB0B95D98,1.0.0,current,SRC-TN-HDX-CODAB-2022,ENT-TN-DELEGATION-714F4FED1031,high,,ENT-TN-GOVERNORATE-5BC9A7217C8C,administrative_parent,ADM3 row / dated 264-delegation research code 3259,,,verified
REL-8CFD92F22E825F63,1.0.0,current,SRC-TN-HDX-CODAB-2022,ENT-TN-IMADA-11621481,high,,ENT-TN-DELEGATION-762D553CB7DA,administrative_parent,ADM4 row / research sector code 11621481; dated ADM3 parent 4253,,,verified
REL-8D23EFE473735E76,1.0.0,current,SRC-TN-RESEARCH-GEOMETRY-2018,ENT-TN-MUNICIPALITY-1530,medium,Approximate research topology only; this is not an administrative parent relationship.,ENT-TN-DELEGATION-C12FC68E8013,boundary_intersects,"sector evidence rows: 1563398,1563399,1563402,15639999",,,source_verified
REL-8D2DD35B4EEB5F63,1.0.0,current,SRC-TN-HDX-CODAB-2022,ENT-TN-IMADA-116833,high,,ENT-TN-DELEGATION-3178EC239E79,administrative_parent,ADM4 row / research sector code 116833; dated ADM3 parent 1168,,,verified
REL-8D2F22EBC06E5F7D,1.0.0,current,SRC-TN-HDX-CODAB-2022,ENT-TN-IMADA-1653445,high,,ENT-TN-DELEGATION-FE6A0D05DF67,administrative_parent,ADM4 row / research sector code 1653445; dated ADM3 parent 1653,,,verified
REL-8D4494D9AC3D561D,1.0.0,current,SRC-TN-HDX-CODAB-2022,ENT-TN-DELEGATION-05AAF8FA23F6,high,,ENT-TN-GOVERNORATE-07DB5E6D265C,administrative_parent,ADM3 row / dated 264-delegation research code 3166,,,verified
REL-8D62EA97ED9D561F,1.0.0,current,SRC-TN-HDX-CODAB-2022,ENT-TN-IMADA-53521879,high,,ENT-TN-DELEGATION-D3ABF7936ACA,administrative_parent,ADM4 row / research sector code 53521879; dated ADM3 parent 5352,,,verified
REL-8D720F6652BA5FFD,1.0.0,current,SRC-TN-HDX-CODAB-2022,ENT-TN-IMADA-2457907,high,,ENT-TN-DELEGATION-78A6B0904A2B,administrative_parent,ADM4 row / research sector code 2457907; dated ADM3 parent 2457,,,verified
REL-8D75BD513C775A7F,1.0.0,current,SRC-TN-HDX-CODAB-2022,ENT-TN-IMADA-42621559,high,,ENT-TN-DELEGATION-C41B01AE892E,administrative_parent,ADM4 row / research sector code 42621559; dated ADM3 parent 4262,,,verified
REL-8D7CD58C38EA5BB0,1.0.0,current,SRC-TN-HDX-CODAB-2022,ENT-TN-DELEGATION-09D1B99F85DC,high,,ENT-TN-GOVERNORATE-A460B4F223EB,administrative_parent,ADM3 row / dated 264-delegation research code 2459,,,verified
REL-8D82FB7544395D90,1.0.0,current,SRC-TN-HDX-CODAB-2022,ENT-TN-IMADA-2155638,high,,ENT-TN-DELEGATION-A97443748914,administrative_parent,ADM4 row / research sector code 2155638; dated ADM3 parent 2155,,,verified
REL-8D8BBA41900F5E03,1.0.0,current,SRC-TN-HDX-CODAB-2022,ENT-TN-IMADA-2255726,high,,ENT-TN-DELEGATION-3D8C44AF7D14,administrative_parent,ADM4 row / research sector code 2255726; dated ADM3 parent 2255,,,verified
REL-8DA0D9143F725114,1.0.0,current,SRC-TN-DGCL-MUNICIPALITIES-2024,ENT-TN-MUNICIPALITY-3217,high,,ENT-TN-GOVERNORATE-5BC9A7217C8C,administrative_parent,January 2024 workbook row: governorate 32; municipality code 3217,,,verified
REL-8DA1EF22ECC55772,1.0.0,current,SRC-TN-HDX-CODAB-2022,ENT-TN-IMADA-2155637,high,,ENT-TN-DELEGATION-A97443748914,administrative_parent,ADM4 row / research sector code 2155637; dated ADM3 parent 2155,,,verified
REL-8DB41346143A5B03,1.0.0,current,SRC-TN-HDX-CODAB-2022,ENT-TN-IMADA-42601538,high,,ENT-TN-DELEGATION-D555F337D568,administrative_parent,ADM4 row / research sector code 42601538; dated ADM3 parent 4260,,,verified
REL-8DB426EC66425F55,1.0.0,current,SRC-TN-RESEARCH-GEOMETRY-2018,ENT-TN-MUNICIPALITY-2119,medium,Approximate research topology only; this is not an administrative parent relationship.,ENT-TN-DELEGATION-E8E567F03E9D,boundary_intersects,"sector evidence rows: 2156640,2156641,2156642,2156643",,,source_verified
REL-8DD9BA4FE9755386,1.0.0,current,SRC-TN-HDX-CODAB-2022,ENT-TN-IMADA-52551806,high,,ENT-TN-DELEGATION-6EFE1FF87CAA,administrative_parent,ADM4 row / research sector code 52551806; dated ADM3 parent 5255,,,verified
REL-8DF7263E718953C3,1.0.0,current,SRC-TN-HDX-CODAB-2022,ENT-TN-IMADA-31641030,high,,ENT-TN-DELEGATION-9ADFA1D292D9,administrative_parent,ADM4 row / research sector code 31641030; dated ADM3 parent 3164,,,verified
REL-8E0094D2EE305F42,1.0.0,current,SRC-TN-HDX-CODAB-2022,ENT-TN-IMADA-1762561,high,,ENT-TN-DELEGATION-F7ED1EE6DC53,administrative_parent,ADM4 row / research sector code 1762561; dated ADM3 parent 1762,,,verified
REL-8E063484AA535242,1.0.0,current,SRC-TN-HDX-CODAB-2022,ENT-TN-IMADA-33561177,high,,ENT-TN-DELEGATION-706200A5C126,administrative_parent,ADM4 row / research sector code 33561177; dated ADM3 parent 3356,,,verified
REL-8E2D45315F455C4F,1.0.0,current,SRC-TN-HDX-CODAB-2022,ENT-TN-IMADA-2252693,high,,ENT-TN-DELEGATION-A2C2D831ECC0,administrative_parent,ADM4 row / research sector code 2252693; dated ADM3 parent 2252,,,verified
REL-8E48EDB649B95007,1.0.0,current,SRC-TN-HDX-CODAB-2022,ENT-TN-IMADA-32571091,high,,ENT-TN-DELEGATION-A9FD50013858,administrative_parent,ADM4 row / research sector code 32571091; dated ADM3 parent 3257,,,verified
REL-8E5D2E2EE0A15006,1.0.0,current,SRC-TN-DGCL-MUNICIPALITIES-2024,ENT-TN-MUNICIPALITY-4320,high,,ENT-TN-GOVERNORATE-47F772AA4A84,administrative_parent,January 2024 workbook row: governorate 43; municipality code 4320,,,verified
REL-8E885F5350BE5345,1.0.0,current,SRC-TN-HDX-CODAB-2022,ENT-TN-DELEGATION-83574F602607,high,,ENT-TN-GOVERNORATE-1864AE41D5B4,administrative_parent,ADM3 row / dated 264-delegation research code 6351,,,verified
REL-8E9C9AE3FAB55D07,1.0.0,current,SRC-TN-HDX-CODAB-2022,ENT-TN-IMADA-1753492,high,,ENT-TN-DELEGATION-529F20CCEFFA,administrative_parent,ADM4 row / research sector code 1753492; dated ADM3 parent 1753,,,verified
REL-8EA0BC9952245744,1.0.0,current,SRC-TN-HDX-CODAB-2022,ENT-TN-IMADA-34641333,high,,ENT-TN-DELEGATION-02E328685503,administrative_parent,ADM4 row / research sector code 34641333; dated ADM3 parent 3464,,,verified
REL-8EC96F6022E15871,1.0.0,current,SRC-TN-HDX-CODAB-2022,ENT-TN-IMADA-1351211,high,,ENT-TN-DELEGATION-8460EAF855E4,administrative_parent,ADM4 row / research sector code 1351211; dated ADM3 parent 1351,,,verified
REL-8ECF87E4A4625C65,1.0.0,current,SRC-TN-HDX-CODAB-2022,ENT-TN-IMADA-32581099,high,,ENT-TN-DELEGATION-4E58B3CD9CB1,administrative_parent,ADM4 row / research sector code 32581099; dated ADM3 parent 3258,,,verified
REL-8EF9ABD1905658E5,1.0.0,current,SRC-TN-HDX-CODAB-2022,ENT-TN-IMADA-31621018,high,,ENT-TN-DELEGATION-BFF07C1D0C4A,administrative_parent,ADM4 row / research sector code 31621018; dated ADM3 parent 3162,,,verified
REL-8F16C6FEDAA55EEC,1.0.0,current,SRC-TN-RESEARCH-GEOMETRY-2018,ENT-TN-MUNICIPALITY-1616,medium,Approximate research topology only; this is not an administrative parent relationship.,ENT-TN-DELEGATION-ECE5F1EB80F4,boundary_intersects,"sector evidence rows: 1655465,1655466,1655467,1655468,1655469",,,source_verified
REL-8F174550F65B5B1E,1.0.0,current,SRC-LY-MOLG-MUNICIPALITIES-2026,ENT-LY-MUNICIPALITY-3D5A1B65D468,high,,ENT-LY-COUNTRY,administrative_parent,Municipality list entry: جردس العبيد,,,verified
REL-8F1C1E34F6755F81,1.0.0,current,SRC-TN-HDX-CODAB-2022,ENT-TN-DELEGATION-14077DE6F00B,high,,ENT-TN-GOVERNORATE-EA30E853F598,administrative_parent,ADM3 row / dated 264-delegation research code 1552,,,verified
REL-8F3235E2F9BD55ED,1.0.0,current,SRC-TN-RESEARCH-GEOMETRY-2018,ENT-TN-MUNICIPALITY-3315,medium,Approximate research topology only; this is not an administrative parent relationship.,ENT-TN-DELEGATION-64DEA9083EA0,boundary_intersects,"sector evidence rows: 33541157,33541158,33541159,33541160,33541161,33541162,33541163,33541164,33541165,33541166",,,source_verified
REL-8F56225B984F535A,1.0.0,current,SRC-TN-HDX-CODAB-2022,ENT-TN-DELEGATION-19EB9068FDEB,high,,ENT-TN-GOVERNORATE-D5ED89886664,administrative_parent,ADM3 row / dated 264-delegation research code 1355,,,verified
REL-8F6B5D9F09BB52D9,1.0.0,current,SRC-TN-HDX-CODAB-2022,ENT-TN-IMADA-61601977,high,,ENT-TN-DELEGATION-434F19B638E3,administrative_parent,ADM4 row / research sector code 61601977; dated ADM3 parent 6160,,,verified
REL-8FD73E381888528E,1.0.0,current,SRC-TN-DGCL-MUNICIPALITIES-2024,ENT-TN-MUNICIPALITY-1520,high,,ENT-TN-GOVERNORATE-EA30E853F598,administrative_parent,January 2024 workbook row: governorate 15; municipality code 1520,,,verified
REL-8FF3F73FFD685690,1.0.0,current,SRC-TN-HDX-CODAB-2022,ENT-TN-IMADA-1761559,high,,ENT-TN-DELEGATION-5E40024695DE,administrative_parent,ADM4 row / research sector code 1761559; dated ADM3 parent 1761,,,verified
REL-901F06A9AB355A0A,1.0.0,current,SRC-TN-HDX-CODAB-2022,ENT-TN-GOVERNORATE-902616FE3988,high,,ENT-TN-COUNTRY,administrative_parent,ADM2 row / research governorate code 52,,,verified
REL-902243F12DF05EA7,1.0.0,historical,SRC-LY-BSC-CENSUS-2006,ENT-LY-SHABIYA-HISTORICAL-2ECB234DAFD1,high,Historical hierarchy snapshot only.,ENT-LY-COUNTRY,administrative_parent,2006 census region: سبها,,,verified
REL-9038A062F50D519B,1.0.0,current,SRC-TN-HDX-CODAB-2022,ENT-TN-IMADA-61561954,high,,ENT-TN-DELEGATION-A16A1E882313,administrative_parent,ADM4 row / research sector code 61561954; dated ADM3 parent 6156,,,verified
REL-904F323740CD56BC,1.0.0,current,SRC-TN-RESEARCH-GEOMETRY-2018,ENT-TN-MUNICIPALITY-6123,medium,Approximate research topology only; this is not an administrative parent relationship.,ENT-TN-DELEGATION-B06C74E3ED6B,boundary_intersects,"sector evidence rows: 61611985,61611986,61611987",,,source_verified
REL-9054D64AA287551A,1.0.0,current,SRC-TN-HDX-CODAB-2022,ENT-TN-IMADA-43611671,high,,ENT-TN-DELEGATION-755242916060,administrative_parent,ADM4 row / research sector code 43611671; dated ADM3 parent 4361,,,verified
REL-9055C573514D5DFA,1.0.0,current,SRC-TN-HDX-CODAB-2022,ENT-TN-DELEGATION-F9557E5DC693,high,,ENT-TN-GOVERNORATE-D28A09D558AD,administrative_parent,ADM3 row / dated 264-delegation research code 4161,,,verified
REL-9092A0399868556B,1.0.0,current,SRC-TN-HDX-CODAB-2022,ENT-TN-IMADA-1252172,high,,ENT-TN-DELEGATION-2230C03437B2,administrative_parent,ADM4 row / research sector code 1252172; dated ADM3 parent 1252,,,verified
REL-90C7800B97FF5353,1.0.0,current,SRC-LY-MOLG-MUNICIPALITIES-2026,ENT-LY-MUNICIPALITY-20EF5969DF9B,high,,ENT-LY-COUNTRY,administrative_parent,Municipality list entry: وادي البوانيس,,,verified
REL-90CE3BC6551B5B14,1.0.0,current,SRC-TN-HDX-CODAB-2022,ENT-TN-IMADA-1360259,high,,ENT-TN-DELEGATION-01345A7C882C,administrative_parent,ADM4 row / research sector code 1360259; dated ADM3 parent 1360,,,verified
REL-90E5D989BC2A578C,1.0.0,current,SRC-TN-DGCL-MUNICIPALITIES-2024,ENT-TN-MUNICIPALITY-4226,high,,ENT-TN-GOVERNORATE-36E4260B310C,administrative_parent,January 2024 workbook row: governorate 42; municipality code 4226,,,verified
REL-90F1A4FAC7F55867,1.0.0,current,SRC-TN-HDX-CODAB-2022,ENT-TN-IMADA-62522004,high,,ENT-TN-DELEGATION-3240C5021B36,administrative_parent,ADM4 row / research sector code 62522004; dated ADM3 parent 6252,,,verified
REL-90F87B5ED59B5FBD,1.0.0,current,SRC-TN-HDX-CODAB-2022,ENT-TN-IMADA-51601745,high,,ENT-TN-DELEGATION-5BB9BF889AC5,administrative_parent,ADM4 row / research sector code 51601745; dated ADM3 parent 5160,,,verified
REL-90FBF317491559A2,1.0.0,current,SRC-TN-HDX-CODAB-2022,ENT-TN-IMADA-61511914,high,,ENT-TN-DELEGATION-08BF6BF26FFF,administrative_parent,ADM4 row / research sector code 61511914; dated ADM3 parent 6151,,,verified
REL-9116A62CF35E5BB1,1.0.0,current,SRC-TN-HDX-CODAB-2022,ENT-TN-IMADA-2257750,high,,ENT-TN-DELEGATION-36D776E11570,administrative_parent,ADM4 row / research sector code 2257750; dated ADM3 parent 2257,,,verified
REL-911C305F64A4514B,1.0.0,current,SRC-TN-RESEARCH-GEOMETRY-2018,ENT-TN-MUNICIPALITY-2112,medium,Approximate research topology only; this is not an administrative parent relationship.,ENT-TN-DELEGATION-08DFD967FB8E,boundary_intersects,"sector evidence rows: 2152593,2152594,2152596,2152598",,,source_verified
REL-9138240544345F10,1.0.0,current,SRC-TN-DGCL-MUNICIPALITIES-2024,ENT-TN-MUNICIPALITY-6213,high,,ENT-TN-GOVERNORATE-D7972CC63F7E,administrative_parent,January 2024 workbook row: governorate 62; municipality code 6213,,,verified
REL-9167DADADE2A5814,1.0.0,current,SRC-TN-HDX-CODAB-2022,ENT-TN-IMADA-1565417,high,,ENT-TN-DELEGATION-AFCCE19F1CD3,administrative_parent,ADM4 row / research sector code 1565417; dated ADM3 parent 1565,,,verified
REL-916EC732C9025A7D,1.0.0,current,SRC-TN-HDX-CODAB-2022,ENT-TN-IMADA-43611670,high,,ENT-TN-DELEGATION-755242916060,administrative_parent,ADM4 row / research sector code 43611670; dated ADM3 parent 4361,,,verified
REL-9176CD7CF036527C,1.0.0,current,SRC-TN-RESEARCH-GEOMETRY-2018,ENT-TN-MUNICIPALITY-1111,medium,Approximate research topology only; this is not an administrative parent relationship.,ENT-TN-DELEGATION-B426671C7506,boundary_intersects,"sector evidence rows: 115847,115848,115849,115850,115851",,,source_verified
REL-918D0D4049365D99,1.0.0,current,SRC-TN-HDX-CODAB-2022,ENT-TN-IMADA-1256197,high,,ENT-TN-DELEGATION-4F055D8E4C5F,administrative_parent,ADM4 row / research sector code 1256197; dated ADM3 parent 1256,,,verified
REL-91B3A689F1B75F7B,1.0.0,current,SRC-TN-DGCL-MUNICIPALITIES-2024,ENT-TN-MUNICIPALITY-4212,high,,ENT-TN-GOVERNORATE-36E4260B310C,administrative_parent,January 2024 workbook row: governorate 42; municipality code 4212,,,verified
REL-91CE051A6A81510D,1.0.0,current,SRC-TN-HDX-CODAB-2022,ENT-TN-IMADA-2155633,high,,ENT-TN-DELEGATION-A97443748914,administrative_parent,ADM4 row / research sector code 2155633; dated ADM3 parent 2155,,,verified
REL-91D4AAAAF1F05FCD,1.0.0,current,SRC-TN-HDX-CODAB-2022,ENT-TN-IMADA-52591845,high,,ENT-TN-DELEGATION-F6FA367C4B52,administrative_parent,ADM4 row / research sector code 52591845; dated ADM3 parent 5259,,,verified
REL-91E20CC72809535D,1.0.0,current,SRC-TN-DGCL-MUNICIPALITIES-2024,ENT-TN-MUNICIPALITY-3318,high,,ENT-TN-GOVERNORATE-E7D96FEF5043,administrative_parent,January 2024 workbook row: governorate 33; municipality code 3318,,,verified
REL-91E353DE7CCF5D68,1.0.0,current,SRC-TN-HDX-CODAB-2022,ENT-TN-IMADA-53551903,high,,ENT-TN-DELEGATION-2D3CF4EC1C11,administrative_parent,ADM4 row / research sector code 53551903; dated ADM3 parent 5355,,,verified
REL-91F6109632CC5D3B,1.0.0,current,SRC-TN-HDX-CODAB-2022,ENT-TN-IMADA-1256193,high,,ENT-TN-DELEGATION-4F055D8E4C5F,administrative_parent,ADM4 row / research sector code 1256193; dated ADM3 parent 1256,,,verified
REL-91F8FF18413A5402,1.0.0,current,SRC-TN-HDX-CODAB-2022,ENT-TN-IMADA-1452288,high,,ENT-TN-DELEGATION-64DB1B613F50,administrative_parent,ADM4 row / research sector code 1452288; dated ADM3 parent 1452,,,verified
REL-9205A29B564C5A48,1.0.0,current,SRC-TN-HDX-CODAB-2022,ENT-TN-DELEGATION-C7B4FEE5AE08,high,,ENT-TN-GOVERNORATE-EA30E853F598,administrative_parent,ADM3 row / dated 264-delegation research code 1555,,,verified
REL-921EAAD1F2525C3E,1.0.0,current,SRC-TN-HDX-CODAB-2022,ENT-TN-IMADA-34551259,high,,ENT-TN-DELEGATION-CC6DBA2640FB,administrative_parent,ADM4 row / research sector code 34551259; dated ADM3 parent 3455,,,verified
REL-9237BBE86BF054F4,1.0.0,current,SRC-TN-HDX-CODAB-2022,ENT-TN-IMADA-1362272,high,,ENT-TN-DELEGATION-D4FC46D8AB0D,administrative_parent,ADM4 row / research sector code 1362272; dated ADM3 parent 1362,,,verified
REL-9242B95409DC5BB6,1.0.0,current,SRC-TN-HDX-CODAB-2022,ENT-TN-IMADA-1352213,high,,ENT-TN-DELEGATION-10DD70515DA0,administrative_parent,ADM4 row / research sector code 1352213; dated ADM3 parent 1352,,,verified
REL-924EAFD714ED5ED4,1.0.0,current,SRC-LY-MOLG-MUNICIPALITIES-2026,ENT-LY-MUNICIPALITY-91553A623E51,high,,ENT-LY-COUNTRY,administrative_parent,Municipality list entry: الشرقية,,,verified
REL-926FAA29F3915E92,1.0.0,current,SRC-TN-DGCL-MUNICIPALITIES-2024,ENT-TN-MUNICIPALITY-3237,high,,ENT-TN-GOVERNORATE-5BC9A7217C8C,administrative_parent,January 2024 workbook row: governorate 32; municipality code 3237,,,verified
REL-92714DF2CF555D08,1.0.0,current,SRC-TN-HDX-CODAB-2022,ENT-TN-IMADA-43571628,high,,ENT-TN-DELEGATION-69C4DE6E547E,administrative_parent,ADM4 row / research sector code 43571628; dated ADM3 parent 4357,,,verified
REL-927AE70325DC5BAD,1.0.0,current,SRC-TN-HDX-CODAB-2022,ENT-TN-IMADA-1362279,high,,ENT-TN-DELEGATION-D4FC46D8AB0D,administrative_parent,ADM4 row / research sector code 1362279; dated ADM3 parent 1362,,,verified
REL-92898B10E2045BF4,1.0.0,current,SRC-TN-HDX-CODAB-2022,ENT-TN-IMADA-1564406,high,,ENT-TN-DELEGATION-8708C7088CBC,administrative_parent,ADM4 row / research sector code 1564406; dated ADM3 parent 1564,,,verified
REL-92CF492328A5554A,1.0.0,current,SRC-TN-HDX-CODAB-2022,ENT-TN-IMADA-2158656,high,,ENT-TN-DELEGATION-E8E2CE15323A,administrative_parent,ADM4 row / research sector code 2158656; dated ADM3 parent 2158,,,verified
REL-92D36F48DE1853AB,1.0.0,current,SRC-TN-HDX-CODAB-2022,ENT-TN-IMADA-41581437,high,,ENT-TN-DELEGATION-A9A2E64081DA,administrative_parent,ADM4 row / research sector code 41581437; dated ADM3 parent 4158,,,verified
REL-92E62CCD146157B2,1.0.0,current,SRC-TN-HDX-CODAB-2022,ENT-TN-IMADA-61521924,high,,ENT-TN-DELEGATION-A20DE8BF6185,administrative_parent,ADM4 row / research sector code 61521924; dated ADM3 parent 6152,,,verified
REL-92F6B06EC9135500,1.0.0,current,SRC-TN-RESEARCH-GEOMETRY-2018,ENT-TN-MUNICIPALITY-3127,medium,Approximate research topology only; this is not an administrative parent relationship.,ENT-TN-DELEGATION-AC41B378E3D9,boundary_intersects,"sector evidence rows: 31601001,31601003,31601005,3160995,3160996",,,source_verified
REL-930DF9D27299518B,1.0.0,current,SRC-TN-DGCL-MUNICIPALITIES-2024,ENT-TN-MUNICIPALITY-6215,high,,ENT-TN-GOVERNORATE-D7972CC63F7E,administrative_parent,January 2024 workbook row: governorate 62; municipality code 6215,,,verified
REL-931C5A7C3D4E53FB,1.0.0,current,SRC-TN-DGCL-MUNICIPALITIES-2024,ENT-TN-MUNICIPALITY-2217,high,,ENT-TN-GOVERNORATE-7A4D0C3A889C,administrative_parent,January 2024 workbook row: governorate 22; municipality code 2217,,,verified
REL-931D3C6A59995DCE,1.0.0,current,SRC-TN-RESEARCH-GEOMETRY-2018,ENT-TN-MUNICIPALITY-4324,medium,Approximate research topology only; this is not an administrative parent relationship.,ENT-TN-DELEGATION-B5CD972E98C1,boundary_intersects,"sector evidence rows: 43521583,43521584,43521586,43521587,43521588,43521590,43521591",,,source_verified
REL-9339EB3E477F561D,1.0.0,current,SRC-TN-HDX-CODAB-2022,ENT-TN-IMADA-43581638,high,,ENT-TN-DELEGATION-9846A16575C2,administrative_parent,ADM4 row / research sector code 43581638; dated ADM3 parent 4358,,,verified
REL-934750D7B867599F,1.0.0,current,SRC-TN-HDX-CODAB-2022,ENT-TN-IMADA-53561905,high,,ENT-TN-DELEGATION-15D8C5E6532A,administrative_parent,ADM4 row / research sector code 53561905; dated ADM3 parent 5356,,,verified
REL-935A0E0DCD4D583A,1.0.0,current,SRC-TN-RESEARCH-GEOMETRY-2018,ENT-TN-MUNICIPALITY-1111,medium,Approximate research topology only; this is not an administrative parent relationship.,ENT-TN-DELEGATION-6027493801C5,boundary_intersects,"sector evidence rows: 115552,115553,115554,115555,115556,115557",,,source_verified
REL-938F2244B78C53EF,1.0.0,current,SRC-TN-HDX-CODAB-2022,ENT-TN-IMADA-1564404,high,,ENT-TN-DELEGATION-8708C7088CBC,administrative_parent,ADM4 row / research sector code 1564404; dated ADM3 parent 1564,,,verified
REL-9390307AFEE15304,1.0.0,current,SRC-TN-RESEARCH-GEOMETRY-2018,ENT-TN-MUNICIPALITY-4211,medium,Approximate research topology only; this is not an administrative parent relationship.,ENT-TN-DELEGATION-FA7572893BAA,boundary_intersects,"sector evidence rows: 42521474,42521475,42521477",,,source_verified
REL-939406C7BA835E0D,1.0.0,current,SRC-TN-HDX-CODAB-2022,ENT-TN-DELEGATION-6DD1C12A1852,high,,ENT-TN-GOVERNORATE-EA30E853F598,administrative_parent,ADM3 row / dated 264-delegation research code 1557,,,verified
REL-93AF3797B0325483,1.0.0,current,SRC-TN-HDX-CODAB-2022,ENT-TN-DELEGATION-A9A2E64081DA,high,,ENT-TN-GOVERNORATE-D28A09D558AD,administrative_parent,ADM3 row / dated 264-delegation research code 4158,,,verified
REL-93BF3B00FD7652A3,1.0.0,current,SRC-TN-DGCL-MUNICIPALITIES-2024,ENT-TN-MUNICIPALITY-4326,high,,ENT-TN-GOVERNORATE-47F772AA4A84,administrative_parent,January 2024 workbook row: governorate 43; municipality code 4326,,,verified
REL-93DDDCFF2D505940,1.0.0,current,SRC-TN-HDX-CODAB-2022,ENT-TN-DELEGATION-25551A4A8808,high,,ENT-TN-GOVERNORATE-EA30E853F598,administrative_parent,ADM3 row / dated 264-delegation research code 1554,,,verified
REL-93EBD13F5BCC532B,1.0.0,current,SRC-TN-HDX-CODAB-2022,ENT-TN-IMADA-41611454,high,,ENT-TN-DELEGATION-F9557E5DC693,administrative_parent,ADM4 row / research sector code 41611454; dated ADM3 parent 4161,,,verified
REL-9418618A227F584A,1.0.0,current,SRC-TN-RESEARCH-GEOMETRY-2018,ENT-TN-MUNICIPALITY-2420,medium,Approximate research topology only; this is not an administrative parent relationship.,ENT-TN-DELEGATION-BE50E5DE6BD2,boundary_intersects,"sector evidence rows: 2461941,2461942,2461943,2461944,2461945",,,source_verified
REL-943DBA91E0B25C6A,1.0.0,current,SRC-TN-HDX-CODAB-2022,ENT-TN-IMADA-34541258,high,,ENT-TN-DELEGATION-3757F6B83BE1,administrative_parent,ADM4 row / research sector code 34541258; dated ADM3 parent 3454,,,verified
REL-944572C996005283,1.0.0,current,SRC-TN-DGCL-MUNICIPALITIES-2024,ENT-TN-MUNICIPALITY-3429,high,,ENT-TN-GOVERNORATE-97D2B1489F90,administrative_parent,January 2024 workbook row: governorate 34; municipality code 3429,,,verified
REL-944B87B7EBC0550E,1.0.0,current,SRC-TN-HDX-CODAB-2022,ENT-TN-IMADA-115665,high,,ENT-TN-DELEGATION-F68992D7EA16,administrative_parent,ADM4 row / research sector code 115665; dated ADM3 parent 1156,,,verified
REL-9455ACC94F6C59DA,1.0.0,current,SRC-TN-HDX-CODAB-2022,ENT-TN-IMADA-33521148,high,,ENT-TN-DELEGATION-8B2B3E3BDE8C,administrative_parent,ADM4 row / research sector code 33521148; dated ADM3 parent 3352,,,verified
REL-9457157E2C15571F,1.0.0,current,SRC-TN-HDX-CODAB-2022,ENT-TN-DELEGATION-22BE73F7EFB2,high,,ENT-TN-GOVERNORATE-DB8D5C457676,administrative_parent,ADM3 row / dated 264-delegation research code 1154,,,verified
REL-94602CB4C23A5F21,1.0.0,current,SRC-TN-HDX-CODAB-2022,ENT-TN-IMADA-1257204,high,,ENT-TN-DELEGATION-CC185FFE164C,administrative_parent,ADM4 row / research sector code 1257204; dated ADM3 parent 1257,,,verified
REL-94767D364E0C59D8,1.0.0,current,SRC-TN-RESEARCH-GEOMETRY-2018,ENT-TN-MUNICIPALITY-2117,medium,Approximate research topology only; this is not an administrative parent relationship.,ENT-TN-DELEGATION-E8E2CE15323A,boundary_intersects,"sector evidence rows: 2158656,2158657,2158658,2158659,2158660,2158661,2158662,2158663",,,source_verified
REL-94B12495AB2F5CDF,1.0.0,current,SRC-TN-HDX-CODAB-2022,ENT-TN-IMADA-1453296,high,,ENT-TN-DELEGATION-9F59B0DA797D,administrative_parent,ADM4 row / research sector code 1453296; dated ADM3 parent 1453,,,verified
REL-94F669C45E285E38,1.0.0,current,SRC-TN-HDX-CODAB-2022,ENT-TN-IMADA-42551497,high,,ENT-TN-DELEGATION-5D62B4C8161F,administrative_parent,ADM4 row / research sector code 42551497; dated ADM3 parent 4255,,,verified
REL-94FFF41A2CDF5688,1.0.0,current,SRC-TN-HDX-CODAB-2022,ENT-TN-IMADA-1251160,high,,ENT-TN-DELEGATION-907386F80604,administrative_parent,ADM4 row / research sector code 1251160; dated ADM3 parent 1251,,,verified
REL-95217D05D91D5205,1.0.0,current,SRC-TN-HDX-CODAB-2022,ENT-TN-IMADA-2359837,high,,ENT-TN-DELEGATION-E3E9C5077EA4,administrative_parent,ADM4 row / research sector code 2359837; dated ADM3 parent 2359,,,verified
REL-952444C120655378,1.0.0,current,SRC-LY-MOLG-MUNICIPALITIES-2026,ENT-LY-MUNICIPALITY-4E546CBA4C78,high,,ENT-LY-COUNTRY,administrative_parent,Municipality list entry: الأبرق,,,verified
REL-95245875F03B5EC9,1.0.0,current,SRC-TN-HDX-CODAB-2022,ENT-TN-IMADA-116069,high,,ENT-TN-DELEGATION-93C5837DFCBF,administrative_parent,ADM4 row / research sector code 116069; dated ADM3 parent 1160,,,verified
REL-953C48069115543D,1.0.0,current,SRC-TN-RESEARCH-GEOMETRY-2018,ENT-TN-MUNICIPALITY-2324,medium,Approximate research topology only; this is not an administrative parent relationship.,ENT-TN-DELEGATION-F153AA210A4D,boundary_intersects,"sector evidence rows: 2353792,2353793,2353795",,,source_verified
REL-95474D04AD5C538E,1.0.0,current,SRC-TN-HDX-CODAB-2022,ENT-TN-DELEGATION-27DFBC8894A9,high,,ENT-TN-GOVERNORATE-A460B4F223EB,administrative_parent,ADM3 row / dated 264-delegation research code 2455,,,verified
REL-954CA76F381C543D,1.0.0,current,SRC-TN-HDX-CODAB-2022,ENT-TN-IMADA-41511354,high,,ENT-TN-DELEGATION-9CCDCAF94A4A,administrative_parent,ADM4 row / research sector code 41511354; dated ADM3 parent 4151,,,verified
REL-9550FFF9E539534C,1.0.0,current,SRC-TN-HDX-CODAB-2022,ENT-TN-IMADA-1751483,high,,ENT-TN-DELEGATION-AADE7E444312,administrative_parent,ADM4 row / research sector code 1751483; dated ADM3 parent 1751,,,verified
REL-955CAFA65D375D00,1.0.0,current,SRC-TN-HDX-CODAB-2022,ENT-TN-IMADA-52511762,high,,ENT-TN-DELEGATION-EE60D65B9935,administrative_parent,ADM4 row / research sector code 52511762; dated ADM3 parent 5251,,,verified
REL-95726ADD56835D6F,1.0.0,current,SRC-TN-HDX-CODAB-2022,ENT-TN-IMADA-2157654,high,,ENT-TN-DELEGATION-CCDB3F1D6604,administrative_parent,ADM4 row / research sector code 2157654; dated ADM3 parent 2157,,,verified
REL-9587299267995BD1,1.0.0,current,SRC-TN-HDX-CODAB-2022,ENT-TN-DELEGATION-CB23A7885CA7,high,,ENT-TN-GOVERNORATE-D7972CC63F7E,administrative_parent,ADM3 row / dated 264-delegation research code 6254,,,verified
REL-958B9C77691B5994,1.0.0,current,SRC-TN-RESEARCH-GEOMETRY-2018,ENT-TN-MUNICIPALITY-2217,medium,Approximate research topology only; this is not an administrative parent relationship.,ENT-TN-DELEGATION-36D776E11570,boundary_intersects,"sector evidence rows: 2257744,2257745,2257747,2257748,2257749,2257750,2257751,2257753,2257754",,,source_verified
REL-95975D9ED6865EFE,1.0.0,current,SRC-TN-HDX-CODAB-2022,ENT-TN-IMADA-33521140,high,,ENT-TN-DELEGATION-8B2B3E3BDE8C,administrative_parent,ADM4 row / research sector code 33521140; dated ADM3 parent 3352,,,verified
REL-95B20F6DE8B4531B,1.0.0,current,SRC-TN-HDX-CODAB-2022,ENT-TN-IMADA-116641,high,,ENT-TN-DELEGATION-D592FC6CD4D2,administrative_parent,ADM4 row / research sector code 116641; dated ADM3 parent 1166,,,verified
REL-95BA71A37EE55F1F,1.0.0,current,SRC-TN-HDX-CODAB-2022,ENT-TN-IMADA-1171149,high,,ENT-TN-DELEGATION-3C575B9AF71B,administrative_parent,ADM4 row / research sector code 1171149; dated ADM3 parent 1171,,,verified
REL-95BCA656B0D55803,1.0.0,current,SRC-TN-HDX-CODAB-2022,ENT-TN-IMADA-3160998,high,,ENT-TN-DELEGATION-AC41B378E3D9,administrative_parent,ADM4 row / research sector code 3160998; dated ADM3 parent 3160,,,verified
REL-95D3A7055CA550EA,1.0.0,current,SRC-TN-HDX-CODAB-2022,ENT-TN-IMADA-32521062,high,,ENT-TN-DELEGATION-7D47DBFD2C6B,administrative_parent,ADM4 row / research sector code 32521062; dated ADM3 parent 3252,,,verified
REL-96024A940D225871,1.0.0,current,SRC-TN-HDX-CODAB-2022,ENT-TN-IMADA-52531784,high,,ENT-TN-DELEGATION-82A4AF3884E0,administrative_parent,ADM4 row / research sector code 52531784; dated ADM3 parent 5253,,,verified
REL-9617C68DC90D56CE,1.0.0,current,SRC-TN-HDX-CODAB-2022,ENT-TN-IMADA-1152115,high,,ENT-TN-DELEGATION-CC12560912DD,administrative_parent,ADM4 row / research sector code 1152115; dated ADM3 parent 1152,,,verified
REL-964EA174073E5FB9,1.0.0,current,SRC-TN-HDX-CODAB-2022,ENT-TN-IMADA-1354229,high,,ENT-TN-DELEGATION-A6449AC11294,administrative_parent,ADM4 row / research sector code 1354229; dated ADM3 parent 1354,,,verified
REL-967BE5CC5AB759B7,1.0.0,current,SRC-TN-HDX-CODAB-2022,ENT-TN-IMADA-1353220,high,,ENT-TN-DELEGATION-B8BFE8FFB2B8,administrative_parent,ADM4 row / research sector code 1353220; dated ADM3 parent 1353,,,verified
REL-9683B9BE098150A4,1.0.0,current,SRC-LY-MOLG-MUNICIPALITIES-2026,ENT-LY-MUNICIPALITY-226719B69FB5,high,,ENT-LY-COUNTRY,administrative_parent,Municipality list entry: الزنتان,,,verified
REL-96C532785B3951AA,1.0.0,current,SRC-TN-HDX-CODAB-2022,ENT-TN-IMADA-52551809,high,,ENT-TN-DELEGATION-6EFE1FF87CAA,administrative_parent,ADM4 row / research sector code 52551809; dated ADM3 parent 5255,,,verified
REL-96C54A9D660458F5,1.0.0,current,SRC-TN-RESEARCH-GEOMETRY-2018,ENT-TN-MUNICIPALITY-3319,medium,Approximate research topology only; this is not an administrative parent relationship.,ENT-TN-DELEGATION-8B2B3E3BDE8C,boundary_intersects,"sector evidence rows: 33521142,33521143,33521146,33521147",,,source_verified
REL-96C644A894E75FE6,1.0.0,current,SRC-TN-HDX-CODAB-2022,ENT-TN-IMADA-1252173,high,,ENT-TN-DELEGATION-2230C03437B2,administrative_parent,ADM4 row / research sector code 1252173; dated ADM3 parent 1252,,,verified
REL-96C7DD7C5D46578F,1.0.0,current,SRC-TN-HDX-CODAB-2022,ENT-TN-IMADA-3157981,high,,ENT-TN-DELEGATION-CA29D85670F9,administrative_parent,ADM4 row / research sector code 3157981; dated ADM3 parent 3157,,,verified
REL-96F46619C9115CE0,1.0.0,current,SRC-TN-HDX-CODAB-2022,ENT-TN-IMADA-3157978,high,,ENT-TN-DELEGATION-CA29D85670F9,administrative_parent,ADM4 row / research sector code 3157978; dated ADM3 parent 3157,,,verified
REL-97193414E8E654B7,1.0.0,current,SRC-TN-HDX-CODAB-2022,ENT-TN-IMADA-2151588,high,,ENT-TN-DELEGATION-89B5CE300A2D,administrative_parent,ADM4 row / research sector code 2151588; dated ADM3 parent 2151,,,verified
REL-971E2C579C5653FE,1.0.0,current,SRC-TN-HDX-CODAB-2022,ENT-TN-IMADA-32561079,high,,ENT-TN-DELEGATION-9D23A36B72E1,administrative_parent,ADM4 row / research sector code 32561079; dated ADM3 parent 3256,,,verified
REL-972C947EDF2B5198,1.0.0,current,SRC-TN-HDX-CODAB-2022,ENT-TN-IMADA-34581282,high,,ENT-TN-DELEGATION-05852EF74252,administrative_parent,ADM4 row / research sector code 34581282; dated ADM3 parent 3458,,,verified
REL-9736A840949C575A,1.0.0,current,SRC-TN-HDX-CODAB-2022,ENT-TN-IMADA-1162999,high,,ENT-TN-DELEGATION-D75198EE6BB5,administrative_parent,ADM4 row / research sector code 1162999; dated ADM3 parent 1162,,,verified
REL-974D4F3362235A58,1.0.0,current,SRC-LY-MOLG-MUNICIPALITIES-2026,ENT-LY-MUNICIPALITY-BC0E6D0920C7,high,,ENT-LY-COUNTRY,administrative_parent,Municipality list entry: الخمس,,,verified
REL-976257813C2F581A,1.0.0,current,SRC-TN-HDX-CODAB-2022,ENT-TN-IMADA-43601652,high,,ENT-TN-DELEGATION-89139C7B1553,administrative_parent,ADM4 row / research sector code 43601652; dated ADM3 parent 4360,,,verified
REL-9770B71E91925C13,1.0.0,current,SRC-TN-HDX-CODAB-2022,ENT-TN-IMADA-31621016,high,,ENT-TN-DELEGATION-BFF07C1D0C4A,administrative_parent,ADM4 row / research sector code 31621016; dated ADM3 parent 3162,,,verified
REL-978B8F0FAC355175,1.0.0,current,SRC-TN-HDX-CODAB-2022,ENT-TN-IMADA-13569999,high,,ENT-TN-DELEGATION-06F62E53748D,administrative_parent,ADM4 row / research sector code 13569999; dated ADM3 parent 1356,,,verified
REL-97A80C7034C4560C,1.0.0,current,SRC-TN-HDX-CODAB-2022,ENT-TN-DELEGATION-40268C8E9C06,high,,ENT-TN-GOVERNORATE-DB8D5C457676,administrative_parent,ADM3 row / dated 264-delegation research code 1167,,,verified
REL-97C16E98290E5B0A,1.0.0,current,SRC-TN-HDX-CODAB-2022,ENT-TN-IMADA-51511688,high,,ENT-TN-DELEGATION-7075A1113804,administrative_parent,ADM4 row / research sector code 51511688; dated ADM3 parent 5151,,,verified
REL-97C87041EC795ED2,1.0.0,current,SRC-UNESCO-WHC-TN-2026,ENT-TN-SITE-CARTHAGE,high,,ENT-TN-MUNICIPALITY-1115,located_in,World Heritage property 37,,,verified
REL-97E2DD71BA1C56ED,1.0.0,current,SRC-TN-HDX-CODAB-2022,ENT-TN-IMADA-34511233,high,,ENT-TN-DELEGATION-A43DBAE26B8A,administrative_parent,ADM4 row / research sector code 34511233; dated ADM3 parent 3451,,,verified
REL-97ED7A38D0B254F8,1.0.0,current,SRC-TN-HDX-CODAB-2022,ENT-TN-DELEGATION-21A9D436EAA7,high,,ENT-TN-GOVERNORATE-D7972CC63F7E,administrative_parent,ADM3 row / dated 264-delegation research code 6253,,,verified
REL-97FBC4788BFC53A7,1.0.0,current,SRC-TN-RESEARCH-GEOMETRY-2018,ENT-TN-MUNICIPALITY-1614,medium,Approximate research topology only; this is not an administrative parent relationship.,ENT-TN-DELEGATION-FE6A0D05DF67,boundary_intersects,"sector evidence rows: 1653448,1653449,1653451",,,source_verified
REL-9800B33E17C85E5E,1.0.0,current,SRC-TN-HDX-CODAB-2022,ENT-TN-IMADA-1356235,high,,ENT-TN-DELEGATION-06F62E53748D,administrative_parent,ADM4 row / research sector code 1356235; dated ADM3 parent 1356,,,verified
REL-9808223D354E5435,1.0.0,current,SRC-TN-HDX-CODAB-2022,ENT-TN-IMADA-1360257,high,,ENT-TN-DELEGATION-01345A7C882C,administrative_parent,ADM4 row / research sector code 1360257; dated ADM3 parent 1360,,,verified
REL-981D6D36CCA45411,1.0.0,current,SRC-TN-ONTT-PLACES-2018,ENT-TN-MARKET-MEDINA-CENTRAL-SOUKS,high,,ENT-TN-MUNICIPALITY-1111,located_in,Around Tunis: central souks of the medina; Souk Medina attraction page,,,verified
REL-982C6A52EE4352A7,1.0.0,current,SRC-TN-HDX-CODAB-2022,ENT-TN-DELEGATION-BE40270E2393,high,,ENT-TN-GOVERNORATE-97D2B1489F90,administrative_parent,ADM3 row / dated 264-delegation research code 3465,,,verified
REL-982DBD06F2F05480,1.0.0,current,SRC-TN-RESEARCH-GEOMETRY-2018,ENT-TN-MUNICIPALITY-3114,medium,Approximate research topology only; this is not an administrative parent relationship.,ENT-TN-DELEGATION-05AAF8FA23F6,boundary_intersects,sector evidence rows: 3152951,,,source_verified
REL-98494A87FABF5F34,1.0.0,current,SRC-TN-HDX-CODAB-2022,ENT-TN-IMADA-41511355,high,,ENT-TN-DELEGATION-9CCDCAF94A4A,administrative_parent,ADM4 row / research sector code 41511355; dated ADM3 parent 4151,,,verified
REL-984EEA1A03155823,1.0.0,current,SRC-TN-HDX-CODAB-2022,ENT-TN-IMADA-1757531,high,,ENT-TN-DELEGATION-4021556E2BEF,administrative_parent,ADM4 row / research sector code 1757531; dated ADM3 parent 1757,,,verified
REL-985F6535A01656CA,1.0.0,current,SRC-TN-HDX-CODAB-2022,ENT-TN-IMADA-32531064,high,,ENT-TN-DELEGATION-B0C081DB1344,administrative_parent,ADM4 row / research sector code 32531064; dated ADM3 parent 3253,,,verified
REL-987DDA87F8895A0D,1.0.0,current,SRC-TN-HDX-CODAB-2022,ENT-TN-IMADA-33601203,high,,ENT-TN-DELEGATION-5D5CDCB7496E,administrative_parent,ADM4 row / research sector code 33601203; dated ADM3 parent 3360,,,verified
REL-988524CB2EC65B1E,1.0.0,current,SRC-TN-HDX-CODAB-2022,ENT-TN-IMADA-2158661,high,,ENT-TN-DELEGATION-E8E2CE15323A,administrative_parent,ADM4 row / research sector code 2158661; dated ADM3 parent 2158,,,verified
REL-988BD5CF2FF25AC1,1.0.0,current,SRC-TN-DGCL-MUNICIPALITIES-2024,ENT-TN-MUNICIPALITY-3415,high,,ENT-TN-GOVERNORATE-97D2B1489F90,administrative_parent,January 2024 workbook row: governorate 34; municipality code 3415,,,verified
REL-989EAB76824E517D,1.0.0,current,SRC-TN-RESEARCH-GEOMETRY-2018,ENT-TN-MUNICIPALITY-2320,medium,Approximate research topology only; this is not an administrative parent relationship.,ENT-TN-DELEGATION-E3E9C5077EA4,boundary_intersects,"sector evidence rows: 2359836,2359837,2359838,2359839,2359840,2359841",,,source_verified
REL-98DD2EE3A07E51B7,1.0.0,current,SRC-TN-HDX-CODAB-2022,ENT-TN-IMADA-3155970,high,,ENT-TN-DELEGATION-14FA2AE0C064,administrative_parent,ADM4 row / research sector code 3155970; dated ADM3 parent 3155,,,verified
REL-98E61F40D00B5787,1.0.0,current,SRC-TN-HDX-CODAB-2022,ENT-TN-IMADA-41591445,high,,ENT-TN-DELEGATION-533D4E540C29,administrative_parent,ADM4 row / research sector code 41591445; dated ADM3 parent 4159,,,verified
REL-993A7A175DF85A36,1.0.0,current,SRC-TN-HDX-CODAB-2022,ENT-TN-IMADA-1255192,high,,ENT-TN-DELEGATION-EE9A7B5ED169,administrative_parent,ADM4 row / research sector code 1255192; dated ADM3 parent 1255,,,verified
REL-993AD611831053E0,1.0.0,current,SRC-UNESCO-WHC-TN-2026,ENT-TN-SITE-ICHKEUL,high,,ENT-TN-GOVERNORATE-B1787F907937,located_in,World Heritage property 8,,,verified
REL-994EF858F2535F35,1.0.0,current,SRC-TN-HDX-CODAB-2022,ENT-TN-IMADA-3151949,high,,ENT-TN-DELEGATION-3487617C49DD,administrative_parent,ADM4 row / research sector code 3151949; dated ADM3 parent 3151,,,verified
REL-995A6E47206A577D,1.0.0,current,SRC-TN-RESEARCH-GEOMETRY-2018,ENT-TN-MUNICIPALITY-1512,medium,Approximate research topology only; this is not an administrative parent relationship.,ENT-TN-DELEGATION-14077DE6F00B,boundary_intersects,"sector evidence rows: 1552334,1552335,1552336,1552337",,,source_verified
REL-9962BBB522335140,1.0.0,current,SRC-TN-HDX-CODAB-2022,ENT-TN-IMADA-2355808,high,,ENT-TN-DELEGATION-FF2BD30691C0,administrative_parent,ADM4 row / research sector code 2355808; dated ADM3 parent 2355,,,verified
REL-997B75E17F535D86,1.0.0,current,SRC-TN-HDX-CODAB-2022,ENT-TN-IMADA-32511056,high,,ENT-TN-DELEGATION-386953CDE2D6,administrative_parent,ADM4 row / research sector code 32511056; dated ADM3 parent 3251,,,verified
REL-99EACA687A2D5991,1.0.0,historical,SRC-LY-BSC-CENSUS-2006,ENT-LY-SHABIYA-HISTORICAL-4A1A81407ACE,high,Historical hierarchy snapshot only.,ENT-LY-COUNTRY,administrative_parent,2006 census region: الزاوية,,,verified
REL-9A18364D39D952AB,1.0.0,current,SRC-TN-RESEARCH-GEOMETRY-2018,ENT-TN-MUNICIPALITY-5312,medium,Approximate research topology only; this is not an administrative parent relationship.,ENT-TN-DELEGATION-390678B1D4C7,boundary_intersects,"sector evidence rows: 53541888,53541889,53541890,53541891,53541892,53541893,53541894",,,source_verified
REL-9A198C63B12C5D14,1.0.0,current,SRC-TN-DGCL-MUNICIPALITIES-2024,ENT-TN-MUNICIPALITY-2211,high,,ENT-TN-GOVERNORATE-7A4D0C3A889C,administrative_parent,January 2024 workbook row: governorate 22; municipality code 2211,,,verified
REL-9A21C6F73D115126,1.0.0,current,SRC-TN-DGCL-MUNICIPALITIES-2024,ENT-TN-MUNICIPALITY-3414,high,,ENT-TN-GOVERNORATE-97D2B1489F90,administrative_parent,January 2024 workbook row: governorate 34; municipality code 3414,,,verified
REL-9A251EF0B0C55677,1.0.0,current,SRC-TN-HDX-CODAB-2022,ENT-TN-IMADA-1254184,high,,ENT-TN-DELEGATION-7D060F057E64,administrative_parent,ADM4 row / research sector code 1254184; dated ADM3 parent 1254,,,verified
REL-9A3A63ACC0A3528E,1.0.0,current,SRC-TN-HDX-CODAB-2022,ENT-TN-IMADA-1357236,high,,ENT-TN-DELEGATION-0E56BD3D1B3A,administrative_parent,ADM4 row / research sector code 1357236; dated ADM3 parent 1357,,,verified
REL-9A41267944765CA3,1.0.0,current,SRC-TN-HDX-CODAB-2022,ENT-TN-IMADA-41541395,high,,ENT-TN-DELEGATION-A6D2E459547E,administrative_parent,ADM4 row / research sector code 41541395; dated ADM3 parent 4154,,,verified
REL-9A51B1FDF3325FD8,1.0.0,current,SRC-TN-DGCL-MUNICIPALITIES-2024,ENT-TN-MUNICIPALITY-1318,high,,ENT-TN-GOVERNORATE-D5ED89886664,administrative_parent,January 2024 workbook row: governorate 13; municipality code 1318,,,verified
REL-9A66AF58E02F5FE5,1.0.0,current,SRC-TN-HDX-CODAB-2022,ENT-TN-IMADA-34511230,high,,ENT-TN-DELEGATION-A43DBAE26B8A,administrative_parent,ADM4 row / research sector code 34511230; dated ADM3 parent 3451,,,verified
REL-9A6EB277D1CB5DF6,1.0.0,current,SRC-TN-HDX-CODAB-2022,ENT-TN-IMADA-43521590,high,,ENT-TN-DELEGATION-B5CD972E98C1,administrative_parent,ADM4 row / research sector code 43521590; dated ADM3 parent 4352,,,verified
REL-9A99C4AEECBC55AB,1.0.0,current,SRC-TN-RESEARCH-GEOMETRY-2018,ENT-TN-MUNICIPALITY-3223,medium,Approximate research topology only; this is not an administrative parent relationship.,ENT-TN-DELEGATION-A9FD50013858,boundary_intersects,sector evidence rows: 32571090,,,source_verified
REL-9ABA73639DDD5588,1.0.0,current,SRC-TN-HDX-CODAB-2022,ENT-TN-IMADA-51521694,high,,ENT-TN-DELEGATION-AFAE2BE79F31,administrative_parent,ADM4 row / research sector code 51521694; dated ADM3 parent 5152,,,verified
REL-9AC61B09FCFB5BBA,1.0.0,current,SRC-TN-RESEARCH-GEOMETRY-2018,ENT-TN-MUNICIPALITY-2419,medium,Approximate research topology only; this is not an administrative parent relationship.,ENT-TN-DELEGATION-3CEADA31C198,boundary_intersects,"sector evidence rows: 2460933,2460934,2460935,2460936,2460937,2460938,2460939,2460940",,,source_verified
REL-9ACF70ED6D245C71,1.0.0,current,SRC-TN-DGCL-MUNICIPALITIES-2024,ENT-TN-MUNICIPALITY-4227,high,,ENT-TN-GOVERNORATE-36E4260B310C,administrative_parent,January 2024 workbook row: governorate 42; municipality code 4227,,,verified
REL-9B4322B59E9C5A1A,1.0.0,current,SRC-TN-HDX-CODAB-2022,ENT-TN-IMADA-53521878,high,,ENT-TN-DELEGATION-D3ABF7936ACA,administrative_parent,ADM4 row / research sector code 53521878; dated ADM3 parent 5352,,,verified
REL-9B4863A02FBB5626,1.0.0,current,SRC-TN-HDX-CODAB-2022,ENT-TN-DELEGATION-69C4DE6E547E,high,,ENT-TN-GOVERNORATE-47F772AA4A84,administrative_parent,ADM3 row / dated 264-delegation research code 4357,,,verified
REL-9B55A3C6274E53C6,1.0.0,current,SRC-TN-HDX-CODAB-2022,ENT-TN-IMADA-61511917,high,,ENT-TN-DELEGATION-08BF6BF26FFF,administrative_parent,ADM4 row / research sector code 61511917; dated ADM3 parent 6151,,,verified
REL-9B5FF5C2FD965959,1.0.0,current,SRC-TN-HDX-CODAB-2022,ENT-TN-IMADA-1564408,high,,ENT-TN-DELEGATION-8708C7088CBC,administrative_parent,ADM4 row / research sector code 1564408; dated ADM3 parent 1564,,,verified
REL-9B6416810ACC5CF8,1.0.0,current,SRC-TN-HDX-CODAB-2022,ENT-TN-DELEGATION-D77747883E55,high,,ENT-TN-GOVERNORATE-0D738EAC753C,administrative_parent,ADM3 row / dated 264-delegation research code 2354,,,verified
REL-9B6E40B18A015A6D,1.0.0,current,SRC-TN-HDX-CODAB-2022,ENT-TN-IMADA-2154626,high,,ENT-TN-DELEGATION-028DF902ABF9,administrative_parent,ADM4 row / research sector code 2154626; dated ADM3 parent 2154,,,verified
REL-9B8C092E56A55ED3,1.0.0,current,SRC-TN-HDX-CODAB-2022,ENT-TN-IMADA-1758541,high,,ENT-TN-DELEGATION-F3529789545D,administrative_parent,ADM4 row / research sector code 1758541; dated ADM3 parent 1758,,,verified
REL-9BA5D33A38805CA2,1.0.0,current,SRC-TN-HDX-CODAB-2022,ENT-TN-IMADA-53571913,high,,ENT-TN-DELEGATION-4A4ADB1F39D5,administrative_parent,ADM4 row / research sector code 53571913; dated ADM3 parent 5357,,,verified
REL-9BB386CC818B5E48,1.0.0,current,SRC-TN-HDX-CODAB-2022,ENT-TN-IMADA-51581734,high,,ENT-TN-DELEGATION-F7614EE1CE5C,administrative_parent,ADM4 row / research sector code 51581734; dated ADM3 parent 5158,,,verified
REL-9BEAC57ADA7D5668,1.0.0,current,SRC-TN-HDX-CODAB-2022,ENT-TN-DELEGATION-8708C7088CBC,high,,ENT-TN-GOVERNORATE-EA30E853F598,administrative_parent,ADM3 row / dated 264-delegation research code 1564,,,verified
REL-9BF15213F4515C7A,1.0.0,current,SRC-TN-HDX-CODAB-2022,ENT-TN-IMADA-1454300,high,,ENT-TN-DELEGATION-3DDA099AD6C7,administrative_parent,ADM4 row / research sector code 1454300; dated ADM3 parent 1454,,,verified
REL-9BF6F22073875826,1.0.0,current,SRC-TN-RESEARCH-GEOMETRY-2018,ENT-TN-MUNICIPALITY-1529,medium,Approximate research topology only; this is not an administrative parent relationship.,ENT-TN-DELEGATION-4AE753194B10,boundary_intersects,"sector evidence rows: 1562393,1562394,1562395,1562396,1562397",,,source_verified
REL-9C1CCA1B5B3C5622,1.0.0,current,SRC-TN-HDX-CODAB-2022,ENT-TN-DELEGATION-64DEA9083EA0,high,,ENT-TN-GOVERNORATE-E7D96FEF5043,administrative_parent,ADM3 row / dated 264-delegation research code 3354,,,verified
REL-9C5F3D2418FE5117,1.0.0,current,SRC-TN-HDX-CODAB-2022,ENT-TN-IMADA-62511999,high,,ENT-TN-DELEGATION-0410399059C4,administrative_parent,ADM4 row / research sector code 62511999; dated ADM3 parent 6251,,,verified
REL-9C6BB460099A5A66,1.0.0,current,SRC-TN-RESEARCH-GEOMETRY-2018,ENT-TN-MUNICIPALITY-2412,medium,Approximate research topology only; this is not an administrative parent relationship.,ENT-TN-DELEGATION-E6F9AC3B6A1F,boundary_intersects,"sector evidence rows: 2453877,2453878,2453879,2453880,2453881,2453882",,,source_verified
REL-9C922897D9935EAC,1.0.0,current,SRC-TN-HDX-CODAB-2022,ENT-TN-IMADA-43531601,high,,ENT-TN-DELEGATION-B63E32B2BC3F,administrative_parent,ADM4 row / research sector code 43531601; dated ADM3 parent 4353,,,verified
REL-9CA07F2883E055A1,1.0.0,current,SRC-TN-HDX-CODAB-2022,ENT-TN-IMADA-2157644,high,,ENT-TN-DELEGATION-CCDB3F1D6604,administrative_parent,ADM4 row / research sector code 2157644; dated ADM3 parent 2157,,,verified
REL-9CAB2B0FFB625EE0,1.0.0,current,SRC-LY-MOLG-MUNICIPALITIES-2026,ENT-LY-MUNICIPALITY-6D7E4B8D5255,high,,ENT-LY-COUNTRY,administrative_parent,Municipality list entry: قصر بن غشير,,,verified
REL-9CC95293F7BD54C6,1.0.0,current,SRC-TN-HDX-CODAB-2022,ENT-TN-IMADA-53551901,high,,ENT-TN-DELEGATION-2D3CF4EC1C11,administrative_parent,ADM4 row / research sector code 53551901; dated ADM3 parent 5355,,,verified
REL-9CE0F68A743A520F,1.0.0,current,SRC-TN-HDX-CODAB-2022,ENT-TN-IMADA-1566424,high,,ENT-TN-DELEGATION-B95D26E1207F,administrative_parent,ADM4 row / research sector code 1566424; dated ADM3 parent 1566,,,verified
REL-9CEA6FADDD8256DF,1.0.0,current,SRC-TN-HDX-CODAB-2022,ENT-TN-IMADA-53511850,high,,ENT-TN-DELEGATION-36BABB1475F8,administrative_parent,ADM4 row / research sector code 53511850; dated ADM3 parent 5351,,,verified
REL-9CF72E2D277A53AC,1.0.0,current,SRC-TN-RESEARCH-GEOMETRY-2018,ENT-TN-MUNICIPALITY-4222,medium,Approximate research topology only; this is not an administrative parent relationship.,ENT-TN-DELEGATION-00555D763B13,boundary_intersects,"sector evidence rows: 42541485,42541486,42541487,42541488,42541489",,,source_verified
REL-9D004FA840DE50DB,1.0.0,current,SRC-TN-HDX-CODAB-2022,ENT-TN-IMADA-1651428,high,,ENT-TN-DELEGATION-D52472FD9496,administrative_parent,ADM4 row / research sector code 1651428; dated ADM3 parent 1651,,,verified
REL-9D253A3A09535470,1.0.0,current,SRC-TN-RESEARCH-GEOMETRY-2018,ENT-TN-MUNICIPALITY-4124,medium,Approximate research topology only; this is not an administrative parent relationship.,ENT-TN-DELEGATION-F9557E5DC693,boundary_intersects,"sector evidence rows: 41611455,41611456",,,source_verified
REL-9D2DB5431EEC594D,1.0.0,current,SRC-LY-MOLG-MUNICIPALITIES-2026,ENT-LY-MUNICIPALITY-9B7D2726E57F,high,,ENT-LY-COUNTRY,administrative_parent,Municipality list entry: الحرابة,,,verified
REL-9D30334CCDCA5BA5,1.0.0,current,SRC-TN-HDX-CODAB-2022,ENT-TN-IMADA-53521868,high,,ENT-TN-DELEGATION-D3ABF7936ACA,administrative_parent,ADM4 row / research sector code 53521868; dated ADM3 parent 5352,,,verified
REL-9D409CB849AD53C5,1.0.0,current,SRC-TN-RESEARCH-GEOMETRY-2018,ENT-TN-MUNICIPALITY-1719,medium,Approximate research topology only; this is not an administrative parent relationship.,ENT-TN-DELEGATION-F7ED1EE6DC53,boundary_intersects,"sector evidence rows: 1762563,1762564",,,source_verified
REL-9D417EB60A605E20,1.0.0,current,SRC-TN-HDX-CODAB-2022,ENT-TN-IMADA-52571827,high,,ENT-TN-DELEGATION-F66C4659B2C0,administrative_parent,ADM4 row / research sector code 52571827; dated ADM3 parent 5257,,,verified
REL-9D44AD78C05155B2,1.0.0,current,SRC-TN-HDX-CODAB-2022,ENT-TN-DELEGATION-FCEB64E05ED0,high,,ENT-TN-GOVERNORATE-B1787F907937,administrative_parent,ADM3 row / dated 264-delegation research code 1752,,,verified
REL-9D50FB584BE65335,1.0.0,current,SRC-TN-HDX-CODAB-2022,ENT-TN-IMADA-43601656,high,,ENT-TN-DELEGATION-89139C7B1553,administrative_parent,ADM4 row / research sector code 43601656; dated ADM3 parent 4360,,,verified
REL-9D649F333DF1520D,1.0.0,historical,SRC-LY-BSC-CENSUS-2006,ENT-LY-SHABIYA-HISTORICAL-517177B2A8BA,high,Historical hierarchy snapshot only.,ENT-LY-COUNTRY,administrative_parent,2006 census region: وادي الشاطئ,,,verified
REL-9D6E4FF76DD75A56,1.0.0,current,SRC-TN-RESEARCH-GEOMETRY-2018,ENT-TN-MUNICIPALITY-2311,medium,Approximate research topology only; this is not an administrative parent relationship.,ENT-TN-DELEGATION-D4441080949B,boundary_intersects,"sector evidence rows: 2352776,2352777,2352778,2352783",,,source_verified
REL-9D7C7EC471355823,1.0.0,current,SRC-TN-HDX-CODAB-2022,ENT-TN-IMADA-1362276,high,,ENT-TN-DELEGATION-D4FC46D8AB0D,administrative_parent,ADM4 row / research sector code 1362276; dated ADM3 parent 1362,,,verified
REL-9DA25E5801E0564D,1.0.0,current,SRC-TN-HDX-CODAB-2022,ENT-TN-IMADA-34521240,high,,ENT-TN-DELEGATION-5589DBA6CB89,administrative_parent,ADM4 row / research sector code 34521240; dated ADM3 parent 3452,,,verified
REL-9DCF72F5F8D05CC2,1.0.0,current,SRC-TN-HDX-CODAB-2022,ENT-TN-IMADA-41571422,high,,ENT-TN-DELEGATION-5E9C54B26170,administrative_parent,ADM4 row / research sector code 41571422; dated ADM3 parent 4157,,,verified
REL-9DEF8F2B214D5582,1.0.0,current,SRC-TN-HDX-CODAB-2022,ENT-TN-IMADA-53541889,high,,ENT-TN-DELEGATION-390678B1D4C7,administrative_parent,ADM4 row / research sector code 53541889; dated ADM3 parent 5354,,,verified
REL-9DF04BA4E13B57AE,1.0.0,current,SRC-TN-HDX-CODAB-2022,ENT-TN-IMADA-32581104,high,,ENT-TN-DELEGATION-4E58B3CD9CB1,administrative_parent,ADM4 row / research sector code 32581104; dated ADM3 parent 3258,,,verified
REL-9E060AE7EBEC50BB,1.0.0,current,SRC-TN-HDX-CODAB-2022,ENT-TN-IMADA-31601003,high,,ENT-TN-DELEGATION-AC41B378E3D9,administrative_parent,ADM4 row / research sector code 31601003; dated ADM3 parent 3160,,,verified
REL-9E1663AA3E5A580E,1.0.0,current,SRC-TN-HDX-CODAB-2022,ENT-TN-IMADA-34571275,high,,ENT-TN-DELEGATION-B1DB2FE90D10,administrative_parent,ADM4 row / research sector code 34571275; dated ADM3 parent 3457,,,verified
REL-9E299989E92659CC,1.0.0,current,SRC-TN-HDX-CODAB-2022,ENT-TN-IMADA-41581439,high,,ENT-TN-DELEGATION-A9A2E64081DA,administrative_parent,ADM4 row / research sector code 41581439; dated ADM3 parent 4158,,,verified
REL-9E3BDD22628F5D25,1.0.0,current,SRC-TN-HDX-CODAB-2022,ENT-TN-IMADA-43621680,high,,ENT-TN-DELEGATION-E45902371203,administrative_parent,ADM4 row / research sector code 43621680; dated ADM3 parent 4362,,,verified
REL-9E428031F5085F42,1.0.0,current,SRC-TN-HDX-CODAB-2022,ENT-TN-IMADA-43611672,high,,ENT-TN-DELEGATION-755242916060,administrative_parent,ADM4 row / research sector code 43611672; dated ADM3 parent 4361,,,verified
REL-9E4B40842E1B5AA1,1.0.0,current,SRC-TN-HDX-CODAB-2022,ENT-TN-IMADA-42521477,high,,ENT-TN-DELEGATION-FA7572893BAA,administrative_parent,ADM4 row / research sector code 42521477; dated ADM3 parent 4252,,,verified
REL-9EB4FF0C660C581E,1.0.0,current,SRC-TN-HDX-CODAB-2022,ENT-TN-IMADA-1762563,high,,ENT-TN-DELEGATION-F7ED1EE6DC53,administrative_parent,ADM4 row / research sector code 1762563; dated ADM3 parent 1762,,,verified
REL-9ECBE942587650E8,1.0.0,current,SRC-TN-HDX-CODAB-2022,ENT-TN-DELEGATION-920707B361CE,high,,ENT-TN-GOVERNORATE-B1787F907937,administrative_parent,ADM3 row / dated 264-delegation research code 1760,,,verified
REL-9ED1826D843C575E,1.0.0,current,SRC-TN-DGCL-MUNICIPALITIES-2024,ENT-TN-MUNICIPALITY-2120,high,,ENT-TN-GOVERNORATE-EA2D44B4F25E,administrative_parent,January 2024 workbook row: governorate 21; municipality code 2120,,,verified
REL-9F4020DAF7BE54C5,1.0.0,current,SRC-TN-HDX-CODAB-2022,ENT-TN-IMADA-2154614,high,,ENT-TN-DELEGATION-028DF902ABF9,administrative_parent,ADM4 row / research sector code 2154614; dated ADM3 parent 2154,,,verified
REL-9F61DA41C5055D26,1.0.0,current,SRC-TN-HDX-CODAB-2022,ENT-TN-IMADA-2257755,high,,ENT-TN-DELEGATION-36D776E11570,administrative_parent,ADM4 row / research sector code 2257755; dated ADM3 parent 2257,,,verified
REL-9F6473C21DAE5303,1.0.0,current,SRC-TN-DGCL-MUNICIPALITIES-2024,ENT-TN-MUNICIPALITY-6123,high,,ENT-TN-GOVERNORATE-467CAA2B1928,administrative_parent,January 2024 workbook row: governorate 61; municipality code 6123,,,verified
REL-9FB34F8B52F45788,1.0.0,current,SRC-TN-DGCL-MUNICIPALITIES-2024,ENT-TN-MUNICIPALITY-2220,high,,ENT-TN-GOVERNORATE-7A4D0C3A889C,administrative_parent,January 2024 workbook row: governorate 22; municipality code 2220,,,verified
REL-9FD44B8A5B1553D3,1.0.0,current,SRC-TN-HDX-CODAB-2022,ENT-TN-DELEGATION-7D47DBFD2C6B,high,,ENT-TN-GOVERNORATE-5BC9A7217C8C,administrative_parent,ADM3 row / dated 264-delegation research code 3252,,,verified
REL-9FF3E76260F85599,1.0.0,current,SRC-TN-HDX-CODAB-2022,ENT-TN-IMADA-1354224,high,,ENT-TN-DELEGATION-A6449AC11294,administrative_parent,ADM4 row / research sector code 1354224; dated ADM3 parent 1354,,,verified
REL-A007BA719231504E,1.0.0,current,SRC-TN-HDX-CODAB-2022,ENT-TN-IMADA-63552059,high,,ENT-TN-DELEGATION-010FEC49E881,administrative_parent,ADM4 row / research sector code 63552059; dated ADM3 parent 6355,,,verified
REL-A012A0BA862D5646,1.0.0,current,SRC-TN-HDX-CODAB-2022,ENT-TN-IMADA-1152113,high,,ENT-TN-DELEGATION-CC12560912DD,administrative_parent,ADM4 row / research sector code 1152113; dated ADM3 parent 1152,,,verified
REL-A016A71A5F1C554D,1.0.0,current,SRC-TN-HDX-CODAB-2022,ENT-TN-GOVERNORATE-81845FB6BE40,high,,ENT-TN-COUNTRY,administrative_parent,ADM2 row / research governorate code 16,,,verified
REL-A01D4820AD235D65,1.0.0,current,SRC-TN-HDX-CODAB-2022,ENT-TN-IMADA-1755512,high,,ENT-TN-DELEGATION-148C846991C4,administrative_parent,ADM4 row / research sector code 1755512; dated ADM3 parent 1755,,,verified
REL-A03E88FB66545F72,1.0.0,current,SRC-TN-RESEARCH-GEOMETRY-2018,ENT-TN-MUNICIPALITY-1519,medium,Approximate research topology only; this is not an administrative parent relationship.,ENT-TN-DELEGATION-C7B4FEE5AE08,boundary_intersects,"sector evidence rows: 1555357,1555358",,,source_verified
REL-A044966325B65E88,1.0.0,current,SRC-TN-HDX-CODAB-2022,ENT-TN-IMADA-1761560,high,,ENT-TN-DELEGATION-5E40024695DE,administrative_parent,ADM4 row / research sector code 1761560; dated ADM3 parent 1761,,,verified
REL-A04F73D6D36354AE,1.0.0,current,SRC-TN-HDX-CODAB-2022,ENT-TN-DELEGATION-8460EAF855E4,high,,ENT-TN-GOVERNORATE-D5ED89886664,administrative_parent,ADM3 row / dated 264-delegation research code 1351,,,verified
REL-A05A3117F45D5965,1.0.0,current,SRC-TN-HDX-CODAB-2022,ENT-TN-IMADA-41591440,high,,ENT-TN-DELEGATION-533D4E540C29,administrative_parent,ADM4 row / research sector code 41591440; dated ADM3 parent 4159,,,verified
REL-A05BE841AE30590D,1.0.0,current,SRC-TN-HDX-CODAB-2022,ENT-TN-IMADA-1759548,high,,ENT-TN-DELEGATION-FFE2346B14CF,administrative_parent,ADM4 row / research sector code 1759548; dated ADM3 parent 1759,,,verified
REL-A08BD698231E58BD,1.0.0,current,SRC-TN-HDX-CODAB-2022,ENT-TN-IMADA-31631024,high,,ENT-TN-DELEGATION-E401587A83A1,administrative_parent,ADM4 row / research sector code 31631024; dated ADM3 parent 3163,,,verified
REL-A0937A2ACB605232,1.0.0,current,SRC-TN-HDX-CODAB-2022,ENT-TN-IMADA-2152592,high,,ENT-TN-DELEGATION-08DFD967FB8E,administrative_parent,ADM4 row / research sector code 2152592; dated ADM3 parent 2152,,,verified
REL-A095F04E13E255BD,1.0.0,current,SRC-TN-HDX-CODAB-2022,ENT-TN-IMADA-1361261,high,,ENT-TN-DELEGATION-678C562CAA1C,administrative_parent,ADM4 row / research sector code 1361261; dated ADM3 parent 1361,,,verified
REL-A09924D402435B3B,1.0.0,current,SRC-TN-HDX-CODAB-2022,ENT-TN-IMADA-32571089,high,,ENT-TN-DELEGATION-A9FD50013858,administrative_parent,ADM4 row / research sector code 32571089; dated ADM3 parent 3257,,,verified
REL-A0B2592C2BA65B69,1.0.0,current,SRC-TN-RESEARCH-GEOMETRY-2018,ENT-TN-MUNICIPALITY-3237,medium,Approximate research topology only; this is not an administrative parent relationship.,ENT-TN-DELEGATION-1172E32A37EA,boundary_intersects,sector evidence rows: 32621118,,,source_verified
REL-A0E0CB343D4A5BB4,1.0.0,current,SRC-TN-HDX-CODAB-2022,ENT-TN-IMADA-1256199,high,,ENT-TN-DELEGATION-4F055D8E4C5F,administrative_parent,ADM4 row / research sector code 1256199; dated ADM3 parent 1256,,,verified
REL-A1096643AE805D17,1.0.0,current,SRC-TN-HDX-CODAB-2022,ENT-TN-IMADA-42551490,high,,ENT-TN-DELEGATION-5D62B4C8161F,administrative_parent,ADM4 row / research sector code 42551490; dated ADM3 parent 4255,,,verified
REL-A113661173FE5D2B,1.0.0,current,SRC-TN-HDX-CODAB-2022,ENT-TN-IMADA-42631567,high,,ENT-TN-DELEGATION-A9463801F6AD,administrative_parent,ADM4 row / research sector code 42631567; dated ADM3 parent 4263,,,verified
REL-A12DF64A827959CF,1.0.0,current,SRC-TN-HDX-CODAB-2022,ENT-TN-IMADA-33551168,high,,ENT-TN-DELEGATION-7893E2F13C86,administrative_parent,ADM4 row / research sector code 33551168; dated ADM3 parent 3355,,,verified
REL-A130D8E0BA2D5B05,1.0.0,current,SRC-TN-HDX-CODAB-2022,ENT-TN-IMADA-63512033,high,,ENT-TN-DELEGATION-83574F602607,administrative_parent,ADM4 row / research sector code 63512033; dated ADM3 parent 6351,,,verified
REL-A135F8EB4D045DAE,1.0.0,current,SRC-TN-HDX-CODAB-2022,ENT-TN-IMADA-52521766,high,,ENT-TN-DELEGATION-B117D836FA70,administrative_parent,ADM4 row / research sector code 52521766; dated ADM3 parent 5252,,,verified
REL-A138A80227F55551,1.0.0,current,SRC-TN-HDX-CODAB-2022,ENT-TN-IMADA-1755511,high,,ENT-TN-DELEGATION-148C846991C4,administrative_parent,ADM4 row / research sector code 1755511; dated ADM3 parent 1755,,,verified
REL-A1458BDD28BC56E1,1.0.0,current,SRC-TN-HDX-CODAB-2022,ENT-TN-IMADA-33541158,high,,ENT-TN-DELEGATION-64DEA9083EA0,administrative_parent,ADM4 row / research sector code 33541158; dated ADM3 parent 3354,,,verified
REL-A14B1AA8F8C35DFB,1.0.0,current,SRC-TN-HDX-CODAB-2022,ENT-TN-IMADA-2254709,high,,ENT-TN-DELEGATION-0A43143796F7,administrative_parent,ADM4 row / research sector code 2254709; dated ADM3 parent 2254,,,verified
REL-A14FD1E03B4258DF,1.0.0,current,SRC-TN-HDX-CODAB-2022,ENT-TN-IMADA-33611222,high,,ENT-TN-DELEGATION-8CD3CBC66F17,administrative_parent,ADM4 row / research sector code 33611222; dated ADM3 parent 3361,,,verified
REL-A159CC3505FC58DB,1.0.0,current,SRC-TN-HDX-CODAB-2022,ENT-TN-IMADA-2157648,high,,ENT-TN-DELEGATION-CCDB3F1D6604,administrative_parent,ADM4 row / research sector code 2157648; dated ADM3 parent 2157,,,verified
REL-A161E1381C9E52AD,1.0.0,current,SRC-TN-HDX-CODAB-2022,ENT-TN-IMADA-31621015,high,,ENT-TN-DELEGATION-BFF07C1D0C4A,administrative_parent,ADM4 row / research sector code 31621015; dated ADM3 parent 3162,,,verified
REL-A181CE47B8595A57,1.0.0,current,SRC-TN-DGCL-MUNICIPALITIES-2024,ENT-TN-MUNICIPALITY-3327,high,,ENT-TN-GOVERNORATE-E7D96FEF5043,administrative_parent,January 2024 workbook row: governorate 33; municipality code 3327,,,verified
REL-A18517FD504657B8,1.0.0,current,SRC-UNESCO-WHC-TN-2026,ENT-TN-SITE-KAIROUAN,high,,ENT-TN-MUNICIPALITY-4111,located_in,World Heritage property 499,,,verified
REL-A18FEFB79BFB56F3,1.0.0,current,SRC-TN-HDX-CODAB-2022,ENT-TN-IMADA-32631124,high,,ENT-TN-DELEGATION-7F9EBE1F4EA1,administrative_parent,ADM4 row / research sector code 32631124; dated ADM3 parent 3263,,,verified
REL-A19DD5DB4E1550DD,1.0.0,current,SRC-TN-HDX-CODAB-2022,ENT-TN-DELEGATION-BACCAA713057,high,,ENT-TN-GOVERNORATE-A460B4F223EB,administrative_parent,ADM3 row / dated 264-delegation research code 2451,,,verified
REL-A1A33EB9FA1650E4,1.0.0,current,SRC-TN-RESEARCH-GEOMETRY-2018,ENT-TN-MUNICIPALITY-1318,medium,Approximate research topology only; this is not an administrative parent relationship.,ENT-TN-DELEGATION-28027896EDDD,boundary_intersects,"sector evidence rows: 1359248,1359249,1359250,1359251,1359252,1359253,1359254,1359255",,,source_verified
REL-A1A7FC2954565A93,1.0.0,current,SRC-TN-HDX-CODAB-2022,ENT-TN-IMADA-31641036,high,,ENT-TN-DELEGATION-9ADFA1D292D9,administrative_parent,ADM4 row / research sector code 31641036; dated ADM3 parent 3164,,,verified
REL-A1CD8AA9C610521D,1.0.0,current,SRC-TN-HDX-CODAB-2022,ENT-TN-IMADA-41511363,high,,ENT-TN-DELEGATION-9CCDCAF94A4A,administrative_parent,ADM4 row / research sector code 41511363; dated ADM3 parent 4151,,,verified
REL-A1DAC4EFCA445059,1.0.0,current,SRC-LY-MOLG-MUNICIPALITIES-2026,ENT-LY-MUNICIPALITY-45A161F8CB47,high,,ENT-LY-COUNTRY,administrative_parent,Municipality list entry: غريان,,,verified
REL-A1EC7F6B0B815889,1.0.0,current,SRC-TN-RESEARCH-GEOMETRY-2018,ENT-TN-MUNICIPALITY-3125,medium,Approximate research topology only; this is not an administrative parent relationship.,ENT-TN-DELEGATION-9ADFA1D292D9,boundary_intersects,sector evidence rows: 31641044,,,source_verified
REL-A208AD34DCC957DB,1.0.0,current,SRC-LY-MOLG-MUNICIPALITIES-2026,ENT-LY-MUNICIPALITY-DDBA9DD6B357,high,,ENT-LY-COUNTRY,administrative_parent,Municipality list entry: الرياينة,,,verified
REL-A20E7D91E10B515A,1.0.0,current,SRC-TN-HDX-CODAB-2022,ENT-TN-IMADA-2153604,high,,ENT-TN-DELEGATION-64B47287C7CC,administrative_parent,ADM4 row / research sector code 2153604; dated ADM3 parent 2153,,,verified
REL-A220455C76E2595B,1.0.0,current,SRC-TN-HDX-CODAB-2022,ENT-TN-DELEGATION-A6D2E459547E,high,,ENT-TN-GOVERNORATE-D28A09D558AD,administrative_parent,ADM3 row / dated 264-delegation research code 4154,,,verified
REL-A24A1DF4317557F6,1.0.0,current,SRC-TN-HDX-CODAB-2022,ENT-TN-IMADA-31641031,high,,ENT-TN-DELEGATION-9ADFA1D292D9,administrative_parent,ADM4 row / research sector code 31641031; dated ADM3 parent 3164,,,verified
REL-A279147BED535BEA,1.0.0,current,SRC-TN-HDX-CODAB-2022,ENT-TN-IMADA-34521243,high,,ENT-TN-DELEGATION-5589DBA6CB89,administrative_parent,ADM4 row / research sector code 34521243; dated ADM3 parent 3452,,,verified
REL-A27AE6BB4DFA5223,1.0.0,current,SRC-TN-HDX-CODAB-2022,ENT-TN-IMADA-1362268,high,,ENT-TN-DELEGATION-D4FC46D8AB0D,administrative_parent,ADM4 row / research sector code 1362268; dated ADM3 parent 1362,,,verified
REL-A29150F470485E35,1.0.0,current,SRC-TN-HDX-CODAB-2022,ENT-TN-IMADA-34631328,high,,ENT-TN-DELEGATION-17B9E0494EC7,administrative_parent,ADM4 row / research sector code 34631328; dated ADM3 parent 3463,,,verified
REL-A299E4DEE8DB540D,1.0.0,current,SRC-LY-MOLG-MUNICIPALITIES-2026,ENT-LY-MUNICIPALITY-FAA732030045,high,,ENT-LY-COUNTRY,administrative_parent,Municipality list entry: المرج,,,verified
REL-A2A9288F4A0E5E31,1.0.0,current,SRC-TN-HDX-CODAB-2022,ENT-TN-IMADA-42601534,high,,ENT-TN-DELEGATION-D555F337D568,administrative_parent,ADM4 row / research sector code 42601534; dated ADM3 parent 4260,,,verified
REL-A2A95C9C026C57A4,1.0.0,current,SRC-TN-HDX-CODAB-2022,ENT-TN-IMADA-34651336,high,,ENT-TN-DELEGATION-BE40270E2393,administrative_parent,ADM4 row / research sector code 34651336; dated ADM3 parent 3465,,,verified
REL-A2CB44A379CA5A0C,1.0.0,current,SRC-TN-HDX-CODAB-2022,ENT-TN-IMADA-1353222,high,,ENT-TN-DELEGATION-B8BFE8FFB2B8,administrative_parent,ADM4 row / research sector code 1353222; dated ADM3 parent 1353,,,verified
REL-A2DA233756765D44,1.0.0,current,SRC-TN-RESEARCH-GEOMETRY-2018,ENT-TN-MUNICIPALITY-3128,medium,Approximate research topology only; this is not an administrative parent relationship.,ENT-TN-DELEGATION-5CA39F3BFF07,boundary_intersects,"sector evidence rows: 3156973,3156975",,,source_verified
REL-A2F1787435AC51EF,1.0.0,current,SRC-TN-HDX-CODAB-2022,ENT-TN-IMADA-1361265,high,,ENT-TN-DELEGATION-678C562CAA1C,administrative_parent,ADM4 row / research sector code 1361265; dated ADM3 parent 1361,,,verified
REL-A2F6A9B6426B50B4,1.0.0,current,SRC-TN-HDX-CODAB-2022,ENT-TN-IMADA-116644,high,,ENT-TN-DELEGATION-D592FC6CD4D2,administrative_parent,ADM4 row / research sector code 116644; dated ADM3 parent 1166,,,verified
REL-A314FEF542BD5E0B,1.0.0,current,SRC-TN-HDX-CODAB-2022,ENT-TN-IMADA-63512032,high,,ENT-TN-DELEGATION-83574F602607,administrative_parent,ADM4 row / research sector code 63512032; dated ADM3 parent 6351,,,verified
REL-A315EC20E4F75EEB,1.0.0,current,SRC-TN-HDX-CODAB-2022,ENT-TN-IMADA-1555357,high,,ENT-TN-DELEGATION-C7B4FEE5AE08,administrative_parent,ADM4 row / research sector code 1555357; dated ADM3 parent 1555,,,verified
REL-A32CA28AFC79550F,1.0.0,current,SRC-TN-HDX-CODAB-2022,ENT-TN-IMADA-32571090,high,,ENT-TN-DELEGATION-A9FD50013858,administrative_parent,ADM4 row / research sector code 32571090; dated ADM3 parent 3257,,,verified
REL-A332205E54675188,1.0.0,current,SRC-TN-HDX-CODAB-2022,ENT-TN-IMADA-2153612,high,,ENT-TN-DELEGATION-64B47287C7CC,administrative_parent,ADM4 row / research sector code 2153612; dated ADM3 parent 2153,,,verified
REL-A33AEB0D4ABB533F,1.0.0,current,SRC-TN-HDX-CODAB-2022,ENT-TN-DELEGATION-9AB968FD4EE0,high,,ENT-TN-GOVERNORATE-36E4260B310C,administrative_parent,ADM3 row / dated 264-delegation research code 4259,,,verified
REL-A3479D8153035062,1.0.0,current,SRC-TN-HDX-CODAB-2022,ENT-TN-IMADA-1353218,high,,ENT-TN-DELEGATION-B8BFE8FFB2B8,administrative_parent,ADM4 row / research sector code 1353218; dated ADM3 parent 1353,,,verified
REL-A34C436034305CCB,1.0.0,current,SRC-TN-RESEARCH-GEOMETRY-2018,ENT-TN-MUNICIPALITY-3419,medium,Approximate research topology only; this is not an administrative parent relationship.,ENT-TN-DELEGATION-05852EF74252,boundary_intersects,"sector evidence rows: 34581277,34581279,34581281,34581282,34581284",,,source_verified
REL-A34EB96769F3526D,1.0.0,current,SRC-TN-HDX-CODAB-2022,ENT-TN-IMADA-32621121,high,,ENT-TN-DELEGATION-1172E32A37EA,administrative_parent,ADM4 row / research sector code 32621121; dated ADM3 parent 3262,,,verified
REL-A357000275335728,1.0.0,current,SRC-TN-DGCL-MUNICIPALITIES-2024,ENT-TN-MUNICIPALITY-3213,high,,ENT-TN-GOVERNORATE-5BC9A7217C8C,administrative_parent,January 2024 workbook row: governorate 32; municipality code 3213,,,verified
REL-A3571708B40A591F,1.0.0,current,SRC-TN-HDX-CODAB-2022,ENT-TN-IMADA-32511052,high,,ENT-TN-DELEGATION-386953CDE2D6,administrative_parent,ADM4 row / research sector code 32511052; dated ADM3 parent 3251,,,verified
REL-A361955EED8151E4,1.0.0,current,SRC-TN-RESEARCH-GEOMETRY-2018,ENT-TN-MUNICIPALITY-1312,medium,Approximate research topology only; this is not an administrative parent relationship.,ENT-TN-DELEGATION-B8BFE8FFB2B8,boundary_intersects,"sector evidence rows: 1353218,1353219,1353220,1353221,1353222,1353223",,,source_verified
REL-A361E21648B2543F,1.0.0,current,SRC-TN-HDX-CODAB-2022,ENT-TN-IMADA-1457321,high,,ENT-TN-DELEGATION-99CBAA7046B8,administrative_parent,ADM4 row / research sector code 1457321; dated ADM3 parent 1457,,,verified
REL-A384EE1E2A615876,1.0.0,current,SRC-LY-MOLG-MUNICIPALITIES-2026,ENT-LY-MUNICIPALITY-B08527085C5E,high,,ENT-LY-COUNTRY,administrative_parent,Municipality list entry: الحوامد,,,verified
REL-A386654B3C4F5F45,1.0.0,current,SRC-TN-HDX-CODAB-2022,ENT-TN-IMADA-1552337,high,,ENT-TN-DELEGATION-14077DE6F00B,administrative_parent,ADM4 row / research sector code 1552337; dated ADM3 parent 1552,,,verified
REL-A3B55D287B425D40,1.0.0,current,SRC-TN-HDX-CODAB-2022,ENT-TN-IMADA-43521588,high,,ENT-TN-DELEGATION-B5CD972E98C1,administrative_parent,ADM4 row / research sector code 43521588; dated ADM3 parent 4352,,,verified
REL-A3E0F64DEDCC5111,1.0.0,current,SRC-TN-HDX-CODAB-2022,ENT-TN-DELEGATION-17B9E0494EC7,high,,ENT-TN-GOVERNORATE-97D2B1489F90,administrative_parent,ADM3 row / dated 264-delegation research code 3463,,,verified
REL-A3E5FDF404E05F23,1.0.0,current,SRC-TN-HDX-CODAB-2022,ENT-TN-IMADA-1554343,high,,ENT-TN-DELEGATION-25551A4A8808,administrative_parent,ADM4 row / research sector code 1554343; dated ADM3 parent 1554,,,verified
REL-A40FB45839B553C5,1.0.0,current,SRC-TN-HDX-CODAB-2022,ENT-TN-IMADA-42621553,high,,ENT-TN-DELEGATION-C41B01AE892E,administrative_parent,ADM4 row / research sector code 42621553; dated ADM3 parent 4262,,,verified
REL-A41FEB034D4455C1,1.0.0,current,SRC-TN-HDX-CODAB-2022,ENT-TN-IMADA-11512,high,,ENT-TN-DELEGATION-CEF958458571,administrative_parent,ADM4 row / research sector code 11512; dated ADM3 parent 1151,,,verified
REL-A44F4E02854C5882,1.0.0,current,SRC-TN-HDX-CODAB-2022,ENT-TN-IMADA-62511992,high,,ENT-TN-DELEGATION-0410399059C4,administrative_parent,ADM4 row / research sector code 62511992; dated ADM3 parent 6251,,,verified
REL-A4637E1400E252BB,1.0.0,current,SRC-TN-RESEARCH-GEOMETRY-2018,ENT-TN-MUNICIPALITY-2417,medium,Approximate research topology only; this is not an administrative parent relationship.,ENT-TN-DELEGATION-2F6C05AAB735,boundary_intersects,"sector evidence rows: 2458917,2458918,2458919,2458920,2458921,2458922,2458923",,,source_verified
REL-A468882189365F3F,1.0.0,current,SRC-TN-HDX-CODAB-2022,ENT-TN-IMADA-2361855,high,,ENT-TN-DELEGATION-05E0AB3C372D,administrative_parent,ADM4 row / research sector code 2361855; dated ADM3 parent 2361,,,verified
REL-A47F15FE67195679,1.0.0,current,SRC-TN-HDX-CODAB-2022,ENT-TN-IMADA-42551492,high,,ENT-TN-DELEGATION-5D62B4C8161F,administrative_parent,ADM4 row / research sector code 42551492; dated ADM3 parent 4255,,,verified
REL-A48DBF69C0265769,1.0.0,current,SRC-TN-HDX-CODAB-2022,ENT-TN-IMADA-41541392,high,,ENT-TN-DELEGATION-A6D2E459547E,administrative_parent,ADM4 row / research sector code 41541392; dated ADM3 parent 4154,,,verified
REL-A497D2FC99E45FF1,1.0.0,current,SRC-TN-HDX-CODAB-2022,ENT-TN-IMADA-1256195,high,,ENT-TN-DELEGATION-4F055D8E4C5F,administrative_parent,ADM4 row / research sector code 1256195; dated ADM3 parent 1256,,,verified
REL-A49BAD2C494F5693,1.0.0,current,SRC-TN-HDX-CODAB-2022,ENT-TN-IMADA-116568,high,,ENT-TN-DELEGATION-0156C9A906A2,administrative_parent,ADM4 row / research sector code 116568; dated ADM3 parent 1165,,,verified
REL-A4C246F5BA395797,1.0.0,current,SRC-TN-RESEARCH-GEOMETRY-2018,ENT-TN-MUNICIPALITY-4220,medium,Approximate research topology only; this is not an administrative parent relationship.,ENT-TN-DELEGATION-A9463801F6AD,boundary_intersects,"sector evidence rows: 42631565,42631566,42631567,42631568,42631569,42631570,42631571",,,source_verified
REL-A4CF11DC74915789,1.0.0,current,SRC-TN-HDX-CODAB-2022,ENT-TN-IMADA-34551263,high,,ENT-TN-DELEGATION-CC6DBA2640FB,administrative_parent,ADM4 row / research sector code 34551263; dated ADM3 parent 3455,,,verified
REL-A4D4963D17D9505C,1.0.0,current,SRC-TN-HDX-CODAB-2022,ENT-TN-IMADA-2154627,high,,ENT-TN-DELEGATION-028DF902ABF9,administrative_parent,ADM4 row / research sector code 2154627; dated ADM3 parent 2154,,,verified
REL-A4F160D40439539D,1.0.0,current,SRC-TN-HDX-CODAB-2022,ENT-TN-IMADA-53541893,high,,ENT-TN-DELEGATION-390678B1D4C7,administrative_parent,ADM4 row / research sector code 53541893; dated ADM3 parent 5354,,,verified
REL-A505E32834F85E46,1.0.0,current,SRC-TN-HDX-CODAB-2022,ENT-TN-IMADA-62511995,high,,ENT-TN-DELEGATION-0410399059C4,administrative_parent,ADM4 row / research sector code 62511995; dated ADM3 parent 6251,,,verified
REL-A5248B0C13285B9C,1.0.0,current,SRC-TN-HDX-CODAB-2022,ENT-TN-IMADA-42571512,high,,ENT-TN-DELEGATION-184C444E7833,administrative_parent,ADM4 row / research sector code 42571512; dated ADM3 parent 4257,,,verified
REL-A5253B34CAE950F1,1.0.0,current,SRC-TN-DGCL-MUNICIPALITIES-2024,ENT-TN-MUNICIPALITY-4327,high,,ENT-TN-GOVERNORATE-47F772AA4A84,administrative_parent,January 2024 workbook row: governorate 43; municipality code 4327,,,verified
REL-A52EF024B27E5266,1.0.0,current,SRC-TN-HDX-CODAB-2022,ENT-TN-IMADA-33611218,high,,ENT-TN-DELEGATION-8CD3CBC66F17,administrative_parent,ADM4 row / research sector code 33611218; dated ADM3 parent 3361,,,verified
REL-A5559584C0A159C6,1.0.0,current,SRC-TN-HDX-CODAB-2022,ENT-TN-IMADA-2461942,high,,ENT-TN-DELEGATION-BE50E5DE6BD2,administrative_parent,ADM4 row / research sector code 2461942; dated ADM3 parent 2461,,,verified
REL-A5722ECEBC2755E5,1.0.0,current,SRC-TN-RESEARCH-GEOMETRY-2018,ENT-TN-MUNICIPALITY-6216,medium,Approximate research topology only; this is not an administrative parent relationship.,ENT-TN-DELEGATION-DAC482090AC5,boundary_intersects,"sector evidence rows: 62552023,62552024,62552025",,,source_verified
REL-A57DB1E215C050E0,1.0.0,current,SRC-TN-HDX-CODAB-2022,ENT-TN-DELEGATION-C93CA450F43B,high,,ENT-TN-GOVERNORATE-DB8D5C457676,administrative_parent,ADM3 row / dated 264-delegation research code 1169,,,verified
REL-A57EE466715D5B05,1.0.0,current,SRC-TN-HDX-CODAB-2022,ENT-TN-IMADA-52551805,high,,ENT-TN-DELEGATION-6EFE1FF87CAA,administrative_parent,ADM4 row / research sector code 52551805; dated ADM3 parent 5255,,,verified
REL-A5B3AFB0909C533A,1.0.0,current,SRC-TN-HDX-CODAB-2022,ENT-TN-IMADA-52591842,high,,ENT-TN-DELEGATION-F6FA367C4B52,administrative_parent,ADM4 row / research sector code 52591842; dated ADM3 parent 5259,,,verified
REL-A5B40EFCCFBF5415,1.0.0,historical,SRC-LY-BSC-CENSUS-2006,ENT-LY-SHABIYA-HISTORICAL-CC5D79EB73D7,high,Historical hierarchy snapshot only.,ENT-LY-COUNTRY,administrative_parent,2006 census region: الجبل الأخضر,,,verified
REL-A5CF45EBF65A5322,1.0.0,current,SRC-TN-RESEARCH-GEOMETRY-2018,ENT-TN-MUNICIPALITY-6116,medium,Approximate research topology only; this is not an administrative parent relationship.,ENT-TN-DELEGATION-A638A51CF8F7,boundary_intersects,"sector evidence rows: 61581967,61581968,61581969,61581970",,,source_verified
REL-A5F1DB61A817595D,1.0.0,current,SRC-TN-DGCL-MUNICIPALITIES-2024,ENT-TN-MUNICIPALITY-4214,high,,ENT-TN-GOVERNORATE-36E4260B310C,administrative_parent,January 2024 workbook row: governorate 42; municipality code 4214,,,verified
REL-A5F3A6C088235CFE,1.0.0,current,SRC-TN-HDX-CODAB-2022,ENT-TN-IMADA-41551404,high,,ENT-TN-DELEGATION-6EC1A2137D0E,administrative_parent,ADM4 row / research sector code 41551404; dated ADM3 parent 4155,,,verified
REL-A5F95588DC3E5495,1.0.0,current,SRC-TN-RESEARCH-GEOMETRY-2018,ENT-TN-MUNICIPALITY-2212,medium,Approximate research topology only; this is not an administrative parent relationship.,ENT-TN-DELEGATION-997BFDED88CF,boundary_intersects,"sector evidence rows: 2253700,2253701,2253702,2253703,2253704,2253705,2253706,2253707,2253708",,,source_verified
REL-A60F6D165F455CDF,1.0.0,current,SRC-TN-HDX-CODAB-2022,ENT-TN-IMADA-1171157,high,,ENT-TN-DELEGATION-3C575B9AF71B,administrative_parent,ADM4 row / research sector code 1171157; dated ADM3 parent 1171,,,verified
REL-A610040EA7DD5CEA,1.0.0,current,SRC-TN-DGCL-MUNICIPALITIES-2024,ENT-TN-MUNICIPALITY-3218,high,,ENT-TN-GOVERNORATE-5BC9A7217C8C,administrative_parent,January 2024 workbook row: governorate 32; municipality code 3218,,,verified
REL-A627986D888354C4,1.0.0,current,SRC-TN-HDX-CODAB-2022,ENT-TN-IMADA-1251159,high,,ENT-TN-DELEGATION-907386F80604,administrative_parent,ADM4 row / research sector code 1251159; dated ADM3 parent 1251,,,verified
REL-A6826A61E3CA5448,1.0.0,current,SRC-TN-DGCL-MUNICIPALITIES-2024,ENT-TN-MUNICIPALITY-2317,high,,ENT-TN-GOVERNORATE-0D738EAC753C,administrative_parent,January 2024 workbook row: governorate 23; municipality code 2317,,,verified
REL-A68350C1EEE25460,1.0.0,current,SRC-TN-HDX-CODAB-2022,ENT-TN-IMADA-1362270,high,,ENT-TN-DELEGATION-D4FC46D8AB0D,administrative_parent,ADM4 row / research sector code 1362270; dated ADM3 parent 1362,,,verified
REL-A68361BDD0B65B8B,1.0.0,current,SRC-TN-HDX-CODAB-2022,ENT-TN-IMADA-2458916,high,,ENT-TN-DELEGATION-2F6C05AAB735,administrative_parent,ADM4 row / research sector code 2458916; dated ADM3 parent 2458,,,verified
REL-A68AD6FF8D085A38,1.0.0,current,SRC-TN-HDX-CODAB-2022,ENT-TN-IMADA-34661351,high,,ENT-TN-DELEGATION-E83D07EB9C29,administrative_parent,ADM4 row / research sector code 34661351; dated ADM3 parent 3466,,,verified
REL-A6CD390E2B1E526F,1.0.0,current,SRC-TN-HDX-CODAB-2022,ENT-TN-IMADA-62511994,high,,ENT-TN-DELEGATION-0410399059C4,administrative_parent,ADM4 row / research sector code 62511994; dated ADM3 parent 6251,,,verified
REL-A6D2F55036895623,1.0.0,current,SRC-TN-HDX-CODAB-2022,ENT-TN-IMADA-2453881,high,,ENT-TN-DELEGATION-E6F9AC3B6A1F,administrative_parent,ADM4 row / research sector code 2453881; dated ADM3 parent 2453,,,verified
REL-A6F2B5CDD3B55AD0,1.0.0,current,SRC-TN-HDX-CODAB-2022,ENT-TN-IMADA-53521867,high,,ENT-TN-DELEGATION-D3ABF7936ACA,administrative_parent,ADM4 row / research sector code 53521867; dated ADM3 parent 5352,,,verified
REL-A6F3F8EFF6FF5617,1.0.0,current,SRC-LY-MOLG-MUNICIPALITIES-2026,ENT-LY-MUNICIPALITY-0B3C562E345A,high,,ENT-LY-COUNTRY,administrative_parent,Municipality list entry: وازن,,,verified
REL-A6F47588BE9B5FF9,1.0.0,current,SRC-TN-HDX-CODAB-2022,ENT-TN-IMADA-2451867,high,,ENT-TN-DELEGATION-BACCAA713057,administrative_parent,ADM4 row / research sector code 2451867; dated ADM3 parent 2451,,,verified
REL-A6F653802BD25E16,1.0.0,current,SRC-TN-HDX-CODAB-2022,ENT-TN-IMADA-61521923,high,,ENT-TN-DELEGATION-A20DE8BF6185,administrative_parent,ADM4 row / research sector code 61521923; dated ADM3 parent 6152,,,verified
REL-A6FD0E2F802952BD,1.0.0,current,SRC-TN-DGCL-MUNICIPALITIES-2024,ENT-TN-MUNICIPALITY-5314,high,,ENT-TN-GOVERNORATE-DAC2A2592975,administrative_parent,January 2024 workbook row: governorate 53; municipality code 5314,,,verified
REL-A73A03860F905B0C,1.0.0,current,SRC-TN-RESEARCH-GEOMETRY-2018,ENT-TN-MUNICIPALITY-1320,medium,Approximate research topology only; this is not an administrative parent relationship.,ENT-TN-DELEGATION-D4FC46D8AB0D,boundary_intersects,"sector evidence rows: 1362268,1362269,1362271,1362272,1362273,1362274,1362277,1362279",,,source_verified
REL-A73D94E2724F5194,1.0.0,current,SRC-TN-HDX-CODAB-2022,ENT-TN-IMADA-62522007,high,,ENT-TN-DELEGATION-3240C5021B36,administrative_parent,ADM4 row / research sector code 62522007; dated ADM3 parent 6252,,,verified
REL-A741FC68BB0B5435,1.0.0,current,SRC-TN-HDX-CODAB-2022,ENT-TN-IMADA-1353219,high,,ENT-TN-DELEGATION-B8BFE8FFB2B8,administrative_parent,ADM4 row / research sector code 1353219; dated ADM3 parent 1353,,,verified
REL-A7600ED4FD245F31,1.0.0,current,SRC-TN-DGCL-MUNICIPALITIES-2024,ENT-TN-MUNICIPALITY-2419,high,,ENT-TN-GOVERNORATE-A460B4F223EB,administrative_parent,January 2024 workbook row: governorate 24; municipality code 2419,,,verified
REL-A76B44A6FAF05194,1.0.0,current,SRC-TN-HDX-CODAB-2022,ENT-TN-IMADA-51591738,high,,ENT-TN-DELEGATION-996BCFD91FDD,administrative_parent,ADM4 row / research sector code 51591738; dated ADM3 parent 5159,,,verified
REL-A77659DD99925EE4,1.0.0,current,SRC-TN-HDX-CODAB-2022,ENT-TN-DELEGATION-5E9C54B26170,high,,ENT-TN-GOVERNORATE-D28A09D558AD,administrative_parent,ADM3 row / dated 264-delegation research code 4157,,,verified
REL-A7A92832764B5120,1.0.0,current,SRC-TN-HDX-CODAB-2022,ENT-TN-IMADA-1454305,high,,ENT-TN-DELEGATION-3DDA099AD6C7,administrative_parent,ADM4 row / research sector code 1454305; dated ADM3 parent 1454,,,verified
REL-A7C000DF2EDE59B2,1.0.0,current,SRC-TN-HDX-CODAB-2022,ENT-TN-IMADA-1651427,high,,ENT-TN-DELEGATION-D52472FD9496,administrative_parent,ADM4 row / research sector code 1651427; dated ADM3 parent 1651,,,verified
REL-A7ECFE8E0F30541F,1.0.0,current,SRC-TN-DGCL-MUNICIPALITIES-2024,ENT-TN-MUNICIPALITY-4325,high,,ENT-TN-GOVERNORATE-47F772AA4A84,administrative_parent,January 2024 workbook row: governorate 43; municipality code 4325,,,verified
REL-A8009F41EB855026,1.0.0,current,SRC-TN-RESEARCH-GEOMETRY-2018,ENT-TN-MUNICIPALITY-3325,medium,Approximate research topology only; this is not an administrative parent relationship.,ENT-TN-DELEGATION-706200A5C126,boundary_intersects,"sector evidence rows: 33561175,33561179,33561180,33561181,33561182",,,source_verified
REL-A81FBDC675A55CE8,1.0.0,current,SRC-TN-DGCL-MUNICIPALITIES-2024,ENT-TN-MUNICIPALITY-4116,high,,ENT-TN-GOVERNORATE-D28A09D558AD,administrative_parent,January 2024 workbook row: governorate 41; municipality code 4116,,,verified
REL-A8207E7D6A235565,1.0.0,current,SRC-TN-HDX-CODAB-2022,ENT-TN-IMADA-2159669,high,,ENT-TN-DELEGATION-34E2240B6A54,administrative_parent,ADM4 row / research sector code 2159669; dated ADM3 parent 2159,,,verified
REL-A8460DDABD6C5767,1.0.0,current,SRC-TN-HDX-CODAB-2022,ENT-TN-IMADA-2151589,high,,ENT-TN-DELEGATION-89B5CE300A2D,administrative_parent,ADM4 row / research sector code 2151589; dated ADM3 parent 2151,,,verified
REL-A857EBBE76185E42,1.0.0,current,SRC-TN-HDX-CODAB-2022,ENT-TN-IMADA-2356818,high,,ENT-TN-DELEGATION-C151EAFA4BD1,administrative_parent,ADM4 row / research sector code 2356818; dated ADM3 parent 2356,,,verified
REL-A85B7CE3CCC4518D,1.0.0,current,SRC-TN-HDX-CODAB-2022,ENT-TN-GOVERNORATE-5BC9A7217C8C,high,,ENT-TN-COUNTRY,administrative_parent,ADM2 row / research governorate code 32,,,verified
REL-A8789F8113225DD1,1.0.0,current,SRC-TN-HDX-CODAB-2022,ENT-TN-DELEGATION-B0C081DB1344,high,,ENT-TN-GOVERNORATE-5BC9A7217C8C,administrative_parent,ADM3 row / dated 264-delegation research code 3253,,,verified
REL-A88CD01C7E1E59A5,1.0.0,current,SRC-TN-HDX-CODAB-2022,ENT-TN-IMADA-41611456,high,,ENT-TN-DELEGATION-F9557E5DC693,administrative_parent,ADM4 row / research sector code 41611456; dated ADM3 parent 4161,,,verified
REL-A895DF3C91F151EF,1.0.0,current,SRC-TN-HDX-CODAB-2022,ENT-TN-IMADA-42551491,high,,ENT-TN-DELEGATION-5D62B4C8161F,administrative_parent,ADM4 row / research sector code 42551491; dated ADM3 parent 4255,,,verified
REL-A8C460A72ED556CF,1.0.0,current,SRC-LY-MOLG-MUNICIPALITIES-2026,ENT-LY-MUNICIPALITY-5961D8CD5655,high,,ENT-LY-COUNTRY,administrative_parent,Municipality list entry: أوجلة,,,verified
REL-A8D1577EF6CA54A1,1.0.0,current,SRC-TN-HDX-CODAB-2022,ENT-TN-IMADA-1563402,high,,ENT-TN-DELEGATION-C12FC68E8013,administrative_parent,ADM4 row / research sector code 1563402; dated ADM3 parent 1563,,,verified
REL-A90DA9D6C7185830,1.0.0,current,SRC-TN-HDX-CODAB-2022,ENT-TN-IMADA-1170144,high,,ENT-TN-DELEGATION-2576985BFCE5,administrative_parent,ADM4 row / research sector code 1170144; dated ADM3 parent 1170,,,verified
REL-A90F8751234253D2,1.0.0,current,SRC-TN-RESEARCH-GEOMETRY-2018,ENT-TN-MUNICIPALITY-3422,medium,Approximate research topology only; this is not an administrative parent relationship.,ENT-TN-DELEGATION-5CE249CD9A5F,boundary_intersects,"sector evidence rows: 34621312,34621313,34621314,34621315,34621316",,,source_verified
REL-A9117020BD12537C,1.0.0,current,SRC-TN-HDX-CODAB-2022,ENT-TN-IMADA-43581640,high,,ENT-TN-DELEGATION-9846A16575C2,administrative_parent,ADM4 row / research sector code 43581640; dated ADM3 parent 4358,,,verified
REL-A93025C8D9B757F1,1.0.0,current,SRC-TN-HDX-CODAB-2022,ENT-TN-IMADA-1764572,high,,ENT-TN-DELEGATION-28A3B2254932,administrative_parent,ADM4 row / research sector code 1764572; dated ADM3 parent 1764,,,verified
REL-A932563392AB5BE2,1.0.0,current,SRC-TN-HDX-CODAB-2022,ENT-TN-IMADA-1352217,high,,ENT-TN-DELEGATION-10DD70515DA0,administrative_parent,ADM4 row / research sector code 1352217; dated ADM3 parent 1352,,,verified
REL-A938563A61195FBA,1.0.0,current,SRC-TN-DGCL-MUNICIPALITIES-2024,ENT-TN-MUNICIPALITY-2121,high,,ENT-TN-GOVERNORATE-EA2D44B4F25E,administrative_parent,January 2024 workbook row: governorate 21; municipality code 2121,,,verified
REL-A94B82F409E75FFE,1.0.0,current,SRC-TN-DGCL-MUNICIPALITIES-2024,ENT-TN-MUNICIPALITY-4121,high,,ENT-TN-GOVERNORATE-D28A09D558AD,administrative_parent,January 2024 workbook row: governorate 41; municipality code 4121,,,verified
REL-A94E6882562B51EB,1.0.0,current,SRC-TN-HDX-CODAB-2022,ENT-TN-IMADA-1456315,high,,ENT-TN-DELEGATION-2592EE0518F8,administrative_parent,ADM4 row / research sector code 1456315; dated ADM3 parent 1456,,,verified
REL-A96A2864E8315E95,1.0.0,current,SRC-TN-HDX-CODAB-2022,ENT-TN-IMADA-33581195,high,,ENT-TN-DELEGATION-C2548493A23C,administrative_parent,ADM4 row / research sector code 33581195; dated ADM3 parent 3358,,,verified
REL-A97329CBB0B95033,1.0.0,current,SRC-TN-RESEARCH-GEOMETRY-2018,ENT-TN-MUNICIPALITY-1115,medium,Approximate research topology only; this is not an administrative parent relationship.,ENT-TN-DELEGATION-CEF958458571,boundary_intersects,"sector evidence rows: 11513,11514,11515,11516",,,source_verified
REL-A97594E599EF5E14,1.0.0,current,SRC-TN-HDX-CODAB-2022,ENT-TN-IMADA-51561718,high,,ENT-TN-DELEGATION-381871ACE873,administrative_parent,ADM4 row / research sector code 51561718; dated ADM3 parent 5156,,,verified
REL-A97B8E850D215794,1.0.0,current,SRC-TN-HDX-CODAB-2022,ENT-TN-IMADA-43611661,high,,ENT-TN-DELEGATION-755242916060,administrative_parent,ADM4 row / research sector code 43611661; dated ADM3 parent 4361,,,verified
REL-A97EFD7FE9D65E41,1.0.0,historical,SRC-UNESCO-IBN-KHALDUN,ENT-TN-PERSON-IBN-KHALDUN,high,,ENT-TN-MUNICIPALITY-1111,associated_with,"UNESCO Courier, 1986-01, pp. 17–18; p. 17: Tunisian historian born in 1332",,,verified
REL-A9B163BAA2F25FDA,1.0.0,current,SRC-TN-RESEARCH-GEOMETRY-2018,ENT-TN-MUNICIPALITY-5220,medium,Approximate research topology only; this is not an administrative parent relationship.,ENT-TN-DELEGATION-B117D836FA70,boundary_intersects,sector evidence rows: 52521774,,,source_verified
REL-A9CB9BD2C1605572,1.0.0,current,SRC-TN-HDX-CODAB-2022,ENT-TN-IMADA-2460939,high,,ENT-TN-DELEGATION-3CEADA31C198,administrative_parent,ADM4 row / research sector code 2460939; dated ADM3 parent 2460,,,verified
REL-A9D12B7EE371525D,1.0.0,current,SRC-TN-HDX-CODAB-2022,ENT-TN-IMADA-1252171,high,,ENT-TN-DELEGATION-2230C03437B2,administrative_parent,ADM4 row / research sector code 1252171; dated ADM3 parent 1252,,,verified
REL-A9E781F115EF53AD,1.0.0,current,SRC-TN-HDX-CODAB-2022,ENT-TN-IMADA-1654457,high,,ENT-TN-DELEGATION-43EBF7A156A6,administrative_parent,ADM4 row / research sector code 1654457; dated ADM3 parent 1654,,,verified
REL-AA421775783C556E,1.0.0,current,SRC-TN-HDX-CODAB-2022,ENT-TN-IMADA-2460936,high,,ENT-TN-DELEGATION-3CEADA31C198,administrative_parent,ADM4 row / research sector code 2460936; dated ADM3 parent 2460,,,verified
REL-AA6B46EA45DF5E0E,1.0.0,current,SRC-TN-HDX-CODAB-2022,ENT-TN-IMADA-34551260,high,,ENT-TN-DELEGATION-CC6DBA2640FB,administrative_parent,ADM4 row / research sector code 34551260; dated ADM3 parent 3455,,,verified
REL-AA73634D24005D9C,1.0.0,current,SRC-TN-HDX-CODAB-2022,ENT-TN-IMADA-61581967,high,,ENT-TN-DELEGATION-A638A51CF8F7,administrative_parent,ADM4 row / research sector code 61581967; dated ADM3 parent 6158,,,verified
REL-AAAA7EBB459C5B59,1.0.0,current,SRC-TN-HDX-CODAB-2022,ENT-TN-IMADA-61611986,high,,ENT-TN-DELEGATION-B06C74E3ED6B,administrative_parent,ADM4 row / research sector code 61611986; dated ADM3 parent 6161,,,verified
REL-AAB93B24562B599F,1.0.0,current,SRC-TN-HDX-CODAB-2022,ENT-TN-IMADA-2252697,high,,ENT-TN-DELEGATION-A2C2D831ECC0,administrative_parent,ADM4 row / research sector code 2252697; dated ADM3 parent 2252,,,verified
REL-AACDD1FD1C2E5610,1.0.0,current,SRC-TN-HDX-CODAB-2022,ENT-TN-IMADA-53551897,high,,ENT-TN-DELEGATION-2D3CF4EC1C11,administrative_parent,ADM4 row / research sector code 53551897; dated ADM3 parent 5355,,,verified
REL-AAD19E05660F59F5,1.0.0,current,SRC-TN-HDX-CODAB-2022,ENT-TN-IMADA-53521865,high,,ENT-TN-DELEGATION-D3ABF7936ACA,administrative_parent,ADM4 row / research sector code 53521865; dated ADM3 parent 5352,,,verified
REL-AAD2F988B2145EFF,1.0.0,current,SRC-TN-HDX-CODAB-2022,ENT-TN-IMADA-61611984,high,,ENT-TN-DELEGATION-B06C74E3ED6B,administrative_parent,ADM4 row / research sector code 61611984; dated ADM3 parent 6161,,,verified
REL-AAF0DC63ACDD5BF3,1.0.0,current,SRC-TN-HDX-CODAB-2022,ENT-TN-IMADA-2353786,high,,ENT-TN-DELEGATION-F153AA210A4D,administrative_parent,ADM4 row / research sector code 2353786; dated ADM3 parent 2353,,,verified
REL-AAF81CF333AB5B17,1.0.0,current,SRC-TN-DGCL-MUNICIPALITIES-2024,ENT-TN-MUNICIPALITY-3412,high,,ENT-TN-GOVERNORATE-97D2B1489F90,administrative_parent,January 2024 workbook row: governorate 34; municipality code 3412,,,verified
REL-AB042543EA0F55AB,1.0.0,current,SRC-TN-HDX-CODAB-2022,ENT-TN-IMADA-61531931,high,,ENT-TN-DELEGATION-8C1A5CC41315,administrative_parent,ADM4 row / research sector code 61531931; dated ADM3 parent 6153,,,verified
REL-AB09E75519DB534E,1.0.0,current,SRC-TN-HDX-CODAB-2022,ENT-TN-IMADA-53511864,high,,ENT-TN-DELEGATION-36BABB1475F8,administrative_parent,ADM4 row / research sector code 53511864; dated ADM3 parent 5351,,,verified
REL-AB1C546C9FDD5802,1.0.0,current,SRC-TN-RESEARCH-GEOMETRY-2018,ENT-TN-MUNICIPALITY-1111,medium,Approximate research topology only; this is not an administrative parent relationship.,ENT-TN-DELEGATION-F68992D7EA16,boundary_intersects,"sector evidence rows: 115658,115659,115660,115661,115662,115663,115664,115665,115666",,,source_verified
REL-AB20CAACCF415C5F,1.0.0,current,SRC-TN-HDX-CODAB-2022,ENT-TN-IMADA-63522035,high,,ENT-TN-DELEGATION-DEB9F3EFCD2D,administrative_parent,ADM4 row / research sector code 63522035; dated ADM3 parent 6352,,,verified
REL-AB36FA896BBF5DEF,1.0.0,current,SRC-TN-HDX-CODAB-2022,ENT-TN-IMADA-32581095,high,,ENT-TN-DELEGATION-4E58B3CD9CB1,administrative_parent,ADM4 row / research sector code 32581095; dated ADM3 parent 3258,,,verified
REL-AB64FF1EBE8A5309,1.0.0,current,SRC-TN-HDX-CODAB-2022,ENT-TN-IMADA-33581194,high,,ENT-TN-DELEGATION-C2548493A23C,administrative_parent,ADM4 row / research sector code 33581194; dated ADM3 parent 3358,,,verified
REL-AB7C74D9069853BA,1.0.0,current,SRC-TN-HDX-CODAB-2022,ENT-TN-DELEGATION-5D5CDCB7496E,high,,ENT-TN-GOVERNORATE-E7D96FEF5043,administrative_parent,ADM3 row / dated 264-delegation research code 3360,,,verified
REL-AB9FA16275B65BC1,1.0.0,current,SRC-TN-RESEARCH-GEOMETRY-2018,ENT-TN-MUNICIPALITY-3420,medium,Approximate research topology only; this is not an administrative parent relationship.,ENT-TN-DELEGATION-15A144D6467E,boundary_intersects,"sector evidence rows: 34601291,34601293,34601296,34601297,34601298",,,source_verified
REL-ABB343D105FA5FE2,1.0.0,current,SRC-TN-HDX-CODAB-2022,ENT-TN-IMADA-3151947,high,,ENT-TN-DELEGATION-3487617C49DD,administrative_parent,ADM4 row / research sector code 3151947; dated ADM3 parent 3151,,,verified
REL-ABDC44241A4A5AF0,1.0.0,current,SRC-TN-HDX-CODAB-2022,ENT-TN-IMADA-32611115,high,,ENT-TN-DELEGATION-6417F8B088EB,administrative_parent,ADM4 row / research sector code 32611115; dated ADM3 parent 3261,,,verified
REL-ABEAA93BB2F75608,1.0.0,current,SRC-TN-HDX-CODAB-2022,ENT-TN-IMADA-42591531,high,,ENT-TN-DELEGATION-9AB968FD4EE0,administrative_parent,ADM4 row / research sector code 42591531; dated ADM3 parent 4259,,,verified
REL-ABF3AB58225B53DE,1.0.0,current,SRC-TN-HDX-CODAB-2022,ENT-TN-IMADA-116081,high,,ENT-TN-DELEGATION-93C5837DFCBF,administrative_parent,ADM4 row / research sector code 116081; dated ADM3 parent 1160,,,verified
REL-ABFCDCF511F5524F,1.0.0,current,SRC-TN-HDX-CODAB-2022,ENT-TN-IMADA-1562397,high,,ENT-TN-DELEGATION-4AE753194B10,administrative_parent,ADM4 row / research sector code 1562397; dated ADM3 parent 1562,,,verified
REL-ABFD544C6FBE5526,1.0.0,current,SRC-TN-DGCL-MUNICIPALITIES-2024,ENT-TN-MUNICIPALITY-3322,high,,ENT-TN-GOVERNORATE-E7D96FEF5043,administrative_parent,January 2024 workbook row: governorate 33; municipality code 3322,,,verified
REL-AC01FAEAC58D52C1,1.0.0,current,SRC-TN-HDX-CODAB-2022,ENT-TN-IMADA-1452292,high,,ENT-TN-DELEGATION-64DB1B613F50,administrative_parent,ADM4 row / research sector code 1452292; dated ADM3 parent 1452,,,verified
REL-AC056D514ED65F3D,1.0.0,current,SRC-TN-HDX-CODAB-2022,ENT-TN-IMADA-2457913,high,,ENT-TN-DELEGATION-78A6B0904A2B,administrative_parent,ADM4 row / research sector code 2457913; dated ADM3 parent 2457,,,verified
REL-AC2B4D2B5E325421,1.0.0,current,SRC-TN-HDX-CODAB-2022,ENT-TN-IMADA-51551711,high,,ENT-TN-DELEGATION-336FE0336AC9,administrative_parent,ADM4 row / research sector code 51551711; dated ADM3 parent 5155,,,verified
REL-AC35948C045C5648,1.0.0,current,SRC-TN-HDX-CODAB-2022,ENT-TN-IMADA-1759547,high,,ENT-TN-DELEGATION-FFE2346B14CF,administrative_parent,ADM4 row / research sector code 1759547; dated ADM3 parent 1759,,,verified
REL-AC4AE2D733D3519B,1.0.0,current,SRC-TN-HDX-CODAB-2022,ENT-TN-DELEGATION-FF2BD30691C0,high,,ENT-TN-GOVERNORATE-0D738EAC753C,administrative_parent,ADM3 row / dated 264-delegation research code 2355,,,verified
REL-AC67FFDB4D6D58F9,1.0.0,current,SRC-TN-HDX-CODAB-2022,ENT-TN-IMADA-1451282,high,,ENT-TN-DELEGATION-6334381D4972,administrative_parent,ADM4 row / research sector code 1451282; dated ADM3 parent 1451,,,verified
REL-AC6CE94DE7CC53D7,1.0.0,current,SRC-TN-RESEARCH-GEOMETRY-2018,ENT-TN-MUNICIPALITY-4226,medium,Approximate research topology only; this is not an administrative parent relationship.,ENT-TN-DELEGATION-5D62B4C8161F,boundary_intersects,"sector evidence rows: 42551493,42551501,42551502",,,source_verified
REL-AC6E257613055442,1.0.0,current,SRC-TN-HDX-CODAB-2022,ENT-TN-IMADA-34541254,high,,ENT-TN-DELEGATION-3757F6B83BE1,administrative_parent,ADM4 row / research sector code 34541254; dated ADM3 parent 3454,,,verified
REL-AC7B590B70D75335,1.0.0,current,SRC-TN-HDX-CODAB-2022,ENT-TN-IMADA-2453879,high,,ENT-TN-DELEGATION-E6F9AC3B6A1F,administrative_parent,ADM4 row / research sector code 2453879; dated ADM3 parent 2453,,,verified
REL-AC7BE70BBB23556D,1.0.0,current,SRC-TN-DGCL-MUNICIPALITIES-2024,ENT-TN-MUNICIPALITY-1517,high,,ENT-TN-GOVERNORATE-EA30E853F598,administrative_parent,January 2024 workbook row: governorate 15; municipality code 1517,,,verified
REL-AC87C5CF13495583,1.0.0,current,SRC-TN-HDX-CODAB-2022,ENT-TN-DELEGATION-F7614EE1CE5C,high,,ENT-TN-GOVERNORATE-DF747014232C,administrative_parent,ADM3 row / dated 264-delegation research code 5158,,,verified
REL-AC8899672DF9508A,1.0.0,current,SRC-TN-HDX-CODAB-2022,ENT-TN-IMADA-1362281,high,,ENT-TN-DELEGATION-D4FC46D8AB0D,administrative_parent,ADM4 row / research sector code 1362281; dated ADM3 parent 1362,,,verified
REL-AC91DA57ED415D01,1.0.0,current,SRC-TN-HDX-CODAB-2022,ENT-TN-IMADA-52591844,high,,ENT-TN-DELEGATION-F6FA367C4B52,administrative_parent,ADM4 row / research sector code 52591844; dated ADM3 parent 5259,,,verified
REL-ACA24BBAF8CA5E33,1.0.0,current,SRC-LY-MOLG-MUNICIPALITIES-2026,ENT-LY-MUNICIPALITY-3F08A82CF654,high,,ENT-LY-COUNTRY,administrative_parent,Municipality list entry: الرحيبات,,,verified
REL-ACA4BF5AADBD5EAC,1.0.0,current,SRC-LY-MOLG-MUNICIPALITIES-2026,ENT-LY-MUNICIPALITY-39387C872169,high,,ENT-LY-COUNTRY,administrative_parent,Municipality list entry: ترهونة,,,verified
REL-ACBD8CCBD7925A99,1.0.0,current,SRC-TN-RESEARCH-GEOMETRY-2018,ENT-TN-MUNICIPALITY-2218,medium,Approximate research topology only; this is not an administrative parent relationship.,ENT-TN-DELEGATION-7B1B28620EBA,boundary_intersects,"sector evidence rows: 2258756,2258757,2258758,2258759,2258760",,,source_verified
REL-ACCDF5349DE056D7,1.0.0,current,SRC-TN-HDX-CODAB-2022,ENT-TN-DELEGATION-3C575B9AF71B,high,,ENT-TN-GOVERNORATE-DB8D5C457676,administrative_parent,ADM3 row / dated 264-delegation research code 1171,,,verified
REL-ACD88AF4BF965F71,1.0.0,current,SRC-TN-RESEARCH-GEOMETRY-2018,ENT-TN-MUNICIPALITY-4215,medium,Approximate research topology only; this is not an administrative parent relationship.,ENT-TN-DELEGATION-9AB968FD4EE0,boundary_intersects,"sector evidence rows: 42591521,42591522,42591523,42591524,42591525,42591526,42591527,42591528,42591529,42591530,42591531,42591532,42591533",,,source_verified
REL-ACE366E4F54D5C8F,1.0.0,current,SRC-TN-HDX-CODAB-2022,ENT-TN-IMADA-34601296,high,,ENT-TN-DELEGATION-15A144D6467E,administrative_parent,ADM4 row / research sector code 34601296; dated ADM3 parent 3460,,,verified
REL-AD07E0B36B3B53D0,1.0.0,current,SRC-TN-HDX-CODAB-2022,ENT-TN-IMADA-2159670,high,,ENT-TN-DELEGATION-34E2240B6A54,administrative_parent,ADM4 row / research sector code 2159670; dated ADM3 parent 2159,,,verified
REL-AD0F9F8EB8725C4A,1.0.0,current,SRC-TN-HDX-CODAB-2022,ENT-TN-IMADA-34661349,high,,ENT-TN-DELEGATION-E83D07EB9C29,administrative_parent,ADM4 row / research sector code 34661349; dated ADM3 parent 3466,,,verified
REL-AD195A467A4E523E,1.0.0,current,SRC-TN-HDX-CODAB-2022,ENT-TN-IMADA-2151582,high,,ENT-TN-DELEGATION-89B5CE300A2D,administrative_parent,ADM4 row / research sector code 2151582; dated ADM3 parent 2151,,,verified
REL-AD77280BF03D5E02,1.0.0,current,SRC-LY-MOLG-MUNICIPALITIES-2026,ENT-LY-MUNICIPALITY-EAB6950391C3,high,,ENT-LY-COUNTRY,administrative_parent,Municipality list entry: نسمة,,,verified
REL-AD849D0342D65453,1.0.0,current,SRC-TN-HDX-CODAB-2022,ENT-TN-IMADA-41551406,high,,ENT-TN-DELEGATION-6EC1A2137D0E,administrative_parent,ADM4 row / research sector code 41551406; dated ADM3 parent 4155,,,verified
REL-AD93499757B15CBC,1.0.0,current,SRC-TN-DGCL-MUNICIPALITIES-2024,ENT-TN-MUNICIPALITY-4315,high,,ENT-TN-GOVERNORATE-47F772AA4A84,administrative_parent,January 2024 workbook row: governorate 43; municipality code 4315,,,verified
REL-ADA1004A80B55EE6,1.0.0,current,SRC-TN-RESEARCH-GEOMETRY-2018,ENT-TN-MUNICIPALITY-1527,medium,Approximate research topology only; this is not an administrative parent relationship.,ENT-TN-DELEGATION-4A822090C35C,boundary_intersects,"sector evidence rows: 1561391,1561392",,,source_verified
REL-ADBD950708B85AD0,1.0.0,current,SRC-TN-HDX-CODAB-2022,ENT-TN-IMADA-1164130,high,,ENT-TN-DELEGATION-1F3317733151,administrative_parent,ADM4 row / research sector code 1164130; dated ADM3 parent 1164,,,verified
REL-ADD0A19CD2AC54A5,1.0.0,current,SRC-TN-HDX-CODAB-2022,ENT-TN-IMADA-32561085,high,,ENT-TN-DELEGATION-9D23A36B72E1,administrative_parent,ADM4 row / research sector code 32561085; dated ADM3 parent 3256,,,verified
REL-AE1DFAFDFF7D5E46,1.0.0,current,SRC-TN-HDX-CODAB-2022,ENT-TN-IMADA-43531604,high,,ENT-TN-DELEGATION-B63E32B2BC3F,administrative_parent,ADM4 row / research sector code 43531604; dated ADM3 parent 4353,,,verified
REL-AE1FEFEE610853F6,1.0.0,current,SRC-TN-DGCL-MUNICIPALITIES-2024,ENT-TN-MUNICIPALITY-1612,high,,ENT-TN-GOVERNORATE-81845FB6BE40,administrative_parent,January 2024 workbook row: governorate 16; municipality code 1612,,,verified
REL-AE278A90BC125305,1.0.0,current,SRC-TN-DGCL-MUNICIPALITIES-2024,ENT-TN-MUNICIPALITY-1320,high,,ENT-TN-GOVERNORATE-D5ED89886664,administrative_parent,January 2024 workbook row: governorate 13; municipality code 1320,,,verified
REL-AE341C31A42954B1,1.0.0,current,SRC-TN-HDX-CODAB-2022,ENT-TN-IMADA-51571733,high,,ENT-TN-DELEGATION-5BAD0A66CCEB,administrative_parent,ADM4 row / research sector code 51571733; dated ADM3 parent 5157,,,verified
REL-AE5547E3E8C851F4,1.0.0,current,SRC-TN-HDX-CODAB-2022,ENT-TN-IMADA-2256734,high,,ENT-TN-DELEGATION-F12F59DBC46E,administrative_parent,ADM4 row / research sector code 2256734; dated ADM3 parent 2256,,,verified
REL-AE5B0DAFDAC45011,1.0.0,current,SRC-TN-RESEARCH-GEOMETRY-2018,ENT-TN-MUNICIPALITY-2321,medium,Approximate research topology only; this is not an administrative parent relationship.,ENT-TN-DELEGATION-0AAD4BD027D5,boundary_intersects,"sector evidence rows: 2360842,2360843,2360844,2360845,2360846,2360847,2360848,2360849,2360850",,,source_verified
REL-AE6A7914DE7D54EF,1.0.0,current,SRC-TN-HDX-CODAB-2022,ENT-TN-IMADA-1560383,high,,ENT-TN-DELEGATION-29092E1ECD11,administrative_parent,ADM4 row / research sector code 1560383; dated ADM3 parent 1560,,,verified
REL-AE70BE464D39511E,1.0.0,current,SRC-TN-HDX-CODAB-2022,ENT-TN-IMADA-53521871,high,,ENT-TN-DELEGATION-D3ABF7936ACA,administrative_parent,ADM4 row / research sector code 53521871; dated ADM3 parent 5352,,,verified
REL-AE7958A0FD515685,1.0.0,current,SRC-TN-HDX-CODAB-2022,ENT-TN-IMADA-61561953,high,,ENT-TN-DELEGATION-A16A1E882313,administrative_parent,ADM4 row / research sector code 61561953; dated ADM3 parent 6156,,,verified
REL-AE9C43E82694514F,1.0.0,current,SRC-TN-HDX-CODAB-2022,ENT-TN-DELEGATION-E8F02D6B4EF9,high,,ENT-TN-GOVERNORATE-07DB5E6D265C,administrative_parent,ADM3 row / dated 264-delegation research code 3165,,,verified
REL-AE9D3201199355F1,1.0.0,current,SRC-TN-HDX-CODAB-2022,ENT-TN-IMADA-41571426,high,,ENT-TN-DELEGATION-5E9C54B26170,administrative_parent,ADM4 row / research sector code 41571426; dated ADM3 parent 4157,,,verified
REL-AED3884F787D58A8,1.0.0,current,SRC-TN-DGCL-MUNICIPALITIES-2024,ENT-TN-MUNICIPALITY-2218,high,,ENT-TN-GOVERNORATE-7A4D0C3A889C,administrative_parent,January 2024 workbook row: governorate 22; municipality code 2218,,,verified
REL-AED7A4A4AF29502D,1.0.0,current,SRC-TN-HDX-CODAB-2022,ENT-TN-IMADA-1361264,high,,ENT-TN-DELEGATION-678C562CAA1C,administrative_parent,ADM4 row / research sector code 1361264; dated ADM3 parent 1361,,,verified
REL-AED96ED31666512E,1.0.0,current,SRC-TN-HDX-CODAB-2022,ENT-TN-IMADA-2157651,high,,ENT-TN-DELEGATION-CCDB3F1D6604,administrative_parent,ADM4 row / research sector code 2157651; dated ADM3 parent 2157,,,verified
REL-AEFACD03B898503F,1.0.0,current,SRC-TN-HDX-CODAB-2022,ENT-TN-IMADA-33541160,high,,ENT-TN-DELEGATION-64DEA9083EA0,administrative_parent,ADM4 row / research sector code 33541160; dated ADM3 parent 3354,,,verified
REL-AF01DABA8B6F57D3,1.0.0,current,SRC-TN-RESEARCH-GEOMETRY-2018,ENT-TN-MUNICIPALITY-1111,medium,Approximate research topology only; this is not an administrative parent relationship.,ENT-TN-DELEGATION-40268C8E9C06,boundary_intersects,"sector evidence rows: 1167118,1167119,1167120,1167121,1167122,1167123",,,source_verified
REL-AF28C962298355CA,1.0.0,current,SRC-TN-HDX-CODAB-2022,ENT-TN-IMADA-1252174,high,,ENT-TN-DELEGATION-2230C03437B2,administrative_parent,ADM4 row / research sector code 1252174; dated ADM3 parent 1252,,,verified
REL-AF3425F0934950FD,1.0.0,current,SRC-TN-RESEARCH-GEOMETRY-2018,ENT-TN-MUNICIPALITY-3225,medium,Approximate research topology only; this is not an administrative parent relationship.,ENT-TN-DELEGATION-4E58B3CD9CB1,boundary_intersects,"sector evidence rows: 32581093,32581094,32581095,32581096,32581097,32581098",,,source_verified
REL-AF390F553EF85270,1.0.0,current,SRC-TN-DGCL-MUNICIPALITIES-2024,ENT-TN-MUNICIPALITY-1311,high,,ENT-TN-GOVERNORATE-D5ED89886664,administrative_parent,January 2024 workbook row: governorate 13; municipality code 1311,,,verified
REL-AF570FA4D3CD5094,1.0.0,current,SRC-TN-DGCL-MUNICIPALITIES-2024,ENT-TN-MUNICIPALITY-1723,high,,ENT-TN-GOVERNORATE-B1787F907937,administrative_parent,January 2024 workbook row: governorate 17; municipality code 1723,,,verified
REL-AF73F263EDB85D82,1.0.0,current,SRC-TN-HDX-CODAB-2022,ENT-TN-IMADA-1171155,high,,ENT-TN-DELEGATION-3C575B9AF71B,administrative_parent,ADM4 row / research sector code 1171155; dated ADM3 parent 1171,,,verified
REL-AF78A47C227A5EAB,1.0.0,current,SRC-TN-HDX-CODAB-2022,ENT-TN-IMADA-3155968,high,,ENT-TN-DELEGATION-14FA2AE0C064,administrative_parent,ADM4 row / research sector code 3155968; dated ADM3 parent 3155,,,verified
REL-AF9975B139145A6D,1.0.0,current,SRC-TN-HDX-CODAB-2022,ENT-TN-IMADA-53531885,high,,ENT-TN-DELEGATION-9571A404E72D,administrative_parent,ADM4 row / research sector code 53531885; dated ADM3 parent 5353,,,verified
REL-AFB1E38B67465746,1.0.0,current,SRC-TN-HDX-CODAB-2022,ENT-TN-IMADA-62522001,high,,ENT-TN-DELEGATION-3240C5021B36,administrative_parent,ADM4 row / research sector code 62522001; dated ADM3 parent 6252,,,verified
REL-AFC59EF82DFE5D79,1.0.0,current,SRC-TN-HDX-CODAB-2022,ENT-TN-IMADA-52571832,high,,ENT-TN-DELEGATION-F66C4659B2C0,administrative_parent,ADM4 row / research sector code 52571832; dated ADM3 parent 5257,,,verified
REL-AFCC0D8E82CA5665,1.0.0,current,SRC-TN-HDX-CODAB-2022,ENT-TN-IMADA-41601450,high,,ENT-TN-DELEGATION-46D8F9A49020,administrative_parent,ADM4 row / research sector code 41601450; dated ADM3 parent 4160,,,verified
REL-AFCC80EF8AA15CF5,1.0.0,current,SRC-TN-RESEARCH-GEOMETRY-2018,ENT-TN-MUNICIPALITY-5123,medium,Approximate research topology only; this is not an administrative parent relationship.,ENT-TN-DELEGATION-5B401B5FE360,boundary_intersects,"sector evidence rows: 51531696,51531700,51531701,51531702",,,source_verified
REL-AFD113C6D7D25E90,1.0.0,current,SRC-TN-HDX-CODAB-2022,ENT-TN-IMADA-11621484,high,,ENT-TN-DELEGATION-762D553CB7DA,administrative_parent,ADM4 row / research sector code 11621484; dated ADM3 parent 4253,,,verified
REL-AFDAFCB7882D50C7,1.0.0,current,SRC-TN-HDX-CODAB-2022,ENT-TN-IMADA-115554,high,,ENT-TN-DELEGATION-6027493801C5,administrative_parent,ADM4 row / research sector code 115554; dated ADM3 parent 1155,,,verified
REL-AFF269F8D4055C08,1.0.0,current,SRC-TN-HDX-CODAB-2022,ENT-TN-IMADA-41531380,high,,ENT-TN-DELEGATION-70B00114B3C2,administrative_parent,ADM4 row / research sector code 41531380; dated ADM3 parent 4153,,,verified
REL-B000462E1EFF5DE6,1.0.0,current,SRC-TN-HDX-CODAB-2022,ENT-TN-IMADA-1252169,high,,ENT-TN-DELEGATION-2230C03437B2,administrative_parent,ADM4 row / research sector code 1252169; dated ADM3 parent 1252,,,verified
REL-B01D8DD58AD25F5E,1.0.0,current,SRC-TN-HDX-CODAB-2022,ENT-TN-IMADA-33521144,high,,ENT-TN-DELEGATION-8B2B3E3BDE8C,administrative_parent,ADM4 row / research sector code 33521144; dated ADM3 parent 3352,,,verified
REL-B04061EE39985192,1.0.0,current,SRC-TN-HDX-CODAB-2022,ENT-TN-IMADA-34511236,high,,ENT-TN-DELEGATION-A43DBAE26B8A,administrative_parent,ADM4 row / research sector code 34511236; dated ADM3 parent 3451,,,verified
REL-B071E50FF02458F3,1.0.0,current,SRC-TN-HDX-CODAB-2022,ENT-TN-IMADA-2355809,high,,ENT-TN-DELEGATION-FF2BD30691C0,administrative_parent,ADM4 row / research sector code 2355809; dated ADM3 parent 2355,,,verified
REL-B0A3FF8A8FE75664,1.0.0,current,SRC-TN-HDX-CODAB-2022,ENT-TN-IMADA-1356234,high,,ENT-TN-DELEGATION-06F62E53748D,administrative_parent,ADM4 row / research sector code 1356234; dated ADM3 parent 1356,,,verified
REL-B0B05A894ECA57B5,1.0.0,current,SRC-TN-DGCL-MUNICIPALITIES-2024,ENT-TN-MUNICIPALITY-3427,high,,ENT-TN-GOVERNORATE-97D2B1489F90,administrative_parent,January 2024 workbook row: governorate 34; municipality code 3427,,,verified
REL-B0C871C25E215438,1.0.0,current,SRC-TN-RESEARCH-GEOMETRY-2018,ENT-TN-MUNICIPALITY-3318,medium,Approximate research topology only; this is not an administrative parent relationship.,ENT-TN-DELEGATION-47EFAA8BC79F,boundary_intersects,"sector evidence rows: 33571183,33571184,33571185,33571186,33571187,33571188",,,source_verified
REL-B0D8C6B2E7A25ABD,1.0.0,current,SRC-TN-HDX-CODAB-2022,ENT-TN-IMADA-51571727,high,,ENT-TN-DELEGATION-5BAD0A66CCEB,administrative_parent,ADM4 row / research sector code 51571727; dated ADM3 parent 5157,,,verified
REL-B0F22A3BE54658A7,1.0.0,current,SRC-TN-HDX-CODAB-2022,ENT-TN-IMADA-3153960,high,,ENT-TN-DELEGATION-9D652FC873EB,administrative_parent,ADM4 row / research sector code 3153960; dated ADM3 parent 3153,,,verified
REL-B1224490E1D959B9,1.0.0,current,SRC-TN-HDX-CODAB-2022,ENT-TN-IMADA-41551403,high,,ENT-TN-DELEGATION-6EC1A2137D0E,administrative_parent,ADM4 row / research sector code 41551403; dated ADM3 parent 4155,,,verified
REL-B12A701CECDB5580,1.0.0,current,SRC-TN-HDX-CODAB-2022,ENT-TN-IMADA-1254183,high,,ENT-TN-DELEGATION-7D060F057E64,administrative_parent,ADM4 row / research sector code 1254183; dated ADM3 parent 1254,,,verified
REL-B12C1D5A7C925FDE,1.0.0,current,SRC-TN-HDX-CODAB-2022,ENT-TN-DELEGATION-0156C9A906A2,high,,ENT-TN-GOVERNORATE-DB8D5C457676,administrative_parent,ADM3 row / dated 264-delegation research code 1165,,,verified
REL-B1382A2780C750AC,1.0.0,current,SRC-TN-HDX-CODAB-2022,ENT-TN-DELEGATION-E6F9AC3B6A1F,high,,ENT-TN-GOVERNORATE-A460B4F223EB,administrative_parent,ADM3 row / dated 264-delegation research code 2453,,,verified
REL-B138B725DED9572F,1.0.0,current,SRC-TN-HDX-CODAB-2022,ENT-TN-IMADA-63512034,high,,ENT-TN-DELEGATION-83574F602607,administrative_parent,ADM4 row / research sector code 63512034; dated ADM3 parent 6351,,,verified
REL-B13E7F882CA45216,1.0.0,current,SRC-TN-HDX-CODAB-2022,ENT-TN-IMADA-53551904,high,,ENT-TN-DELEGATION-2D3CF4EC1C11,administrative_parent,ADM4 row / research sector code 53551904; dated ADM3 parent 5355,,,verified
REL-B13EA4B28D6D5A2A,1.0.0,current,SRC-TN-HDX-CODAB-2022,ENT-TN-IMADA-2457905,high,,ENT-TN-DELEGATION-78A6B0904A2B,administrative_parent,ADM4 row / research sector code 2457905; dated ADM3 parent 2457,,,verified
REL-B155381B6D7C5E8D,1.0.0,current,SRC-TN-HDX-CODAB-2022,ENT-TN-DELEGATION-2D3CF4EC1C11,high,,ENT-TN-GOVERNORATE-DAC2A2592975,administrative_parent,ADM3 row / dated 264-delegation research code 5355,,,verified
REL-B158C559C6B4562A,1.0.0,current,SRC-TN-HDX-CODAB-2022,ENT-TN-IMADA-33591198,high,,ENT-TN-DELEGATION-2A637B595634,administrative_parent,ADM4 row / research sector code 33591198; dated ADM3 parent 3359,,,verified
REL-B15B095C6EB15FB7,1.0.0,current,SRC-TN-DGCL-MUNICIPALITIES-2024,ENT-TN-MUNICIPALITY-1112,high,,ENT-TN-GOVERNORATE-DB8D5C457676,administrative_parent,January 2024 workbook row: governorate 11; municipality code 1112,,,verified
REL-B15C6A66B99C566B,1.0.0,current,SRC-TN-HDX-CODAB-2022,ENT-TN-IMADA-1751485,high,,ENT-TN-DELEGATION-AADE7E444312,administrative_parent,ADM4 row / research sector code 1751485; dated ADM3 parent 1751,,,verified
REL-B1641A2017625079,1.0.0,current,SRC-TN-HDX-CODAB-2022,ENT-TN-IMADA-51601744,high,,ENT-TN-DELEGATION-5BB9BF889AC5,administrative_parent,ADM4 row / research sector code 51601744; dated ADM3 parent 5160,,,verified
REL-B16C0C3450D057AF,1.0.0,current,SRC-LY-MOLG-MUNICIPALITIES-2026,ENT-LY-MUNICIPALITY-F4C69463F75D,high,,ENT-LY-COUNTRY,administrative_parent,Municipality list entry: جنزور,,,verified
REL-B17396DDE5185C38,1.0.0,current,SRC-TN-HDX-CODAB-2022,ENT-TN-IMADA-2360843,high,,ENT-TN-DELEGATION-0AAD4BD027D5,administrative_parent,ADM4 row / research sector code 2360843; dated ADM3 parent 2360,,,verified
REL-B182BF215BC452A1,1.0.0,current,SRC-TN-DGCL-MUNICIPALITIES-2024,ENT-TN-MUNICIPALITY-2319,high,,ENT-TN-GOVERNORATE-0D738EAC753C,administrative_parent,January 2024 workbook row: governorate 23; municipality code 2319,,,verified
REL-B18C1E49477A550B,1.0.0,current,SRC-TN-HDX-CODAB-2022,ENT-TN-IMADA-34571273,high,,ENT-TN-DELEGATION-B1DB2FE90D10,administrative_parent,ADM4 row / research sector code 34571273; dated ADM3 parent 3457,,,verified
REL-B1993CE046CD5A82,1.0.0,current,SRC-LY-MOLG-MUNICIPALITIES-2026,ENT-LY-MUNICIPALITY-3562F31EC9BC,high,,ENT-LY-COUNTRY,administrative_parent,Municipality list entry: تراغن,,,verified
REL-B19EECBD593B576B,1.0.0,current,SRC-TN-HDX-CODAB-2022,ENT-TN-IMADA-2458921,high,,ENT-TN-DELEGATION-2F6C05AAB735,administrative_parent,ADM4 row / research sector code 2458921; dated ADM3 parent 2458,,,verified
REL-B1AF4F6BFD055C27,1.0.0,current,SRC-TN-HDX-CODAB-2022,ENT-TN-IMADA-42551503,high,,ENT-TN-DELEGATION-5D62B4C8161F,administrative_parent,ADM4 row / research sector code 42551503; dated ADM3 parent 4255,,,verified
REL-B1B3FC861CE45C2C,1.0.0,current,SRC-TN-RESEARCH-GEOMETRY-2018,ENT-TN-MUNICIPALITY-3233,medium,Approximate research topology only; this is not an administrative parent relationship.,ENT-TN-DELEGATION-BDF031A58E55,boundary_intersects,"sector evidence rows: 32601108,32601109,32601110,32601111,32601112",,,source_verified
REL-B1BC6196246252CE,1.0.0,current,SRC-TN-RESEARCH-GEOMETRY-2018,ENT-TN-MUNICIPALITY-1520,medium,Approximate research topology only; this is not an administrative parent relationship.,ENT-TN-DELEGATION-8CCC58460F99,boundary_intersects,"sector evidence rows: 1556360,1556361,1556362,1556363,1556364,1556365",,,source_verified
REL-B1F07AA587AA51AF,1.0.0,current,SRC-TN-DGCL-MUNICIPALITIES-2024,ENT-TN-MUNICIPALITY-3423,high,,ENT-TN-GOVERNORATE-97D2B1489F90,administrative_parent,January 2024 workbook row: governorate 34; municipality code 3423,,,verified
REL-B1FA1E495BAF5200,1.0.0,current,SRC-TN-HDX-CODAB-2022,ENT-TN-IMADA-3154963,high,,ENT-TN-DELEGATION-C433D277206E,administrative_parent,ADM4 row / research sector code 3154963; dated ADM3 parent 3154,,,verified
REL-B216D46B0BBE5642,1.0.0,current,SRC-TN-HDX-CODAB-2022,ENT-TN-IMADA-3158984,high,,ENT-TN-DELEGATION-498ED0DE384B,administrative_parent,ADM4 row / research sector code 3158984; dated ADM3 parent 3158,,,verified
REL-B23A547CEE5855F3,1.0.0,current,SRC-TN-HDX-CODAB-2022,ENT-TN-IMADA-43621677,high,,ENT-TN-DELEGATION-E45902371203,administrative_parent,ADM4 row / research sector code 43621677; dated ADM3 parent 4362,,,verified
REL-B245BD354E4C54DD,1.0.0,current,SRC-TN-HDX-CODAB-2022,ENT-TN-IMADA-43581641,high,,ENT-TN-DELEGATION-9846A16575C2,administrative_parent,ADM4 row / research sector code 43581641; dated ADM3 parent 4358,,,verified
REL-B2710C60E1C253F7,1.0.0,current,SRC-TN-HDX-CODAB-2022,ENT-TN-IMADA-43591647,high,,ENT-TN-DELEGATION-21E89D9190E3,administrative_parent,ADM4 row / research sector code 43591647; dated ADM3 parent 4359,,,verified
REL-B2873DD9BCA25BA4,1.0.0,current,SRC-TN-RESEARCH-GEOMETRY-2018,ENT-TN-MUNICIPALITY-5316,medium,Approximate research topology only; this is not an administrative parent relationship.,ENT-TN-DELEGATION-9571A404E72D,boundary_intersects,"sector evidence rows: 53531880,53531881,53531882,53531883,53531884,53531885,53531886,53531887",,,source_verified
REL-B28D26E63B3A5364,1.0.0,current,SRC-TN-HDX-CODAB-2022,ENT-TN-IMADA-1760550,high,,ENT-TN-DELEGATION-920707B361CE,administrative_parent,ADM4 row / research sector code 1760550; dated ADM3 parent 1760,,,verified
REL-B29E70736DE65FE3,1.0.0,current,SRC-TN-HDX-CODAB-2022,ENT-TN-IMADA-33601212,high,,ENT-TN-DELEGATION-5D5CDCB7496E,administrative_parent,ADM4 row / research sector code 33601212; dated ADM3 parent 3360,,,verified
REL-B2AC4AFF49895A38,1.0.0,current,SRC-LY-MOLG-MUNICIPALITIES-2026,ENT-LY-MUNICIPALITY-F6256406CACA,high,,ENT-LY-COUNTRY,administrative_parent,Municipality list entry: بنت بية,,,verified
REL-B2BF41507F115922,1.0.0,current,SRC-TN-HDX-CODAB-2022,ENT-TN-IMADA-61551946,high,,ENT-TN-DELEGATION-57457D07E717,administrative_parent,ADM4 row / research sector code 61551946; dated ADM3 parent 6155,,,verified
REL-B2BF55220D855611,1.0.0,current,SRC-TN-HDX-CODAB-2022,ENT-TN-IMADA-42621554,high,,ENT-TN-DELEGATION-C41B01AE892E,administrative_parent,ADM4 row / research sector code 42621554; dated ADM3 parent 4262,,,verified
REL-B2C66A19DC0A5A96,1.0.0,current,SRC-TN-DGCL-MUNICIPALITIES-2024,ENT-TN-MUNICIPALITY-1118,high,,ENT-TN-GOVERNORATE-DB8D5C457676,administrative_parent,January 2024 workbook row: governorate 11; municipality code 1118,,,verified
REL-B2D08FF9E6C15A43,1.0.0,current,SRC-TN-RESEARCH-GEOMETRY-2018,ENT-TN-MUNICIPALITY-4327,medium,Approximate research topology only; this is not an administrative parent relationship.,ENT-TN-DELEGATION-A5B79B7F0981,boundary_intersects,"sector evidence rows: 43561622,43561623,43561624,43561625",,,source_verified
REL-B2DC1859159F590F,1.0.0,current,SRC-TN-HDX-CODAB-2022,ENT-TN-IMADA-62542017,high,,ENT-TN-DELEGATION-CB23A7885CA7,administrative_parent,ADM4 row / research sector code 62542017; dated ADM3 parent 6254,,,verified
REL-B2E23C484A7358E2,1.0.0,current,SRC-TN-HDX-CODAB-2022,ENT-TN-IMADA-3157977,high,,ENT-TN-DELEGATION-CA29D85670F9,administrative_parent,ADM4 row / research sector code 3157977; dated ADM3 parent 3157,,,verified
REL-B31389D1F8105081,1.0.0,current,SRC-TN-HDX-CODAB-2022,ENT-TN-IMADA-43521584,high,,ENT-TN-DELEGATION-B5CD972E98C1,administrative_parent,ADM4 row / research sector code 43521584; dated ADM3 parent 4352,,,verified
REL-B315A68AF84859F2,1.0.0,current,SRC-TN-HDX-CODAB-2022,ENT-TN-IMADA-2154617,high,,ENT-TN-DELEGATION-028DF902ABF9,administrative_parent,ADM4 row / research sector code 2154617; dated ADM3 parent 2154,,,verified
REL-B3293E1B212D5875,1.0.0,current,SRC-TN-HDX-CODAB-2022,ENT-TN-IMADA-33511137,high,,ENT-TN-DELEGATION-E56B524C71BE,administrative_parent,ADM4 row / research sector code 33511137; dated ADM3 parent 3351,,,verified
REL-B33508878FEF5438,1.0.0,current,SRC-LY-MOLG-MUNICIPALITIES-2026,ENT-LY-MUNICIPALITY-DA90C87387CB,high,,ENT-LY-COUNTRY,administrative_parent,Municipality list entry: تازربو,,,verified
REL-B3498B7BF70E5748,1.0.0,current,SRC-TN-HDX-CODAB-2022,ENT-TN-DELEGATION-D592FC6CD4D2,high,,ENT-TN-GOVERNORATE-DB8D5C457676,administrative_parent,ADM3 row / dated 264-delegation research code 1166,,,verified
REL-B349B2ED565C5FB5,1.0.0,current,SRC-TN-HDX-CODAB-2022,ENT-TN-IMADA-42611543,high,,ENT-TN-DELEGATION-52AE19694D81,administrative_parent,ADM4 row / research sector code 42611543; dated ADM3 parent 4261,,,verified
REL-B34B39A1666D5432,1.0.0,current,SRC-TN-RESEARCH-GEOMETRY-2018,ENT-TN-MUNICIPALITY-3425,medium,Approximate research topology only; this is not an administrative parent relationship.,ENT-TN-DELEGATION-BE40270E2393,boundary_intersects,"sector evidence rows: 34651336,34651337,34651338,34651339,34651340,34651341",,,source_verified
REL-B35443A7C64C5533,1.0.0,current,SRC-TN-HDX-CODAB-2022,ENT-TN-IMADA-33551169,high,,ENT-TN-DELEGATION-7893E2F13C86,administrative_parent,ADM4 row / research sector code 33551169; dated ADM3 parent 3355,,,verified
REL-B355DF8D25625606,1.0.0,current,SRC-TN-HDX-CODAB-2022,ENT-TN-IMADA-34531247,high,,ENT-TN-DELEGATION-EA875BA2BFE0,administrative_parent,ADM4 row / research sector code 34531247; dated ADM3 parent 3453,,,verified
REL-B35DFE16602E5DCA,1.0.0,current,SRC-TN-HDX-CODAB-2022,ENT-TN-IMADA-33591199,high,,ENT-TN-DELEGATION-2A637B595634,administrative_parent,ADM4 row / research sector code 33591199; dated ADM3 parent 3359,,,verified
REL-B3753AF6CC22571F,1.0.0,current,SRC-TN-HDX-CODAB-2022,ENT-TN-IMADA-1362269,high,,ENT-TN-DELEGATION-D4FC46D8AB0D,administrative_parent,ADM4 row / research sector code 1362269; dated ADM3 parent 1362,,,verified
REL-B38B95C38E165DB6,1.0.0,current,SRC-TN-HDX-CODAB-2022,ENT-TN-IMADA-2461944,high,,ENT-TN-DELEGATION-BE50E5DE6BD2,administrative_parent,ADM4 row / research sector code 2461944; dated ADM3 parent 2461,,,verified
REL-B394307AB9AD5E2F,1.0.0,current,SRC-TN-HDX-CODAB-2022,ENT-TN-IMADA-2355815,high,,ENT-TN-DELEGATION-FF2BD30691C0,administrative_parent,ADM4 row / research sector code 2355815; dated ADM3 parent 2355,,,verified
REL-B3C03FD7207E5E56,1.0.0,current,SRC-TN-DGCL-MUNICIPALITIES-2024,ENT-TN-MUNICIPALITY-5123,high,,ENT-TN-GOVERNORATE-DF747014232C,administrative_parent,January 2024 workbook row: governorate 51; municipality code 5123,,,verified
REL-B3C16B58F23D5236,1.0.0,current,SRC-TN-HDX-CODAB-2022,ENT-TN-DELEGATION-5B401B5FE360,high,,ENT-TN-GOVERNORATE-DF747014232C,administrative_parent,ADM3 row / dated 264-delegation research code 5153,,,verified
REL-B3C9AAC53747508B,1.0.0,current,SRC-TN-HDX-CODAB-2022,ENT-TN-IMADA-33561180,high,,ENT-TN-DELEGATION-706200A5C126,administrative_parent,ADM4 row / research sector code 33561180; dated ADM3 parent 3356,,,verified
REL-B3CFE8A20F4A588C,1.0.0,current,SRC-TN-HDX-CODAB-2022,ENT-TN-IMADA-1564410,high,,ENT-TN-DELEGATION-8708C7088CBC,administrative_parent,ADM4 row / research sector code 1564410; dated ADM3 parent 1564,,,verified
REL-B3DA4DDFD8CF52E0,1.0.0,current,SRC-TN-HDX-CODAB-2022,ENT-TN-IMADA-41581436,high,,ENT-TN-DELEGATION-A9A2E64081DA,administrative_parent,ADM4 row / research sector code 41581436; dated ADM3 parent 4158,,,verified
REL-B3EB51F0D252573C,1.0.0,current,SRC-TN-HDX-CODAB-2022,ENT-TN-DELEGATION-F66C4659B2C0,high,,ENT-TN-GOVERNORATE-902616FE3988,administrative_parent,ADM3 row / dated 264-delegation research code 5257,,,verified
REL-B4104D62584C5964,1.0.0,current,SRC-TN-DGCL-MUNICIPALITIES-2024,ENT-TN-MUNICIPALITY-3221,high,,ENT-TN-GOVERNORATE-5BC9A7217C8C,administrative_parent,January 2024 workbook row: governorate 32; municipality code 3221,,,verified
REL-B4283E9BD82F552F,1.0.0,current,SRC-TN-HDX-CODAB-2022,ENT-TN-DELEGATION-498ED0DE384B,high,,ENT-TN-GOVERNORATE-07DB5E6D265C,administrative_parent,ADM3 row / dated 264-delegation research code 3158,,,verified
REL-B47692D661B35166,1.0.0,current,SRC-TN-HDX-CODAB-2022,ENT-TN-DELEGATION-E8E2CE15323A,high,,ENT-TN-GOVERNORATE-EA2D44B4F25E,administrative_parent,ADM3 row / dated 264-delegation research code 2158,,,verified
REL-B498CF765F0D5C83,1.0.0,current,SRC-TN-HDX-CODAB-2022,ENT-TN-IMADA-42621557,high,,ENT-TN-DELEGATION-C41B01AE892E,administrative_parent,ADM4 row / research sector code 42621557; dated ADM3 parent 4262,,,verified
REL-B4A7A5DD41D65CE4,1.0.0,current,SRC-TN-HDX-CODAB-2022,ENT-TN-DELEGATION-28A3B2254932,high,,ENT-TN-GOVERNORATE-B1787F907937,administrative_parent,ADM3 row / dated 264-delegation research code 1764,,,verified
REL-B4B3575EE0D1514C,1.0.0,current,SRC-TN-HDX-CODAB-2022,ENT-TN-IMADA-116397,high,,ENT-TN-DELEGATION-FE081F997DC5,administrative_parent,ADM4 row / research sector code 116397; dated ADM3 parent 1163,,,verified
REL-B4DCF3DCEA8951EB,1.0.0,current,SRC-TN-DGCL-MUNICIPALITIES-2024,ENT-TN-MUNICIPALITY-2324,high,,ENT-TN-GOVERNORATE-0D738EAC753C,administrative_parent,January 2024 workbook row: governorate 23; municipality code 2324,,,verified
REL-B4E78705FC8057B8,1.0.0,current,SRC-TN-HDX-CODAB-2022,ENT-TN-IMADA-41511353,high,,ENT-TN-DELEGATION-9CCDCAF94A4A,administrative_parent,ADM4 row / research sector code 41511353; dated ADM3 parent 4151,,,verified
REL-B52E1BCCF2D75B23,1.0.0,current,SRC-LY-MOLG-MUNICIPALITIES-2026,ENT-LY-MUNICIPALITY-8B369C20A17B,high,,ENT-LY-COUNTRY,administrative_parent,Municipality list entry: طبرق,,,verified
REL-B53E59C75068597A,1.0.0,current,SRC-TN-HDX-CODAB-2022,ENT-TN-IMADA-2360850,high,,ENT-TN-DELEGATION-0AAD4BD027D5,administrative_parent,ADM4 row / research sector code 2360850; dated ADM3 parent 2360,,,verified
REL-B54D4FB333B65888,1.0.0,current,SRC-TN-HDX-CODAB-2022,ENT-TN-IMADA-2256741,high,,ENT-TN-DELEGATION-F12F59DBC46E,administrative_parent,ADM4 row / research sector code 2256741; dated ADM3 parent 2256,,,verified
REL-B567187357D05F08,1.0.0,current,SRC-UNESCO-WHC-TN-2026,ENT-TN-SITE-DOUGGA,high,,ENT-TN-MUNICIPALITY-2115,located_in,World Heritage property 794 and maps,,,verified
REL-B5756515295E528F,1.0.0,current,SRC-TN-HDX-CODAB-2022,ENT-TN-IMADA-1755518,high,,ENT-TN-DELEGATION-148C846991C4,administrative_parent,ADM4 row / research sector code 1755518; dated ADM3 parent 1755,,,verified
REL-B57F440A8BA75004,1.0.0,current,SRC-TN-HDX-CODAB-2022,ENT-TN-IMADA-31611011,high,,ENT-TN-DELEGATION-D06EBCEA26BA,administrative_parent,ADM4 row / research sector code 31611011; dated ADM3 parent 3161,,,verified
REL-B58CC64812C1507E,1.0.0,current,SRC-TN-HDX-CODAB-2022,ENT-TN-IMADA-1359255,high,,ENT-TN-DELEGATION-28027896EDDD,administrative_parent,ADM4 row / research sector code 1359255; dated ADM3 parent 1359,,,verified
REL-B5965170C20C552F,1.0.0,current,SRC-TN-RESEARCH-GEOMETRY-2018,ENT-TN-MUNICIPALITY-3326,medium,Approximate research topology only; this is not an administrative parent relationship.,ENT-TN-DELEGATION-E56B524C71BE,boundary_intersects,"sector evidence rows: 33511132,33511133,33511138,33511139",,,source_verified
REL-B60B252A3E5C5F77,1.0.0,current,SRC-TN-DGCL-MUNICIPALITIES-2024,ENT-TN-MUNICIPALITY-3317,high,,ENT-TN-GOVERNORATE-E7D96FEF5043,administrative_parent,January 2024 workbook row: governorate 33; municipality code 3317,,,verified
REL-B60EE0ABFF98516B,1.0.0,current,SRC-TN-HDX-CODAB-2022,ENT-TN-IMADA-43581635,high,,ENT-TN-DELEGATION-9846A16575C2,administrative_parent,ADM4 row / research sector code 43581635; dated ADM3 parent 4358,,,verified
REL-B6188BBCCF635E20,1.0.0,current,SRC-TN-HDX-CODAB-2022,ENT-TN-IMADA-41571423,high,,ENT-TN-DELEGATION-5E9C54B26170,administrative_parent,ADM4 row / research sector code 41571423; dated ADM3 parent 4157,,,verified
REL-B62738FB6D585E8A,1.0.0,current,SRC-TN-HDX-CODAB-2022,ENT-TN-IMADA-63522041,high,,ENT-TN-DELEGATION-DEB9F3EFCD2D,administrative_parent,ADM4 row / research sector code 63522041; dated ADM3 parent 6352,,,verified
REL-B66343DD92765105,1.0.0,current,SRC-TN-DGCL-MUNICIPALITIES-2024,ENT-TN-MUNICIPALITY-5114,high,,ENT-TN-GOVERNORATE-DF747014232C,administrative_parent,January 2024 workbook row: governorate 51; municipality code 5114,,,verified
REL-B67649E14F9357F9,1.0.0,current,SRC-TN-RESEARCH-GEOMETRY-2018,ENT-TN-MUNICIPALITY-4111,medium,Approximate research topology only; this is not an administrative parent relationship.,ENT-TN-DELEGATION-3568AB5821B0,boundary_intersects,"sector evidence rows: 41521364,41521365,41521366,41521367,41521369,41521370,41521371,41521372",,,source_verified
REL-B6800D3C47785FFF,1.0.0,current,SRC-TN-HDX-CODAB-2022,ENT-TN-DELEGATION-36D776E11570,high,,ENT-TN-GOVERNORATE-7A4D0C3A889C,administrative_parent,ADM3 row / dated 264-delegation research code 2257,,,verified
REL-B6A8C886B112570F,1.0.0,current,SRC-TN-HDX-CODAB-2022,ENT-TN-IMADA-41511357,high,,ENT-TN-DELEGATION-9CCDCAF94A4A,administrative_parent,ADM4 row / research sector code 41511357; dated ADM3 parent 4151,,,verified
REL-B6A902E1925F548F,1.0.0,current,SRC-TN-RESEARCH-GEOMETRY-2018,ENT-TN-MUNICIPALITY-5314,medium,Approximate research topology only; this is not an administrative parent relationship.,ENT-TN-DELEGATION-15D8C5E6532A,boundary_intersects,"sector evidence rows: 53561905,53561906",,,source_verified
REL-B6B03893880E5EC2,1.0.0,current,SRC-TN-RESEARCH-GEOMETRY-2018,ENT-TN-MUNICIPALITY-3218,medium,Approximate research topology only; this is not an administrative parent relationship.,ENT-TN-DELEGATION-00EC6583A4A3,boundary_intersects,"sector evidence rows: 32551075,32551076,32551077",,,source_verified
REL-B6F9C66E5A0955B8,1.0.0,current,SRC-TN-HDX-CODAB-2022,ENT-TN-IMADA-2353796,high,,ENT-TN-DELEGATION-F153AA210A4D,administrative_parent,ADM4 row / research sector code 2353796; dated ADM3 parent 2353,,,verified
REL-B7111098B0E65FEA,1.0.0,current,SRC-TN-HDX-CODAB-2022,ENT-TN-IMADA-34621312,high,,ENT-TN-DELEGATION-5CE249CD9A5F,administrative_parent,ADM4 row / research sector code 34621312; dated ADM3 parent 3462,,,verified
REL-B71A5BA220385919,1.0.0,current,SRC-TN-HDX-CODAB-2022,ENT-TN-IMADA-41531383,high,,ENT-TN-DELEGATION-70B00114B3C2,administrative_parent,ADM4 row / research sector code 41531383; dated ADM3 parent 4153,,,verified
REL-B733D41720345257,1.0.0,current,SRC-TN-HDX-CODAB-2022,ENT-TN-IMADA-51561714,high,,ENT-TN-DELEGATION-381871ACE873,administrative_parent,ADM4 row / research sector code 51561714; dated ADM3 parent 5156,,,verified
REL-B747A2E33B465226,1.0.0,current,SRC-TN-HDX-CODAB-2022,ENT-TN-IMADA-32611114,high,,ENT-TN-DELEGATION-6417F8B088EB,administrative_parent,ADM4 row / research sector code 32611114; dated ADM3 parent 3261,,,verified
REL-B748AD301F575447,1.0.0,current,SRC-TN-HDX-CODAB-2022,ENT-TN-IMADA-2251678,high,,ENT-TN-DELEGATION-819F7F2E27F9,administrative_parent,ADM4 row / research sector code 2251678; dated ADM3 parent 2251,,,verified
REL-B74B23BD7DBA59BD,1.0.0,current,SRC-TN-HDX-CODAB-2022,ENT-TN-IMADA-2454887,high,,ENT-TN-DELEGATION-AF66ED06B9B8,administrative_parent,ADM4 row / research sector code 2454887; dated ADM3 parent 2454,,,verified
REL-B76F0058E29D5599,1.0.0,current,SRC-TN-HDX-CODAB-2022,ENT-TN-IMADA-43531602,high,,ENT-TN-DELEGATION-B63E32B2BC3F,administrative_parent,ADM4 row / research sector code 43531602; dated ADM3 parent 4353,,,verified
REL-B79D92D215EF56BC,1.0.0,current,SRC-TN-HDX-CODAB-2022,ENT-TN-IMADA-1152109,high,,ENT-TN-DELEGATION-CC12560912DD,administrative_parent,ADM4 row / research sector code 1152109; dated ADM3 parent 1152,,,verified
REL-B7C59A740D095257,1.0.0,current,SRC-TN-HDX-CODAB-2022,ENT-TN-IMADA-1454302,high,,ENT-TN-DELEGATION-3DDA099AD6C7,administrative_parent,ADM4 row / research sector code 1454302; dated ADM3 parent 1454,,,verified
REL-B7DB46D49FA75181,1.0.0,current,SRC-TN-HDX-CODAB-2022,ENT-TN-IMADA-1751478,high,,ENT-TN-DELEGATION-AADE7E444312,administrative_parent,ADM4 row / research sector code 1751478; dated ADM3 parent 1751,,,verified
REL-B81632E128965881,1.0.0,current,SRC-TN-HDX-CODAB-2022,ENT-TN-IMADA-115416,high,,ENT-TN-DELEGATION-22BE73F7EFB2,administrative_parent,ADM4 row / research sector code 115416; dated ADM3 parent 1154,,,verified
REL-B81D42D702615857,1.0.0,current,SRC-TN-HDX-CODAB-2022,ENT-TN-IMADA-116080,high,,ENT-TN-DELEGATION-93C5837DFCBF,administrative_parent,ADM4 row / research sector code 116080; dated ADM3 parent 1160,,,verified
REL-B82CB90CDDF75A84,1.0.0,current,SRC-TN-DGCL-MUNICIPALITIES-2024,ENT-TN-MUNICIPALITY-3432,high,,ENT-TN-GOVERNORATE-97D2B1489F90,administrative_parent,January 2024 workbook row: governorate 34; municipality code 3432,,,verified
REL-B82D496153FA576C,1.0.0,current,SRC-TN-DGCL-MUNICIPALITIES-2024,ENT-TN-MUNICIPALITY-5122,high,,ENT-TN-GOVERNORATE-DF747014232C,administrative_parent,January 2024 workbook row: governorate 51; municipality code 5122,,,verified
REL-B8840CF16EAA5113,1.0.0,current,SRC-TN-HDX-CODAB-2022,ENT-TN-IMADA-1753496,high,,ENT-TN-DELEGATION-529F20CCEFFA,administrative_parent,ADM4 row / research sector code 1753496; dated ADM3 parent 1753,,,verified
REL-B8ACF7D1B8BD57ED,1.0.0,current,SRC-TN-HDX-CODAB-2022,ENT-TN-IMADA-2353789,high,,ENT-TN-DELEGATION-F153AA210A4D,administrative_parent,ADM4 row / research sector code 2353789; dated ADM3 parent 2353,,,verified
REL-B8F77F16029955EB,1.0.0,current,SRC-TN-HDX-CODAB-2022,ENT-TN-IMADA-1556361,high,,ENT-TN-DELEGATION-8CCC58460F99,administrative_parent,ADM4 row / research sector code 1556361; dated ADM3 parent 1556,,,verified
REL-B9032563A9D75266,1.0.0,current,SRC-TN-HDX-CODAB-2022,ENT-TN-IMADA-61591974,high,,ENT-TN-DELEGATION-17D9D56D8808,administrative_parent,ADM4 row / research sector code 61591974; dated ADM3 parent 6159,,,verified
REL-B909E61FC57B5AF6,1.0.0,current,SRC-TN-HDX-CODAB-2022,ENT-TN-IMADA-43511577,high,,ENT-TN-DELEGATION-DB05A1325AE3,administrative_parent,ADM4 row / research sector code 43511577; dated ADM3 parent 4351,,,verified
REL-B90E6FC3FC455163,1.0.0,current,SRC-TN-HDX-CODAB-2022,ENT-TN-IMADA-51571724,high,,ENT-TN-DELEGATION-5BAD0A66CCEB,administrative_parent,ADM4 row / research sector code 51571724; dated ADM3 parent 5157,,,verified
REL-B91A79D7D9D9532E,1.0.0,current,SRC-TN-RESEARCH-GEOMETRY-2018,ENT-TN-MUNICIPALITY-1521,medium,Approximate research topology only; this is not an administrative parent relationship.,ENT-TN-DELEGATION-6DD1C12A1852,boundary_intersects,"sector evidence rows: 1557366,1557369,1557370",,,source_verified
REL-B93DE2B155C151AE,1.0.0,current,SRC-TN-HDX-CODAB-2022,ENT-TN-IMADA-1564407,high,,ENT-TN-DELEGATION-8708C7088CBC,administrative_parent,ADM4 row / research sector code 1564407; dated ADM3 parent 1564,,,verified
REL-B941A7C6D95E5D66,1.0.0,current,SRC-TN-RESEARCH-GEOMETRY-2018,ENT-TN-MUNICIPALITY-1416,medium,Approximate research topology only; this is not an administrative parent relationship.,ENT-TN-DELEGATION-A8FC78D96A53,boundary_intersects,"sector evidence rows: 1455307,1455308,1455309,1455310",,,source_verified
REL-B96AE83E14FA52B8,1.0.0,current,SRC-TN-HDX-CODAB-2022,ENT-TN-IMADA-1758544,high,,ENT-TN-DELEGATION-F3529789545D,administrative_parent,ADM4 row / research sector code 1758544; dated ADM3 parent 1758,,,verified
REL-B971841D00CB5668,1.0.0,current,SRC-TN-DGCL-MUNICIPALITIES-2024,ENT-TN-MUNICIPALITY-2322,high,,ENT-TN-GOVERNORATE-0D738EAC753C,administrative_parent,January 2024 workbook row: governorate 23; municipality code 2322,,,verified
REL-B97EABACA4515FB0,1.0.0,current,SRC-TN-HDX-CODAB-2022,ENT-TN-IMADA-2253702,high,,ENT-TN-DELEGATION-997BFDED88CF,administrative_parent,ADM4 row / research sector code 2253702; dated ADM3 parent 2253,,,verified
REL-B993FE3F02F45E9B,1.0.0,current,SRC-TN-HDX-CODAB-2022,ENT-TN-IMADA-41521375,high,,ENT-TN-DELEGATION-3568AB5821B0,administrative_parent,ADM4 row / research sector code 41521375; dated ADM3 parent 4152,,,verified
REL-B99AE6252B515EF0,1.0.0,current,SRC-TN-HDX-CODAB-2022,ENT-TN-IMADA-2151584,high,,ENT-TN-DELEGATION-89B5CE300A2D,administrative_parent,ADM4 row / research sector code 2151584; dated ADM3 parent 2151,,,verified
REL-B9B8BE2B23C050EE,1.0.0,current,SRC-TN-RESEARCH-GEOMETRY-2018,ENT-TN-MUNICIPALITY-3421,medium,Approximate research topology only; this is not an administrative parent relationship.,ENT-TN-DELEGATION-0B9CE76F3AD6,boundary_intersects,"sector evidence rows: 34611300,34611303,34611304,34611305,34611306,34611308,34611310,34611311",,,source_verified
REL-B9E8EB32F3DC59CC,1.0.0,current,SRC-TN-HDX-CODAB-2022,ENT-TN-IMADA-1563399,high,,ENT-TN-DELEGATION-C12FC68E8013,administrative_parent,ADM4 row / research sector code 1563399; dated ADM3 parent 1563,,,verified
REL-B9F3B11B6CFE573A,1.0.0,current,SRC-TN-HDX-CODAB-2022,ENT-TN-IMADA-1169141,high,,ENT-TN-DELEGATION-C93CA450F43B,administrative_parent,ADM4 row / research sector code 1169141; dated ADM3 parent 1169,,,verified
REL-B9F870B755A75D3B,1.0.0,current,SRC-UNESCO-WHC-TN-2026,ENT-TN-SITE-SIDI-BOU-SAID,high,,ENT-TN-MUNICIPALITY-1116,located_in,World Heritage property 1769,,,verified
REL-BA088F22DDD95F24,1.0.0,current,SRC-TN-HDX-CODAB-2022,ENT-TN-IMADA-52591848,high,,ENT-TN-DELEGATION-F6FA367C4B52,administrative_parent,ADM4 row / research sector code 52591848; dated ADM3 parent 5259,,,verified
REL-BA0A42FFD9E35540,1.0.0,current,SRC-TN-HDX-CODAB-2022,ENT-TN-IMADA-34581278,high,,ENT-TN-DELEGATION-05852EF74252,administrative_parent,ADM4 row / research sector code 34581278; dated ADM3 parent 3458,,,verified
REL-BA1C2AF6C55D5FCE,1.0.0,current,SRC-TN-HDX-CODAB-2022,ENT-TN-IMADA-1452291,high,,ENT-TN-DELEGATION-64DB1B613F50,administrative_parent,ADM4 row / research sector code 1452291; dated ADM3 parent 1452,,,verified
REL-BA27D36B5FB7594A,1.0.0,current,SRC-TN-HDX-CODAB-2022,ENT-TN-IMADA-43611667,high,,ENT-TN-DELEGATION-755242916060,administrative_parent,ADM4 row / research sector code 43611667; dated ADM3 parent 4361,,,verified
REL-BA2EA078628F5E43,1.0.0,current,SRC-TN-HDX-CODAB-2022,ENT-TN-IMADA-52541798,high,,ENT-TN-DELEGATION-F7ED4B759BD6,administrative_parent,ADM4 row / research sector code 52541798; dated ADM3 parent 5254,,,verified
REL-BA3C79CF6DE8522F,1.0.0,current,SRC-TN-DGCL-MUNICIPALITIES-2024,ENT-TN-MUNICIPALITY-2421,high,,ENT-TN-GOVERNORATE-A460B4F223EB,administrative_parent,January 2024 workbook row: governorate 24; municipality code 2421,,,verified
REL-BA4308D631745298,1.0.0,current,SRC-TN-HDX-CODAB-2022,ENT-TN-IMADA-2354801,high,,ENT-TN-DELEGATION-D77747883E55,administrative_parent,ADM4 row / research sector code 2354801; dated ADM3 parent 2354,,,verified
REL-BA626617AF305D84,1.0.0,current,SRC-TN-HDX-CODAB-2022,ENT-TN-IMADA-41561415,high,,ENT-TN-DELEGATION-7E9A8227F3FE,administrative_parent,ADM4 row / research sector code 41561415; dated ADM3 parent 4156,,,verified
REL-BA6C3D8F9480586C,1.0.0,current,SRC-TN-RESEARCH-GEOMETRY-2018,ENT-TN-MUNICIPALITY-6113,medium,Approximate research topology only; this is not an administrative parent relationship.,ENT-TN-DELEGATION-57457D07E717,boundary_intersects,"sector evidence rows: 61551947,61551948,61551949,61551950,61551951",,,source_verified
REL-BA6E669181BB563C,1.0.0,current,SRC-TN-HDX-CODAB-2022,ENT-TN-IMADA-51551712,high,,ENT-TN-DELEGATION-336FE0336AC9,administrative_parent,ADM4 row / research sector code 51551712; dated ADM3 parent 5155,,,verified
REL-BA76ED8954A65B4E,1.0.0,current,SRC-TN-HDX-CODAB-2022,ENT-TN-IMADA-116073,high,,ENT-TN-DELEGATION-93C5837DFCBF,administrative_parent,ADM4 row / research sector code 116073; dated ADM3 parent 1160,,,verified
REL-BA7DEF35B20B5183,1.0.0,current,SRC-TN-HDX-CODAB-2022,ENT-TN-DELEGATION-B1DB2FE90D10,high,,ENT-TN-GOVERNORATE-97D2B1489F90,administrative_parent,ADM3 row / dated 264-delegation research code 3457,,,verified
REL-BA835A7BA4465AF0,1.0.0,current,SRC-TN-DGCL-MUNICIPALITIES-2024,ENT-TN-MUNICIPALITY-2115,high,,ENT-TN-GOVERNORATE-EA2D44B4F25E,administrative_parent,January 2024 workbook row: governorate 21; municipality code 2115,,,verified
REL-BAA4108733375E3A,1.0.0,current,SRC-TN-HDX-CODAB-2022,ENT-TN-IMADA-33521143,high,,ENT-TN-DELEGATION-8B2B3E3BDE8C,administrative_parent,ADM4 row / research sector code 33521143; dated ADM3 parent 3352,,,verified
REL-BAA6D2B35D5D5C39,1.0.0,current,SRC-TN-DGCL-MUNICIPALITIES-2024,ENT-TN-MUNICIPALITY-3425,high,,ENT-TN-GOVERNORATE-97D2B1489F90,administrative_parent,January 2024 workbook row: governorate 34; municipality code 3425,,,verified
REL-BAB205F26E6C5BBC,1.0.0,current,SRC-TN-HDX-CODAB-2022,ENT-TN-IMADA-1756519,high,,ENT-TN-DELEGATION-39EFA7D5C92F,administrative_parent,ADM4 row / research sector code 1756519; dated ADM3 parent 1756,,,verified
REL-BAC3B0BABFB25E45,1.0.0,current,SRC-TN-HDX-CODAB-2022,ENT-TN-IMADA-32531066,high,,ENT-TN-DELEGATION-B0C081DB1344,administrative_parent,ADM4 row / research sector code 32531066; dated ADM3 parent 3253,,,verified
REL-BACD44E2C5055E88,1.0.0,current,SRC-TN-HDX-CODAB-2022,ENT-TN-IMADA-2158663,high,,ENT-TN-DELEGATION-E8E2CE15323A,administrative_parent,ADM4 row / research sector code 2158663; dated ADM3 parent 2158,,,verified
REL-BAFA19CADB0D5793,1.0.0,current,SRC-TN-HDX-CODAB-2022,ENT-TN-IMADA-42541486,high,,ENT-TN-DELEGATION-00555D763B13,administrative_parent,ADM4 row / research sector code 42541486; dated ADM3 parent 4254,,,verified
REL-BAFDDE5765FE581F,1.0.0,current,SRC-TN-HDX-CODAB-2022,ENT-TN-DELEGATION-05852EF74252,high,,ENT-TN-GOVERNORATE-97D2B1489F90,administrative_parent,ADM3 row / dated 264-delegation research code 3458,,,verified
REL-BB095E2861B95A96,1.0.0,current,SRC-TN-DGCL-MUNICIPALITIES-2024,ENT-TN-MUNICIPALITY-1720,high,,ENT-TN-GOVERNORATE-B1787F907937,administrative_parent,January 2024 workbook row: governorate 17; municipality code 1720,,,verified
REL-BB0AA1E4AEA15697,1.0.0,current,SRC-TN-HDX-CODAB-2022,ENT-TN-IMADA-31631022,high,,ENT-TN-DELEGATION-E401587A83A1,administrative_parent,ADM4 row / research sector code 31631022; dated ADM3 parent 3163,,,verified
REL-BB10341752825007,1.0.0,current,SRC-TN-HDX-CODAB-2022,ENT-TN-IMADA-51601752,high,,ENT-TN-DELEGATION-5BB9BF889AC5,administrative_parent,ADM4 row / research sector code 51601752; dated ADM3 parent 5160,,,verified
REL-BB126192D6E55E4B,1.0.0,current,SRC-TN-DGCL-MUNICIPALITIES-2024,ENT-TN-MUNICIPALITY-5214,high,,ENT-TN-GOVERNORATE-902616FE3988,administrative_parent,January 2024 workbook row: governorate 52; municipality code 5214,,,verified
REL-BB1C09BB5BB55CA2,1.0.0,current,SRC-TN-HDX-CODAB-2022,ENT-TN-IMADA-43621679,high,,ENT-TN-DELEGATION-E45902371203,administrative_parent,ADM4 row / research sector code 43621679; dated ADM3 parent 4362,,,verified
REL-BB25977FBE6159B6,1.0.0,current,SRC-TN-HDX-CODAB-2022,ENT-TN-IMADA-52511759,high,,ENT-TN-DELEGATION-EE60D65B9935,administrative_parent,ADM4 row / research sector code 52511759; dated ADM3 parent 5251,,,verified
REL-BB2B7163B3B1561E,1.0.0,current,SRC-TN-HDX-CODAB-2022,ENT-TN-IMADA-42551494,high,,ENT-TN-DELEGATION-5D62B4C8161F,administrative_parent,ADM4 row / research sector code 42551494; dated ADM3 parent 4255,,,verified
REL-BB304DE0494253BE,1.0.0,current,SRC-TN-DGCL-MUNICIPALITIES-2024,ENT-TN-MUNICIPALITY-3312,high,,ENT-TN-GOVERNORATE-E7D96FEF5043,administrative_parent,January 2024 workbook row: governorate 33; municipality code 3312,,,verified
REL-BB3CC47598D35E84,1.0.0,current,SRC-TN-HDX-CODAB-2022,ENT-TN-IMADA-34631325,high,,ENT-TN-DELEGATION-17B9E0494EC7,administrative_parent,ADM4 row / research sector code 34631325; dated ADM3 parent 3463,,,verified
REL-BB7063D90DBA5382,1.0.0,current,SRC-TN-HDX-CODAB-2022,ENT-TN-IMADA-2356817,high,,ENT-TN-DELEGATION-C151EAFA4BD1,administrative_parent,ADM4 row / research sector code 2356817; dated ADM3 parent 2356,,,verified
REL-BB74C78F10EF5936,1.0.0,current,SRC-TN-HDX-CODAB-2022,ENT-TN-IMADA-42561505,high,,ENT-TN-DELEGATION-FD2AE43A4C3D,administrative_parent,ADM4 row / research sector code 42561505; dated ADM3 parent 4256,,,verified
REL-BB8BBE971C5E53FD,1.0.0,current,SRC-TN-DGCL-MUNICIPALITIES-2024,ENT-TN-MUNICIPALITY-2420,high,,ENT-TN-GOVERNORATE-A460B4F223EB,administrative_parent,January 2024 workbook row: governorate 24; municipality code 2420,,,verified
REL-BB98F9EFE5DF5402,1.0.0,current,SRC-TN-HDX-CODAB-2022,ENT-TN-IMADA-2153613,high,,ENT-TN-DELEGATION-64B47287C7CC,administrative_parent,ADM4 row / research sector code 2153613; dated ADM3 parent 2153,,,verified
REL-BBBB15C9B0F45B42,1.0.0,current,SRC-LY-MOLG-MUNICIPALITIES-2026,ENT-LY-MUNICIPALITY-EF3A79E8C3E3,high,,ENT-LY-COUNTRY,administrative_parent,Municipality list entry: ظاهر الجبل,,,verified
REL-BC0157EC201E5C5A,1.0.0,current,SRC-TN-HDX-CODAB-2022,ENT-TN-IMADA-41521377,high,,ENT-TN-DELEGATION-3568AB5821B0,administrative_parent,ADM4 row / research sector code 41521377; dated ADM3 parent 4152,,,verified
REL-BC026C608BEE5911,1.0.0,current,SRC-TN-DGCL-MUNICIPALITIES-2024,ENT-TN-MUNICIPALITY-1316,high,,ENT-TN-GOVERNORATE-D5ED89886664,administrative_parent,January 2024 workbook row: governorate 13; municipality code 1316,,,verified
REL-BC0699BA8C0D5EF7,1.0.0,current,SRC-TN-HDX-CODAB-2022,ENT-TN-IMADA-34521238,high,,ENT-TN-DELEGATION-5589DBA6CB89,administrative_parent,ADM4 row / research sector code 34521238; dated ADM3 parent 3452,,,verified
REL-BC211F48F3EE59CE,1.0.0,current,SRC-TN-HDX-CODAB-2022,ENT-TN-IMADA-2457908,high,,ENT-TN-DELEGATION-78A6B0904A2B,administrative_parent,ADM4 row / research sector code 2457908; dated ADM3 parent 2457,,,verified
REL-BC2F94B4F20850AE,1.0.0,current,SRC-TN-HDX-CODAB-2022,ENT-TN-IMADA-1764575,high,,ENT-TN-DELEGATION-28A3B2254932,administrative_parent,ADM4 row / research sector code 1764575; dated ADM3 parent 1764,,,verified
REL-BC36430EB5515B57,1.0.0,current,SRC-TN-HDX-CODAB-2022,ENT-TN-IMADA-1759546,high,,ENT-TN-DELEGATION-FFE2346B14CF,administrative_parent,ADM4 row / research sector code 1759546; dated ADM3 parent 1759,,,verified
REL-BC41D6BAA17F5E80,1.0.0,current,SRC-TN-HDX-CODAB-2022,ENT-TN-IMADA-51601749,high,,ENT-TN-DELEGATION-5BB9BF889AC5,administrative_parent,ADM4 row / research sector code 51601749; dated ADM3 parent 5160,,,verified
REL-BC48223721955A67,1.0.0,current,SRC-TN-RESEARCH-GEOMETRY-2018,ENT-TN-MUNICIPALITY-5117,medium,Approximate research topology only; this is not an administrative parent relationship.,ENT-TN-DELEGATION-F7614EE1CE5C,boundary_intersects,"sector evidence rows: 51581734,51581735,51581736",,,source_verified
REL-BC4D81F5E1DD551A,1.0.0,current,SRC-TN-HDX-CODAB-2022,ENT-TN-IMADA-2360846,high,,ENT-TN-DELEGATION-0AAD4BD027D5,administrative_parent,ADM4 row / research sector code 2360846; dated ADM3 parent 2360,,,verified
REL-BC565F658FA6575A,1.0.0,current,SRC-TN-HDX-CODAB-2022,ENT-TN-IMADA-1171152,high,,ENT-TN-DELEGATION-3C575B9AF71B,administrative_parent,ADM4 row / research sector code 1171152; dated ADM3 parent 1171,,,verified
REL-BC7EB437B01C53AA,1.0.0,current,SRC-TN-HDX-CODAB-2022,ENT-TN-IMADA-1555352,high,,ENT-TN-DELEGATION-C7B4FEE5AE08,administrative_parent,ADM4 row / research sector code 1555352; dated ADM3 parent 1555,,,verified
REL-BC9A44CA58AB5EC2,1.0.0,current,SRC-TN-RESEARCH-GEOMETRY-2018,ENT-TN-MUNICIPALITY-1712,medium,Approximate research topology only; this is not an administrative parent relationship.,ENT-TN-DELEGATION-00E4826B36E2,boundary_intersects,"sector evidence rows: 1754502,1754506,1754507,1754509",,,source_verified
REL-BCBD4DACC69B5766,1.0.0,current,SRC-TN-HDX-CODAB-2022,ENT-TN-IMADA-34641332,high,,ENT-TN-DELEGATION-02E328685503,administrative_parent,ADM4 row / research sector code 34641332; dated ADM3 parent 3464,,,verified
REL-BCC2A8ECE30B54E4,1.0.0,current,SRC-TN-HDX-CODAB-2022,ENT-TN-IMADA-2361852,high,,ENT-TN-DELEGATION-05E0AB3C372D,administrative_parent,ADM4 row / research sector code 2361852; dated ADM3 parent 2361,,,verified
REL-BCEDC2DB233A54E5,1.0.0,current,SRC-TN-HDX-CODAB-2022,ENT-TN-IMADA-2453880,high,,ENT-TN-DELEGATION-E6F9AC3B6A1F,administrative_parent,ADM4 row / research sector code 2453880; dated ADM3 parent 2453,,,verified
REL-BD0E8E3C7DDD5A63,1.0.0,current,SRC-TN-RESEARCH-GEOMETRY-2018,ENT-TN-MUNICIPALITY-1523,medium,Approximate research topology only; this is not an administrative parent relationship.,ENT-TN-DELEGATION-D59DE8736127,boundary_intersects,"sector evidence rows: 1558371,1558374",,,source_verified
REL-BD129719B3785052,1.0.0,current,SRC-TN-HDX-CODAB-2022,ENT-TN-IMADA-11516,high,,ENT-TN-DELEGATION-CEF958458571,administrative_parent,ADM4 row / research sector code 11516; dated ADM3 parent 1151,,,verified
REL-BD5AE0710B005E35,1.0.0,current,SRC-TN-DGCL-MUNICIPALITIES-2024,ENT-TN-MUNICIPALITY-3416,high,,ENT-TN-GOVERNORATE-97D2B1489F90,administrative_parent,January 2024 workbook row: governorate 34; municipality code 3416,,,verified
REL-BD601BBB67635636,1.0.0,current,SRC-TN-RESEARCH-GEOMETRY-2018,ENT-TN-MUNICIPALITY-5126,medium,Approximate research topology only; this is not an administrative parent relationship.,ENT-TN-DELEGATION-5BB9BF889AC5,boundary_intersects,"sector evidence rows: 51601752,51601753,51601755,51601756",,,source_verified
REL-BD75C760D0C35369,1.0.0,current,SRC-TN-HDX-CODAB-2022,ENT-TN-IMADA-1559375,high,,ENT-TN-DELEGATION-ACB1178786DC,administrative_parent,ADM4 row / research sector code 1559375; dated ADM3 parent 1559,,,verified
REL-BD7683C766725CFC,1.0.0,current,SRC-TN-HDX-CODAB-2022,ENT-TN-IMADA-1554344,high,,ENT-TN-DELEGATION-25551A4A8808,administrative_parent,ADM4 row / research sector code 1554344; dated ADM3 parent 1554,,,verified
REL-BD8F2CBB5A205ADB,1.0.0,current,SRC-TN-HDX-CODAB-2022,ENT-TN-IMADA-1566422,high,,ENT-TN-DELEGATION-B95D26E1207F,administrative_parent,ADM4 row / research sector code 1566422; dated ADM3 parent 1566,,,verified
REL-BD9DAF0A303857C9,1.0.0,current,SRC-TN-HDX-CODAB-2022,ENT-TN-IMADA-33541162,high,,ENT-TN-DELEGATION-64DEA9083EA0,administrative_parent,ADM4 row / research sector code 33541162; dated ADM3 parent 3354,,,verified
REL-BDAF2560436A5CCE,1.0.0,current,SRC-TN-HDX-CODAB-2022,ENT-TN-DELEGATION-1A266F9B008F,high,,ENT-TN-GOVERNORATE-E7D96FEF5043,administrative_parent,ADM3 row / dated 264-delegation research code 3353,,,verified
REL-BDB56060FE305B1C,1.0.0,current,SRC-TN-DGCL-MUNICIPALITIES-2024,ENT-TN-MUNICIPALITY-3128,high,,ENT-TN-GOVERNORATE-07DB5E6D265C,administrative_parent,January 2024 workbook row: governorate 31; municipality code 3128,,,verified
REL-BDCE9F60DBB25D9A,1.0.0,current,SRC-TN-HDX-CODAB-2022,ENT-TN-IMADA-1551332,high,,ENT-TN-DELEGATION-909BD4DC039A,administrative_parent,ADM4 row / research sector code 1551332; dated ADM3 parent 1551,,,verified
REL-BDF895F1ED1B512B,1.0.0,current,SRC-TN-HDX-CODAB-2022,ENT-TN-IMADA-51521693,high,,ENT-TN-DELEGATION-AFAE2BE79F31,administrative_parent,ADM4 row / research sector code 51521693; dated ADM3 parent 5152,,,verified
REL-BDFDA2375E6E5521,1.0.0,current,SRC-UNESCO-WHC-TN-2026,ENT-TN-SITE-KERKUANE,high,,ENT-TN-GOVERNORATE-EA30E853F598,located_in,World Heritage property 332,,,verified
REL-BE0948B3E6855E5F,1.0.0,current,SRC-TN-HDX-CODAB-2022,ENT-TN-IMADA-1559377,high,,ENT-TN-DELEGATION-ACB1178786DC,administrative_parent,ADM4 row / research sector code 1559377; dated ADM3 parent 1559,,,verified
REL-BE17267A6BCB547B,1.0.0,current,SRC-TN-DGCL-MUNICIPALITIES-2024,ENT-TN-MUNICIPALITY-1411,high,,ENT-TN-GOVERNORATE-CC06DF550344,administrative_parent,January 2024 workbook row: governorate 14; municipality code 1411,,,verified
REL-BE39095486735261,1.0.0,current,SRC-TN-HDX-CODAB-2022,ENT-TN-IMADA-1254186,high,,ENT-TN-DELEGATION-7D060F057E64,administrative_parent,ADM4 row / research sector code 1254186; dated ADM3 parent 1254,,,verified
REL-BE437EC0D75E56FC,1.0.0,current,SRC-TN-HDX-CODAB-2022,ENT-TN-IMADA-33571186,high,,ENT-TN-DELEGATION-47EFAA8BC79F,administrative_parent,ADM4 row / research sector code 33571186; dated ADM3 parent 3357,,,verified
REL-BE83E08F8F8551C0,1.0.0,current,SRC-TN-HDX-CODAB-2022,ENT-TN-IMADA-62542019,high,,ENT-TN-DELEGATION-CB23A7885CA7,administrative_parent,ADM4 row / research sector code 62542019; dated ADM3 parent 6254,,,verified
REL-BE887F625DCB59C0,1.0.0,current,SRC-TN-HDX-CODAB-2022,ENT-TN-DELEGATION-0AAD4BD027D5,high,,ENT-TN-GOVERNORATE-0D738EAC753C,administrative_parent,ADM3 row / dated 264-delegation research code 2360,,,verified
REL-BE88F5A8ED1651F1,1.0.0,current,SRC-TN-HDX-CODAB-2022,ENT-TN-IMADA-42591522,high,,ENT-TN-DELEGATION-9AB968FD4EE0,administrative_parent,ADM4 row / research sector code 42591522; dated ADM3 parent 4259,,,verified
REL-BEAA7A8DA13D5D0E,1.0.0,current,SRC-TN-DGCL-MUNICIPALITIES-2024,ENT-TN-MUNICIPALITY-3222,high,,ENT-TN-GOVERNORATE-5BC9A7217C8C,administrative_parent,January 2024 workbook row: governorate 32; municipality code 3222,,,verified
REL-BEAE07DEE3675EDC,1.0.0,current,SRC-TN-DGCL-MUNICIPALITIES-2024,ENT-TN-MUNICIPALITY-3430,high,,ENT-TN-GOVERNORATE-97D2B1489F90,administrative_parent,January 2024 workbook row: governorate 34; municipality code 3430,,,verified
REL-BF167239264E5FC5,1.0.0,current,SRC-TN-HDX-CODAB-2022,ENT-TN-IMADA-1152111,high,,ENT-TN-DELEGATION-CC12560912DD,administrative_parent,ADM4 row / research sector code 1152111; dated ADM3 parent 1152,,,verified
REL-BF27F486D2E75794,1.0.0,current,SRC-TN-HDX-CODAB-2022,ENT-TN-GOVERNORATE-CC06DF550344,high,,ENT-TN-COUNTRY,administrative_parent,ADM2 row / research governorate code 14,,,verified
REL-BF53E111F2CE53C3,1.0.0,current,SRC-TN-HDX-CODAB-2022,ENT-TN-IMADA-1654452,high,,ENT-TN-DELEGATION-43EBF7A156A6,administrative_parent,ADM4 row / research sector code 1654452; dated ADM3 parent 1654,,,verified
REL-BF5DD02981065E27,1.0.0,current,SRC-TN-RESEARCH-GEOMETRY-2018,ENT-TN-MUNICIPALITY-4318,medium,Approximate research topology only; this is not an administrative parent relationship.,ENT-TN-DELEGATION-89139C7B1553,boundary_intersects,"sector evidence rows: 43601649,43601650,43601651,43601652,43601653,43601654,43601655,43601656,43601657",,,source_verified
REL-BF78F57AF37A538A,1.0.0,current,SRC-TN-DGCL-MUNICIPALITIES-2024,ENT-TN-MUNICIPALITY-1534,high,,ENT-TN-GOVERNORATE-EA30E853F598,administrative_parent,January 2024 workbook row: governorate 15; municipality code 1534,,,verified
REL-BF84F13833125A6A,1.0.0,current,SRC-TN-HDX-CODAB-2022,ENT-TN-IMADA-3153959,high,,ENT-TN-DELEGATION-9D652FC873EB,administrative_parent,ADM4 row / research sector code 3153959; dated ADM3 parent 3153,,,verified
REL-BF89031599DF5AF0,1.0.0,current,SRC-TN-DGCL-MUNICIPALITIES-2024,ENT-TN-MUNICIPALITY-1416,high,,ENT-TN-GOVERNORATE-CC06DF550344,administrative_parent,January 2024 workbook row: governorate 14; municipality code 1416,,,verified
REL-BFBAB6170F5A5D83,1.0.0,current,SRC-TN-HDX-CODAB-2022,ENT-TN-IMADA-115929,high,,ENT-TN-DELEGATION-0B11B353C556,administrative_parent,ADM4 row / research sector code 115929; dated ADM3 parent 1159,,,verified
REL-BFCC76AEBD0059FA,1.0.0,current,SRC-TN-HDX-CODAB-2022,ENT-TN-IMADA-31641043,high,,ENT-TN-DELEGATION-9ADFA1D292D9,administrative_parent,ADM4 row / research sector code 31641043; dated ADM3 parent 3164,,,verified
REL-BFCC9653916F542F,1.0.0,current,SRC-TN-HDX-CODAB-2022,ENT-TN-IMADA-41541401,high,,ENT-TN-DELEGATION-A6D2E459547E,administrative_parent,ADM4 row / research sector code 41541401; dated ADM3 parent 4154,,,verified
REL-BFDE6491B0AA584C,1.0.0,current,SRC-TN-HDX-CODAB-2022,ENT-TN-DELEGATION-6334381D4972,high,,ENT-TN-GOVERNORATE-CC06DF550344,administrative_parent,ADM3 row / dated 264-delegation research code 1451,,,verified
REL-BFE30F90B3695F8A,1.0.0,current,SRC-LY-MOLG-MUNICIPALITIES-2026,ENT-LY-MUNICIPALITY-AD0C538A1BA2,high,,ENT-LY-COUNTRY,administrative_parent,Municipality list entry: المعمورة,,,verified
REL-BFFB5FCD94535E5F,1.0.0,current,SRC-TN-HDX-CODAB-2022,ENT-TN-IMADA-1171154,high,,ENT-TN-DELEGATION-3C575B9AF71B,administrative_parent,ADM4 row / research sector code 1171154; dated ADM3 parent 1171,,,verified
REL-C00740E2B71C57C5,1.0.0,current,SRC-TN-HDX-CODAB-2022,ENT-TN-IMADA-2151580,high,,ENT-TN-DELEGATION-89B5CE300A2D,administrative_parent,ADM4 row / research sector code 2151580; dated ADM3 parent 2151,,,verified
REL-C00FB58215E058F5,1.0.0,current,SRC-TN-RESEARCH-GEOMETRY-2018,ENT-TN-MUNICIPALITY-1717,medium,Approximate research topology only; this is not an administrative parent relationship.,ENT-TN-DELEGATION-5E40024695DE,boundary_intersects,"sector evidence rows: 1761559,1761560",,,source_verified
REL-C010AE9FF12C5C3A,1.0.0,current,SRC-TN-HDX-CODAB-2022,ENT-TN-IMADA-34521239,high,,ENT-TN-DELEGATION-5589DBA6CB89,administrative_parent,ADM4 row / research sector code 34521239; dated ADM3 parent 3452,,,verified
REL-C037E447CA055B40,1.0.0,current,SRC-TN-HDX-CODAB-2022,ENT-TN-IMADA-31641037,high,,ENT-TN-DELEGATION-9ADFA1D292D9,administrative_parent,ADM4 row / research sector code 31641037; dated ADM3 parent 3164,,,verified
REL-C03D61DDDBCF5DA4,1.0.0,current,SRC-TN-RESEARCH-GEOMETRY-2018,ENT-TN-MUNICIPALITY-5217,medium,Approximate research topology only; this is not an administrative parent relationship.,ENT-TN-DELEGATION-210B7D8A5B50,boundary_intersects,"sector evidence rows: 52581834,52581835,52581836,52581837,52581838,52581839",,,source_verified
REL-C05D4D8101DB52C3,1.0.0,current,SRC-TN-HDX-CODAB-2022,ENT-TN-IMADA-43531597,high,,ENT-TN-DELEGATION-B63E32B2BC3F,administrative_parent,ADM4 row / research sector code 43531597; dated ADM3 parent 4353,,,verified
REL-C060B3349B525F54,1.0.0,current,SRC-TN-HDX-CODAB-2022,ENT-TN-GOVERNORATE-EA30E853F598,high,,ENT-TN-COUNTRY,administrative_parent,ADM2 row / research governorate code 15,,,verified
REL-C083BA59B7A25050,1.0.0,current,SRC-TN-RESEARCH-GEOMETRY-2018,ENT-TN-MUNICIPALITY-3238,medium,Approximate research topology only; this is not an administrative parent relationship.,ENT-TN-DELEGATION-7F9EBE1F4EA1,boundary_intersects,"sector evidence rows: 32631122,32631123",,,source_verified
REL-C0A1A7811D415CDD,1.0.0,current,SRC-TN-HDX-CODAB-2022,ENT-TN-IMADA-11537,high,,ENT-TN-DELEGATION-FE7ADA16AB50,administrative_parent,ADM4 row / research sector code 11537; dated ADM3 parent 1153,,,verified
REL-C0A414D0BBF250FF,1.0.0,current,SRC-TN-HDX-CODAB-2022,ENT-TN-IMADA-61541940,high,,ENT-TN-DELEGATION-7A57DEB42C2E,administrative_parent,ADM4 row / research sector code 61541940; dated ADM3 parent 6154,,,verified
REL-C0A7F4997FA45F13,1.0.0,current,SRC-TN-DGCL-MUNICIPALITIES-2024,ENT-TN-MUNICIPALITY-3233,high,,ENT-TN-GOVERNORATE-5BC9A7217C8C,administrative_parent,January 2024 workbook row: governorate 32; municipality code 3233,,,verified
REL-C0AB158C6FC95C59,1.0.0,current,SRC-TN-RESEARCH-GEOMETRY-2018,ENT-TN-MUNICIPALITY-3311,medium,Approximate research topology only; this is not an administrative parent relationship.,ENT-TN-DELEGATION-E56B524C71BE,boundary_intersects,"sector evidence rows: 33511126,33511127,33511128,33511131,33511134,33511135,33511136,33511137",,,source_verified
REL-C0CAE9796A88575F,1.0.0,current,SRC-TN-HDX-CODAB-2022,ENT-TN-IMADA-115790,high,,ENT-TN-DELEGATION-5C87693EF7C1,administrative_parent,ADM4 row / research sector code 115790; dated ADM3 parent 1157,,,verified
REL-C0D2EE4D36A85028,1.0.0,current,SRC-TN-HDX-CODAB-2022,ENT-TN-IMADA-2460937,high,,ENT-TN-DELEGATION-3CEADA31C198,administrative_parent,ADM4 row / research sector code 2460937; dated ADM3 parent 2460,,,verified
REL-C13A72CA65045985,1.0.0,current,SRC-TN-HDX-CODAB-2022,ENT-TN-IMADA-2358832,high,,ENT-TN-DELEGATION-9D12AE8B04F4,administrative_parent,ADM4 row / research sector code 2358832; dated ADM3 parent 2358,,,verified
REL-C13BDFD1E57B5FAD,1.0.0,current,SRC-TN-HDX-CODAB-2022,ENT-TN-IMADA-1452289,high,,ENT-TN-DELEGATION-64DB1B613F50,administrative_parent,ADM4 row / research sector code 1452289; dated ADM3 parent 1452,,,verified
REL-C13BFDFE76315176,1.0.0,current,SRC-TN-HDX-CODAB-2022,ENT-TN-IMADA-2259770,high,,ENT-TN-DELEGATION-A1AD72837943,administrative_parent,ADM4 row / research sector code 2259770; dated ADM3 parent 2259,,,verified
REL-C14BDEB391DB5074,1.0.0,current,SRC-TN-HDX-CODAB-2022,ENT-TN-IMADA-33561172,high,,ENT-TN-DELEGATION-706200A5C126,administrative_parent,ADM4 row / research sector code 33561172; dated ADM3 parent 3356,,,verified
REL-C15E532BF350580B,1.0.0,current,SRC-TN-HDX-CODAB-2022,ENT-TN-IMADA-1654463,high,,ENT-TN-DELEGATION-43EBF7A156A6,administrative_parent,ADM4 row / research sector code 1654463; dated ADM3 parent 1654,,,verified
REL-C198BCF7ADE75088,1.0.0,current,SRC-TN-RESEARCH-GEOMETRY-2018,ENT-TN-MUNICIPALITY-3313,medium,Approximate research topology only; this is not an administrative parent relationship.,ENT-TN-DELEGATION-8B2B3E3BDE8C,boundary_intersects,"sector evidence rows: 33521140,33521141,33521144,33521145,33521148",,,source_verified
REL-C1A4E633C1E55A6B,1.0.0,current,SRC-TN-RESEARCH-GEOMETRY-2018,ENT-TN-MUNICIPALITY-4111,medium,Approximate research topology only; this is not an administrative parent relationship.,ENT-TN-DELEGATION-9CCDCAF94A4A,boundary_intersects,"sector evidence rows: 41511352,41511353,41511354,41511355,41511356,41511357,41511358,41511359,41511360,41511361,41511362,41511363",,,source_verified
REL-C1C45F3E39F050BA,1.0.0,current,SRC-TN-HDX-CODAB-2022,ENT-TN-IMADA-61561952,high,,ENT-TN-DELEGATION-A16A1E882313,administrative_parent,ADM4 row / research sector code 61561952; dated ADM3 parent 6156,,,verified
REL-C1C53F525B16515B,1.0.0,current,SRC-TN-HDX-CODAB-2022,ENT-TN-DELEGATION-9ADFA1D292D9,high,,ENT-TN-GOVERNORATE-07DB5E6D265C,administrative_parent,ADM3 row / dated 264-delegation research code 3164,,,verified
REL-C1D8F78403FD5112,1.0.0,current,SRC-TN-DGCL-MUNICIPALITIES-2024,ENT-TN-MUNICIPALITY-3240,high,,ENT-TN-GOVERNORATE-5BC9A7217C8C,administrative_parent,January 2024 workbook row: governorate 32; municipality code 3240,,,verified
REL-C1DE42F72ECF54FB,1.0.0,current,SRC-TN-HDX-CODAB-2022,ENT-TN-IMADA-41541390,high,,ENT-TN-DELEGATION-A6D2E459547E,administrative_parent,ADM4 row / research sector code 41541390; dated ADM3 parent 4154,,,verified
REL-C1DF14A62C3B5E9F,1.0.0,current,SRC-TN-HDX-CODAB-2022,ENT-TN-IMADA-63512031,high,,ENT-TN-DELEGATION-83574F602607,administrative_parent,ADM4 row / research sector code 63512031; dated ADM3 parent 6351,,,verified
REL-C1FE694DFAFC57AF,1.0.0,current,SRC-UNESCO-WHC-TN-2026,ENT-TN-HISTORICAL-PLACE-KERKUANE,high,,ENT-TN-GOVERNORATE-EA30E853F598,located_in,World Heritage property 332: Punic Town of Kerkuane,,,verified
REL-C1FFC9625EA95443,1.0.0,current,SRC-TN-HDX-CODAB-2022,ENT-TN-IMADA-2155636,high,,ENT-TN-DELEGATION-A97443748914,administrative_parent,ADM4 row / research sector code 2155636; dated ADM3 parent 2155,,,verified
REL-C20A327118BD595F,1.0.0,current,SRC-TN-HDX-CODAB-2022,ENT-TN-IMADA-34521244,high,,ENT-TN-DELEGATION-5589DBA6CB89,administrative_parent,ADM4 row / research sector code 34521244; dated ADM3 parent 3452,,,verified
REL-C2451B86382455A9,1.0.0,current,SRC-TN-DGCL-MUNICIPALITIES-2024,ENT-TN-MUNICIPALITY-4127,high,,ENT-TN-GOVERNORATE-D28A09D558AD,administrative_parent,January 2024 workbook row: governorate 41; municipality code 4127,,,verified
REL-C2523CAE1DEB53AA,1.0.0,current,SRC-TN-HDX-CODAB-2022,ENT-TN-IMADA-116832,high,,ENT-TN-DELEGATION-3178EC239E79,administrative_parent,ADM4 row / research sector code 116832; dated ADM3 parent 1168,,,verified
REL-C25555D053765C6D,1.0.0,current,SRC-TN-RESEARCH-GEOMETRY-2018,ENT-TN-MUNICIPALITY-1518,medium,Approximate research topology only; this is not an administrative parent relationship.,ENT-TN-DELEGATION-C7B4FEE5AE08,boundary_intersects,"sector evidence rows: 1555351,1555352,1555353,1555354,1555355,1555356,1555359",,,source_verified
REL-C2688A2CDFB556AF,1.0.0,current,SRC-TN-HDX-CODAB-2022,ENT-TN-IMADA-1652442,high,,ENT-TN-DELEGATION-C73B8495072E,administrative_parent,ADM4 row / research sector code 1652442; dated ADM3 parent 1652,,,verified
REL-C271ADAA9C6B59B2,1.0.0,current,SRC-TN-RESEARCH-GEOMETRY-2018,ENT-TN-MUNICIPALITY-6211,medium,Approximate research topology only; this is not an administrative parent relationship.,ENT-TN-DELEGATION-0410399059C4,boundary_intersects,"sector evidence rows: 62511990,62511991,62511992,62511993,62511994,62511995,62511996,62511997,62511998,62511999",,,source_verified
REL-C296C17DA74D58DC,1.0.0,current,SRC-TN-HDX-CODAB-2022,ENT-TN-DELEGATION-00E4826B36E2,high,,ENT-TN-GOVERNORATE-B1787F907937,administrative_parent,ADM3 row / dated 264-delegation research code 1754,,,verified
REL-C29E0F75B1E85F9C,1.0.0,current,SRC-TN-HDX-CODAB-2022,ENT-TN-IMADA-51511684,high,,ENT-TN-DELEGATION-7075A1113804,administrative_parent,ADM4 row / research sector code 51511684; dated ADM3 parent 5151,,,verified
REL-C2ABBB3F6748569C,1.0.0,current,SRC-TN-HDX-CODAB-2022,ENT-TN-IMADA-42631570,high,,ENT-TN-DELEGATION-A9463801F6AD,administrative_parent,ADM4 row / research sector code 42631570; dated ADM3 parent 4263,,,verified
REL-C2AFFBA54A1154B0,1.0.0,current,SRC-TN-HDX-CODAB-2022,ENT-TN-IMADA-53551899,high,,ENT-TN-DELEGATION-2D3CF4EC1C11,administrative_parent,ADM4 row / research sector code 53551899; dated ADM3 parent 5355,,,verified
REL-C2B3AE794AF95871,1.0.0,current,SRC-TN-HDX-CODAB-2022,ENT-TN-IMADA-33601205,high,,ENT-TN-DELEGATION-5D5CDCB7496E,administrative_parent,ADM4 row / research sector code 33601205; dated ADM3 parent 3360,,,verified
REL-C2B7FE4EF186569F,1.0.0,current,SRC-TN-RESEARCH-GEOMETRY-2018,ENT-TN-MUNICIPALITY-1534,medium,Approximate research topology only; this is not an administrative parent relationship.,ENT-TN-DELEGATION-B95D26E1207F,boundary_intersects,"sector evidence rows: 1566421,1566422,1566423,1566424,1566425,1566426,15669999",,,source_verified
REL-C2B9D30EB903526F,1.0.0,current,SRC-TN-HDX-CODAB-2022,ENT-TN-IMADA-62552025,high,,ENT-TN-DELEGATION-DAC482090AC5,administrative_parent,ADM4 row / research sector code 62552025; dated ADM3 parent 6255,,,verified
REL-C2BC8BAA825051A3,1.0.0,current,SRC-TN-HDX-CODAB-2022,ENT-TN-IMADA-42611545,high,,ENT-TN-DELEGATION-52AE19694D81,administrative_parent,ADM4 row / research sector code 42611545; dated ADM3 parent 4261,,,verified
REL-C2C214A1413C52B9,1.0.0,current,SRC-TN-HDX-CODAB-2022,ENT-TN-DELEGATION-15D8C5E6532A,high,,ENT-TN-GOVERNORATE-DAC2A2592975,administrative_parent,ADM3 row / dated 264-delegation research code 5356,,,verified
REL-C2DEA1B573ED5F05,1.0.0,current,SRC-TN-HDX-CODAB-2022,ENT-TN-IMADA-3152951,high,,ENT-TN-DELEGATION-05AAF8FA23F6,administrative_parent,ADM4 row / research sector code 3152951; dated ADM3 parent 3166,,,verified
REL-C3483169A51E5011,1.0.0,current,SRC-TN-HDX-CODAB-2022,ENT-TN-DELEGATION-99CBAA7046B8,high,,ENT-TN-GOVERNORATE-CC06DF550344,administrative_parent,ADM3 row / dated 264-delegation research code 1457,,,verified
REL-C359CD0EB12D53AF,1.0.0,current,SRC-TN-HDX-CODAB-2022,ENT-TN-IMADA-1451286,high,,ENT-TN-DELEGATION-6334381D4972,administrative_parent,ADM4 row / research sector code 1451286; dated ADM3 parent 1451,,,verified
REL-C3714A2B34E65CB8,1.0.0,current,SRC-TN-DGCL-MUNICIPALITIES-2024,ENT-TN-MUNICIPALITY-3431,high,,ENT-TN-GOVERNORATE-97D2B1489F90,administrative_parent,January 2024 workbook row: governorate 34; municipality code 3431,,,verified
REL-C3877180C2855FD3,1.0.0,current,SRC-TN-HDX-CODAB-2022,ENT-TN-IMADA-1751481,high,,ENT-TN-DELEGATION-AADE7E444312,administrative_parent,ADM4 row / research sector code 1751481; dated ADM3 parent 1751,,,verified
REL-C38E7C535B0457D5,1.0.0,current,SRC-TN-HDX-CODAB-2022,ENT-TN-IMADA-33571188,high,,ENT-TN-DELEGATION-47EFAA8BC79F,administrative_parent,ADM4 row / research sector code 33571188; dated ADM3 parent 3357,,,verified
REL-C3975A04866752DE,1.0.0,current,SRC-TN-RESEARCH-GEOMETRY-2018,ENT-TN-MUNICIPALITY-3115,medium,Approximate research topology only; this is not an administrative parent relationship.,ENT-TN-DELEGATION-14FA2AE0C064,boundary_intersects,"sector evidence rows: 3155966,3155967,3155968,3155969,3155970",,,source_verified
REL-C3C37A84FB3F554F,1.0.0,current,SRC-TN-DGCL-MUNICIPALITIES-2024,ENT-TN-MUNICIPALITY-4112,high,,ENT-TN-GOVERNORATE-D28A09D558AD,administrative_parent,January 2024 workbook row: governorate 41; municipality code 4112,,,verified
REL-C3C43CECB2405301,1.0.0,current,SRC-TN-HDX-CODAB-2022,ENT-TN-IMADA-41561416,high,,ENT-TN-DELEGATION-7E9A8227F3FE,administrative_parent,ADM4 row / research sector code 41561416; dated ADM3 parent 4156,,,verified
REL-C3C608B636DC5182,1.0.0,current,SRC-TN-HDX-CODAB-2022,ENT-TN-IMADA-43531603,high,,ENT-TN-DELEGATION-B63E32B2BC3F,administrative_parent,ADM4 row / research sector code 43531603; dated ADM3 parent 4353,,,verified
REL-C3E846A1B6C25696,1.0.0,current,SRC-TN-HDX-CODAB-2022,ENT-TN-IMADA-41591443,high,,ENT-TN-DELEGATION-533D4E540C29,administrative_parent,ADM4 row / research sector code 41591443; dated ADM3 parent 4159,,,verified
REL-C3E8C3D71B775B8B,1.0.0,current,SRC-TN-RESEARCH-GEOMETRY-2018,ENT-TN-MUNICIPALITY-1725,medium,Approximate research topology only; this is not an administrative parent relationship.,ENT-TN-DELEGATION-148C846991C4,boundary_intersects,"sector evidence rows: 1755510,1755511,1755512,1755513,1755514,1755515,1755516,1755517,1755518",,,source_verified
REL-C3E9BD1ADDB35EAC,1.0.0,current,SRC-TN-HDX-CODAB-2022,ENT-TN-IMADA-1560384,high,,ENT-TN-DELEGATION-29092E1ECD11,administrative_parent,ADM4 row / research sector code 1560384; dated ADM3 parent 1560,,,verified
REL-C410B8C83AB45076,1.0.0,current,SRC-TN-HDX-CODAB-2022,ENT-TN-IMADA-11538,high,,ENT-TN-DELEGATION-FE7ADA16AB50,administrative_parent,ADM4 row / research sector code 11538; dated ADM3 parent 1153,,,verified
REL-C415AFE8CCF455B0,1.0.0,current,SRC-TN-RESEARCH-GEOMETRY-2018,ENT-TN-MUNICIPALITY-4125,medium,Approximate research topology only; this is not an administrative parent relationship.,ENT-TN-DELEGATION-3568AB5821B0,boundary_intersects,"sector evidence rows: 41521368,41521373,41521374,41521375,41521376,41521377,41521378",,,source_verified
REL-C43D9EA7EF5C5486,1.0.0,current,SRC-TN-HDX-CODAB-2022,ENT-TN-IMADA-51531701,high,,ENT-TN-DELEGATION-5B401B5FE360,administrative_parent,ADM4 row / research sector code 51531701; dated ADM3 parent 5153,,,verified
REL-C44E2701F42D5597,1.0.0,current,SRC-TN-DGCL-MUNICIPALITIES-2024,ENT-TN-MUNICIPALITY-1214,high,,ENT-TN-GOVERNORATE-78D6D85AF6A0,administrative_parent,January 2024 workbook row: governorate 12; municipality code 1214,,,verified
REL-C4539FE542FE5F02,1.0.0,current,SRC-TN-HDX-CODAB-2022,ENT-TN-IMADA-42581516,high,,ENT-TN-DELEGATION-8B659FB150BF,administrative_parent,ADM4 row / research sector code 42581516; dated ADM3 parent 4258,,,verified
REL-C4688E4644A55096,1.0.0,current,SRC-TN-HDX-CODAB-2022,ENT-TN-IMADA-31641042,high,,ENT-TN-DELEGATION-9ADFA1D292D9,administrative_parent,ADM4 row / research sector code 31641042; dated ADM3 parent 3164,,,verified
REL-C49AD6321B8350D7,1.0.0,current,SRC-TN-HDX-CODAB-2022,ENT-TN-IMADA-63532050,high,,ENT-TN-DELEGATION-44DC92075FFF,administrative_parent,ADM4 row / research sector code 63532050; dated ADM3 parent 6353,,,verified
REL-C4A8096BBBE75F00,1.0.0,current,SRC-TN-HDX-CODAB-2022,ENT-TN-IMADA-41551402,high,,ENT-TN-DELEGATION-6EC1A2137D0E,administrative_parent,ADM4 row / research sector code 41551402; dated ADM3 parent 4155,,,verified
REL-C4B4130C3A4F507C,1.0.0,current,SRC-TN-HDX-CODAB-2022,ENT-TN-IMADA-1358242,high,,ENT-TN-DELEGATION-7667BCFBBD94,administrative_parent,ADM4 row / research sector code 1358242; dated ADM3 parent 1358,,,verified
REL-C4DDE337D3465761,1.0.0,current,SRC-TN-RESEARCH-GEOMETRY-2018,ENT-TN-MUNICIPALITY-2319,medium,Approximate research topology only; this is not an administrative parent relationship.,ENT-TN-DELEGATION-9D12AE8B04F4,boundary_intersects,"sector evidence rows: 2358830,2358831,2358832,2358833,2358834,2358835",,,source_verified
REL-C4E591CC66B65BAE,1.0.0,current,SRC-TN-HDX-CODAB-2022,ENT-TN-IMADA-32541068,high,,ENT-TN-DELEGATION-EFAC1514C55E,administrative_parent,ADM4 row / research sector code 32541068; dated ADM3 parent 3254,,,verified
REL-C4F99C6D64F15E71,1.0.0,current,SRC-TN-RESEARCH-GEOMETRY-2018,ENT-TN-MUNICIPALITY-3111,medium,Approximate research topology only; this is not an administrative parent relationship.,ENT-TN-DELEGATION-F0023FB066A4,boundary_intersects,"sector evidence rows: 3152955,3152956",,,source_verified
REL-C50CDE7678525A58,1.0.0,current,SRC-TN-DGCL-MUNICIPALITIES-2024,ENT-TN-MUNICIPALITY-1523,high,,ENT-TN-GOVERNORATE-EA30E853F598,administrative_parent,January 2024 workbook row: governorate 15; municipality code 1523,,,verified
REL-C515BAA9781C5F8B,1.0.0,current,SRC-TN-HDX-CODAB-2022,ENT-TN-IMADA-2252694,high,,ENT-TN-DELEGATION-A2C2D831ECC0,administrative_parent,ADM4 row / research sector code 2252694; dated ADM3 parent 2252,,,verified
REL-C565DA76FD1156D3,1.0.0,current,SRC-TN-HDX-CODAB-2022,ENT-TN-IMADA-52551804,high,,ENT-TN-DELEGATION-6EFE1FF87CAA,administrative_parent,ADM4 row / research sector code 52551804; dated ADM3 parent 5255,,,verified
REL-C59708CC920450BD,1.0.0,current,SRC-TN-HDX-CODAB-2022,ENT-TN-IMADA-41531385,high,,ENT-TN-DELEGATION-70B00114B3C2,administrative_parent,ADM4 row / research sector code 41531385; dated ADM3 parent 4153,,,verified
REL-C5AF4E08BA3350B8,1.0.0,current,SRC-TN-HDX-CODAB-2022,ENT-TN-IMADA-2151583,high,,ENT-TN-DELEGATION-89B5CE300A2D,administrative_parent,ADM4 row / research sector code 2151583; dated ADM3 parent 2151,,,verified
REL-C5BF6C50EA5750EE,1.0.0,current,SRC-TN-HDX-CODAB-2022,ENT-TN-IMADA-33511129,high,,ENT-TN-DELEGATION-E56B524C71BE,administrative_parent,ADM4 row / research sector code 33511129; dated ADM3 parent 3351,,,verified
REL-C5CB19A52E115481,1.0.0,current,SRC-TN-HDX-CODAB-2022,ENT-TN-IMADA-61601982,high,,ENT-TN-DELEGATION-434F19B638E3,administrative_parent,ADM4 row / research sector code 61601982; dated ADM3 parent 6160,,,verified
REL-C5D2EAEDBB245E8F,1.0.0,current,SRC-TN-RESEARCH-GEOMETRY-2018,ENT-TN-MUNICIPALITY-3236,medium,Approximate research topology only; this is not an administrative parent relationship.,ENT-TN-DELEGATION-1172E32A37EA,boundary_intersects,"sector evidence rows: 32621119,32621120,32621121",,,source_verified
REL-C5DF9E51F6F153D5,1.0.0,current,SRC-TN-HDX-CODAB-2022,ENT-TN-DELEGATION-E401587A83A1,high,,ENT-TN-GOVERNORATE-07DB5E6D265C,administrative_parent,ADM3 row / dated 264-delegation research code 3163,,,verified
REL-C5F3C1A1513357A5,1.0.0,current,SRC-TN-HDX-CODAB-2022,ENT-TN-IMADA-63522039,high,,ENT-TN-DELEGATION-DEB9F3EFCD2D,administrative_parent,ADM4 row / research sector code 63522039; dated ADM3 parent 6352,,,verified
REL-C5F51F7510CB5DDC,1.0.0,current,SRC-TN-RESEARCH-GEOMETRY-2018,ENT-TN-MUNICIPALITY-6213,medium,Approximate research topology only; this is not an administrative parent relationship.,ENT-TN-DELEGATION-3240C5021B36,boundary_intersects,"sector evidence rows: 62522005,62522006,62522008",,,source_verified
REL-C6281D71E25150BC,1.0.0,current,SRC-TN-HDX-CODAB-2022,ENT-TN-IMADA-2253704,high,,ENT-TN-DELEGATION-997BFDED88CF,administrative_parent,ADM4 row / research sector code 2253704; dated ADM3 parent 2253,,,verified
REL-C640341601345BBD,1.0.0,current,SRC-TN-HDX-CODAB-2022,ENT-TN-IMADA-3152953,high,,ENT-TN-DELEGATION-05AAF8FA23F6,administrative_parent,ADM4 row / research sector code 3152953; dated ADM3 parent 3166,,,verified
REL-C6431E3626D158F5,1.0.0,current,SRC-TN-HDX-CODAB-2022,ENT-TN-IMADA-43611674,high,,ENT-TN-DELEGATION-755242916060,administrative_parent,ADM4 row / research sector code 43611674; dated ADM3 parent 4361,,,verified
REL-C646648B88925400,1.0.0,current,SRC-TN-RESEARCH-GEOMETRY-2018,ENT-TN-MUNICIPALITY-3426,medium,Approximate research topology only; this is not an administrative parent relationship.,ENT-TN-DELEGATION-E83D07EB9C29,boundary_intersects,"sector evidence rows: 34661342,34661343,34661344,34661345,34661346,34661347,34661348,34661349,34661350,34661351",,,source_verified
REL-C666650E69025541,1.0.0,current,SRC-TN-HDX-CODAB-2022,ENT-TN-IMADA-2354802,high,,ENT-TN-DELEGATION-D77747883E55,administrative_parent,ADM4 row / research sector code 2354802; dated ADM3 parent 2354,,,verified
REL-C668BA34AD9E5D78,1.0.0,current,SRC-TN-HDX-CODAB-2022,ENT-TN-IMADA-1756521,high,,ENT-TN-DELEGATION-39EFA7D5C92F,administrative_parent,ADM4 row / research sector code 1756521; dated ADM3 parent 1756,,,verified
REL-C695EA81791758B7,1.0.0,current,SRC-TN-HDX-CODAB-2022,ENT-TN-IMADA-42621563,high,,ENT-TN-DELEGATION-C41B01AE892E,administrative_parent,ADM4 row / research sector code 42621563; dated ADM3 parent 4262,,,verified
REL-C69722C7898E5AA6,1.0.0,current,SRC-TN-HDX-CODAB-2022,ENT-TN-IMADA-34511226,high,,ENT-TN-DELEGATION-A43DBAE26B8A,administrative_parent,ADM4 row / research sector code 34511226; dated ADM3 parent 3451,,,verified
REL-C6F96BF732DD5623,1.0.0,current,SRC-TN-HDX-CODAB-2022,ENT-TN-IMADA-2253707,high,,ENT-TN-DELEGATION-997BFDED88CF,administrative_parent,ADM4 row / research sector code 2253707; dated ADM3 parent 2253,,,verified
REL-C6FCE3023A8C5D7F,1.0.0,current,SRC-TN-HDX-CODAB-2022,ENT-TN-IMADA-1170142,high,,ENT-TN-DELEGATION-2576985BFCE5,administrative_parent,ADM4 row / research sector code 1170142; dated ADM3 parent 1170,,,verified
REL-C6FEB88DF5E958DE,1.0.0,current,SRC-TN-HDX-CODAB-2022,ENT-TN-IMADA-2356825,high,,ENT-TN-DELEGATION-C151EAFA4BD1,administrative_parent,ADM4 row / research sector code 2356825; dated ADM3 parent 2356,,,verified
REL-C72FC681723F57DA,1.0.0,current,SRC-TN-HDX-CODAB-2022,ENT-TN-IMADA-34511234,high,,ENT-TN-DELEGATION-A43DBAE26B8A,administrative_parent,ADM4 row / research sector code 34511234; dated ADM3 parent 3451,,,verified
REL-C7314A36E4D456F9,1.0.0,current,SRC-TN-DGCL-MUNICIPALITIES-2024,ENT-TN-MUNICIPALITY-3236,high,,ENT-TN-GOVERNORATE-5BC9A7217C8C,administrative_parent,January 2024 workbook row: governorate 32; municipality code 3236,,,verified
REL-C7369BEBF1D05AEE,1.0.0,current,SRC-TN-HDX-CODAB-2022,ENT-TN-IMADA-1756527,high,,ENT-TN-DELEGATION-39EFA7D5C92F,administrative_parent,ADM4 row / research sector code 1756527; dated ADM3 parent 1756,,,verified
REL-C781C66B43B65D5B,1.0.0,current,SRC-TN-HDX-CODAB-2022,ENT-TN-IMADA-62552024,high,,ENT-TN-DELEGATION-DAC482090AC5,administrative_parent,ADM4 row / research sector code 62552024; dated ADM3 parent 6255,,,verified
REL-C799426F8FB257A0,1.0.0,current,SRC-TN-RESEARCH-GEOMETRY-2018,ENT-TN-MUNICIPALITY-1111,medium,Approximate research topology only; this is not an administrative parent relationship.,ENT-TN-DELEGATION-D592FC6CD4D2,boundary_intersects,"sector evidence rows: 116639,116640,116641,116642,116643,116644,116645,116646",,,source_verified
REL-C7A5DD576C5E5322,1.0.0,current,SRC-TN-HDX-CODAB-2022,ENT-TN-IMADA-52511764,high,,ENT-TN-DELEGATION-EE60D65B9935,administrative_parent,ADM4 row / research sector code 52511764; dated ADM3 parent 5251,,,verified
REL-C7A5FCEF885E5607,1.0.0,current,SRC-TN-HDX-CODAB-2022,ENT-TN-IMADA-34591286,high,,ENT-TN-DELEGATION-D8723103173B,administrative_parent,ADM4 row / research sector code 34591286; dated ADM3 parent 3459,,,verified
REL-C7B8FFE4AC0251FC,1.0.0,current,SRC-TN-HDX-CODAB-2022,ENT-TN-IMADA-1652437,high,,ENT-TN-DELEGATION-C73B8495072E,administrative_parent,ADM4 row / research sector code 1652437; dated ADM3 parent 1652,,,verified
REL-C7E5E57FBCF65B52,1.0.0,current,SRC-TN-HDX-CODAB-2022,ENT-TN-IMADA-1558372,high,,ENT-TN-DELEGATION-D59DE8736127,administrative_parent,ADM4 row / research sector code 1558372; dated ADM3 parent 1558,,,verified
REL-C7F233657A3E5D3E,1.0.0,current,SRC-TN-HDX-CODAB-2022,ENT-TN-IMADA-1451284,high,,ENT-TN-DELEGATION-6334381D4972,administrative_parent,ADM4 row / research sector code 1451284; dated ADM3 parent 1451,,,verified
REL-C8033143A92C5947,1.0.0,current,SRC-TN-HDX-CODAB-2022,ENT-TN-IMADA-2259764,high,,ENT-TN-DELEGATION-A1AD72837943,administrative_parent,ADM4 row / research sector code 2259764; dated ADM3 parent 2259,,,verified
REL-C82C8B89011F5047,1.0.0,current,SRC-TN-RESEARCH-GEOMETRY-2018,ENT-TN-MUNICIPALITY-1418,medium,Approximate research topology only; this is not an administrative parent relationship.,ENT-TN-DELEGATION-99CBAA7046B8,boundary_intersects,"sector evidence rows: 1457317,1457318,1457319,1457320,1457321,1457322,1457323",,,source_verified
REL-C8490E298504570A,1.0.0,current,SRC-TN-HDX-CODAB-2022,ENT-TN-DELEGATION-28027896EDDD,high,,ENT-TN-GOVERNORATE-D5ED89886664,administrative_parent,ADM3 row / dated 264-delegation research code 1359,,,verified
REL-C89D86740E8F5C1A,1.0.0,current,SRC-TN-HDX-CODAB-2022,ENT-TN-IMADA-61601981,high,,ENT-TN-DELEGATION-434F19B638E3,administrative_parent,ADM4 row / research sector code 61601981; dated ADM3 parent 6160,,,verified
REL-C8A2B5E6A8C8546E,1.0.0,current,SRC-TN-HDX-CODAB-2022,ENT-TN-IMADA-1358245,high,,ENT-TN-DELEGATION-7667BCFBBD94,administrative_parent,ADM4 row / research sector code 1358245; dated ADM3 parent 1358,,,verified
REL-C8AAEFF494FA5A82,1.0.0,current,SRC-LY-MOLG-MUNICIPALITIES-2026,ENT-LY-MUNICIPALITY-5FB50232A71C,high,,ENT-LY-COUNTRY,administrative_parent,Municipality list entry: غات,,,verified
REL-C8AEE8D56D6751B2,1.0.0,current,SRC-LY-MOLG-MUNICIPALITIES-2026,ENT-LY-MUNICIPALITY-F454C31BCC2F,high,,ENT-LY-COUNTRY,administrative_parent,Municipality list entry: براك الشاطئ,,,verified
REL-C8B0766ABABE579F,1.0.0,current,SRC-TN-HDX-CODAB-2022,ENT-TN-DELEGATION-5D1C1977A0A6,high,,ENT-TN-GOVERNORATE-A460B4F223EB,administrative_parent,ADM3 row / dated 264-delegation research code 2456,,,verified
REL-C8EA1596C0EB5616,1.0.0,current,SRC-TN-HDX-CODAB-2022,ENT-TN-IMADA-34601297,high,,ENT-TN-DELEGATION-15A144D6467E,administrative_parent,ADM4 row / research sector code 34601297; dated ADM3 parent 3460,,,verified
REL-C9064E19B1CB504C,1.0.0,current,SRC-TN-HDX-CODAB-2022,ENT-TN-IMADA-1170146,high,,ENT-TN-DELEGATION-2576985BFCE5,administrative_parent,ADM4 row / research sector code 1170146; dated ADM3 parent 1170,,,verified
REL-C927C8D800505FB0,1.0.0,current,SRC-TN-HDX-CODAB-2022,ENT-TN-IMADA-61581969,high,,ENT-TN-DELEGATION-A638A51CF8F7,administrative_parent,ADM4 row / research sector code 61581969; dated ADM3 parent 6158,,,verified
REL-C93D60FD88D155A4,1.0.0,current,SRC-TN-HDX-CODAB-2022,ENT-TN-IMADA-33511138,high,,ENT-TN-DELEGATION-E56B524C71BE,administrative_parent,ADM4 row / research sector code 33511138; dated ADM3 parent 3351,,,verified
REL-C93F1E070F145960,1.0.0,current,SRC-TN-HDX-CODAB-2022,ENT-TN-IMADA-43561620,high,,ENT-TN-DELEGATION-A5B79B7F0981,administrative_parent,ADM4 row / research sector code 43561620; dated ADM3 parent 4356,,,verified
REL-C9571EB0320357C8,1.0.0,current,SRC-TN-HDX-CODAB-2022,ENT-TN-IMADA-3158986,high,,ENT-TN-DELEGATION-498ED0DE384B,administrative_parent,ADM4 row / research sector code 3158986; dated ADM3 parent 3158,,,verified
REL-C95AC4E0E5835C36,1.0.0,current,SRC-TN-HDX-CODAB-2022,ENT-TN-IMADA-42521474,high,,ENT-TN-DELEGATION-FA7572893BAA,administrative_parent,ADM4 row / research sector code 42521474; dated ADM3 parent 4252,,,verified
REL-C96ECF0FC0FB5401,1.0.0,current,SRC-TN-HDX-CODAB-2022,ENT-TN-DELEGATION-40F8C393FB98,high,,ENT-TN-GOVERNORATE-0D738EAC753C,administrative_parent,ADM3 row / dated 264-delegation research code 2351,,,verified
REL-C977C668DA7657AA,1.0.0,current,SRC-TN-DGCL-MUNICIPALITIES-2024,ENT-TN-MUNICIPALITY-5219,high,,ENT-TN-GOVERNORATE-902616FE3988,administrative_parent,January 2024 workbook row: governorate 52; municipality code 5219,,,verified
REL-C985259B012E53B2,1.0.0,current,SRC-TN-DGCL-MUNICIPALITIES-2024,ENT-TN-MUNICIPALITY-1212,high,,ENT-TN-GOVERNORATE-78D6D85AF6A0,administrative_parent,January 2024 workbook row: governorate 12; municipality code 1212,,,verified
REL-C996892256A25F0A,1.0.0,current,SRC-TN-HDX-CODAB-2022,ENT-TN-DELEGATION-D75198EE6BB5,high,,ENT-TN-GOVERNORATE-DB8D5C457676,administrative_parent,ADM3 row / dated 264-delegation research code 1162,,,verified
REL-C9AA6C79AAE25534,1.0.0,current,SRC-TN-HDX-CODAB-2022,ENT-TN-IMADA-52551808,high,,ENT-TN-DELEGATION-6EFE1FF87CAA,administrative_parent,ADM4 row / research sector code 52551808; dated ADM3 parent 5255,,,verified
REL-C9B8E874E48353CF,1.0.0,current,SRC-TN-HDX-CODAB-2022,ENT-TN-IMADA-33611215,high,,ENT-TN-DELEGATION-8CD3CBC66F17,administrative_parent,ADM4 row / research sector code 33611215; dated ADM3 parent 3361,,,verified
REL-C9D32936EF8D505D,1.0.0,historical,SRC-LY-BSC-CENSUS-2006,ENT-LY-SHABIYA-HISTORICAL-A3CE9B0282EB,high,Historical hierarchy snapshot only.,ENT-LY-COUNTRY,administrative_parent,2006 census region: مصراتة,,,verified
REL-C9FA1584BE7859F2,1.0.0,current,SRC-TN-HDX-CODAB-2022,ENT-TN-IMADA-1654464,high,,ENT-TN-DELEGATION-43EBF7A156A6,administrative_parent,ADM4 row / research sector code 1654464; dated ADM3 parent 1654,,,verified
REL-C9FF4C95DEB75CF8,1.0.0,current,SRC-TN-RESEARCH-GEOMETRY-2018,ENT-TN-MUNICIPALITY-4312,medium,Approximate research topology only; this is not an administrative parent relationship.,ENT-TN-DELEGATION-B63E32B2BC3F,boundary_intersects,"sector evidence rows: 43531594,43531595,43531596,43531599,43531603",,,source_verified
REL-CA23B80DB5F4546E,1.0.0,current,SRC-TN-HDX-CODAB-2022,ENT-TN-IMADA-11539,high,,ENT-TN-DELEGATION-FE7ADA16AB50,administrative_parent,ADM4 row / research sector code 11539; dated ADM3 parent 1153,,,verified
REL-CA4E570B737C5C70,1.0.0,current,SRC-LY-MOLG-MUNICIPALITIES-2026,ENT-LY-MUNICIPALITY-428A04961AE1,high,,ENT-LY-COUNTRY,administrative_parent,Municipality list entry: صرمان,,,verified
REL-CA50D381815A5530,1.0.0,current,SRC-TN-HDX-CODAB-2022,ENT-TN-IMADA-61531930,high,,ENT-TN-DELEGATION-8C1A5CC41315,administrative_parent,ADM4 row / research sector code 61531930; dated ADM3 parent 6153,,,verified
REL-CA5593E5A8AF51F1,1.0.0,current,SRC-TN-HDX-CODAB-2022,ENT-TN-IMADA-1756525,high,,ENT-TN-DELEGATION-39EFA7D5C92F,administrative_parent,ADM4 row / research sector code 1756525; dated ADM3 parent 1756,,,verified
REL-CA697F14A879535D,1.0.0,current,SRC-TN-HDX-CODAB-2022,ENT-TN-DELEGATION-EF5957AC15F4,high,,ENT-TN-GOVERNORATE-07DB5E6D265C,administrative_parent,ADM3 row / dated 264-delegation research code 3159,,,verified
REL-CA89A8DF56D25603,1.0.0,current,SRC-TN-HDX-CODAB-2022,ENT-TN-IMADA-2255721,high,,ENT-TN-DELEGATION-3D8C44AF7D14,administrative_parent,ADM4 row / research sector code 2255721; dated ADM3 parent 2255,,,verified
REL-CAA974D3BD0855E2,1.0.0,current,SRC-TN-HDX-CODAB-2022,ENT-TN-IMADA-52541793,high,,ENT-TN-DELEGATION-F7ED4B759BD6,administrative_parent,ADM4 row / research sector code 52541793; dated ADM3 parent 5254,,,verified
REL-CABBDD65811D5F9D,1.0.0,current,SRC-TN-HDX-CODAB-2022,ENT-TN-IMADA-1362274,high,,ENT-TN-DELEGATION-D4FC46D8AB0D,administrative_parent,ADM4 row / research sector code 1362274; dated ADM3 parent 1362,,,verified
REL-CABCAFC91A1B5C60,1.0.0,current,SRC-LY-MOLG-MUNICIPALITIES-2026,ENT-LY-MUNICIPALITY-963437A7B495,high,,ENT-LY-COUNTRY,administrative_parent,Municipality list entry: سبها,,,verified
REL-CAE836E59E5C5EAB,1.0.0,current,SRC-TN-HDX-CODAB-2022,ENT-TN-DELEGATION-89139C7B1553,high,,ENT-TN-GOVERNORATE-47F772AA4A84,administrative_parent,ADM3 row / dated 264-delegation research code 4360,,,verified
REL-CB170526C6555E6B,1.0.0,current,SRC-TN-DGCL-MUNICIPALITIES-2024,ENT-TN-MUNICIPALITY-1724,high,,ENT-TN-GOVERNORATE-B1787F907937,administrative_parent,January 2024 workbook row: governorate 17; municipality code 1724,,,verified
REL-CB64BC872F275AA0,1.0.0,current,SRC-TN-DGCL-MUNICIPALITIES-2024,ENT-TN-MUNICIPALITY-4319,high,,ENT-TN-GOVERNORATE-47F772AA4A84,administrative_parent,January 2024 workbook row: governorate 43; municipality code 4319,,,verified
REL-CB759086D28E5177,1.0.0,current,SRC-TN-DGCL-MUNICIPALITIES-2024,ENT-TN-MUNICIPALITY-1319,high,,ENT-TN-GOVERNORATE-D5ED89886664,administrative_parent,January 2024 workbook row: governorate 13; municipality code 1319,,,verified
REL-CB77150166C45C43,1.0.0,current,SRC-TN-HDX-CODAB-2022,ENT-TN-IMADA-41511360,high,,ENT-TN-DELEGATION-9CCDCAF94A4A,administrative_parent,ADM4 row / research sector code 41511360; dated ADM3 parent 4151,,,verified
REL-CB785013F1D4590A,1.0.0,current,SRC-TN-RESEARCH-GEOMETRY-2018,ENT-TN-MUNICIPALITY-6115,medium,Approximate research topology only; this is not an administrative parent relationship.,ENT-TN-DELEGATION-55B6CFADA185,boundary_intersects,"sector evidence rows: 61571957,61571958,61571959,61571960,61571961,61571962,61571963,61571964,61571965,61571966",,,source_verified
REL-CB7856EBC0F352E5,1.0.0,current,SRC-TN-HDX-CODAB-2022,ENT-TN-DELEGATION-8CD3CBC66F17,high,,ENT-TN-GOVERNORATE-E7D96FEF5043,administrative_parent,ADM3 row / dated 264-delegation research code 3361,,,verified
REL-CB8627C8D74E56A2,1.0.0,current,SRC-TN-RESEARCH-GEOMETRY-2018,ENT-TN-MUNICIPALITY-4118,medium,Approximate research topology only; this is not an administrative parent relationship.,ENT-TN-DELEGATION-A9A2E64081DA,boundary_intersects,"sector evidence rows: 41581431,41581432,41581436,41581437,41581438",,,source_verified
REL-CB86B2DA0DE557FE,1.0.0,current,SRC-TN-DGCL-MUNICIPALITIES-2024,ENT-TN-MUNICIPALITY-1713,high,,ENT-TN-GOVERNORATE-B1787F907937,administrative_parent,January 2024 workbook row: governorate 17; municipality code 1713,,,verified
REL-CB9A72568D9259A7,1.0.0,current,SRC-TN-HDX-CODAB-2022,ENT-TN-IMADA-41531384,high,,ENT-TN-DELEGATION-70B00114B3C2,administrative_parent,ADM4 row / research sector code 41531384; dated ADM3 parent 4153,,,verified
REL-CBB5305A50205804,1.0.0,current,SRC-TN-HDX-CODAB-2022,ENT-TN-IMADA-32601112,high,,ENT-TN-DELEGATION-BDF031A58E55,administrative_parent,ADM4 row / research sector code 32601112; dated ADM3 parent 3260,,,verified
REL-CBDDC2EA7FFD55D2,1.0.0,current,SRC-UNESCO-WHC-TN-2026,ENT-TN-SITE-MEDINA-SOUSSE,high,,ENT-TN-MUNICIPALITY-3111,located_in,World Heritage property 498,,,verified
REL-CBEB66E33EA659BD,1.0.0,current,SRC-TN-DGCL-MUNICIPALITIES-2024,ENT-TN-MUNICIPALITY-3212,high,,ENT-TN-GOVERNORATE-5BC9A7217C8C,administrative_parent,January 2024 workbook row: governorate 32; municipality code 3212,,,verified
REL-CBEF174122ED5A11,1.0.0,current,SRC-TN-HDX-CODAB-2022,ENT-TN-IMADA-41571429,high,,ENT-TN-DELEGATION-5E9C54B26170,administrative_parent,ADM4 row / research sector code 41571429; dated ADM3 parent 4157,,,verified
REL-CC175B5ED3055EA1,1.0.0,current,SRC-TN-DGCL-MUNICIPALITIES-2024,ENT-TN-MUNICIPALITY-2122,high,,ENT-TN-GOVERNORATE-EA2D44B4F25E,administrative_parent,January 2024 workbook row: governorate 21; municipality code 2122,,,verified
REL-CC48875A96895992,1.0.0,current,SRC-TN-RESEARCH-GEOMETRY-2018,ENT-TN-MUNICIPALITY-5219,medium,Approximate research topology only; this is not an administrative parent relationship.,ENT-TN-DELEGATION-6EFE1FF87CAA,boundary_intersects,"sector evidence rows: 52551804,52551806,52551807,52551808,52551812,52551814,52551815",,,source_verified
REL-CC5A8B3415955E51,1.0.0,current,SRC-TN-HDX-CODAB-2022,ENT-TN-IMADA-33611221,high,,ENT-TN-DELEGATION-8CD3CBC66F17,administrative_parent,ADM4 row / research sector code 33611221; dated ADM3 parent 3361,,,verified
REL-CC81B8DC84985698,1.0.0,current,SRC-TN-HDX-CODAB-2022,ENT-TN-IMADA-62532011,high,,ENT-TN-DELEGATION-21A9D436EAA7,administrative_parent,ADM4 row / research sector code 62532011; dated ADM3 parent 6253,,,verified
REL-CC90F124B60D5659,1.0.0,current,SRC-TN-HDX-CODAB-2022,ENT-TN-IMADA-41541394,high,,ENT-TN-DELEGATION-A6D2E459547E,administrative_parent,ADM4 row / research sector code 41541394; dated ADM3 parent 4154,,,verified
REL-CCB8E1336F5F5AC2,1.0.0,current,SRC-TN-HDX-CODAB-2022,ENT-TN-IMADA-41541397,high,,ENT-TN-DELEGATION-A6D2E459547E,administrative_parent,ADM4 row / research sector code 41541397; dated ADM3 parent 4154,,,verified
REL-CCCA3B77F24B53B1,1.0.0,current,SRC-TN-DGCL-MUNICIPALITIES-2024,ENT-TN-MUNICIPALITY-1611,high,,ENT-TN-GOVERNORATE-81845FB6BE40,administrative_parent,January 2024 workbook row: governorate 16; municipality code 1611,,,verified
REL-CCD76C2D78565574,1.0.0,current,SRC-TN-HDX-CODAB-2022,ENT-TN-IMADA-2256732,high,,ENT-TN-DELEGATION-F12F59DBC46E,administrative_parent,ADM4 row / research sector code 2256732; dated ADM3 parent 2256,,,verified
REL-CD00E0F2C15A5D9F,1.0.0,current,SRC-TN-RESEARCH-GEOMETRY-2018,ENT-TN-MUNICIPALITY-1514,medium,Approximate research topology only; this is not an administrative parent relationship.,ENT-TN-DELEGATION-00F12985BEC9,boundary_intersects,sector evidence rows: 1553340,,,source_verified
REL-CD037D18D9445D43,1.0.0,current,SRC-TN-HDX-CODAB-2022,ENT-TN-IMADA-2151579,high,,ENT-TN-DELEGATION-89B5CE300A2D,administrative_parent,ADM4 row / research sector code 2151579; dated ADM3 parent 2151,,,verified
REL-CD1D002432D1585C,1.0.0,current,SRC-TN-HDX-CODAB-2022,ENT-TN-IMADA-1359252,high,,ENT-TN-DELEGATION-28027896EDDD,administrative_parent,ADM4 row / research sector code 1359252; dated ADM3 parent 1359,,,verified
REL-CD37CF380DBF52EA,1.0.0,current,SRC-TN-RESEARCH-GEOMETRY-2018,ENT-TN-MUNICIPALITY-3430,medium,Approximate research topology only; this is not an administrative parent relationship.,ENT-TN-DELEGATION-99EBA5A17CB9,boundary_intersects,sector evidence rows: 34561268,,,source_verified
REL-CD4B72198CF651DE,1.0.0,current,SRC-TN-DGCL-MUNICIPALITIES-2024,ENT-TN-MUNICIPALITY-2312,high,,ENT-TN-GOVERNORATE-0D738EAC753C,administrative_parent,January 2024 workbook row: governorate 23; municipality code 2312,,,verified
REL-CD79D296DA5D5D21,1.0.0,current,SRC-TN-HDX-CODAB-2022,ENT-TN-IMADA-34541256,high,,ENT-TN-DELEGATION-3757F6B83BE1,administrative_parent,ADM4 row / research sector code 34541256; dated ADM3 parent 3454,,,verified
REL-CDA4DA7C345B553E,1.0.0,current,SRC-TN-HDX-CODAB-2022,ENT-TN-IMADA-1652436,high,,ENT-TN-DELEGATION-C73B8495072E,administrative_parent,ADM4 row / research sector code 1652436; dated ADM3 parent 1652,,,verified
REL-CDA56149D12B5CEC,1.0.0,current,SRC-LY-MOLG-MUNICIPALITIES-2026,ENT-LY-MUNICIPALITY-648E18A98114,high,,ENT-LY-COUNTRY,administrative_parent,Municipality list entry: مرزق,,,verified
REL-CDA80D2F25E35F78,1.0.0,current,SRC-TN-HDX-CODAB-2022,ENT-TN-IMADA-61551947,high,,ENT-TN-DELEGATION-57457D07E717,administrative_parent,ADM4 row / research sector code 61551947; dated ADM3 parent 6155,,,verified
REL-CDB5B3CB1DC75534,1.0.0,current,SRC-TN-ONTT-PLACES-2018,ENT-TN-CITY-CARTHAGE,high,,ENT-TN-MUNICIPALITY-1115,located_in,Around Carthage and Sidi Bou Said: modern Carthage described as a fashionable city,,,verified
REL-CDBA5D1BD00A582D,1.0.0,current,SRC-TN-HDX-CODAB-2022,ENT-TN-IMADA-1755515,high,,ENT-TN-DELEGATION-148C846991C4,administrative_parent,ADM4 row / research sector code 1755515; dated ADM3 parent 1755,,,verified
REL-CDD01D5864575BA1,1.0.0,current,SRC-TN-DGCL-MUNICIPALITIES-2024,ENT-TN-MUNICIPALITY-4224,high,,ENT-TN-GOVERNORATE-36E4260B310C,administrative_parent,January 2024 workbook row: governorate 42; municipality code 4224,,,verified
REL-CDD6F1A29B0A52BB,1.0.0,current,SRC-TN-HDX-CODAB-2022,ENT-TN-IMADA-32511053,high,,ENT-TN-DELEGATION-386953CDE2D6,administrative_parent,ADM4 row / research sector code 32511053; dated ADM3 parent 3251,,,verified
REL-CDDCEC02B03A5084,1.0.0,current,SRC-TN-HDX-CODAB-2022,ENT-TN-IMADA-43521583,high,,ENT-TN-DELEGATION-B5CD972E98C1,administrative_parent,ADM4 row / research sector code 43521583; dated ADM3 parent 4352,,,verified
REL-CDED32EF291B54FB,1.0.0,current,SRC-TN-HDX-CODAB-2022,ENT-TN-IMADA-116837,high,,ENT-TN-DELEGATION-3178EC239E79,administrative_parent,ADM4 row / research sector code 116837; dated ADM3 parent 1168,,,verified
REL-CE022343A61E5A53,1.0.0,current,SRC-TN-RESEARCH-GEOMETRY-2018,ENT-TN-MUNICIPALITY-1315,medium,Approximate research topology only; this is not an administrative parent relationship.,ENT-TN-DELEGATION-06F62E53748D,boundary_intersects,"sector evidence rows: 1356233,1356234,1356235,13569999",,,source_verified
REL-CE171B6F1D645BCF,1.0.0,current,SRC-TN-HDX-CODAB-2022,ENT-TN-IMADA-3159990,high,,ENT-TN-DELEGATION-EF5957AC15F4,administrative_parent,ADM4 row / research sector code 3159990; dated ADM3 parent 3159,,,verified
REL-CE2C0358B88A5081,1.0.0,current,SRC-TN-HDX-CODAB-2022,ENT-TN-IMADA-34631321,high,,ENT-TN-DELEGATION-17B9E0494EC7,administrative_parent,ADM4 row / research sector code 34631321; dated ADM3 parent 3463,,,verified
REL-CE3C3645F3E456DF,1.0.0,current,SRC-TN-HDX-CODAB-2022,ENT-TN-IMADA-61531928,high,,ENT-TN-DELEGATION-8C1A5CC41315,administrative_parent,ADM4 row / research sector code 61531928; dated ADM3 parent 6153,,,verified
REL-CE813F5E74B4560F,1.0.0,current,SRC-TN-HDX-CODAB-2022,ENT-TN-IMADA-32561081,high,,ENT-TN-DELEGATION-9D23A36B72E1,administrative_parent,ADM4 row / research sector code 32561081; dated ADM3 parent 3256,,,verified
REL-CEA9417140675E2B,1.0.0,current,SRC-TN-RESEARCH-GEOMETRY-2018,ENT-TN-MUNICIPALITY-1323,medium,Approximate research topology only; this is not an administrative parent relationship.,ENT-TN-DELEGATION-678C562CAA1C,boundary_intersects,"sector evidence rows: 1361265,1361266,1361267",,,source_verified
REL-CEBA67178C53596B,1.0.0,current,SRC-TN-HDX-CODAB-2022,ENT-TN-IMADA-1758539,high,,ENT-TN-DELEGATION-F3529789545D,administrative_parent,ADM4 row / research sector code 1758539; dated ADM3 parent 1758,,,verified
REL-CEFD7C0092BE5E95,1.0.0,current,SRC-TN-HDX-CODAB-2022,ENT-TN-IMADA-2353792,high,,ENT-TN-DELEGATION-F153AA210A4D,administrative_parent,ADM4 row / research sector code 2353792; dated ADM3 parent 2353,,,verified
REL-CF01B1B2A6AD5326,1.0.0,current,SRC-TN-HDX-CODAB-2022,ENT-TN-IMADA-2152598,high,,ENT-TN-DELEGATION-08DFD967FB8E,administrative_parent,ADM4 row / research sector code 2152598; dated ADM3 parent 2152,,,verified
REL-CF06E23E7EDB5876,1.0.0,current,SRC-TN-HDX-CODAB-2022,ENT-TN-IMADA-1458324,high,,ENT-TN-DELEGATION-8CAB25CD1628,administrative_parent,ADM4 row / research sector code 1458324; dated ADM3 parent 1458,,,verified
REL-CF10F1F8D8895A57,1.0.0,current,SRC-TN-DGCL-MUNICIPALITIES-2024,ENT-TN-MUNICIPALITY-3111,high,,ENT-TN-GOVERNORATE-07DB5E6D265C,administrative_parent,January 2024 workbook row: governorate 31; municipality code 3111,,,verified
REL-CF11E67E8E0F5F34,1.0.0,current,SRC-TN-RESEARCH-GEOMETRY-2018,ENT-TN-MUNICIPALITY-1536,medium,Approximate research topology only; this is not an administrative parent relationship.,ENT-TN-DELEGATION-ACB1178786DC,boundary_intersects,"sector evidence rows: 1559379,1559380,1559381,1559382",,,source_verified
REL-CF1A6B5848A95208,1.0.0,current,SRC-TN-HDX-CODAB-2022,ENT-TN-IMADA-33561182,high,,ENT-TN-DELEGATION-706200A5C126,administrative_parent,ADM4 row / research sector code 33561182; dated ADM3 parent 3356,,,verified
REL-CF4F6D9CB03158E0,1.0.0,historical,SRC-LY-BSC-CENSUS-2006,ENT-LY-SHABIYA-HISTORICAL-1171D70742ED,high,Historical hierarchy snapshot only.,ENT-LY-COUNTRY,administrative_parent,2006 census region: الجبل الغربي,,,verified
REL-CF7BA75AF5685071,1.0.0,current,SRC-TN-RESEARCH-GEOMETRY-2018,ENT-TN-MUNICIPALITY-2223,medium,Approximate research topology only; this is not an administrative parent relationship.,ENT-TN-DELEGATION-3D8C44AF7D14,boundary_intersects,"sector evidence rows: 2255723,2255724,2255725,2255726",,,source_verified
REL-CFABF8B477915A3D,1.0.0,current,SRC-TN-HDX-CODAB-2022,ENT-TN-IMADA-1551333,high,,ENT-TN-DELEGATION-909BD4DC039A,administrative_parent,ADM4 row / research sector code 1551333; dated ADM3 parent 1551,,,verified
REL-CFD3512A7300559D,1.0.0,current,SRC-TN-HDX-CODAB-2022,ENT-TN-IMADA-1359253,high,,ENT-TN-DELEGATION-28027896EDDD,administrative_parent,ADM4 row / research sector code 1359253; dated ADM3 parent 1359,,,verified
REL-CFDE99CDC61A5284,1.0.0,current,SRC-TN-HDX-CODAB-2022,ENT-TN-IMADA-1566419,high,,ENT-TN-DELEGATION-B95D26E1207F,administrative_parent,ADM4 row / research sector code 1566419; dated ADM3 parent 1566,,,verified
REL-CFFB444A9C775748,1.0.0,current,SRC-TN-HDX-CODAB-2022,ENT-TN-IMADA-62511998,high,,ENT-TN-DELEGATION-0410399059C4,administrative_parent,ADM4 row / research sector code 62511998; dated ADM3 parent 6251,,,verified
REL-D03DA454FBBB568C,1.0.0,current,SRC-TN-RESEARCH-GEOMETRY-2018,ENT-TN-MUNICIPALITY-4216,medium,Approximate research topology only; this is not an administrative parent relationship.,ENT-TN-DELEGATION-D555F337D568,boundary_intersects,"sector evidence rows: 42601534,42601535,42601536,42601537,42601538,42601539",,,source_verified
REL-D03DECE8AA985BDD,1.0.0,current,SRC-LY-MOLG-MUNICIPALITIES-2026,ENT-LY-MUNICIPALITY-B25A962E6769,high,,ENT-LY-COUNTRY,administrative_parent,Municipality list entry: الماية,,,verified
REL-D04CBA20B0125F12,1.0.0,current,SRC-TN-RESEARCH-GEOMETRY-2018,ENT-TN-MUNICIPALITY-1711,medium,Approximate research topology only; this is not an administrative parent relationship.,ENT-TN-DELEGATION-529F20CCEFFA,boundary_intersects,"sector evidence rows: 1753492,1753493,1753494,1753495,1753496,1753497,1753498,1753499,1753500,1753501",,,source_verified
REL-D051FD738FB05E68,1.0.0,current,SRC-TN-HDX-CODAB-2022,ENT-TN-DELEGATION-43EBF7A156A6,high,,ENT-TN-GOVERNORATE-81845FB6BE40,administrative_parent,ADM3 row / dated 264-delegation research code 1654,,,verified
REL-D05A0BA101185F7C,1.0.0,current,SRC-TN-HDX-CODAB-2022,ENT-TN-IMADA-1458327,high,,ENT-TN-DELEGATION-8CAB25CD1628,administrative_parent,ADM4 row / research sector code 1458327; dated ADM3 parent 1458,,,verified
REL-D0950FD877EC5841,1.0.0,current,SRC-TN-HDX-CODAB-2022,ENT-TN-IMADA-2459926,high,,ENT-TN-DELEGATION-09D1B99F85DC,administrative_parent,ADM4 row / research sector code 2459926; dated ADM3 parent 2459,,,verified
REL-D09C1782585F5AA8,1.0.0,current,SRC-TN-DGCL-MUNICIPALITIES-2024,ENT-TN-MUNICIPALITY-4223,high,,ENT-TN-GOVERNORATE-36E4260B310C,administrative_parent,January 2024 workbook row: governorate 42; municipality code 4223,,,verified
REL-D0A50D6D660657AC,1.0.0,current,SRC-TN-HDX-CODAB-2022,ENT-TN-IMADA-3151946,high,,ENT-TN-DELEGATION-3487617C49DD,administrative_parent,ADM4 row / research sector code 3151946; dated ADM3 parent 3151,,,verified
REL-D0ACE58CC5DB52CB,1.0.0,current,SRC-TN-RESEARCH-GEOMETRY-2018,ENT-TN-MUNICIPALITY-3424,medium,Approximate research topology only; this is not an administrative parent relationship.,ENT-TN-DELEGATION-02E328685503,boundary_intersects,"sector evidence rows: 34641329,34641330,34641331,34641332,34641333,34641334,34641335",,,source_verified
REL-D0BE6C07F85A5BFF,1.0.0,current,SRC-TN-RESEARCH-GEOMETRY-2018,ENT-TN-MUNICIPALITY-3227,medium,Approximate research topology only; this is not an administrative parent relationship.,ENT-TN-DELEGATION-4E58B3CD9CB1,boundary_intersects,sector evidence rows: 32581100,,,source_verified
REL-D0C150E52F3B5841,1.0.0,current,SRC-TN-HDX-CODAB-2022,ENT-TN-IMADA-33511131,high,,ENT-TN-DELEGATION-E56B524C71BE,administrative_parent,ADM4 row / research sector code 33511131; dated ADM3 parent 3351,,,verified
REL-D0F0490EE43652EB,1.0.0,current,SRC-TN-HDX-CODAB-2022,ENT-TN-IMADA-115851,high,,ENT-TN-DELEGATION-B426671C7506,administrative_parent,ADM4 row / research sector code 115851; dated ADM3 parent 1158,,,verified
REL-D11B8B2A05155A65,1.0.0,current,SRC-TN-HDX-CODAB-2022,ENT-TN-IMADA-2456898,high,,ENT-TN-DELEGATION-5D1C1977A0A6,administrative_parent,ADM4 row / research sector code 2456898; dated ADM3 parent 2456,,,verified
REL-D125030ADAE85898,1.0.0,current,SRC-TN-HDX-CODAB-2022,ENT-TN-IMADA-2257753,high,,ENT-TN-DELEGATION-36D776E11570,administrative_parent,ADM4 row / research sector code 2257753; dated ADM3 parent 2257,,,verified
REL-D146C45C877B5774,1.0.0,current,SRC-TN-RESEARCH-GEOMETRY-2018,ENT-TN-MUNICIPALITY-1713,medium,Approximate research topology only; this is not an administrative parent relationship.,ENT-TN-DELEGATION-39EFA7D5C92F,boundary_intersects,"sector evidence rows: 1756519,1756520,1756521,1756522,1756523,1756524,1756525,1756526,1756527,1756528",,,source_verified
REL-D14E942C3E655CB5,1.0.0,current,SRC-TN-HDX-CODAB-2022,ENT-TN-IMADA-2353795,high,,ENT-TN-DELEGATION-F153AA210A4D,administrative_parent,ADM4 row / research sector code 2353795; dated ADM3 parent 2353,,,verified
REL-D15CD345AA2856AA,1.0.0,current,SRC-TN-HDX-CODAB-2022,ENT-TN-IMADA-53511855,high,,ENT-TN-DELEGATION-36BABB1475F8,administrative_parent,ADM4 row / research sector code 53511855; dated ADM3 parent 5351,,,verified
REL-D16E9EEB866C5190,1.0.0,current,SRC-TN-HDX-CODAB-2022,ENT-TN-IMADA-53531884,high,,ENT-TN-DELEGATION-9571A404E72D,administrative_parent,ADM4 row / research sector code 53531884; dated ADM3 parent 5353,,,verified
REL-D16FFCD8F7D35032,1.0.0,current,SRC-TN-HDX-CODAB-2022,ENT-TN-IMADA-32561086,high,,ENT-TN-DELEGATION-9D23A36B72E1,administrative_parent,ADM4 row / research sector code 32561086; dated ADM3 parent 3256,,,verified
REL-D171D681242253F8,1.0.0,current,SRC-TN-HDX-CODAB-2022,ENT-TN-IMADA-61511920,high,,ENT-TN-DELEGATION-08BF6BF26FFF,administrative_parent,ADM4 row / research sector code 61511920; dated ADM3 parent 6151,,,verified
REL-D17B140B2C875066,1.0.0,current,SRC-TN-HDX-CODAB-2022,ENT-TN-IMADA-2252698,high,,ENT-TN-DELEGATION-A2C2D831ECC0,administrative_parent,ADM4 row / research sector code 2252698; dated ADM3 parent 2252,,,verified
REL-D190D032678F587A,1.0.0,current,SRC-TN-HDX-CODAB-2022,ENT-TN-IMADA-2255725,high,,ENT-TN-DELEGATION-3D8C44AF7D14,administrative_parent,ADM4 row / research sector code 2255725; dated ADM3 parent 2255,,,verified
REL-D19E232ED055526D,1.0.0,current,SRC-TN-HDX-CODAB-2022,ENT-TN-IMADA-43561623,high,,ENT-TN-DELEGATION-A5B79B7F0981,administrative_parent,ADM4 row / research sector code 43561623; dated ADM3 parent 4356,,,verified
REL-D1A6451A2A7358A2,1.0.0,current,SRC-TN-HDX-CODAB-2022,ENT-TN-IMADA-31611006,high,,ENT-TN-DELEGATION-D06EBCEA26BA,administrative_parent,ADM4 row / research sector code 31611006; dated ADM3 parent 3161,,,verified
REL-D1BB8149D5D359E6,1.0.0,current,SRC-TN-HDX-CODAB-2022,ENT-TN-DELEGATION-4021556E2BEF,high,,ENT-TN-GOVERNORATE-B1787F907937,administrative_parent,ADM3 row / dated 264-delegation research code 1757,,,verified
REL-D1DC759D7DF45497,1.0.0,current,SRC-TN-DGCL-MUNICIPALITIES-2024,ENT-TN-MUNICIPALITY-4119,high,,ENT-TN-GOVERNORATE-D28A09D558AD,administrative_parent,January 2024 workbook row: governorate 41; municipality code 4119,,,verified
REL-D20B58D3E668521D,1.0.0,current,SRC-TN-HDX-CODAB-2022,ENT-TN-IMADA-41591441,high,,ENT-TN-DELEGATION-533D4E540C29,administrative_parent,ADM4 row / research sector code 41591441; dated ADM3 parent 4159,,,verified
REL-D21A9DA2458359B7,1.0.0,current,SRC-TN-RESEARCH-GEOMETRY-2018,ENT-TN-MUNICIPALITY-3222,medium,Approximate research topology only; this is not an administrative parent relationship.,ENT-TN-DELEGATION-A9FD50013858,boundary_intersects,"sector evidence rows: 32571087,32571088,32571089",,,source_verified
REL-D2225BC4FE0D515C,1.0.0,current,SRC-TN-HDX-CODAB-2022,ENT-TN-IMADA-43531598,high,,ENT-TN-DELEGATION-B63E32B2BC3F,administrative_parent,ADM4 row / research sector code 43531598; dated ADM3 parent 4353,,,verified
REL-D228DA764A295565,1.0.0,current,SRC-TN-HDX-CODAB-2022,ENT-TN-IMADA-43511572,high,,ENT-TN-DELEGATION-DB05A1325AE3,administrative_parent,ADM4 row / research sector code 43511572; dated ADM3 parent 4351,,,verified
REL-D22B2AD23CC55F74,1.0.0,current,SRC-TN-HDX-CODAB-2022,ENT-TN-IMADA-2254712,high,,ENT-TN-DELEGATION-0A43143796F7,administrative_parent,ADM4 row / research sector code 2254712; dated ADM3 parent 2254,,,verified
REL-D235D5C06C1A5D86,1.0.0,current,SRC-TN-RESEARCH-GEOMETRY-2018,ENT-TN-MUNICIPALITY-1118,medium,Approximate research topology only; this is not an administrative parent relationship.,ENT-TN-DELEGATION-1F3317733151,boundary_intersects,"sector evidence rows: 1164124,1164125,1164126,1164127,1164128,1164129,1164130,11649998,11649999",,,source_verified
REL-D2ACB47912965F3F,1.0.0,current,SRC-TN-HDX-CODAB-2022,ENT-TN-IMADA-2459932,high,,ENT-TN-DELEGATION-09D1B99F85DC,administrative_parent,ADM4 row / research sector code 2459932; dated ADM3 parent 2459,,,verified
REL-D2B04AA5E6735058,1.0.0,current,SRC-TN-RESEARCH-GEOMETRY-2018,ENT-TN-MUNICIPALITY-4325,medium,Approximate research topology only; this is not an administrative parent relationship.,ENT-TN-DELEGATION-B63E32B2BC3F,boundary_intersects,"sector evidence rows: 43531597,43531598,43531600,43531601,43531602,43531604",,,source_verified
REL-D2B160A7908F5D46,1.0.0,current,SRC-TN-HDX-CODAB-2022,ENT-TN-IMADA-1256196,high,,ENT-TN-DELEGATION-4F055D8E4C5F,administrative_parent,ADM4 row / research sector code 1256196; dated ADM3 parent 1256,,,verified
REL-D2B39CA54B095665,1.0.0,current,SRC-TN-HDX-CODAB-2022,ENT-TN-IMADA-1561390,high,,ENT-TN-DELEGATION-4A822090C35C,administrative_parent,ADM4 row / research sector code 1561390; dated ADM3 parent 1561,,,verified
REL-D2DE04F3196F5555,1.0.0,current,SRC-TN-HDX-CODAB-2022,ENT-TN-IMADA-1452290,high,,ENT-TN-DELEGATION-64DB1B613F50,administrative_parent,ADM4 row / research sector code 1452290; dated ADM3 parent 1452,,,verified
REL-D2E2608F0C10515F,1.0.0,current,SRC-TN-HDX-CODAB-2022,ENT-TN-IMADA-2256739,high,,ENT-TN-DELEGATION-F12F59DBC46E,administrative_parent,ADM4 row / research sector code 2256739; dated ADM3 parent 2256,,,verified
REL-D2EB1AF7F00E5861,1.0.0,current,SRC-TN-HDX-CODAB-2022,ENT-TN-IMADA-3156972,high,,ENT-TN-DELEGATION-5CA39F3BFF07,administrative_parent,ADM4 row / research sector code 3156972; dated ADM3 parent 3156,,,verified
REL-D2FE8BC2507159E5,1.0.0,current,SRC-TN-HDX-CODAB-2022,ENT-TN-IMADA-52581839,high,,ENT-TN-DELEGATION-210B7D8A5B50,administrative_parent,ADM4 row / research sector code 52581839; dated ADM3 parent 5258,,,verified
REL-D3015D6D35BB5A35,1.0.0,current,SRC-TN-DGCL-MUNICIPALITIES-2024,ENT-TN-MUNICIPALITY-3323,high,,ENT-TN-GOVERNORATE-E7D96FEF5043,administrative_parent,January 2024 workbook row: governorate 33; municipality code 3323,,,verified
REL-D30B2CE11F0152CF,1.0.0,current,SRC-TN-HDX-CODAB-2022,ENT-TN-IMADA-1161136,high,,ENT-TN-DELEGATION-9BE55C4562EE,administrative_parent,ADM4 row / research sector code 1161136; dated ADM3 parent 1161,,,verified
REL-D3113D2251FE5D31,1.0.0,current,SRC-TN-HDX-CODAB-2022,ENT-TN-IMADA-52521768,high,,ENT-TN-DELEGATION-B117D836FA70,administrative_parent,ADM4 row / research sector code 52521768; dated ADM3 parent 5252,,,verified
REL-D33B0D942EAB53B8,1.0.0,current,SRC-TN-HDX-CODAB-2022,ENT-TN-IMADA-1457319,high,,ENT-TN-DELEGATION-99CBAA7046B8,administrative_parent,ADM4 row / research sector code 1457319; dated ADM3 parent 1457,,,verified
REL-D35E06AEB241599F,1.0.0,current,SRC-TN-HDX-CODAB-2022,ENT-TN-IMADA-2360845,high,,ENT-TN-DELEGATION-0AAD4BD027D5,administrative_parent,ADM4 row / research sector code 2360845; dated ADM3 parent 2360,,,verified
REL-D3822317BF2F51B1,1.0.0,current,SRC-TN-HDX-CODAB-2022,ENT-TN-IMADA-63512027,high,,ENT-TN-DELEGATION-83574F602607,administrative_parent,ADM4 row / research sector code 63512027; dated ADM3 parent 6351,,,verified
REL-D3AD6E97827C52D9,1.0.0,current,SRC-TN-RESEARCH-GEOMETRY-2018,ENT-TN-MUNICIPALITY-3217,medium,Approximate research topology only; this is not an administrative parent relationship.,ENT-TN-DELEGATION-00EC6583A4A3,boundary_intersects,"sector evidence rows: 32551073,32551074",,,source_verified
REL-D3CA3A8B75525C22,1.0.0,current,SRC-TN-DGCL-MUNICIPALITIES-2024,ENT-TN-MUNICIPALITY-3421,high,,ENT-TN-GOVERNORATE-97D2B1489F90,administrative_parent,January 2024 workbook row: governorate 34; municipality code 3421,,,verified
REL-D3CA5A62FB9856CE,1.0.0,current,SRC-TN-HDX-CODAB-2022,ENT-TN-IMADA-1252168,high,,ENT-TN-DELEGATION-2230C03437B2,administrative_parent,ADM4 row / research sector code 1252168; dated ADM3 parent 1252,,,verified
REL-D3D721CA56DB5E23,1.0.0,current,SRC-TN-HDX-CODAB-2022,ENT-TN-IMADA-34571270,high,,ENT-TN-DELEGATION-B1DB2FE90D10,administrative_parent,ADM4 row / research sector code 34571270; dated ADM3 parent 3457,,,verified
REL-D3E54179FC815BB1,1.0.0,current,SRC-TN-HDX-CODAB-2022,ENT-TN-IMADA-2358835,high,,ENT-TN-DELEGATION-9D12AE8B04F4,administrative_parent,ADM4 row / research sector code 2358835; dated ADM3 parent 2358,,,verified
REL-D3FF00DA6BEF5AB8,1.0.0,current,SRC-TN-HDX-CODAB-2022,ENT-TN-DELEGATION-997BFDED88CF,high,,ENT-TN-GOVERNORATE-7A4D0C3A889C,administrative_parent,ADM3 row / dated 264-delegation research code 2253,,,verified
REL-D426093B6F1B5594,1.0.0,current,SRC-TN-HDX-CODAB-2022,ENT-TN-DELEGATION-E3E9C5077EA4,high,,ENT-TN-GOVERNORATE-0D738EAC753C,administrative_parent,ADM3 row / dated 264-delegation research code 2359,,,verified
REL-D43DE45EF51350BE,1.0.0,current,SRC-TN-HDX-CODAB-2022,ENT-TN-DELEGATION-CCDB3F1D6604,high,,ENT-TN-GOVERNORATE-EA2D44B4F25E,administrative_parent,ADM3 row / dated 264-delegation research code 2157,,,verified
REL-D440D9300CCD5882,1.0.0,current,SRC-LY-MOLG-MUNICIPALITIES-2026,ENT-LY-MUNICIPALITY-F64593F40604,high,,ENT-LY-COUNTRY,administrative_parent,Municipality list entry: المنشية الجميل,,,verified
REL-D457B48540015439,1.0.0,current,SRC-TN-HDX-CODAB-2022,ENT-TN-IMADA-51571722,high,,ENT-TN-DELEGATION-5BAD0A66CCEB,administrative_parent,ADM4 row / research sector code 51571722; dated ADM3 parent 5157,,,verified
REL-D474C25489565420,1.0.0,current,SRC-TN-RESEARCH-GEOMETRY-2018,ENT-TN-MUNICIPALITY-2311,medium,Approximate research topology only; this is not an administrative parent relationship.,ENT-TN-DELEGATION-40F8C393FB98,boundary_intersects,"sector evidence rows: 2351773,2351774,2351775",,,source_verified
REL-D4774756ADF15880,1.0.0,current,SRC-TN-RESEARCH-GEOMETRY-2018,ENT-TN-MUNICIPALITY-2313,medium,Approximate research topology only; this is not an administrative parent relationship.,ENT-TN-DELEGATION-F153AA210A4D,boundary_intersects,"sector evidence rows: 2353788,2353789,2353790,2353796",,,source_verified
REL-D47B4501167853E0,1.0.0,current,SRC-TN-HDX-CODAB-2022,ENT-TN-IMADA-63562064,high,,ENT-TN-DELEGATION-46FFC1059453,administrative_parent,ADM4 row / research sector code 63562064; dated ADM3 parent 6356,,,verified
REL-D47C8DC160505F8F,1.0.0,current,SRC-TN-HDX-CODAB-2022,ENT-TN-IMADA-42541489,high,,ENT-TN-DELEGATION-00555D763B13,administrative_parent,ADM4 row / research sector code 42541489; dated ADM3 parent 4254,,,verified
REL-D492C506BED053AF,1.0.0,current,SRC-TN-HDX-CODAB-2022,ENT-TN-IMADA-43591645,high,,ENT-TN-DELEGATION-21E89D9190E3,administrative_parent,ADM4 row / research sector code 43591645; dated ADM3 parent 4359,,,verified
REL-D4967FB5F6A95B90,1.0.0,current,SRC-TN-HDX-CODAB-2022,ENT-TN-IMADA-1453298,high,,ENT-TN-DELEGATION-9F59B0DA797D,administrative_parent,ADM4 row / research sector code 1453298; dated ADM3 parent 1453,,,verified
REL-D4A1B98F58DD5B14,1.0.0,current,SRC-TN-HDX-CODAB-2022,ENT-TN-IMADA-2457910,high,,ENT-TN-DELEGATION-78A6B0904A2B,administrative_parent,ADM4 row / research sector code 2457910; dated ADM3 parent 2457,,,verified
REL-D4A40E4D8EDE5A10,1.0.0,current,SRC-TN-HDX-CODAB-2022,ENT-TN-DELEGATION-9846A16575C2,high,,ENT-TN-GOVERNORATE-47F772AA4A84,administrative_parent,ADM3 row / dated 264-delegation research code 4358,,,verified
REL-D4B59A174A5F5846,1.0.0,current,SRC-TN-HDX-CODAB-2022,ENT-TN-DELEGATION-2576985BFCE5,high,,ENT-TN-GOVERNORATE-DB8D5C457676,administrative_parent,ADM3 row / dated 264-delegation research code 1170,,,verified
REL-D4D30AD864E95129,1.0.0,current,SRC-TN-HDX-CODAB-2022,ENT-TN-DELEGATION-907386F80604,high,,ENT-TN-GOVERNORATE-78D6D85AF6A0,administrative_parent,ADM3 row / dated 264-delegation research code 1251,,,verified
REL-D4D495D80DB95867,1.0.0,current,SRC-TN-DGCL-MUNICIPALITIES-2024,ENT-TN-MUNICIPALITY-2216,high,,ENT-TN-GOVERNORATE-7A4D0C3A889C,administrative_parent,January 2024 workbook row: governorate 22; municipality code 2216,,,verified
REL-D535003B840D537E,1.0.0,current,SRC-TN-HDX-CODAB-2022,ENT-TN-DELEGATION-CC185FFE164C,high,,ENT-TN-GOVERNORATE-78D6D85AF6A0,administrative_parent,ADM3 row / dated 264-delegation research code 1257,,,verified
REL-D546A519FDE25765,1.0.0,current,SRC-TN-HDX-CODAB-2022,ENT-TN-IMADA-33561181,high,,ENT-TN-DELEGATION-706200A5C126,administrative_parent,ADM4 row / research sector code 33561181; dated ADM3 parent 3356,,,verified
REL-D551BD3E3A94556C,1.0.0,current,SRC-TN-HDX-CODAB-2022,ENT-TN-IMADA-1357238,high,,ENT-TN-DELEGATION-0E56BD3D1B3A,administrative_parent,ADM4 row / research sector code 1357238; dated ADM3 parent 1357,,,verified
REL-D5743F41E323502A,1.0.0,current,SRC-TN-HDX-CODAB-2022,ENT-TN-IMADA-51551710,high,,ENT-TN-DELEGATION-336FE0336AC9,administrative_parent,ADM4 row / research sector code 51551710; dated ADM3 parent 5155,,,verified
REL-D5745B781D465A3B,1.0.0,current,SRC-LY-MOLG-MUNICIPALITIES-2026,ENT-LY-MUNICIPALITY-013733073F62,high,,ENT-LY-COUNTRY,administrative_parent,Municipality list entry: بنغازي,,,verified
REL-D57C8AF3AAA854F2,1.0.0,current,SRC-TN-HDX-CODAB-2022,ENT-TN-DELEGATION-B426671C7506,high,,ENT-TN-GOVERNORATE-DB8D5C457676,administrative_parent,ADM3 row / dated 264-delegation research code 1158,,,verified
REL-D59DD6849C06551E,1.0.0,current,SRC-TN-DGCL-MUNICIPALITIES-2024,ENT-TN-MUNICIPALITY-2118,high,,ENT-TN-GOVERNORATE-EA2D44B4F25E,administrative_parent,January 2024 workbook row: governorate 21; municipality code 2118,,,verified
REL-D59F2A490C3552CD,1.0.0,current,SRC-TN-HDX-CODAB-2022,ENT-TN-IMADA-43521592,high,,ENT-TN-DELEGATION-B5CD972E98C1,administrative_parent,ADM4 row / research sector code 43521592; dated ADM3 parent 4352,,,verified
REL-D5B598947453561E,1.0.0,current,SRC-TN-HDX-CODAB-2022,ENT-TN-IMADA-34611309,high,,ENT-TN-DELEGATION-0B9CE76F3AD6,administrative_parent,ADM4 row / research sector code 34611309; dated ADM3 parent 3461,,,verified
REL-D5C812DD1CDC50B2,1.0.0,current,SRC-TN-HDX-CODAB-2022,ENT-TN-IMADA-52531782,high,,ENT-TN-DELEGATION-82A4AF3884E0,administrative_parent,ADM4 row / research sector code 52531782; dated ADM3 parent 5253,,,verified
REL-D5D3C590655E5F76,1.0.0,current,SRC-TN-HDX-CODAB-2022,ENT-TN-IMADA-42571513,high,,ENT-TN-DELEGATION-184C444E7833,administrative_parent,ADM4 row / research sector code 42571513; dated ADM3 parent 4257,,,verified
REL-D5DA6AFAF5EF5097,1.0.0,current,SRC-TN-HDX-CODAB-2022,ENT-TN-IMADA-52531786,high,,ENT-TN-DELEGATION-82A4AF3884E0,administrative_parent,ADM4 row / research sector code 52531786; dated ADM3 parent 5253,,,verified
REL-D5DAAAF041385314,1.0.0,current,SRC-TN-HDX-CODAB-2022,ENT-TN-DELEGATION-F3529789545D,high,,ENT-TN-GOVERNORATE-B1787F907937,administrative_parent,ADM3 row / dated 264-delegation research code 1758,,,verified
REL-D5DFDD07D88A5EAD,1.0.0,current,SRC-TN-HDX-CODAB-2022,ENT-TN-IMADA-116838,high,,ENT-TN-DELEGATION-3178EC239E79,administrative_parent,ADM4 row / research sector code 116838; dated ADM3 parent 1168,,,verified
REL-D5E16CF9B4105E48,1.0.0,current,SRC-TN-HDX-CODAB-2022,ENT-TN-IMADA-43561622,high,,ENT-TN-DELEGATION-A5B79B7F0981,administrative_parent,ADM4 row / research sector code 43561622; dated ADM3 parent 4356,,,verified
REL-D5EAE25099A15256,1.0.0,current,SRC-TN-HDX-CODAB-2022,ENT-TN-IMADA-51521691,high,,ENT-TN-DELEGATION-AFAE2BE79F31,administrative_parent,ADM4 row / research sector code 51521691; dated ADM3 parent 5152,,,verified
REL-D62BD53F99EC5307,1.0.0,current,SRC-TN-HDX-CODAB-2022,ENT-TN-IMADA-41531386,high,,ENT-TN-DELEGATION-70B00114B3C2,administrative_parent,ADM4 row / research sector code 41531386; dated ADM3 parent 4153,,,verified
REL-D6336420C8E15592,1.0.0,current,SRC-TN-HDX-CODAB-2022,ENT-TN-IMADA-51551707,high,,ENT-TN-DELEGATION-336FE0336AC9,administrative_parent,ADM4 row / research sector code 51551707; dated ADM3 parent 5155,,,verified
REL-D653FBBFE0C15A7F,1.0.0,current,SRC-TN-HDX-CODAB-2022,ENT-TN-IMADA-42511470,high,,ENT-TN-DELEGATION-F0E269317685,administrative_parent,ADM4 row / research sector code 42511470; dated ADM3 parent 4251,,,verified
REL-D6670A901BE45185,1.0.0,current,SRC-TN-RESEARCH-GEOMETRY-2018,ENT-TN-MUNICIPALITY-1215,medium,Approximate research topology only; this is not an administrative parent relationship.,ENT-TN-DELEGATION-EE9A7B5ED169,boundary_intersects,"sector evidence rows: 1255188,1255189,1255190,1255191,1255192",,,source_verified
REL-D670E5A8A3805140,1.0.0,current,SRC-TN-HDX-CODAB-2022,ENT-TN-IMADA-1753499,high,,ENT-TN-DELEGATION-529F20CCEFFA,administrative_parent,ADM4 row / research sector code 1753499; dated ADM3 parent 1753,,,verified
REL-D681B50823965C84,1.0.0,current,SRC-TN-HDX-CODAB-2022,ENT-TN-GOVERNORATE-DF747014232C,high,,ENT-TN-COUNTRY,administrative_parent,ADM2 row / research governorate code 51,,,verified
REL-D683C0B46DF658A1,1.0.0,current,SRC-TN-HDX-CODAB-2022,ENT-TN-IMADA-34531250,high,,ENT-TN-DELEGATION-EA875BA2BFE0,administrative_parent,ADM4 row / research sector code 34531250; dated ADM3 parent 3453,,,verified
REL-D690955E1319504E,1.0.0,current,SRC-TN-HDX-CODAB-2022,ENT-TN-IMADA-34601291,high,,ENT-TN-DELEGATION-15A144D6467E,administrative_parent,ADM4 row / research sector code 34601291; dated ADM3 parent 3460,,,verified
REL-D69393D840695713,1.0.0,current,SRC-TN-RESEARCH-GEOMETRY-2018,ENT-TN-MUNICIPALITY-4227,medium,Approximate research topology only; this is not an administrative parent relationship.,ENT-TN-DELEGATION-FD2AE43A4C3D,boundary_intersects,"sector evidence rows: 42561508,42561509,42569999",,,source_verified
REL-D6A44793DBC95248,1.0.0,current,SRC-TN-DGCL-MUNICIPALITIES-2024,ENT-TN-MUNICIPALITY-1522,high,,ENT-TN-GOVERNORATE-EA30E853F598,administrative_parent,January 2024 workbook row: governorate 15; municipality code 1522,,,verified
REL-D6C139627B9856FB,1.0.0,current,SRC-TN-HDX-CODAB-2022,ENT-TN-IMADA-1564409,high,,ENT-TN-DELEGATION-8708C7088CBC,administrative_parent,ADM4 row / research sector code 1564409; dated ADM3 parent 1564,,,verified
REL-D6CC7326E99250BE,1.0.0,current,SRC-TN-DGCL-MUNICIPALITIES-2024,ENT-TN-MUNICIPALITY-1213,high,,ENT-TN-GOVERNORATE-78D6D85AF6A0,administrative_parent,January 2024 workbook row: governorate 12; municipality code 1213,,,verified
REL-D6FE5F403EFA5007,1.0.0,current,SRC-TN-HDX-CODAB-2022,ENT-TN-IMADA-51571729,high,,ENT-TN-DELEGATION-5BAD0A66CCEB,administrative_parent,ADM4 row / research sector code 51571729; dated ADM3 parent 5157,,,verified
REL-D7252EF92A2C574C,1.0.0,current,SRC-TN-HDX-CODAB-2022,ENT-TN-IMADA-43601655,high,,ENT-TN-DELEGATION-89139C7B1553,administrative_parent,ADM4 row / research sector code 43601655; dated ADM3 parent 4360,,,verified
REL-D726BA20E6505188,1.0.0,current,SRC-TN-HDX-CODAB-2022,ENT-TN-IMADA-34621316,high,,ENT-TN-DELEGATION-5CE249CD9A5F,administrative_parent,ADM4 row / research sector code 34621316; dated ADM3 parent 3462,,,verified
REL-D72707B5C26C5060,1.0.0,current,SRC-TN-HDX-CODAB-2022,ENT-TN-IMADA-3154962,high,,ENT-TN-DELEGATION-C433D277206E,administrative_parent,ADM4 row / research sector code 3154962; dated ADM3 parent 3154,,,verified
REL-D7270E0D321A5FA7,1.0.0,current,SRC-TN-HDX-CODAB-2022,ENT-TN-IMADA-33521145,high,,ENT-TN-DELEGATION-8B2B3E3BDE8C,administrative_parent,ADM4 row / research sector code 33521145; dated ADM3 parent 3352,,,verified
REL-D728DA43442758D3,1.0.0,current,SRC-TN-HDX-CODAB-2022,ENT-TN-IMADA-33601209,high,,ENT-TN-DELEGATION-5D5CDCB7496E,administrative_parent,ADM4 row / research sector code 33601209; dated ADM3 parent 3360,,,verified
REL-D747D947369E5C2E,1.0.0,current,SRC-TN-HDX-CODAB-2022,ENT-TN-IMADA-53511857,high,,ENT-TN-DELEGATION-36BABB1475F8,administrative_parent,ADM4 row / research sector code 53511857; dated ADM3 parent 5351,,,verified
REL-D74BB5BED7225610,1.0.0,current,SRC-TN-HDX-CODAB-2022,ENT-TN-IMADA-2454886,high,,ENT-TN-DELEGATION-AF66ED06B9B8,administrative_parent,ADM4 row / research sector code 2454886; dated ADM3 parent 2454,,,verified
REL-D75EF891FF6A56F5,1.0.0,current,SRC-TN-DGCL-MUNICIPALITIES-2024,ENT-TN-MUNICIPALITY-3316,high,,ENT-TN-GOVERNORATE-E7D96FEF5043,administrative_parent,January 2024 workbook row: governorate 33; municipality code 3316,,,verified
REL-D761EA93E9DF55C2,1.0.0,current,SRC-TN-HDX-CODAB-2022,ENT-TN-IMADA-31631026,high,,ENT-TN-DELEGATION-E401587A83A1,administrative_parent,ADM4 row / research sector code 31631026; dated ADM3 parent 3163,,,verified
REL-D76B838706BE52A0,1.0.0,current,SRC-TN-HDX-CODAB-2022,ENT-TN-IMADA-31601005,high,,ENT-TN-DELEGATION-AC41B378E3D9,administrative_parent,ADM4 row / research sector code 31601005; dated ADM3 parent 3160,,,verified
REL-D77483DA578B519C,1.0.0,current,SRC-TN-HDX-CODAB-2022,ENT-TN-IMADA-1763567,high,,ENT-TN-DELEGATION-CB0D8DF8758C,administrative_parent,ADM4 row / research sector code 1763567; dated ADM3 parent 1763,,,verified
REL-D78025291F1856F2,1.0.0,current,SRC-TN-HDX-CODAB-2022,ENT-TN-IMADA-51571726,high,,ENT-TN-DELEGATION-5BAD0A66CCEB,administrative_parent,ADM4 row / research sector code 51571726; dated ADM3 parent 5157,,,verified
REL-D780D91D3F595816,1.0.0,current,SRC-TN-RESEARCH-GEOMETRY-2018,ENT-TN-MUNICIPALITY-6212,medium,Approximate research topology only; this is not an administrative parent relationship.,ENT-TN-DELEGATION-3240C5021B36,boundary_intersects,"sector evidence rows: 62522000,62522001,62522002,62522003,62522004,62522007",,,source_verified
REL-D7824EBBCDDA5097,1.0.0,current,SRC-TN-HDX-CODAB-2022,ENT-TN-IMADA-52531785,high,,ENT-TN-DELEGATION-82A4AF3884E0,administrative_parent,ADM4 row / research sector code 52531785; dated ADM3 parent 5253,,,verified
REL-D7829B3E86615B33,1.0.0,current,SRC-TN-HDX-CODAB-2022,ENT-TN-IMADA-52551811,high,,ENT-TN-DELEGATION-6EFE1FF87CAA,administrative_parent,ADM4 row / research sector code 52551811; dated ADM3 parent 5255,,,verified
REL-D78BAA30C885586A,1.0.0,current,SRC-LY-MOLG-MUNICIPALITIES-2026,ENT-LY-MUNICIPALITY-124788E0D36B,high,,ENT-LY-COUNTRY,administrative_parent,Municipality list entry: وادي عتبة,,,verified
REL-D7E2628FE14F5003,1.0.0,current,SRC-TN-HDX-CODAB-2022,ENT-TN-IMADA-52531779,high,,ENT-TN-DELEGATION-82A4AF3884E0,administrative_parent,ADM4 row / research sector code 52531779; dated ADM3 parent 5253,,,verified
REL-D86FFEB1D4CE5100,1.0.0,current,SRC-TN-HDX-CODAB-2022,ENT-TN-IMADA-1451283,high,,ENT-TN-DELEGATION-6334381D4972,administrative_parent,ADM4 row / research sector code 1451283; dated ADM3 parent 1451,,,verified
REL-D8793D6422395965,1.0.0,current,SRC-TN-HDX-CODAB-2022,ENT-TN-IMADA-2455894,high,,ENT-TN-DELEGATION-27DFBC8894A9,administrative_parent,ADM4 row / research sector code 2455894; dated ADM3 parent 2455,,,verified
REL-D88550C67C8351ED,1.0.0,current,SRC-TN-HDX-CODAB-2022,ENT-TN-DELEGATION-9F59B0DA797D,high,,ENT-TN-GOVERNORATE-CC06DF550344,administrative_parent,ADM3 row / dated 264-delegation research code 1453,,,verified
REL-D88A56E796E25AB1,1.0.0,current,SRC-TN-RESEARCH-GEOMETRY-2018,ENT-TN-MUNICIPALITY-5317,medium,Approximate research topology only; this is not an administrative parent relationship.,ENT-TN-DELEGATION-D3ABF7936ACA,boundary_intersects,"sector evidence rows: 53521872,53521873,53521874,53521875,53521877,53521878,53521879",,,source_verified
REL-D88E6D0015825A7D,1.0.0,current,SRC-TN-HDX-CODAB-2022,ENT-TN-IMADA-33571187,high,,ENT-TN-DELEGATION-47EFAA8BC79F,administrative_parent,ADM4 row / research sector code 33571187; dated ADM3 parent 3357,,,verified
REL-D89227E49A0F534F,1.0.0,current,SRC-TN-DGCL-MUNICIPALITIES-2024,ENT-TN-MUNICIPALITY-5118,high,,ENT-TN-GOVERNORATE-DF747014232C,administrative_parent,January 2024 workbook row: governorate 51; municipality code 5118,,,verified
REL-D892BC632D4E55E5,1.0.0,current,SRC-TN-HDX-CODAB-2022,ENT-TN-IMADA-33571184,high,,ENT-TN-DELEGATION-47EFAA8BC79F,administrative_parent,ADM4 row / research sector code 33571184; dated ADM3 parent 3357,,,verified
REL-D896254FE3785246,1.0.0,current,SRC-TN-HDX-CODAB-2022,ENT-TN-IMADA-2153608,high,,ENT-TN-DELEGATION-64B47287C7CC,administrative_parent,ADM4 row / research sector code 2153608; dated ADM3 parent 2153,,,verified
REL-D89ACD8D67F15D30,1.0.0,current,SRC-TN-HDX-CODAB-2022,ENT-TN-IMADA-43551614,high,,ENT-TN-DELEGATION-6F8D6872B9E9,administrative_parent,ADM4 row / research sector code 43551614; dated ADM3 parent 4355,,,verified
REL-D8ADC6713B685DC6,1.0.0,current,SRC-TN-HDX-CODAB-2022,ENT-TN-IMADA-2255720,high,,ENT-TN-DELEGATION-3D8C44AF7D14,administrative_parent,ADM4 row / research sector code 2255720; dated ADM3 parent 2255,,,verified
REL-D8BDCF5231C3571C,1.0.0,current,SRC-TN-DGCL-MUNICIPALITIES-2024,ENT-TN-MUNICIPALITY-1514,high,,ENT-TN-GOVERNORATE-EA30E853F598,administrative_parent,January 2024 workbook row: governorate 15; municipality code 1514,,,verified
REL-D8CAEA1F1EF45E5C,1.0.0,current,SRC-TN-DGCL-MUNICIPALITIES-2024,ENT-TN-MUNICIPALITY-6117,high,,ENT-TN-GOVERNORATE-467CAA2B1928,administrative_parent,January 2024 workbook row: governorate 61; municipality code 6117,,,verified
REL-D8DECA9910735DB0,1.0.0,current,SRC-TN-HDX-CODAB-2022,ENT-TN-IMADA-116074,high,,ENT-TN-DELEGATION-93C5837DFCBF,administrative_parent,ADM4 row / research sector code 116074; dated ADM3 parent 1160,,,verified
REL-D8ECA3E03D695C72,1.0.0,current,SRC-TN-DGCL-MUNICIPALITIES-2024,ENT-TN-MUNICIPALITY-5311,high,,ENT-TN-GOVERNORATE-DAC2A2592975,administrative_parent,January 2024 workbook row: governorate 53; municipality code 5311,,,verified
REL-D8F705F120BF55D6,1.0.0,current,SRC-TN-HDX-CODAB-2022,ENT-TN-IMADA-1253177,high,,ENT-TN-DELEGATION-11CCF21EE571,administrative_parent,ADM4 row / research sector code 1253177; dated ADM3 parent 1253,,,verified
REL-D9017FEE1CFF5209,1.0.0,current,SRC-TN-HDX-CODAB-2022,ENT-TN-IMADA-33561178,high,,ENT-TN-DELEGATION-706200A5C126,administrative_parent,ADM4 row / research sector code 33561178; dated ADM3 parent 3356,,,verified
REL-D90AE0C7ADCC5F8A,1.0.0,current,SRC-TN-HDX-CODAB-2022,ENT-TN-IMADA-52541789,high,,ENT-TN-DELEGATION-F7ED4B759BD6,administrative_parent,ADM4 row / research sector code 52541789; dated ADM3 parent 5254,,,verified
REL-D915029382F151A1,1.0.0,current,SRC-TN-HDX-CODAB-2022,ENT-TN-IMADA-1353223,high,,ENT-TN-DELEGATION-B8BFE8FFB2B8,administrative_parent,ADM4 row / research sector code 1353223; dated ADM3 parent 1353,,,verified
REL-D927190BB50C535E,1.0.0,current,SRC-TN-HDX-CODAB-2022,ENT-TN-IMADA-1555353,high,,ENT-TN-DELEGATION-C7B4FEE5AE08,administrative_parent,ADM4 row / research sector code 1555353; dated ADM3 parent 1555,,,verified
REL-D9398E948D5D57E7,1.0.0,current,SRC-TN-HDX-CODAB-2022,ENT-TN-DELEGATION-D555F337D568,high,,ENT-TN-GOVERNORATE-36E4260B310C,administrative_parent,ADM3 row / dated 264-delegation research code 4260,,,verified
REL-D95C37858F315744,1.0.0,current,SRC-TN-HDX-CODAB-2022,ENT-TN-DELEGATION-ECE5F1EB80F4,high,,ENT-TN-GOVERNORATE-81845FB6BE40,administrative_parent,ADM3 row / dated 264-delegation research code 1655,,,verified
REL-D966EF41F5C956A8,1.0.0,current,SRC-LY-MOLG-MUNICIPALITIES-2026,ENT-LY-MUNICIPALITY-26DC450A3FB8,high,,ENT-LY-COUNTRY,administrative_parent,Municipality list entry: رقدالين,,,verified
REL-D976325DEA33553E,1.0.0,current,SRC-TN-RESEARCH-GEOMETRY-2018,ENT-TN-MUNICIPALITY-2421,medium,Approximate research topology only; this is not an administrative parent relationship.,ENT-TN-DELEGATION-37E43863E13C,boundary_intersects,"sector evidence rows: 2452870,2452871,2452873,2452875,2452876",,,source_verified
REL-D99188B6115C50DF,1.0.0,current,SRC-TN-HDX-CODAB-2022,ENT-TN-IMADA-2151587,high,,ENT-TN-DELEGATION-89B5CE300A2D,administrative_parent,ADM4 row / research sector code 2151587; dated ADM3 parent 2151,,,verified
REL-D9A403BBB7CB5AE4,1.0.0,current,SRC-TN-HDX-CODAB-2022,ENT-TN-DELEGATION-E83D07EB9C29,high,,ENT-TN-GOVERNORATE-97D2B1489F90,administrative_parent,ADM3 row / dated 264-delegation research code 3466,,,verified
REL-D9CD107D9D7D519D,1.0.0,current,SRC-TN-HDX-CODAB-2022,ENT-TN-IMADA-43621681,high,,ENT-TN-DELEGATION-E45902371203,administrative_parent,ADM4 row / research sector code 43621681; dated ADM3 parent 4362,,,verified
REL-D9D3056AA65E50C9,1.0.0,current,SRC-TN-HDX-CODAB-2022,ENT-TN-IMADA-1171151,high,,ENT-TN-DELEGATION-3C575B9AF71B,administrative_parent,ADM4 row / research sector code 1171151; dated ADM3 parent 1171,,,verified
REL-D9FE98B065475652,1.0.0,current,SRC-TN-DGCL-MUNICIPALITIES-2024,ENT-TN-MUNICIPALITY-3417,high,,ENT-TN-GOVERNORATE-97D2B1489F90,administrative_parent,January 2024 workbook row: governorate 34; municipality code 3417,,,verified
REL-DA25D4002F1F54E0,1.0.0,current,SRC-TN-HDX-CODAB-2022,ENT-TN-IMADA-52521767,high,,ENT-TN-DELEGATION-B117D836FA70,administrative_parent,ADM4 row / research sector code 52521767; dated ADM3 parent 5252,,,verified
REL-DA2E05872DD95317,1.0.0,current,SRC-TN-HDX-CODAB-2022,ENT-TN-IMADA-42551499,high,,ENT-TN-DELEGATION-5D62B4C8161F,administrative_parent,ADM4 row / research sector code 42551499; dated ADM3 parent 4255,,,verified
REL-DA5A81545B4D5C77,1.0.0,current,SRC-TN-HDX-CODAB-2022,ENT-TN-IMADA-1152110,high,,ENT-TN-DELEGATION-CC12560912DD,administrative_parent,ADM4 row / research sector code 1152110; dated ADM3 parent 1152,,,verified
REL-DA63B444D3BA5ABF,1.0.0,current,SRC-TN-RESEARCH-GEOMETRY-2018,ENT-TN-MUNICIPALITY-4228,medium,Approximate research topology only; this is not an administrative parent relationship.,ENT-TN-DELEGATION-52AE19694D81,boundary_intersects,"sector evidence rows: 42611542,42611543,42611546,42611549",,,source_verified
REL-DA9DFCD268DF5709,1.0.0,current,SRC-TN-HDX-CODAB-2022,ENT-TN-IMADA-52561819,high,,ENT-TN-DELEGATION-584902C8EEE0,administrative_parent,ADM4 row / research sector code 52561819; dated ADM3 parent 5256,,,verified
REL-DAB5F256E4475CC5,1.0.0,current,SRC-TN-RESEARCH-GEOMETRY-2018,ENT-TN-MUNICIPALITY-3118,medium,Approximate research topology only; this is not an administrative parent relationship.,ENT-TN-DELEGATION-498ED0DE384B,boundary_intersects,"sector evidence rows: 3158983,3158984,3158985,3158986,3158987,3158988,3158989",,,source_verified
REL-DAC31721EAD355CA,1.0.0,current,SRC-TN-RESEARCH-GEOMETRY-2018,ENT-TN-MUNICIPALITY-4221,medium,Approximate research topology only; this is not an administrative parent relationship.,ENT-TN-DELEGATION-8B659FB150BF,boundary_intersects,"sector evidence rows: 42581515,42581516,42581517,42581518,42581519,42581520",,,source_verified
REL-DAE4B7D8412E5A78,1.0.0,current,SRC-TN-DGCL-MUNICIPALITIES-2024,ENT-TN-MUNICIPALITY-3411,high,,ENT-TN-GOVERNORATE-97D2B1489F90,administrative_parent,January 2024 workbook row: governorate 34; municipality code 3411,,,verified
REL-DAEFC5F731B252C2,1.0.0,current,SRC-TN-HDX-CODAB-2022,ENT-TN-IMADA-3160995,high,,ENT-TN-DELEGATION-AC41B378E3D9,administrative_parent,ADM4 row / research sector code 3160995; dated ADM3 parent 3160,,,verified
REL-DB2B671F22015367,1.0.0,current,SRC-TN-HDX-CODAB-2022,ENT-TN-IMADA-115415,high,,ENT-TN-DELEGATION-22BE73F7EFB2,administrative_parent,ADM4 row / research sector code 115415; dated ADM3 parent 1154,,,verified
REL-DB4E4F74C4ED5239,1.0.0,current,SRC-TN-HDX-CODAB-2022,ENT-TN-IMADA-1763569,high,,ENT-TN-DELEGATION-CB0D8DF8758C,administrative_parent,ADM4 row / research sector code 1763569; dated ADM3 parent 1763,,,verified
REL-DB6D8FFC802F5371,1.0.0,current,SRC-TN-HDX-CODAB-2022,ENT-TN-IMADA-52561826,high,,ENT-TN-DELEGATION-584902C8EEE0,administrative_parent,ADM4 row / research sector code 52561826; dated ADM3 parent 5256,,,verified
REL-DB71325BEE115CEE,1.0.0,current,SRC-TN-HDX-CODAB-2022,ENT-TN-IMADA-3152952,high,,ENT-TN-DELEGATION-05AAF8FA23F6,administrative_parent,ADM4 row / research sector code 3152952; dated ADM3 parent 3166,,,verified
REL-DB7C9ECC85CB5A50,1.0.0,current,SRC-TN-HDX-CODAB-2022,ENT-TN-IMADA-34621314,high,,ENT-TN-DELEGATION-5CE249CD9A5F,administrative_parent,ADM4 row / research sector code 34621314; dated ADM3 parent 3462,,,verified
REL-DB9650616D64533C,1.0.0,current,SRC-TN-HDX-CODAB-2022,ENT-TN-IMADA-52541796,high,,ENT-TN-DELEGATION-F7ED4B759BD6,administrative_parent,ADM4 row / research sector code 52541796; dated ADM3 parent 5254,,,verified
REL-DBC2E97E662F5D57,1.0.0,current,SRC-TN-HDX-CODAB-2022,ENT-TN-IMADA-34631327,high,,ENT-TN-DELEGATION-17B9E0494EC7,administrative_parent,ADM4 row / research sector code 34631327; dated ADM3 parent 3463,,,verified
REL-DBD6B61807845FEC,1.0.0,current,SRC-TN-HDX-CODAB-2022,ENT-TN-IMADA-51601742,high,,ENT-TN-DELEGATION-5BB9BF889AC5,administrative_parent,ADM4 row / research sector code 51601742; dated ADM3 parent 5160,,,verified
REL-DC056B9FA2BD5E9F,1.0.0,current,SRC-TN-HDX-CODAB-2022,ENT-TN-IMADA-2456901,high,,ENT-TN-DELEGATION-5D1C1977A0A6,administrative_parent,ADM4 row / research sector code 2456901; dated ADM3 parent 2456,,,verified
REL-DC1FBA1B08F85362,1.0.0,current,SRC-TN-HDX-CODAB-2022,ENT-TN-IMADA-51571725,high,,ENT-TN-DELEGATION-5BAD0A66CCEB,administrative_parent,ADM4 row / research sector code 51571725; dated ADM3 parent 5157,,,verified
REL-DC394C69A3875108,1.0.0,current,SRC-TN-HDX-CODAB-2022,ENT-TN-IMADA-1352215,high,,ENT-TN-DELEGATION-10DD70515DA0,administrative_parent,ADM4 row / research sector code 1352215; dated ADM3 parent 1352,,,verified
REL-DC3CD0728C0451C5,1.0.0,current,SRC-TN-HDX-CODAB-2022,ENT-TN-IMADA-33551170,high,,ENT-TN-DELEGATION-7893E2F13C86,administrative_parent,ADM4 row / research sector code 33551170; dated ADM3 parent 3355,,,verified
REL-DC56FFD6AE355645,1.0.0,current,SRC-TN-HDX-CODAB-2022,ENT-TN-DELEGATION-6EFE1FF87CAA,high,,ENT-TN-GOVERNORATE-902616FE3988,administrative_parent,ADM3 row / dated 264-delegation research code 5255,,,verified
REL-DC631EBC4BEB53FE,1.0.0,current,SRC-TN-HDX-CODAB-2022,ENT-TN-DELEGATION-F7ED1EE6DC53,high,,ENT-TN-GOVERNORATE-B1787F907937,administrative_parent,ADM3 row / dated 264-delegation research code 1762,,,verified
REL-DC646F86544B5384,1.0.0,current,SRC-TN-HDX-CODAB-2022,ENT-TN-IMADA-1361266,high,,ENT-TN-DELEGATION-678C562CAA1C,administrative_parent,ADM4 row / research sector code 1361266; dated ADM3 parent 1361,,,verified
REL-DC680148348256B9,1.0.0,current,SRC-TN-DGCL-MUNICIPALITIES-2024,ENT-TN-MUNICIPALITY-2314,high,,ENT-TN-GOVERNORATE-0D738EAC753C,administrative_parent,January 2024 workbook row: governorate 23; municipality code 2314,,,verified
REL-DC6E6D4EF954540A,1.0.0,current,SRC-TN-HDX-CODAB-2022,ENT-TN-IMADA-2456900,high,,ENT-TN-DELEGATION-5D1C1977A0A6,administrative_parent,ADM4 row / research sector code 2456900; dated ADM3 parent 2456,,,verified
REL-DC701E67D0A15FF6,1.0.0,current,SRC-TN-HDX-CODAB-2022,ENT-TN-IMADA-115931,high,,ENT-TN-DELEGATION-0B11B353C556,administrative_parent,ADM4 row / research sector code 115931; dated ADM3 parent 1159,,,verified
REL-DC74F683306B5694,1.0.0,current,SRC-TN-RESEARCH-GEOMETRY-2018,ENT-TN-MUNICIPALITY-1724,medium,Approximate research topology only; this is not an administrative parent relationship.,ENT-TN-DELEGATION-920707B361CE,boundary_intersects,"sector evidence rows: 1760549,1760550,1760551,1760552,1760553,1760554,1760555,1760556",,,source_verified
REL-DC881592F20C5821,1.0.0,current,SRC-LY-MOLG-MUNICIPALITIES-2026,ENT-LY-MUNICIPALITY-D4A4D9543C77,high,,ENT-LY-COUNTRY,administrative_parent,Municipality list entry: يفرن,,,verified
REL-DC90D20AC84756B0,1.0.0,current,SRC-TN-HDX-CODAB-2022,ENT-TN-IMADA-43511575,high,,ENT-TN-DELEGATION-DB05A1325AE3,administrative_parent,ADM4 row / research sector code 43511575; dated ADM3 parent 4351,,,verified
REL-DC911EC8C12F5A33,1.0.0,current,SRC-TN-HDX-CODAB-2022,ENT-TN-IMADA-2254713,high,,ENT-TN-DELEGATION-0A43143796F7,administrative_parent,ADM4 row / research sector code 2254713; dated ADM3 parent 2254,,,verified
REL-DC996F1D4EF95FB4,1.0.0,current,SRC-TN-HDX-CODAB-2022,ENT-TN-IMADA-3160996,high,,ENT-TN-DELEGATION-AC41B378E3D9,administrative_parent,ADM4 row / research sector code 3160996; dated ADM3 parent 3160,,,verified
REL-DCD1D79713955232,1.0.0,current,SRC-TN-RESEARCH-GEOMETRY-2018,ENT-TN-MUNICIPALITY-2213,medium,Approximate research topology only; this is not an administrative parent relationship.,ENT-TN-DELEGATION-0A43143796F7,boundary_intersects,"sector evidence rows: 2254709,2254710,2254711,2254715",,,source_verified
REL-DCEB1F0257D752EA,1.0.0,current,SRC-TN-RESEARCH-GEOMETRY-2018,ENT-TN-MUNICIPALITY-6314,medium,Approximate research topology only; this is not an administrative parent relationship.,ENT-TN-DELEGATION-3512572DC050,boundary_intersects,sector evidence rows: 63542052,,,source_verified
REL-DD2FD8B7E91558E2,1.0.0,current,SRC-TN-HDX-CODAB-2022,ENT-TN-IMADA-115847,high,,ENT-TN-DELEGATION-B426671C7506,administrative_parent,ADM4 row / research sector code 115847; dated ADM3 parent 1158,,,verified
REL-DD325177DC1156A0,1.0.0,current,SRC-TN-HDX-CODAB-2022,ENT-TN-IMADA-1764576,high,,ENT-TN-DELEGATION-28A3B2254932,administrative_parent,ADM4 row / research sector code 1764576; dated ADM3 parent 1764,,,verified
REL-DD3CA4BE2A3A5AD0,1.0.0,current,SRC-TN-HDX-CODAB-2022,ENT-TN-IMADA-1357237,high,,ENT-TN-DELEGATION-0E56BD3D1B3A,administrative_parent,ADM4 row / research sector code 1357237; dated ADM3 parent 1357,,,verified
REL-DD4EB4AA653459C2,1.0.0,current,SRC-TN-HDX-CODAB-2022,ENT-TN-IMADA-116584,high,,ENT-TN-DELEGATION-0156C9A906A2,administrative_parent,ADM4 row / research sector code 116584; dated ADM3 parent 1165,,,verified
REL-DD65A55ADF0E532A,1.0.0,current,SRC-TN-HDX-CODAB-2022,ENT-TN-IMADA-52561824,high,,ENT-TN-DELEGATION-584902C8EEE0,administrative_parent,ADM4 row / research sector code 52561824; dated ADM3 parent 5256,,,verified
REL-DD6D8E2EE856574A,1.0.0,current,SRC-TN-RESEARCH-GEOMETRY-2018,ENT-TN-MUNICIPALITY-3126,medium,Approximate research topology only; this is not an administrative parent relationship.,ENT-TN-DELEGATION-BFF07C1D0C4A,boundary_intersects,"sector evidence rows: 31621015,31621016,31621017,31621018,31621019,31621020,31621021",,,source_verified
REL-DD7043A43B8759F0,1.0.0,current,SRC-TN-HDX-CODAB-2022,ENT-TN-IMADA-31621020,high,,ENT-TN-DELEGATION-BFF07C1D0C4A,administrative_parent,ADM4 row / research sector code 31621020; dated ADM3 parent 3162,,,verified
REL-DD726FA19D6F5023,1.0.0,current,SRC-TN-DGCL-MUNICIPALITIES-2024,ENT-TN-MUNICIPALITY-4218,high,,ENT-TN-GOVERNORATE-36E4260B310C,administrative_parent,January 2024 workbook row: governorate 42; municipality code 4218,,,verified
REL-DD7BD69CE6635E2C,1.0.0,current,SRC-TN-HDX-CODAB-2022,ENT-TN-IMADA-116834,high,,ENT-TN-DELEGATION-3178EC239E79,administrative_parent,ADM4 row / research sector code 116834; dated ADM3 parent 1168,,,verified
REL-DD7D3746F60C55DE,1.0.0,current,SRC-TN-HDX-CODAB-2022,ENT-TN-IMADA-51541705,high,,ENT-TN-DELEGATION-7D9681B14049,administrative_parent,ADM4 row / research sector code 51541705; dated ADM3 parent 5154,,,verified
REL-DDCA5E568E4F5BC7,1.0.0,current,SRC-TN-HDX-CODAB-2022,ENT-TN-IMADA-1753493,high,,ENT-TN-DELEGATION-529F20CCEFFA,administrative_parent,ADM4 row / research sector code 1753493; dated ADM3 parent 1753,,,verified
REL-DDCB1B25FA2754BF,1.0.0,current,SRC-TN-HDX-CODAB-2022,ENT-TN-IMADA-43571627,high,,ENT-TN-DELEGATION-69C4DE6E547E,administrative_parent,ADM4 row / research sector code 43571627; dated ADM3 parent 4357,,,verified
REL-DDD29898A0005957,1.0.0,current,SRC-TN-HDX-CODAB-2022,ENT-TN-IMADA-43611663,high,,ENT-TN-DELEGATION-755242916060,administrative_parent,ADM4 row / research sector code 43611663; dated ADM3 parent 4361,,,verified
REL-DDDCE7CC286B59F2,1.0.0,current,SRC-TN-DGCL-MUNICIPALITIES-2024,ENT-TN-MUNICIPALITY-1538,high,,ENT-TN-GOVERNORATE-EA30E853F598,administrative_parent,January 2024 workbook row: governorate 15; municipality code 1538,,,verified
REL-DDDEB9C56B3059F8,1.0.0,current,SRC-TN-HDX-CODAB-2022,ENT-TN-DELEGATION-9BE55C4562EE,high,,ENT-TN-GOVERNORATE-DB8D5C457676,administrative_parent,ADM3 row / dated 264-delegation research code 1161,,,verified
REL-DDEAAA50B61555D5,1.0.0,current,SRC-TN-HDX-CODAB-2022,ENT-TN-IMADA-33611223,high,,ENT-TN-DELEGATION-8CD3CBC66F17,administrative_parent,ADM4 row / research sector code 33611223; dated ADM3 parent 3361,,,verified
REL-DE29C658974159C3,1.0.0,current,SRC-TN-HDX-CODAB-2022,ENT-TN-DELEGATION-A8FC78D96A53,high,,ENT-TN-GOVERNORATE-CC06DF550344,administrative_parent,ADM3 row / dated 264-delegation research code 1455,,,verified
REL-DE62138C199E5E72,1.0.0,current,SRC-TN-HDX-CODAB-2022,ENT-TN-IMADA-1358246,high,,ENT-TN-DELEGATION-7667BCFBBD94,administrative_parent,ADM4 row / research sector code 1358246; dated ADM3 parent 1358,,,verified
REL-DE76320E83FB51F1,1.0.0,current,SRC-TN-HDX-CODAB-2022,ENT-TN-IMADA-34641334,high,,ENT-TN-DELEGATION-02E328685503,administrative_parent,ADM4 row / research sector code 34641334; dated ADM3 parent 3464,,,verified
REL-DE7E73BCD9E350FB,1.0.0,current,SRC-TN-HDX-CODAB-2022,ENT-TN-IMADA-2251687,high,,ENT-TN-DELEGATION-819F7F2E27F9,administrative_parent,ADM4 row / research sector code 2251687; dated ADM3 parent 2251,,,verified
REL-DE8A640CF7605DCC,1.0.0,current,SRC-TN-HDX-CODAB-2022,ENT-TN-IMADA-1557370,high,,ENT-TN-DELEGATION-6DD1C12A1852,administrative_parent,ADM4 row / research sector code 1557370; dated ADM3 parent 1557,,,verified
REL-DEAD3ECC124658E7,1.0.0,current,SRC-TN-HDX-CODAB-2022,ENT-TN-IMADA-2153610,high,,ENT-TN-DELEGATION-64B47287C7CC,administrative_parent,ADM4 row / research sector code 2153610; dated ADM3 parent 2153,,,verified
REL-DEAFD3634F3D5868,1.0.0,current,SRC-TN-HDX-CODAB-2022,ENT-TN-IMADA-1751486,high,,ENT-TN-DELEGATION-AADE7E444312,administrative_parent,ADM4 row / research sector code 1751486; dated ADM3 parent 1751,,,verified
REL-DECB64775A345BEF,1.0.0,current,SRC-TN-HDX-CODAB-2022,ENT-TN-IMADA-41611463,high,,ENT-TN-DELEGATION-F9557E5DC693,administrative_parent,ADM4 row / research sector code 41611463; dated ADM3 parent 4161,,,verified
REL-DED2ECDF4855551E,1.0.0,current,SRC-TN-HDX-CODAB-2022,ENT-TN-IMADA-2154618,high,,ENT-TN-DELEGATION-028DF902ABF9,administrative_parent,ADM4 row / research sector code 2154618; dated ADM3 parent 2154,,,verified
REL-DEF4BBC82EB85D5A,1.0.0,current,SRC-TN-HDX-CODAB-2022,ENT-TN-IMADA-2361853,high,,ENT-TN-DELEGATION-05E0AB3C372D,administrative_parent,ADM4 row / research sector code 2361853; dated ADM3 parent 2361,,,verified
REL-DEF66A7FB6905405,1.0.0,current,SRC-TN-HDX-CODAB-2022,ENT-TN-IMADA-1754504,high,,ENT-TN-DELEGATION-00E4826B36E2,administrative_parent,ADM4 row / research sector code 1754504; dated ADM3 parent 1754,,,verified
REL-DF25AA6DFD7F5591,1.0.0,current,SRC-TN-HDX-CODAB-2022,ENT-TN-IMADA-1458325,high,,ENT-TN-DELEGATION-8CAB25CD1628,administrative_parent,ADM4 row / research sector code 1458325; dated ADM3 parent 1458,,,verified
REL-DF531C42AA2A53B1,1.0.0,current,SRC-TN-HDX-CODAB-2022,ENT-TN-DELEGATION-909BD4DC039A,high,,ENT-TN-GOVERNORATE-EA30E853F598,administrative_parent,ADM3 row / dated 264-delegation research code 1551,,,verified
REL-DF55B88AF2B253A0,1.0.0,current,SRC-TN-HDX-CODAB-2022,ENT-TN-IMADA-41541387,high,,ENT-TN-DELEGATION-A6D2E459547E,administrative_parent,ADM4 row / research sector code 41541387; dated ADM3 parent 4154,,,verified
REL-DF67BF03F9725A29,1.0.0,current,SRC-TN-HDX-CODAB-2022,ENT-TN-IMADA-32521058,high,,ENT-TN-DELEGATION-7D47DBFD2C6B,administrative_parent,ADM4 row / research sector code 32521058; dated ADM3 parent 3252,,,verified
REL-DF68F4F866FF50DD,1.0.0,current,SRC-TN-HDX-CODAB-2022,ENT-TN-DELEGATION-15A144D6467E,high,,ENT-TN-GOVERNORATE-97D2B1489F90,administrative_parent,ADM3 row / dated 264-delegation research code 3460,,,verified
REL-DF7191D217D65053,1.0.0,current,SRC-TN-HDX-CODAB-2022,ENT-TN-GOVERNORATE-E7D96FEF5043,high,,ENT-TN-COUNTRY,administrative_parent,ADM2 row / research governorate code 33,,,verified
REL-DF83F2923CF75486,1.0.0,current,SRC-TN-HDX-CODAB-2022,ENT-TN-DELEGATION-01345A7C882C,high,,ENT-TN-GOVERNORATE-D5ED89886664,administrative_parent,ADM3 row / dated 264-delegation research code 1360,,,verified
REL-DFBAEAFF43625792,1.0.0,current,SRC-LY-MOLG-MUNICIPALITIES-2026,ENT-LY-MUNICIPALITY-755907720F73,high,,ENT-LY-COUNTRY,administrative_parent,Municipality list entry: القيقب,,,verified
REL-DFCBAAE05B3E5695,1.0.0,current,SRC-TN-HDX-CODAB-2022,ENT-TN-IMADA-1753500,high,,ENT-TN-DELEGATION-529F20CCEFFA,administrative_parent,ADM4 row / research sector code 1753500; dated ADM3 parent 1753,,,verified
REL-DFFE019828255A55,1.0.0,current,SRC-TN-RESEARCH-GEOMETRY-2018,ENT-TN-MUNICIPALITY-3314,medium,Approximate research topology only; this is not an administrative parent relationship.,ENT-TN-DELEGATION-1A266F9B008F,boundary_intersects,"sector evidence rows: 33531149,33531150,33531151,33531152,33531153,33531154,33531155,33531156",,,source_verified
REL-E007A9D0A343551B,1.0.0,current,SRC-TN-HDX-CODAB-2022,ENT-TN-IMADA-33511127,high,,ENT-TN-DELEGATION-E56B524C71BE,administrative_parent,ADM4 row / research sector code 33511127; dated ADM3 parent 3351,,,verified
REL-E0137B45EED0571A,1.0.0,current,SRC-TN-HDX-CODAB-2022,ENT-TN-DELEGATION-EE60D65B9935,high,,ENT-TN-GOVERNORATE-902616FE3988,administrative_parent,ADM3 row / dated 264-delegation research code 5251,,,verified
REL-E065154C982051A5,1.0.0,current,SRC-TN-HDX-CODAB-2022,ENT-TN-IMADA-42571514,high,,ENT-TN-DELEGATION-184C444E7833,administrative_parent,ADM4 row / research sector code 42571514; dated ADM3 parent 4257,,,verified
REL-E077FCF865385281,1.0.0,current,SRC-TN-RESEARCH-GEOMETRY-2018,ENT-TN-MUNICIPALITY-4127,medium,Approximate research topology only; this is not an administrative parent relationship.,ENT-TN-DELEGATION-46D8F9A49020,boundary_intersects,"sector evidence rows: 41601451,41601452",,,source_verified
REL-E08324C03FCB5998,1.0.0,current,SRC-TN-HDX-CODAB-2022,ENT-TN-IMADA-115557,high,,ENT-TN-DELEGATION-6027493801C5,administrative_parent,ADM4 row / research sector code 115557; dated ADM3 parent 1155,,,verified
REL-E0BC31C92EC2591D,1.0.0,current,SRC-TN-HDX-CODAB-2022,ENT-TN-IMADA-2158659,high,,ENT-TN-DELEGATION-E8E2CE15323A,administrative_parent,ADM4 row / research sector code 2158659; dated ADM3 parent 2158,,,verified
REL-E0CF182B7C3558D1,1.0.0,current,SRC-TN-HDX-CODAB-2022,ENT-TN-IMADA-32571088,high,,ENT-TN-DELEGATION-A9FD50013858,administrative_parent,ADM4 row / research sector code 32571088; dated ADM3 parent 3257,,,verified
REL-E0F93200C80459BA,1.0.0,current,SRC-TN-HDX-CODAB-2022,ENT-TN-IMADA-1762565,high,,ENT-TN-DELEGATION-F7ED1EE6DC53,administrative_parent,ADM4 row / research sector code 1762565; dated ADM3 parent 1762,,,verified
REL-E0FD822153EA50C6,1.0.0,current,SRC-TN-RESEARCH-GEOMETRY-2018,ENT-TN-MUNICIPALITY-1111,medium,Approximate research topology only; this is not an administrative parent relationship.,ENT-TN-DELEGATION-0B11B353C556,boundary_intersects,"sector evidence rows: 115926,115927,115928,115929,115930,115931,11599998,11599999",,,source_verified
REL-E100208BEA145591,1.0.0,current,SRC-TN-HDX-CODAB-2022,ENT-TN-IMADA-2257752,high,,ENT-TN-DELEGATION-36D776E11570,administrative_parent,ADM4 row / research sector code 2257752; dated ADM3 parent 2257,,,verified
REL-E11A08A9D7C3553F,1.0.0,current,SRC-TN-HDX-CODAB-2022,ENT-TN-IMADA-62532009,high,,ENT-TN-DELEGATION-21A9D436EAA7,administrative_parent,ADM4 row / research sector code 62532009; dated ADM3 parent 6253,,,verified
REL-E13EEAA5E34F5C9D,1.0.0,current,SRC-TN-HDX-CODAB-2022,ENT-TN-IMADA-42611540,high,,ENT-TN-DELEGATION-52AE19694D81,administrative_parent,ADM4 row / research sector code 42611540; dated ADM3 parent 4261,,,verified
REL-E14E5EFFC10057D1,1.0.0,current,SRC-TN-HDX-CODAB-2022,ENT-TN-IMADA-32551075,high,,ENT-TN-DELEGATION-00EC6583A4A3,administrative_parent,ADM4 row / research sector code 32551075; dated ADM3 parent 3255,,,verified
REL-E16698A9993A59D0,1.0.0,current,SRC-TN-HDX-CODAB-2022,ENT-TN-IMADA-32521060,high,,ENT-TN-DELEGATION-7D47DBFD2C6B,administrative_parent,ADM4 row / research sector code 32521060; dated ADM3 parent 3252,,,verified
REL-E16FF2606A8F5C42,1.0.0,current,SRC-TN-HDX-CODAB-2022,ENT-TN-IMADA-33541157,high,,ENT-TN-DELEGATION-64DEA9083EA0,administrative_parent,ADM4 row / research sector code 33541157; dated ADM3 parent 3354,,,verified
REL-E1805AE05B4750A1,1.0.0,current,SRC-TN-HDX-CODAB-2022,ENT-TN-IMADA-41511356,high,,ENT-TN-DELEGATION-9CCDCAF94A4A,administrative_parent,ADM4 row / research sector code 41511356; dated ADM3 parent 4151,,,verified
REL-E18108D9785D55E2,1.0.0,current,SRC-TN-HDX-CODAB-2022,ENT-TN-IMADA-42561504,high,,ENT-TN-DELEGATION-FD2AE43A4C3D,administrative_parent,ADM4 row / research sector code 42561504; dated ADM3 parent 4256,,,verified
REL-E19CE06E27FE5DDA,1.0.0,current,SRC-TN-HDX-CODAB-2022,ENT-TN-IMADA-62511993,high,,ENT-TN-DELEGATION-0410399059C4,administrative_parent,ADM4 row / research sector code 62511993; dated ADM3 parent 6251,,,verified
REL-E19CF9AAA5DB5A67,1.0.0,current,SRC-TN-DGCL-MUNICIPALITIES-2024,ENT-TN-MUNICIPALITY-6119,high,,ENT-TN-GOVERNORATE-467CAA2B1928,administrative_parent,January 2024 workbook row: governorate 61; municipality code 6119,,,verified
REL-E1D3F1B05B7E5D9A,1.0.0,current,SRC-TN-HDX-CODAB-2022,ENT-TN-IMADA-52541790,high,,ENT-TN-DELEGATION-F7ED4B759BD6,administrative_parent,ADM4 row / research sector code 52541790; dated ADM3 parent 5254,,,verified
REL-E1D804192D695462,1.0.0,current,SRC-TN-HDX-CODAB-2022,ENT-TN-IMADA-51601747,high,,ENT-TN-DELEGATION-5BB9BF889AC5,administrative_parent,ADM4 row / research sector code 51601747; dated ADM3 parent 5160,,,verified
REL-E1E5507FF1E05364,1.0.0,current,SRC-TN-RESEARCH-GEOMETRY-2018,ENT-TN-MUNICIPALITY-2415,medium,Approximate research topology only; this is not an administrative parent relationship.,ENT-TN-DELEGATION-5D1C1977A0A6,boundary_intersects,"sector evidence rows: 2456897,2456898,2456899,2456900,2456901,2456902",,,source_verified
REL-E22B256D241D5750,1.0.0,current,SRC-TN-HDX-CODAB-2022,ENT-TN-GOVERNORATE-D5ED89886664,high,,ENT-TN-COUNTRY,administrative_parent,ADM2 row / research governorate code 13,,,verified
REL-E23813E925F0524C,1.0.0,current,SRC-TN-HDX-CODAB-2022,ENT-TN-IMADA-116398,high,,ENT-TN-DELEGATION-FE081F997DC5,administrative_parent,ADM4 row / research sector code 116398; dated ADM3 parent 1163,,,verified
REL-E2545EC25087544D,1.0.0,current,SRC-TN-HDX-CODAB-2022,ENT-TN-IMADA-53511861,high,,ENT-TN-DELEGATION-36BABB1475F8,administrative_parent,ADM4 row / research sector code 53511861; dated ADM3 parent 5351,,,verified
REL-E281800F9ED45C54,1.0.0,current,SRC-TN-HDX-CODAB-2022,ENT-TN-IMADA-1163102,high,,ENT-TN-DELEGATION-FE081F997DC5,administrative_parent,ADM4 row / research sector code 1163102; dated ADM3 parent 1163,,,verified
REL-E2A75389FBCC5D01,1.0.0,current,SRC-TN-HDX-CODAB-2022,ENT-TN-IMADA-41581435,high,,ENT-TN-DELEGATION-A9A2E64081DA,administrative_parent,ADM4 row / research sector code 41581435; dated ADM3 parent 4158,,,verified
REL-E2D2F8BD9EEA55BE,1.0.0,current,SRC-TN-RESEARCH-GEOMETRY-2018,ENT-TN-MUNICIPALITY-4115,medium,Approximate research topology only; this is not an administrative parent relationship.,ENT-TN-DELEGATION-6EC1A2137D0E,boundary_intersects,"sector evidence rows: 41551408,41551410",,,source_verified
REL-E2D952FC6E4652D0,1.0.0,current,SRC-TN-DGCL-MUNICIPALITIES-2024,ENT-TN-MUNICIPALITY-3418,high,,ENT-TN-GOVERNORATE-97D2B1489F90,administrative_parent,January 2024 workbook row: governorate 34; municipality code 3418,,,verified
REL-E2F17F89E4A15E48,1.0.0,current,SRC-TN-HDX-CODAB-2022,ENT-TN-DELEGATION-A6449AC11294,high,,ENT-TN-GOVERNORATE-D5ED89886664,administrative_parent,ADM3 row / dated 264-delegation research code 1354,,,verified
REL-E30918FD05325117,1.0.0,current,SRC-TN-RESEARCH-GEOMETRY-2018,ENT-TN-MUNICIPALITY-2416,medium,Approximate research topology only; this is not an administrative parent relationship.,ENT-TN-DELEGATION-78A6B0904A2B,boundary_intersects,"sector evidence rows: 2457903,2457904,2457905,2457906,2457907,2457908,2457909,2457910,2457911,2457912,2457913",,,source_verified
REL-E30E66774BA2592F,1.0.0,current,SRC-TN-DGCL-MUNICIPALITIES-2024,ENT-TN-MUNICIPALITY-3314,high,,ENT-TN-GOVERNORATE-E7D96FEF5043,administrative_parent,January 2024 workbook row: governorate 33; municipality code 3314,,,verified
REL-E31742F72C2256D8,1.0.0,current,SRC-TN-HDX-CODAB-2022,ENT-TN-IMADA-42541485,high,,ENT-TN-DELEGATION-00555D763B13,administrative_parent,ADM4 row / research sector code 42541485; dated ADM3 parent 4254,,,verified
REL-E32E3E7F26DF5997,1.0.0,current,SRC-TN-HDX-CODAB-2022,ENT-TN-IMADA-43561619,high,,ENT-TN-DELEGATION-A5B79B7F0981,administrative_parent,ADM4 row / research sector code 43561619; dated ADM3 parent 4356,,,verified
REL-E3431FB09ABF5D3B,1.0.0,current,SRC-TN-HDX-CODAB-2022,ENT-TN-IMADA-31601000,high,,ENT-TN-DELEGATION-AC41B378E3D9,administrative_parent,ADM4 row / research sector code 31601000; dated ADM3 parent 3160,,,verified
REL-E357946FCE9057DB,1.0.0,current,SRC-TN-HDX-CODAB-2022,ENT-TN-DELEGATION-00F12985BEC9,high,,ENT-TN-GOVERNORATE-EA30E853F598,administrative_parent,ADM3 row / dated 264-delegation research code 1553,,,verified
REL-E36083BE8EF352DC,1.0.0,current,SRC-TN-DGCL-MUNICIPALITIES-2024,ENT-TN-MUNICIPALITY-4114,high,,ENT-TN-GOVERNORATE-D28A09D558AD,administrative_parent,January 2024 workbook row: governorate 41; municipality code 4114,,,verified
REL-E36464D692E25A84,1.0.0,current,SRC-TN-HDX-CODAB-2022,ENT-TN-IMADA-1561388,high,,ENT-TN-DELEGATION-4A822090C35C,administrative_parent,ADM4 row / research sector code 1561388; dated ADM3 parent 1561,,,verified
REL-E368513DCEB7558D,1.0.0,current,SRC-TN-RESEARCH-GEOMETRY-2018,ENT-TN-MUNICIPALITY-3413,medium,Approximate research topology only; this is not an administrative parent relationship.,ENT-TN-DELEGATION-EA875BA2BFE0,boundary_intersects,"sector evidence rows: 34531248,34531249",,,source_verified
REL-E390C0477D4255BF,1.0.0,current,SRC-TN-HDX-CODAB-2022,ENT-TN-IMADA-34561267,high,,ENT-TN-DELEGATION-99EBA5A17CB9,administrative_parent,ADM4 row / research sector code 34561267; dated ADM3 parent 3456,,,verified
REL-E3D11390C7C95BDA,1.0.0,current,SRC-TN-HDX-CODAB-2022,ENT-TN-IMADA-1656473,high,,ENT-TN-DELEGATION-88077D99D243,administrative_parent,ADM4 row / research sector code 1656473; dated ADM3 parent 1656,,,verified
REL-E3E5F487E0DE5104,1.0.0,current,SRC-TN-HDX-CODAB-2022,ENT-TN-IMADA-3153957,high,,ENT-TN-DELEGATION-9D652FC873EB,administrative_parent,ADM4 row / research sector code 3153957; dated ADM3 parent 3153,,,verified
REL-E414339569605F8F,1.0.0,current,SRC-TN-HDX-CODAB-2022,ENT-TN-IMADA-2459927,high,,ENT-TN-DELEGATION-09D1B99F85DC,administrative_parent,ADM4 row / research sector code 2459927; dated ADM3 parent 2459,,,verified
REL-E41B6854A8B05FC4,1.0.0,current,SRC-TN-HDX-CODAB-2022,ENT-TN-IMADA-61571963,high,,ENT-TN-DELEGATION-55B6CFADA185,administrative_parent,ADM4 row / research sector code 61571963; dated ADM3 parent 6157,,,verified
REL-E429CEC04D2D5D18,1.0.0,current,SRC-TN-DGCL-MUNICIPALITIES-2024,ENT-TN-MUNICIPALITY-1417,high,,ENT-TN-GOVERNORATE-CC06DF550344,administrative_parent,January 2024 workbook row: governorate 14; municipality code 1417,,,verified
REL-E4450298FD8C5DCC,1.0.0,current,SRC-TN-HDX-CODAB-2022,ENT-TN-IMADA-1164126,high,,ENT-TN-DELEGATION-1F3317733151,administrative_parent,ADM4 row / research sector code 1164126; dated ADM3 parent 1164,,,verified
REL-E458EAAF020758ED,1.0.0,current,SRC-TN-HDX-CODAB-2022,ENT-TN-IMADA-34641330,high,,ENT-TN-DELEGATION-02E328685503,administrative_parent,ADM4 row / research sector code 34641330; dated ADM3 parent 3464,,,verified
REL-E464939E35CC5837,1.0.0,current,SRC-TN-HDX-CODAB-2022,ENT-TN-IMADA-1253176,high,,ENT-TN-DELEGATION-11CCF21EE571,administrative_parent,ADM4 row / research sector code 1253176; dated ADM3 parent 1253,,,verified
REL-E476FB6C011754F0,1.0.0,current,SRC-TN-HDX-CODAB-2022,ENT-TN-IMADA-41541399,high,,ENT-TN-DELEGATION-A6D2E459547E,administrative_parent,ADM4 row / research sector code 41541399; dated ADM3 parent 4154,,,verified
REL-E492D894CD1F51E7,1.0.0,current,SRC-TN-HDX-CODAB-2022,ENT-TN-IMADA-1652440,high,,ENT-TN-DELEGATION-C73B8495072E,administrative_parent,ADM4 row / research sector code 1652440; dated ADM3 parent 1652,,,verified
REL-E49423FF4D335EA5,1.0.0,current,SRC-TN-RESEARCH-GEOMETRY-2018,ENT-TN-MUNICIPALITY-6316,medium,Approximate research topology only; this is not an administrative parent relationship.,ENT-TN-DELEGATION-46FFC1059453,boundary_intersects,"sector evidence rows: 63562060,63562061,63562062,63562063,63569999",,,source_verified
REL-E49C3876F6DB5506,1.0.0,current,SRC-TN-HDX-CODAB-2022,ENT-TN-DELEGATION-A9FD50013858,high,,ENT-TN-GOVERNORATE-5BC9A7217C8C,administrative_parent,ADM3 row / dated 264-delegation research code 3257,,,verified
REL-E49CD3A1A36B5483,1.0.0,current,SRC-TN-HDX-CODAB-2022,ENT-TN-IMADA-2251689,high,,ENT-TN-DELEGATION-819F7F2E27F9,administrative_parent,ADM4 row / research sector code 2251689; dated ADM3 parent 2251,,,verified
REL-E4AEA723DA645307,1.0.0,current,SRC-TN-HDX-CODAB-2022,ENT-TN-IMADA-61571958,high,,ENT-TN-DELEGATION-55B6CFADA185,administrative_parent,ADM4 row / research sector code 61571958; dated ADM3 parent 6157,,,verified
REL-E5113A8ED3A75745,1.0.0,current,SRC-TN-HDX-CODAB-2022,ENT-TN-IMADA-32521059,high,,ENT-TN-DELEGATION-7D47DBFD2C6B,administrative_parent,ADM4 row / research sector code 32521059; dated ADM3 parent 3252,,,verified
REL-E520E1C0D1755189,1.0.0,current,SRC-TN-HDX-CODAB-2022,ENT-TN-IMADA-41551407,high,,ENT-TN-DELEGATION-6EC1A2137D0E,administrative_parent,ADM4 row / research sector code 41551407; dated ADM3 parent 4155,,,verified
REL-E5684E05DC3253AB,1.0.0,current,SRC-TN-HDX-CODAB-2022,ENT-TN-IMADA-42611551,high,,ENT-TN-DELEGATION-52AE19694D81,administrative_parent,ADM4 row / research sector code 42611551; dated ADM3 parent 4261,,,verified
REL-E5A182B84335577C,1.0.0,current,SRC-TN-HDX-CODAB-2022,ENT-TN-IMADA-51601751,high,,ENT-TN-DELEGATION-5BB9BF889AC5,administrative_parent,ADM4 row / research sector code 51601751; dated ADM3 parent 5160,,,verified
REL-E5A3306BE1A25467,1.0.0,current,SRC-TN-HDX-CODAB-2022,ENT-TN-IMADA-1152108,high,,ENT-TN-DELEGATION-CC12560912DD,administrative_parent,ADM4 row / research sector code 1152108; dated ADM3 parent 1152,,,verified
REL-E5B20FAD322056C5,1.0.0,current,SRC-TN-RESEARCH-GEOMETRY-2018,ENT-TN-MUNICIPALITY-3111,medium,Approximate research topology only; this is not an administrative parent relationship.,ENT-TN-DELEGATION-3487617C49DD,boundary_intersects,"sector evidence rows: 3151946,3151947,3151948,3151949,3151950",,,source_verified
REL-E5B9DF145AD35D23,1.0.0,current,SRC-TN-HDX-CODAB-2022,ENT-TN-IMADA-115423,high,,ENT-TN-DELEGATION-22BE73F7EFB2,administrative_parent,ADM4 row / research sector code 115423; dated ADM3 parent 1154,,,verified
REL-E5C71E516C235608,1.0.0,current,SRC-TN-HDX-CODAB-2022,ENT-TN-IMADA-43511578,high,,ENT-TN-DELEGATION-DB05A1325AE3,administrative_parent,ADM4 row / research sector code 43511578; dated ADM3 parent 4351,,,verified
REL-E5CF107DE4205D3C,1.0.0,current,SRC-TN-HDX-CODAB-2022,ENT-TN-IMADA-2353790,high,,ENT-TN-DELEGATION-F153AA210A4D,administrative_parent,ADM4 row / research sector code 2353790; dated ADM3 parent 2353,,,verified
REL-E5E3527E78295B21,1.0.0,current,SRC-TN-DGCL-MUNICIPALITIES-2024,ENT-TN-MUNICIPALITY-4118,high,,ENT-TN-GOVERNORATE-D28A09D558AD,administrative_parent,January 2024 workbook row: governorate 41; municipality code 4118,,,verified
REL-E5E92BFA6CA55EFF,1.0.0,current,SRC-TN-HDX-CODAB-2022,ENT-TN-IMADA-42551502,high,,ENT-TN-DELEGATION-5D62B4C8161F,administrative_parent,ADM4 row / research sector code 42551502; dated ADM3 parent 4255,,,verified
REL-E5F55E64927155B1,1.0.0,current,SRC-TN-RESEARCH-GEOMETRY-2018,ENT-TN-MUNICIPALITY-5116,medium,Approximate research topology only; this is not an administrative parent relationship.,ENT-TN-DELEGATION-5BAD0A66CCEB,boundary_intersects,"sector evidence rows: 51571721,51571722,51571723,51571724,51571725,51571726,51571727,51571733",,,source_verified
REL-E5F71838AC275328,1.0.0,current,SRC-TN-DGCL-MUNICIPALITIES-2024,ENT-TN-MUNICIPALITY-1712,high,,ENT-TN-GOVERNORATE-B1787F907937,administrative_parent,January 2024 workbook row: governorate 17; municipality code 1712,,,verified
REL-E60730CBFD265D94,1.0.0,current,SRC-TN-HDX-CODAB-2022,ENT-TN-IMADA-1753494,high,,ENT-TN-DELEGATION-529F20CCEFFA,administrative_parent,ADM4 row / research sector code 1753494; dated ADM3 parent 1753,,,verified
REL-E61E2986EF1C5D65,1.0.0,current,SRC-TN-DGCL-MUNICIPALITIES-2024,ENT-TN-MUNICIPALITY-4128,high,,ENT-TN-GOVERNORATE-D28A09D558AD,administrative_parent,January 2024 workbook row: governorate 41; municipality code 4128,,,verified
REL-E6234030197F5299,1.0.0,current,SRC-LY-MOLG-MUNICIPALITIES-2026,ENT-LY-MUNICIPALITY-2251FEEEA72E,high,,ENT-LY-COUNTRY,administrative_parent,Municipality list entry: العزيزية,,,verified
REL-E636A8B5EB4B568A,1.0.0,current,SRC-TN-HDX-CODAB-2022,ENT-TN-DELEGATION-2A637B595634,high,,ENT-TN-GOVERNORATE-E7D96FEF5043,administrative_parent,ADM3 row / dated 264-delegation research code 3359,,,verified
REL-E63BD458CFBD509D,1.0.0,current,SRC-TN-HDX-CODAB-2022,ENT-TN-IMADA-1656472,high,,ENT-TN-DELEGATION-88077D99D243,administrative_parent,ADM4 row / research sector code 1656472; dated ADM3 parent 1656,,,verified
REL-E63DEA53F7D353CD,1.0.0,current,SRC-LY-MOLG-MUNICIPALITIES-2026,ENT-LY-MUNICIPALITY-F40D066C5986,high,,ENT-LY-COUNTRY,administrative_parent,Municipality list entry: الغريفة,,,verified
REL-E6498E26B7405F5A,1.0.0,current,SRC-TN-DGCL-MUNICIPALITIES-2024,ENT-TN-MUNICIPALITY-2418,high,,ENT-TN-GOVERNORATE-A460B4F223EB,administrative_parent,January 2024 workbook row: governorate 24; municipality code 2418,,,verified
REL-E64BBC2D034F5DCF,1.0.0,current,SRC-TN-DGCL-MUNICIPALITIES-2024,ENT-TN-MUNICIPALITY-3232,high,,ENT-TN-GOVERNORATE-5BC9A7217C8C,administrative_parent,January 2024 workbook row: governorate 32; municipality code 3232,,,verified
REL-E654C85B63A956A5,1.0.0,current,SRC-TN-HDX-CODAB-2022,ENT-TN-IMADA-34571274,high,,ENT-TN-DELEGATION-B1DB2FE90D10,administrative_parent,ADM4 row / research sector code 34571274; dated ADM3 parent 3457,,,verified
REL-E660C571B49754F8,1.0.0,current,SRC-TN-HDX-CODAB-2022,ENT-TN-IMADA-1559382,high,,ENT-TN-DELEGATION-ACB1178786DC,administrative_parent,ADM4 row / research sector code 1559382; dated ADM3 parent 1559,,,verified
REL-E66900D4E80C5C6A,1.0.0,current,SRC-TN-RESEARCH-GEOMETRY-2018,ENT-TN-MUNICIPALITY-1618,medium,Approximate research topology only; this is not an administrative parent relationship.,ENT-TN-DELEGATION-43EBF7A156A6,boundary_intersects,"sector evidence rows: 1654454,1654455,1654456,1654458,1654461,1654462,1654464",,,source_verified
REL-E677F2A0624059B4,1.0.0,current,SRC-TN-HDX-CODAB-2022,ENT-TN-IMADA-34511235,high,,ENT-TN-DELEGATION-A43DBAE26B8A,administrative_parent,ADM4 row / research sector code 34511235; dated ADM3 parent 3451,,,verified
REL-E6784BBB07185032,1.0.0,current,SRC-TN-HDX-CODAB-2022,ENT-TN-IMADA-61541935,high,,ENT-TN-DELEGATION-7A57DEB42C2E,administrative_parent,ADM4 row / research sector code 61541935; dated ADM3 parent 6154,,,verified
REL-E6915748DB5E5B60,1.0.0,current,SRC-TN-HDX-CODAB-2022,ENT-TN-GOVERNORATE-EA2D44B4F25E,high,,ENT-TN-COUNTRY,administrative_parent,ADM2 row / research governorate code 21,,,verified
REL-E6ABE7662EE050ED,1.0.0,current,SRC-TN-HDX-CODAB-2022,ENT-TN-DELEGATION-47EFAA8BC79F,high,,ENT-TN-GOVERNORATE-E7D96FEF5043,administrative_parent,ADM3 row / dated 264-delegation research code 3357,,,verified
REL-E6AC9CCF361C55BA,1.0.0,current,SRC-TN-RESEARCH-GEOMETRY-2018,ENT-TN-MUNICIPALITY-6311,medium,Approximate research topology only; this is not an administrative parent relationship.,ENT-TN-DELEGATION-DEB9F3EFCD2D,boundary_intersects,"sector evidence rows: 63522035,63522036,63522037,63522038,63522039,63522040,63522041,63522042,63522043,63529999",,,source_verified
REL-E6D170A1FE845EC3,1.0.0,current,SRC-TN-HDX-CODAB-2022,ENT-TN-IMADA-31631025,high,,ENT-TN-DELEGATION-E401587A83A1,administrative_parent,ADM4 row / research sector code 31631025; dated ADM3 parent 3163,,,verified
REL-E6E7EA500B8E51B3,1.0.0,current,SRC-TN-HDX-CODAB-2022,ENT-TN-IMADA-2459924,high,,ENT-TN-DELEGATION-09D1B99F85DC,administrative_parent,ADM4 row / research sector code 2459924; dated ADM3 parent 2459,,,verified
REL-E6EF0FF04B695031,1.0.0,current,SRC-TN-HDX-CODAB-2022,ENT-TN-IMADA-34661346,high,,ENT-TN-DELEGATION-E83D07EB9C29,administrative_parent,ADM4 row / research sector code 34661346; dated ADM3 parent 3466,,,verified
REL-E6F2829EDA295605,1.0.0,current,SRC-TN-HDX-CODAB-2022,ENT-TN-IMADA-34591289,high,,ENT-TN-DELEGATION-D8723103173B,administrative_parent,ADM4 row / research sector code 34591289; dated ADM3 parent 3459,,,verified
REL-E6FA73BFE0CE5EDE,1.0.0,current,SRC-TN-HDX-CODAB-2022,ENT-TN-IMADA-2355814,high,,ENT-TN-DELEGATION-FF2BD30691C0,administrative_parent,ADM4 row / research sector code 2355814; dated ADM3 parent 2355,,,verified
REL-E7012C88427452EF,1.0.0,current,SRC-TN-HDX-CODAB-2022,ENT-TN-IMADA-62511997,high,,ENT-TN-DELEGATION-0410399059C4,administrative_parent,ADM4 row / research sector code 62511997; dated ADM3 parent 6251,,,verified
REL-E701C8208F0C5613,1.0.0,current,SRC-TN-DGCL-MUNICIPALITIES-2024,ENT-TN-MUNICIPALITY-3420,high,,ENT-TN-GOVERNORATE-97D2B1489F90,administrative_parent,January 2024 workbook row: governorate 34; municipality code 3420,,,verified
REL-E70443C40F6D5E8C,1.0.0,current,SRC-TN-HDX-CODAB-2022,ENT-TN-IMADA-61541933,high,,ENT-TN-DELEGATION-7A57DEB42C2E,administrative_parent,ADM4 row / research sector code 61541933; dated ADM3 parent 6154,,,verified
REL-E71D06C0E4575842,1.0.0,current,SRC-TN-HDX-CODAB-2022,ENT-TN-DELEGATION-3178EC239E79,high,,ENT-TN-GOVERNORATE-DB8D5C457676,administrative_parent,ADM3 row / dated 264-delegation research code 1168,,,verified
REL-E7366DF2EDAB5DEF,1.0.0,current,SRC-TN-HDX-CODAB-2022,ENT-TN-IMADA-1560387,high,,ENT-TN-DELEGATION-29092E1ECD11,administrative_parent,ADM4 row / research sector code 1560387; dated ADM3 parent 1560,,,verified
REL-E742613DD02C5DEA,1.0.0,current,SRC-TN-HDX-CODAB-2022,ENT-TN-IMADA-2251680,high,,ENT-TN-DELEGATION-819F7F2E27F9,administrative_parent,ADM4 row / research sector code 2251680; dated ADM3 parent 2251,,,verified
REL-E7621CC0CE575D37,1.0.0,current,SRC-TN-HDX-CODAB-2022,ENT-TN-IMADA-1362275,high,,ENT-TN-DELEGATION-D4FC46D8AB0D,administrative_parent,ADM4 row / research sector code 1362275; dated ADM3 parent 1362,,,verified
REL-E7752ADC0E935EBB,1.0.0,current,SRC-TN-HDX-CODAB-2022,ENT-TN-IMADA-33601207,high,,ENT-TN-DELEGATION-5D5CDCB7496E,administrative_parent,ADM4 row / research sector code 33601207; dated ADM3 parent 3360,,,verified
REL-E790A278CF205784,1.0.0,current,SRC-TN-RESEARCH-GEOMETRY-2018,ENT-TN-MUNICIPALITY-1322,medium,Approximate research topology only; this is not an administrative parent relationship.,ENT-TN-DELEGATION-678C562CAA1C,boundary_intersects,"sector evidence rows: 1361261,1361262,1361263,1361264",,,source_verified
REL-E7AD09711D525752,1.0.0,current,SRC-TN-HDX-CODAB-2022,ENT-TN-IMADA-63542052,high,,ENT-TN-DELEGATION-3512572DC050,administrative_parent,ADM4 row / research sector code 63542052; dated ADM3 parent 6354,,,verified
REL-E7EB85116389520B,1.0.0,current,SRC-TN-HDX-CODAB-2022,ENT-TN-IMADA-43611665,high,,ENT-TN-DELEGATION-755242916060,administrative_parent,ADM4 row / research sector code 43611665; dated ADM3 parent 4361,,,verified
REL-E814927C565C50B6,1.0.0,current,SRC-TN-HDX-CODAB-2022,ENT-TN-IMADA-1565414,high,,ENT-TN-DELEGATION-AFCCE19F1CD3,administrative_parent,ADM4 row / research sector code 1565414; dated ADM3 parent 1565,,,verified
REL-E84F49E7F9775672,1.0.0,current,SRC-TN-HDX-CODAB-2022,ENT-TN-IMADA-2354803,high,,ENT-TN-DELEGATION-D77747883E55,administrative_parent,ADM4 row / research sector code 2354803; dated ADM3 parent 2354,,,verified
REL-E852DB77B7275200,1.0.0,current,SRC-TN-HDX-CODAB-2022,ENT-TN-IMADA-34511231,high,,ENT-TN-DELEGATION-A43DBAE26B8A,administrative_parent,ADM4 row / research sector code 34511231; dated ADM3 parent 3451,,,verified
REL-E86A81A61C975161,1.0.0,current,SRC-TN-HDX-CODAB-2022,ENT-TN-IMADA-32581102,high,,ENT-TN-DELEGATION-4E58B3CD9CB1,administrative_parent,ADM4 row / research sector code 32581102; dated ADM3 parent 3258,,,verified
REL-E87D8EFC70765461,1.0.0,current,SRC-TN-DGCL-MUNICIPALITIES-2024,ENT-TN-MUNICIPALITY-5117,high,,ENT-TN-GOVERNORATE-DF747014232C,administrative_parent,January 2024 workbook row: governorate 51; municipality code 5117,,,verified
REL-E893B08F59265C64,1.0.0,current,SRC-TN-HDX-CODAB-2022,ENT-TN-IMADA-1354225,high,,ENT-TN-DELEGATION-A6449AC11294,administrative_parent,ADM4 row / research sector code 1354225; dated ADM3 parent 1354,,,verified
REL-E8BDC2EC6E6F5358,1.0.0,current,SRC-TN-HDX-CODAB-2022,ENT-TN-IMADA-2454885,high,,ENT-TN-DELEGATION-AF66ED06B9B8,administrative_parent,ADM4 row / research sector code 2454885; dated ADM3 parent 2454,,,verified
REL-E8BF731C3F8A55A0,1.0.0,current,SRC-TN-HDX-CODAB-2022,ENT-TN-IMADA-62532010,high,,ENT-TN-DELEGATION-21A9D436EAA7,administrative_parent,ADM4 row / research sector code 62532010; dated ADM3 parent 6253,,,verified
REL-E8C52D1CD8305BA5,1.0.0,current,SRC-TN-HDX-CODAB-2022,ENT-TN-IMADA-41531379,high,,ENT-TN-DELEGATION-70B00114B3C2,administrative_parent,ADM4 row / research sector code 41531379; dated ADM3 parent 4153,,,verified
REL-E8D106371F355549,1.0.0,current,SRC-TN-HDX-CODAB-2022,ENT-TN-IMADA-2154619,high,,ENT-TN-DELEGATION-028DF902ABF9,administrative_parent,ADM4 row / research sector code 2154619; dated ADM3 parent 2154,,,verified
REL-E8D3B1FD9082550A,1.0.0,current,SRC-TN-RESEARCH-GEOMETRY-2018,ENT-TN-MUNICIPALITY-3214,medium,Approximate research topology only; this is not an administrative parent relationship.,ENT-TN-DELEGATION-B0C081DB1344,boundary_intersects,"sector evidence rows: 32531063,32531064,32531066",,,source_verified
REL-E907769CC3F2574F,1.0.0,current,SRC-TN-HDX-CODAB-2022,ENT-TN-IMADA-2355805,high,,ENT-TN-DELEGATION-FF2BD30691C0,administrative_parent,ADM4 row / research sector code 2355805; dated ADM3 parent 2355,,,verified
REL-E90A8CBD235B5839,1.0.0,current,SRC-LY-MOLG-MUNICIPALITIES-2026,ENT-LY-MUNICIPALITY-0404B6C75563,high,,ENT-LY-COUNTRY,administrative_parent,Municipality list entry: القطرون,,,verified
REL-E92536EC5F1054B0,1.0.0,current,SRC-TN-HDX-CODAB-2022,ENT-TN-IMADA-52531776,high,,ENT-TN-DELEGATION-82A4AF3884E0,administrative_parent,ADM4 row / research sector code 52531776; dated ADM3 parent 5253,,,verified
REL-E949C8B6C49A5287,1.0.0,current,SRC-TN-HDX-CODAB-2022,ENT-TN-DELEGATION-010FEC49E881,high,,ENT-TN-GOVERNORATE-1864AE41D5B4,administrative_parent,ADM3 row / dated 264-delegation research code 6355,,,verified
REL-E94CF1763B0E57B9,1.0.0,current,SRC-TN-HDX-CODAB-2022,ENT-TN-IMADA-53571907,high,,ENT-TN-DELEGATION-4A4ADB1F39D5,administrative_parent,ADM4 row / research sector code 53571907; dated ADM3 parent 5357,,,verified
REL-E950128CED385985,1.0.0,current,SRC-TN-HDX-CODAB-2022,ENT-TN-IMADA-61571962,high,,ENT-TN-DELEGATION-55B6CFADA185,administrative_parent,ADM4 row / research sector code 61571962; dated ADM3 parent 6157,,,verified
REL-E954679C72165DAF,1.0.0,current,SRC-TN-HDX-CODAB-2022,ENT-TN-IMADA-2455895,high,,ENT-TN-DELEGATION-27DFBC8894A9,administrative_parent,ADM4 row / research sector code 2455895; dated ADM3 parent 2455,,,verified
REL-E962061884495F57,1.0.0,current,SRC-TN-HDX-CODAB-2022,ENT-TN-IMADA-41551411,high,,ENT-TN-DELEGATION-6EC1A2137D0E,administrative_parent,ADM4 row / research sector code 41551411; dated ADM3 parent 4155,,,verified
REL-E96546EE817F5E90,1.0.0,current,SRC-TN-HDX-CODAB-2022,ENT-TN-IMADA-1654455,high,,ENT-TN-DELEGATION-43EBF7A156A6,administrative_parent,ADM4 row / research sector code 1654455; dated ADM3 parent 1654,,,verified
REL-E96C71A17D7357C1,1.0.0,current,SRC-TN-DGCL-MUNICIPALITIES-2024,ENT-TN-MUNICIPALITY-5111,high,,ENT-TN-GOVERNORATE-DF747014232C,administrative_parent,January 2024 workbook row: governorate 51; municipality code 5111,,,verified
REL-E971FF3CD08B55CF,1.0.0,current,SRC-TN-HDX-CODAB-2022,ENT-TN-IMADA-61601978,high,,ENT-TN-DELEGATION-434F19B638E3,administrative_parent,ADM4 row / research sector code 61601978; dated ADM3 parent 6160,,,verified
REL-E98B585EA91F5B06,1.0.0,current,SRC-TN-HDX-CODAB-2022,ENT-TN-IMADA-1758538,high,,ENT-TN-DELEGATION-F3529789545D,administrative_parent,ADM4 row / research sector code 1758538; dated ADM3 parent 1758,,,verified
REL-E991C399F5425390,1.0.0,current,SRC-TN-HDX-CODAB-2022,ENT-TN-IMADA-52561823,high,,ENT-TN-DELEGATION-584902C8EEE0,administrative_parent,ADM4 row / research sector code 52561823; dated ADM3 parent 5256,,,verified
REL-E9D15A7FAD285CCD,1.0.0,current,SRC-TN-DGCL-MUNICIPALITIES-2024,ENT-TN-MUNICIPALITY-1512,high,,ENT-TN-GOVERNORATE-EA30E853F598,administrative_parent,January 2024 workbook row: governorate 15; municipality code 1512,,,verified
REL-E9F6718DC7CE5F78,1.0.0,current,SRC-TN-DGCL-MUNICIPALITIES-2024,ENT-TN-MUNICIPALITY-3219,high,,ENT-TN-GOVERNORATE-5BC9A7217C8C,administrative_parent,January 2024 workbook row: governorate 32; municipality code 3219,,,verified
REL-E9FDB397CAB05D17,1.0.0,current,SRC-TN-HDX-CODAB-2022,ENT-TN-IMADA-1651432,high,,ENT-TN-DELEGATION-D52472FD9496,administrative_parent,ADM4 row / research sector code 1651432; dated ADM3 parent 1651,,,verified
REL-E9FDC686D4EC59B1,1.0.0,current,SRC-TN-HDX-CODAB-2022,ENT-TN-DELEGATION-4AE753194B10,high,,ENT-TN-GOVERNORATE-EA30E853F598,administrative_parent,ADM3 row / dated 264-delegation research code 1562,,,verified
REL-EA1658BCDCA558B7,1.0.0,current,SRC-TN-DGCL-MUNICIPALITIES-2024,ENT-TN-MUNICIPALITY-1515,high,,ENT-TN-GOVERNORATE-EA30E853F598,administrative_parent,January 2024 workbook row: governorate 15; municipality code 1515,,,verified
REL-EA288433534855D0,1.0.0,current,SRC-TN-HDX-CODAB-2022,ENT-TN-IMADA-61551948,high,,ENT-TN-DELEGATION-57457D07E717,administrative_parent,ADM4 row / research sector code 61551948; dated ADM3 parent 6155,,,verified
REL-EA520C03FBA4598D,1.0.0,current,SRC-TN-HDX-CODAB-2022,ENT-TN-IMADA-31601002,high,,ENT-TN-DELEGATION-AC41B378E3D9,administrative_parent,ADM4 row / research sector code 31601002; dated ADM3 parent 3160,,,verified
REL-EA76C62874805B93,1.0.0,current,SRC-TN-HDX-CODAB-2022,ENT-TN-DELEGATION-4A4ADB1F39D5,high,,ENT-TN-GOVERNORATE-DAC2A2592975,administrative_parent,ADM3 row / dated 264-delegation research code 5357,,,verified
REL-EA8BC0A6E88F5465,1.0.0,current,SRC-TN-HDX-CODAB-2022,ENT-TN-IMADA-1558371,high,,ENT-TN-DELEGATION-D59DE8736127,administrative_parent,ADM4 row / research sector code 1558371; dated ADM3 parent 1558,,,verified
REL-EAABB60D0555531A,1.0.0,current,SRC-TN-HDX-CODAB-2022,ENT-TN-IMADA-51561716,high,,ENT-TN-DELEGATION-381871ACE873,administrative_parent,ADM4 row / research sector code 51561716; dated ADM3 parent 5156,,,verified
REL-EAAFB438AC08517A,1.0.0,current,SRC-TN-HDX-CODAB-2022,ENT-TN-IMADA-2451866,high,,ENT-TN-DELEGATION-BACCAA713057,administrative_parent,ADM4 row / research sector code 2451866; dated ADM3 parent 2451,,,verified
REL-EAC27691457E5AE4,1.0.0,current,SRC-TN-HDX-CODAB-2022,ENT-TN-IMADA-2254715,high,,ENT-TN-DELEGATION-0A43143796F7,administrative_parent,ADM4 row / research sector code 2254715; dated ADM3 parent 2254,,,verified
REL-EAD484128E8354BC,1.0.0,current,SRC-TN-HDX-CODAB-2022,ENT-TN-IMADA-33601206,high,,ENT-TN-DELEGATION-5D5CDCB7496E,administrative_parent,ADM4 row / research sector code 33601206; dated ADM3 parent 3360,,,verified
REL-EB594B858578535F,1.0.0,current,SRC-TN-RESEARCH-GEOMETRY-2018,ENT-TN-MUNICIPALITY-1111,medium,Approximate research topology only; this is not an administrative parent relationship.,ENT-TN-DELEGATION-CC12560912DD,boundary_intersects,"sector evidence rows: 1152106,1152107,1152108,1152109,1152110,1152111,1152112,1152113,1152114,1152115,1152116,1152117",,,source_verified
REL-EB5C732F1D425F7D,1.0.0,current,SRC-TN-DGCL-MUNICIPALITIES-2024,ENT-TN-MUNICIPALITY-6115,high,,ENT-TN-GOVERNORATE-467CAA2B1928,administrative_parent,January 2024 workbook row: governorate 61; municipality code 6115,,,verified
REL-EB5E415F9AFC5EF8,1.0.0,current,SRC-TN-HDX-CODAB-2022,ENT-TN-IMADA-2158660,high,,ENT-TN-DELEGATION-E8E2CE15323A,administrative_parent,ADM4 row / research sector code 2158660; dated ADM3 parent 2158,,,verified
REL-EB5F48EE3FB65A1F,1.0.0,current,SRC-TN-HDX-CODAB-2022,ENT-TN-DELEGATION-D4441080949B,high,,ENT-TN-GOVERNORATE-0D738EAC753C,administrative_parent,ADM3 row / dated 264-delegation research code 2352,,,verified
REL-EB67148399375688,1.0.0,current,SRC-TN-HDX-CODAB-2022,ENT-TN-IMADA-1457320,high,,ENT-TN-DELEGATION-99CBAA7046B8,administrative_parent,ADM4 row / research sector code 1457320; dated ADM3 parent 1457,,,verified
REL-EBAD42380AF95153,1.0.0,current,SRC-TN-HDX-CODAB-2022,ENT-TN-IMADA-1152112,high,,ENT-TN-DELEGATION-CC12560912DD,administrative_parent,ADM4 row / research sector code 1152112; dated ADM3 parent 1152,,,verified
REL-EBBE765DB0FE5334,1.0.0,current,SRC-TN-HDX-CODAB-2022,ENT-TN-IMADA-2458919,high,,ENT-TN-DELEGATION-2F6C05AAB735,administrative_parent,ADM4 row / research sector code 2458919; dated ADM3 parent 2458,,,verified
REL-EBCB33D5EF465B38,1.0.0,current,SRC-TN-HDX-CODAB-2022,ENT-TN-DELEGATION-D52472FD9496,high,,ENT-TN-GOVERNORATE-81845FB6BE40,administrative_parent,ADM3 row / dated 264-delegation research code 1651,,,verified
REL-EBCE144741B451A6,1.0.0,current,SRC-TN-HDX-CODAB-2022,ENT-TN-IMADA-42511472,high,,ENT-TN-DELEGATION-F0E269317685,administrative_parent,ADM4 row / research sector code 42511472; dated ADM3 parent 4251,,,verified
REL-EBE9CE6BDF0459BB,1.0.0,current,SRC-TN-HDX-CODAB-2022,ENT-TN-DELEGATION-5D62B4C8161F,high,,ENT-TN-GOVERNORATE-36E4260B310C,administrative_parent,ADM3 row / dated 264-delegation research code 4255,,,verified
REL-EBF27DD2D7B954BD,1.0.0,current,SRC-TN-HDX-CODAB-2022,ENT-TN-IMADA-32571092,high,,ENT-TN-DELEGATION-A9FD50013858,administrative_parent,ADM4 row / research sector code 32571092; dated ADM3 parent 3257,,,verified
REL-EBF39D2830D35DA9,1.0.0,current,SRC-TN-HDX-CODAB-2022,ENT-TN-IMADA-41601448,high,,ENT-TN-DELEGATION-46D8F9A49020,administrative_parent,ADM4 row / research sector code 41601448; dated ADM3 parent 4160,,,verified
REL-EC0A7C9C2B8A5545,1.0.0,current,SRC-TN-HDX-CODAB-2022,ENT-TN-IMADA-61551950,high,,ENT-TN-DELEGATION-57457D07E717,administrative_parent,ADM4 row / research sector code 61551950; dated ADM3 parent 6155,,,verified
REL-EC1E378C26545C13,1.0.0,current,SRC-TN-HDX-CODAB-2022,ENT-TN-IMADA-53511859,high,,ENT-TN-DELEGATION-36BABB1475F8,administrative_parent,ADM4 row / research sector code 53511859; dated ADM3 parent 5351,,,verified
REL-EC2436FD03315280,1.0.0,current,SRC-TN-DGCL-MUNICIPALITIES-2024,ENT-TN-MUNICIPALITY-3413,high,,ENT-TN-GOVERNORATE-97D2B1489F90,administrative_parent,January 2024 workbook row: governorate 34; municipality code 3413,,,verified
REL-EC3C839549065DA6,1.0.0,current,SRC-TN-HDX-CODAB-2022,ENT-TN-IMADA-42551493,high,,ENT-TN-DELEGATION-5D62B4C8161F,administrative_parent,ADM4 row / research sector code 42551493; dated ADM3 parent 4255,,,verified
REL-EC45865ED8AF5255,1.0.0,historical,SRC-LY-BSC-CENSUS-2006,ENT-LY-SHABIYA-HISTORICAL-D4DEDD38B013,high,Historical hierarchy snapshot only.,ENT-LY-COUNTRY,administrative_parent,2006 census region: مرزق,,,verified
REL-EC8C9E37B38D5173,1.0.0,current,SRC-TN-HDX-CODAB-2022,ENT-TN-IMADA-1752490,high,,ENT-TN-DELEGATION-FCEB64E05ED0,administrative_parent,ADM4 row / research sector code 1752490; dated ADM3 parent 1752,,,verified
REL-ECA4C3BD82E15A27,1.0.0,current,SRC-TN-HDX-CODAB-2022,ENT-TN-IMADA-41551410,high,,ENT-TN-DELEGATION-6EC1A2137D0E,administrative_parent,ADM4 row / research sector code 41551410; dated ADM3 parent 4155,,,verified
REL-ECD071F6DCD3566A,1.0.0,current,SRC-TN-HDX-CODAB-2022,ENT-TN-IMADA-52511761,high,,ENT-TN-DELEGATION-EE60D65B9935,administrative_parent,ADM4 row / research sector code 52511761; dated ADM3 parent 5251,,,verified
REL-ECF140F7F092565B,1.0.0,current,SRC-TN-HDX-CODAB-2022,ENT-TN-IMADA-2359838,high,,ENT-TN-DELEGATION-E3E9C5077EA4,administrative_parent,ADM4 row / research sector code 2359838; dated ADM3 parent 2359,,,verified
REL-ECF8FF2AADD55E8D,1.0.0,current,SRC-TN-DGCL-MUNICIPALITIES-2024,ENT-TN-MUNICIPALITY-2119,high,,ENT-TN-GOVERNORATE-EA2D44B4F25E,administrative_parent,January 2024 workbook row: governorate 21; municipality code 2119,,,verified
REL-ED1A4D6855B55BA1,1.0.0,current,SRC-TN-HDX-CODAB-2022,ENT-TN-DELEGATION-3512572DC050,high,,ENT-TN-GOVERNORATE-1864AE41D5B4,administrative_parent,ADM3 row / dated 264-delegation research code 6354,,,verified
REL-ED544EB7DE725B6C,1.0.0,current,SRC-TN-DGCL-MUNICIPALITIES-2024,ENT-TN-MUNICIPALITY-2416,high,,ENT-TN-GOVERNORATE-A460B4F223EB,administrative_parent,January 2024 workbook row: governorate 24; municipality code 2416,,,verified
REL-ED6C4342BC845E56,1.0.0,current,SRC-TN-DGCL-MUNICIPALITIES-2024,ENT-TN-MUNICIPALITY-2417,high,,ENT-TN-GOVERNORATE-A460B4F223EB,administrative_parent,January 2024 workbook row: governorate 24; municipality code 2417,,,verified
REL-ED8798D92ACD5196,1.0.0,current,SRC-TN-RESEARCH-GEOMETRY-2018,ENT-TN-MUNICIPALITY-2314,medium,Approximate research topology only; this is not an administrative parent relationship.,ENT-TN-DELEGATION-D77747883E55,boundary_intersects,"sector evidence rows: 2354797,2354798,2354799,2354800,2354801,2354802,2354803,2354804",,,source_verified
REL-ED9A04CF8D195980,1.0.0,current,SRC-TN-DGCL-MUNICIPALITIES-2024,ENT-TN-MUNICIPALITY-5113,high,,ENT-TN-GOVERNORATE-DF747014232C,administrative_parent,January 2024 workbook row: governorate 51; municipality code 5113,,,verified
REL-EDA91D283BD7560C,1.0.0,current,SRC-TN-HDX-CODAB-2022,ENT-TN-IMADA-61511919,high,,ENT-TN-DELEGATION-08BF6BF26FFF,administrative_parent,ADM4 row / research sector code 61511919; dated ADM3 parent 6151,,,verified
REL-EDBD537C43AD556C,1.0.0,current,SRC-TN-HDX-CODAB-2022,ENT-TN-IMADA-115418,high,,ENT-TN-DELEGATION-22BE73F7EFB2,administrative_parent,ADM4 row / research sector code 115418; dated ADM3 parent 1154,,,verified
REL-EDC89C7713A95BCC,1.0.0,current,SRC-TN-HDX-CODAB-2022,ENT-TN-IMADA-34661350,high,,ENT-TN-DELEGATION-E83D07EB9C29,administrative_parent,ADM4 row / research sector code 34661350; dated ADM3 parent 3466,,,verified
REL-EDF9085ABE34556F,1.0.0,current,SRC-TN-RESEARCH-GEOMETRY-2018,ENT-TN-MUNICIPALITY-1522,medium,Approximate research topology only; this is not an administrative parent relationship.,ENT-TN-DELEGATION-6DD1C12A1852,boundary_intersects,"sector evidence rows: 1557367,1557368",,,source_verified
REL-EDFBA8D12AC65CFF,1.0.0,current,SRC-TN-DGCL-MUNICIPALITIES-2024,ENT-TN-MUNICIPALITY-1313,high,,ENT-TN-GOVERNORATE-D5ED89886664,administrative_parent,January 2024 workbook row: governorate 13; municipality code 1313,,,verified
REL-EE058B7A94DD51BB,1.0.0,current,SRC-TN-HDX-CODAB-2022,ENT-TN-IMADA-2356820,high,,ENT-TN-DELEGATION-C151EAFA4BD1,administrative_parent,ADM4 row / research sector code 2356820; dated ADM3 parent 2356,,,verified
REL-EE0D34503A4456E3,1.0.0,current,SRC-TN-HDX-CODAB-2022,ENT-TN-IMADA-41521374,high,,ENT-TN-DELEGATION-3568AB5821B0,administrative_parent,ADM4 row / research sector code 41521374; dated ADM3 parent 4152,,,verified
REL-EE0F1CABE4C15C98,1.0.0,current,SRC-TN-DGCL-MUNICIPALITIES-2024,ENT-TN-MUNICIPALITY-5313,high,,ENT-TN-GOVERNORATE-DAC2A2592975,administrative_parent,January 2024 workbook row: governorate 53; municipality code 5313,,,verified
REL-EE2AA7BBFBE55DBA,1.0.0,current,SRC-TN-HDX-CODAB-2022,ENT-TN-IMADA-33511134,high,,ENT-TN-DELEGATION-E56B524C71BE,administrative_parent,ADM4 row / research sector code 33511134; dated ADM3 parent 3351,,,verified
REL-EE553B9CC3D45A93,1.0.0,current,SRC-TN-HDX-CODAB-2022,ENT-TN-IMADA-42511471,high,,ENT-TN-DELEGATION-F0E269317685,administrative_parent,ADM4 row / research sector code 42511471; dated ADM3 parent 4251,,,verified
REL-EE5EBF94D94157BE,1.0.0,current,SRC-TN-HDX-CODAB-2022,ENT-TN-IMADA-1456312,high,,ENT-TN-DELEGATION-2592EE0518F8,administrative_parent,ADM4 row / research sector code 1456312; dated ADM3 parent 1456,,,verified
REL-EE69B28181225BD8,1.0.0,current,SRC-TN-HDX-CODAB-2022,ENT-TN-DELEGATION-FE7ADA16AB50,high,,ENT-TN-GOVERNORATE-DB8D5C457676,administrative_parent,ADM3 row / dated 264-delegation research code 1153,,,verified
REL-EE745A547AD15792,1.0.0,current,SRC-TN-HDX-CODAB-2022,ENT-TN-IMADA-52591847,high,,ENT-TN-DELEGATION-F6FA367C4B52,administrative_parent,ADM4 row / research sector code 52591847; dated ADM3 parent 5259,,,verified
REL-EEBC7E250B78529F,1.0.0,current,SRC-LY-MOLG-MUNICIPALITIES-2026,ENT-LY-MUNICIPALITY-6D4A1C01287B,high,,ENT-LY-COUNTRY,administrative_parent,Municipality list entry: ساحل الجبل,,,verified
REL-EEC08474DDE252FC,1.0.0,current,SRC-TN-RESEARCH-GEOMETRY-2018,ENT-TN-MUNICIPALITY-2315,medium,Approximate research topology only; this is not an administrative parent relationship.,ENT-TN-DELEGATION-FF2BD30691C0,boundary_intersects,"sector evidence rows: 2355805,2355806,2355807,2355808,2355809,2355810,2355811,2355812,2355813,2355815,2355816",,,source_verified
REL-EED39D31641451B6,1.0.0,current,SRC-TN-HDX-CODAB-2022,ENT-TN-DELEGATION-11CCF21EE571,high,,ENT-TN-GOVERNORATE-78D6D85AF6A0,administrative_parent,ADM3 row / dated 264-delegation research code 1253,,,verified
REL-EEE8A137C6FB522E,1.0.0,current,SRC-TN-HDX-CODAB-2022,ENT-TN-IMADA-61541942,high,,ENT-TN-DELEGATION-7A57DEB42C2E,administrative_parent,ADM4 row / research sector code 61541942; dated ADM3 parent 6154,,,verified
REL-EF0D5EA281FF5FE4,1.0.0,current,SRC-TN-HDX-CODAB-2022,ENT-TN-IMADA-41581433,high,,ENT-TN-DELEGATION-A9A2E64081DA,administrative_parent,ADM4 row / research sector code 41581433; dated ADM3 parent 4158,,,verified
REL-EF14C0D910C35907,1.0.0,current,SRC-TN-RESEARCH-GEOMETRY-2018,ENT-TN-MUNICIPALITY-1535,medium,Approximate research topology only; this is not an administrative parent relationship.,ENT-TN-DELEGATION-8708C7088CBC,boundary_intersects,"sector evidence rows: 1564403,1564404,1564407",,,source_verified
REL-EF265E53DBB85B07,1.0.0,current,SRC-TN-HDX-CODAB-2022,ENT-TN-IMADA-2153606,high,,ENT-TN-DELEGATION-64B47287C7CC,administrative_parent,ADM4 row / research sector code 2153606; dated ADM3 parent 2153,,,verified
REL-EF3D49829C055962,1.0.0,current,SRC-TN-HDX-CODAB-2022,ENT-TN-IMADA-34521242,high,,ENT-TN-DELEGATION-5589DBA6CB89,administrative_parent,ADM4 row / research sector code 34521242; dated ADM3 parent 3452,,,verified
REL-EF40091BCC3C5D5D,1.0.0,current,SRC-TN-RESEARCH-GEOMETRY-2018,ENT-TN-MUNICIPALITY-4126,medium,Approximate research topology only; this is not an administrative parent relationship.,ENT-TN-DELEGATION-70B00114B3C2,boundary_intersects,"sector evidence rows: 41531383,41531384,41531385,41531386",,,source_verified
REL-EF47888103EE5B0B,1.0.0,current,SRC-TN-HDX-CODAB-2022,ENT-TN-IMADA-32551074,high,,ENT-TN-DELEGATION-00EC6583A4A3,administrative_parent,ADM4 row / research sector code 32551074; dated ADM3 parent 3255,,,verified
REL-EF53216DC12C57B1,1.0.0,current,SRC-TN-HDX-CODAB-2022,ENT-TN-IMADA-3157979,high,,ENT-TN-DELEGATION-CA29D85670F9,administrative_parent,ADM4 row / research sector code 3157979; dated ADM3 parent 3157,,,verified
REL-EF615EF44AD45981,1.0.0,current,SRC-TN-HDX-CODAB-2022,ENT-TN-IMADA-43591648,high,,ENT-TN-DELEGATION-21E89D9190E3,administrative_parent,ADM4 row / research sector code 43591648; dated ADM3 parent 4359,,,verified
REL-EF75D7C80F12506C,1.0.0,current,SRC-TN-HDX-CODAB-2022,ENT-TN-IMADA-1354228,high,,ENT-TN-DELEGATION-A6449AC11294,administrative_parent,ADM4 row / research sector code 1354228; dated ADM3 parent 1354,,,verified
REL-EF9E1B88828E5AF8,1.0.0,current,SRC-TN-HDX-CODAB-2022,ENT-TN-IMADA-11621479,high,,ENT-TN-DELEGATION-762D553CB7DA,administrative_parent,ADM4 row / research sector code 11621479; dated ADM3 parent 4253,,,verified
REL-EFA1EA526C4456E5,1.0.0,current,SRC-TN-HDX-CODAB-2022,ENT-TN-IMADA-2257744,high,,ENT-TN-DELEGATION-36D776E11570,administrative_parent,ADM4 row / research sector code 2257744; dated ADM3 parent 2257,,,verified
REL-EFA7C6E823D25C8A,1.0.0,current,SRC-TN-DGCL-MUNICIPALITIES-2024,ENT-TN-MUNICIPALITY-5215,high,,ENT-TN-GOVERNORATE-902616FE3988,administrative_parent,January 2024 workbook row: governorate 52; municipality code 5215,,,verified
REL-EFB89B95DF505DDF,1.0.0,current,SRC-TN-HDX-CODAB-2022,ENT-TN-DELEGATION-F7ED4B759BD6,high,,ENT-TN-GOVERNORATE-902616FE3988,administrative_parent,ADM3 row / dated 264-delegation research code 5254,,,verified
REL-EFCCA161FDE8563B,1.0.0,current,SRC-TN-HDX-CODAB-2022,ENT-TN-DELEGATION-6417F8B088EB,high,,ENT-TN-GOVERNORATE-5BC9A7217C8C,administrative_parent,ADM3 row / dated 264-delegation research code 3261,,,verified
REL-EFD08BDF01AF5951,1.0.0,current,SRC-TN-RESEARCH-GEOMETRY-2018,ENT-TN-MUNICIPALITY-5212,medium,Approximate research topology only; this is not an administrative parent relationship.,ENT-TN-DELEGATION-82A4AF3884E0,boundary_intersects,"sector evidence rows: 52531775,52531776,52531777,52531778,52531779,52531780,52531781,52531782,52531783,52531784,52531785,52531786,52531787",,,source_verified
REL-EFD3E1FB93495DD8,1.0.0,current,SRC-TN-RESEARCH-GEOMETRY-2018,ENT-TN-MUNICIPALITY-4317,medium,Approximate research topology only; this is not an administrative parent relationship.,ENT-TN-DELEGATION-9846A16575C2,boundary_intersects,"sector evidence rows: 43581633,43581634,43581635,43581636,43581637,43581638,43581639,43581640,43581641",,,source_verified
REL-EFF6D5BBC82B55F9,1.0.0,current,SRC-TN-HDX-CODAB-2022,ENT-TN-IMADA-1560385,high,,ENT-TN-DELEGATION-29092E1ECD11,administrative_parent,ADM4 row / research sector code 1560385; dated ADM3 parent 1560,,,verified
REL-F00693EC96755957,1.0.0,current,SRC-TN-HDX-CODAB-2022,ENT-TN-IMADA-1656471,high,,ENT-TN-DELEGATION-88077D99D243,administrative_parent,ADM4 row / research sector code 1656471; dated ADM3 parent 1656,,,verified
REL-F01F82A15E555B8E,1.0.0,current,SRC-TN-RESEARCH-GEOMETRY-2018,ENT-TN-MUNICIPALITY-6311,medium,Approximate research topology only; this is not an administrative parent relationship.,ENT-TN-DELEGATION-83574F602607,boundary_intersects,"sector evidence rows: 63512026,63512027,63512034",,,source_verified
REL-F02477363E9250B0,1.0.0,current,SRC-TN-DGCL-MUNICIPALITIES-2024,ENT-TN-MUNICIPALITY-3328,high,,ENT-TN-GOVERNORATE-E7D96FEF5043,administrative_parent,January 2024 workbook row: governorate 33; municipality code 3328,,,verified
REL-F02EF5C0D1B353D7,1.0.0,current,SRC-TN-DGCL-MUNICIPALITIES-2024,ENT-TN-MUNICIPALITY-4316,high,,ENT-TN-GOVERNORATE-47F772AA4A84,administrative_parent,January 2024 workbook row: governorate 43; municipality code 4316,,,verified
REL-F02F9944FE655F03,1.0.0,current,SRC-TN-HDX-CODAB-2022,ENT-TN-IMADA-32531065,high,,ENT-TN-DELEGATION-B0C081DB1344,administrative_parent,ADM4 row / research sector code 32531065; dated ADM3 parent 3253,,,verified
REL-F05781D34AF952CE,1.0.0,current,SRC-TN-HDX-CODAB-2022,ENT-TN-IMADA-42621560,high,,ENT-TN-DELEGATION-C41B01AE892E,administrative_parent,ADM4 row / research sector code 42621560; dated ADM3 parent 4262,,,verified
REL-F061FE4225E95329,1.0.0,current,SRC-TN-RESEARCH-GEOMETRY-2018,ENT-TN-MUNICIPALITY-6313,medium,Approximate research topology only; this is not an administrative parent relationship.,ENT-TN-DELEGATION-3512572DC050,boundary_intersects,"sector evidence rows: 63542051,63542053,63542054,63549999",,,source_verified
REL-F093A5E6F1E65407,1.0.0,current,SRC-TN-HDX-CODAB-2022,ENT-TN-IMADA-51591739,high,,ENT-TN-DELEGATION-996BCFD91FDD,administrative_parent,ADM4 row / research sector code 51591739; dated ADM3 parent 5159,,,verified
REL-F0B78A46AFEA5027,1.0.0,current,SRC-TN-HDX-CODAB-2022,ENT-TN-DELEGATION-89B5CE300A2D,high,,ENT-TN-GOVERNORATE-EA2D44B4F25E,administrative_parent,ADM3 row / dated 264-delegation research code 2151,,,verified
REL-F0B9FB0D8E3A5444,1.0.0,current,SRC-TN-HDX-CODAB-2022,ENT-TN-DELEGATION-7E9A8227F3FE,high,,ENT-TN-GOVERNORATE-D28A09D558AD,administrative_parent,ADM3 row / dated 264-delegation research code 4156,,,verified
REL-F0BCD2173F605D1D,1.0.0,current,SRC-TN-HDX-CODAB-2022,ENT-TN-IMADA-41561417,high,,ENT-TN-DELEGATION-7E9A8227F3FE,administrative_parent,ADM4 row / research sector code 41561417; dated ADM3 parent 4156,,,verified
REL-F0F5D9D96B2655C7,1.0.0,current,SRC-TN-RESEARCH-GEOMETRY-2018,ENT-TN-MUNICIPALITY-4323,medium,Approximate research topology only; this is not an administrative parent relationship.,ENT-TN-DELEGATION-B5CD972E98C1,boundary_intersects,"sector evidence rows: 43521585,43521589,43521592,43521593",,,source_verified
REL-F11115FDE7F352DC,1.0.0,current,SRC-TN-HDX-CODAB-2022,ENT-TN-IMADA-41571430,high,,ENT-TN-DELEGATION-5E9C54B26170,administrative_parent,ADM4 row / research sector code 41571430; dated ADM3 parent 4157,,,verified
REL-F11AD30EA8FB518A,1.0.0,current,SRC-TN-HDX-CODAB-2022,ENT-TN-IMADA-1751480,high,,ENT-TN-DELEGATION-AADE7E444312,administrative_parent,ADM4 row / research sector code 1751480; dated ADM3 parent 1751,,,verified
REL-F11C1BD39AEB53D8,1.0.0,current,SRC-TN-DGCL-MUNICIPALITIES-2024,ENT-TN-MUNICIPALITY-2219,high,,ENT-TN-GOVERNORATE-7A4D0C3A889C,administrative_parent,January 2024 workbook row: governorate 22; municipality code 2219,,,verified
REL-F133227290BD5863,1.0.0,current,SRC-TN-HDX-CODAB-2022,ENT-TN-IMADA-1455308,high,,ENT-TN-DELEGATION-A8FC78D96A53,administrative_parent,ADM4 row / research sector code 1455308; dated ADM3 parent 1455,,,verified
REL-F13D2042E9375FA9,1.0.0,current,SRC-TN-HDX-CODAB-2022,ENT-TN-IMADA-33521142,high,,ENT-TN-DELEGATION-8B2B3E3BDE8C,administrative_parent,ADM4 row / research sector code 33521142; dated ADM3 parent 3352,,,verified
REL-F1A2EE2661995C0C,1.0.0,current,SRC-TN-HDX-CODAB-2022,ENT-TN-IMADA-32581096,high,,ENT-TN-DELEGATION-4E58B3CD9CB1,administrative_parent,ADM4 row / research sector code 32581096; dated ADM3 parent 3258,,,verified
REL-F1D3D77FD1E2537A,1.0.0,current,SRC-TN-HDX-CODAB-2022,ENT-TN-IMADA-32591107,high,,ENT-TN-DELEGATION-714F4FED1031,administrative_parent,ADM4 row / research sector code 32591107; dated ADM3 parent 3259,,,verified
REL-F1DEB88EFB545637,1.0.0,current,SRC-UNESCO-WHC-TN-2026,ENT-TN-VILLAGE-SIDI-BOU-SAID,high,,ENT-TN-MUNICIPALITY-1116,located_in,World Heritage property 1769: Village of Sidi Bou Saïd,,,verified
REL-F2277C1E8A5456E1,1.0.0,current,SRC-TN-HDX-CODAB-2022,ENT-TN-DELEGATION-46FFC1059453,high,,ENT-TN-GOVERNORATE-1864AE41D5B4,administrative_parent,ADM3 row / dated 264-delegation research code 6356,,,verified
REL-F2362796FCE35908,1.0.0,current,SRC-TN-HDX-CODAB-2022,ENT-TN-IMADA-1360258,high,,ENT-TN-DELEGATION-01345A7C882C,administrative_parent,ADM4 row / research sector code 1360258; dated ADM3 parent 1360,,,verified
REL-F24181E76B565918,1.0.0,current,SRC-TN-HDX-CODAB-2022,ENT-TN-IMADA-1559379,high,,ENT-TN-DELEGATION-ACB1178786DC,administrative_parent,ADM4 row / research sector code 1559379; dated ADM3 parent 1559,,,verified
REL-F283815B01645BD2,1.0.0,current,SRC-TN-HDX-CODAB-2022,ENT-TN-IMADA-51541703,high,,ENT-TN-DELEGATION-7D9681B14049,administrative_parent,ADM4 row / research sector code 51541703; dated ADM3 parent 5154,,,verified
REL-F2838482993D5135,1.0.0,current,SRC-LY-MOLG-MUNICIPALITIES-2026,ENT-LY-MUNICIPALITY-D66FFBC10410,high,,ENT-LY-COUNTRY,administrative_parent,Municipality list entry: الزهراء,,,verified
REL-F29178F157ED5A46,1.0.0,current,SRC-TN-HDX-CODAB-2022,ENT-TN-IMADA-41561420,high,,ENT-TN-DELEGATION-7E9A8227F3FE,administrative_parent,ADM4 row / research sector code 41561420; dated ADM3 parent 4156,,,verified
REL-F2A16A631ABB5A14,1.0.0,current,SRC-TN-HDX-CODAB-2022,ENT-TN-IMADA-32521061,high,,ENT-TN-DELEGATION-7D47DBFD2C6B,administrative_parent,ADM4 row / research sector code 32521061; dated ADM3 parent 3252,,,verified
REL-F2A4A20BE1875231,1.0.0,current,SRC-TN-HDX-CODAB-2022,ENT-TN-IMADA-41581434,high,,ENT-TN-DELEGATION-A9A2E64081DA,administrative_parent,ADM4 row / research sector code 41581434; dated ADM3 parent 4158,,,verified
REL-F2AC4A40DACC52AF,1.0.0,current,SRC-TN-HDX-CODAB-2022,ENT-TN-IMADA-61611985,high,,ENT-TN-DELEGATION-B06C74E3ED6B,administrative_parent,ADM4 row / research sector code 61611985; dated ADM3 parent 6161,,,verified
REL-F2C86ADC95815B81,1.0.0,current,SRC-TN-HDX-CODAB-2022,ENT-TN-IMADA-51571728,high,,ENT-TN-DELEGATION-5BAD0A66CCEB,administrative_parent,ADM4 row / research sector code 51571728; dated ADM3 parent 5157,,,verified
REL-F2F81BD1B693515E,1.0.0,current,SRC-TN-HDX-CODAB-2022,ENT-TN-IMADA-32511051,high,,ENT-TN-DELEGATION-386953CDE2D6,administrative_parent,ADM4 row / research sector code 32511051; dated ADM3 parent 3251,,,verified
REL-F30AFCB437B0539B,1.0.0,current,SRC-TN-HDX-CODAB-2022,ENT-TN-IMADA-1554348,high,,ENT-TN-DELEGATION-25551A4A8808,administrative_parent,ADM4 row / research sector code 1554348; dated ADM3 parent 1554,,,verified
REL-F322F017AA77561C,1.0.0,current,SRC-TN-HDX-CODAB-2022,ENT-TN-IMADA-61571966,high,,ENT-TN-DELEGATION-55B6CFADA185,administrative_parent,ADM4 row / research sector code 61571966; dated ADM3 parent 6157,,,verified
REL-F335EC6300315F2E,1.0.0,current,SRC-TN-HDX-CODAB-2022,ENT-TN-DELEGATION-D8723103173B,high,,ENT-TN-GOVERNORATE-97D2B1489F90,administrative_parent,ADM3 row / dated 264-delegation research code 3459,,,verified
REL-F33E7CF8C94E5D6B,1.0.0,current,SRC-TN-HDX-CODAB-2022,ENT-TN-IMADA-43541609,high,,ENT-TN-DELEGATION-AD509F0A9D79,administrative_parent,ADM4 row / research sector code 43541609; dated ADM3 parent 4354,,,verified
REL-F35A7CCF7EDC5359,1.0.0,current,SRC-TN-HDX-CODAB-2022,ENT-TN-IMADA-43571632,high,,ENT-TN-DELEGATION-69C4DE6E547E,administrative_parent,ADM4 row / research sector code 43571632; dated ADM3 parent 4357,,,verified
REL-F379F1969CAC5AA0,1.0.0,current,SRC-TN-RESEARCH-GEOMETRY-2018,ENT-TN-MUNICIPALITY-1216,medium,Approximate research topology only; this is not an administrative parent relationship.,ENT-TN-DELEGATION-4F055D8E4C5F,boundary_intersects,"sector evidence rows: 1256193,1256194,1256195,1256196,1256197,1256198,1256199,1256200,1256201",,,source_verified
REL-F397506EFCD75FC6,1.0.0,current,SRC-TN-RESEARCH-GEOMETRY-2018,ENT-TN-MUNICIPALITY-6111,medium,Approximate research topology only; this is not an administrative parent relationship.,ENT-TN-DELEGATION-7A57DEB42C2E,boundary_intersects,"sector evidence rows: 61541933,61541934,61541935,61541936,61541937,61541938,61541939,61541940,61541941,61541942,61541943,61541944",,,source_verified
REL-F3B13AD5B9B15CEB,1.0.0,current,SRC-TN-HDX-CODAB-2022,ENT-TN-IMADA-115664,high,,ENT-TN-DELEGATION-F68992D7EA16,administrative_parent,ADM4 row / research sector code 115664; dated ADM3 parent 1156,,,verified
REL-F3E8ED329A3E5039,1.0.0,current,SRC-TN-HDX-CODAB-2022,ENT-TN-IMADA-63562060,high,,ENT-TN-DELEGATION-46FFC1059453,administrative_parent,ADM4 row / research sector code 63562060; dated ADM3 parent 6356,,,verified
REL-F3ED4620870F54FF,1.0.0,current,SRC-TN-HDX-CODAB-2022,ENT-TN-IMADA-1255191,high,,ENT-TN-DELEGATION-EE9A7B5ED169,administrative_parent,ADM4 row / research sector code 1255191; dated ADM3 parent 1255,,,verified
REL-F3F5C11742AD5B31,1.0.0,current,SRC-TN-HDX-CODAB-2022,ENT-TN-IMADA-2153603,high,,ENT-TN-DELEGATION-64B47287C7CC,administrative_parent,ADM4 row / research sector code 2153603; dated ADM3 parent 2153,,,verified
REL-F42EBE5FD0FC52A7,1.0.0,current,SRC-TN-HDX-CODAB-2022,ENT-TN-IMADA-2152597,high,,ENT-TN-DELEGATION-08DFD967FB8E,administrative_parent,ADM4 row / research sector code 2152597; dated ADM3 parent 2152,,,verified
REL-F44D583E13AB5B88,1.0.0,current,SRC-TN-HDX-CODAB-2022,ENT-TN-IMADA-1454304,high,,ENT-TN-DELEGATION-3DDA099AD6C7,administrative_parent,ADM4 row / research sector code 1454304; dated ADM3 parent 1454,,,verified
REL-F46F16CBDC0D5B94,1.0.0,current,SRC-TN-HDX-CODAB-2022,ENT-TN-DELEGATION-B8BFE8FFB2B8,high,,ENT-TN-GOVERNORATE-D5ED89886664,administrative_parent,ADM3 row / dated 264-delegation research code 1353,,,verified
REL-F47472CC995350EF,1.0.0,current,SRC-TN-HDX-CODAB-2022,ENT-TN-IMADA-2152594,high,,ENT-TN-DELEGATION-08DFD967FB8E,administrative_parent,ADM4 row / research sector code 2152594; dated ADM3 parent 2152,,,verified
REL-F48A01B00B7E526F,1.0.0,current,SRC-TN-HDX-CODAB-2022,ENT-TN-IMADA-53511863,high,,ENT-TN-DELEGATION-36BABB1475F8,administrative_parent,ADM4 row / research sector code 53511863; dated ADM3 parent 5351,,,verified
REL-F4A447F3AFB059BA,1.0.0,current,SRC-TN-HDX-CODAB-2022,ENT-TN-IMADA-43571629,high,,ENT-TN-DELEGATION-69C4DE6E547E,administrative_parent,ADM4 row / research sector code 43571629; dated ADM3 parent 4357,,,verified
REL-F4AC8F76796A5A8A,1.0.0,current,SRC-TN-RESEARCH-GEOMETRY-2018,ENT-TN-MUNICIPALITY-3411,medium,Approximate research topology only; this is not an administrative parent relationship.,ENT-TN-DELEGATION-5589DBA6CB89,boundary_intersects,"sector evidence rows: 34521238,34521239,34521240,34521241,34521242,34521243,34521244",,,source_verified
REL-F4B8891F4D0758EA,1.0.0,current,SRC-TN-HDX-CODAB-2022,ENT-TN-IMADA-43621678,high,,ENT-TN-DELEGATION-E45902371203,administrative_parent,ADM4 row / research sector code 43621678; dated ADM3 parent 4362,,,verified
REL-F4C36198CA8E5246,1.0.0,current,SRC-TN-DGCL-MUNICIPALITIES-2024,ENT-TN-MUNICIPALITY-1414,high,,ENT-TN-GOVERNORATE-CC06DF550344,administrative_parent,January 2024 workbook row: governorate 14; municipality code 1414,,,verified
REL-F4E2CF4F4C9A501B,1.0.0,current,SRC-TN-HDX-CODAB-2022,ENT-TN-IMADA-1454303,high,,ENT-TN-DELEGATION-3DDA099AD6C7,administrative_parent,ADM4 row / research sector code 1454303; dated ADM3 parent 1454,,,verified
REL-F4E5FFFD6AF0514D,1.0.0,current,SRC-TN-DGCL-MUNICIPALITIES-2024,ENT-TN-MUNICIPALITY-3229,high,,ENT-TN-GOVERNORATE-5BC9A7217C8C,administrative_parent,January 2024 workbook row: governorate 32; municipality code 3229,,,verified
REL-F4EBD764673A5308,1.0.0,current,SRC-TN-HDX-CODAB-2022,ENT-TN-IMADA-2352776,high,,ENT-TN-DELEGATION-D4441080949B,administrative_parent,ADM4 row / research sector code 2352776; dated ADM3 parent 2352,,,verified
REL-F4FF1111E09359DD,1.0.0,current,SRC-TN-HDX-CODAB-2022,ENT-TN-IMADA-52541795,high,,ENT-TN-DELEGATION-F7ED4B759BD6,administrative_parent,ADM4 row / research sector code 52541795; dated ADM3 parent 5254,,,verified
REL-F5159B5E8BF35427,1.0.0,current,SRC-TN-HDX-CODAB-2022,ENT-TN-IMADA-53511856,high,,ENT-TN-DELEGATION-36BABB1475F8,administrative_parent,ADM4 row / research sector code 53511856; dated ADM3 parent 5351,,,verified
REL-F52F836F820F56E3,1.0.0,current,SRC-TN-RESEARCH-GEOMETRY-2018,ENT-TN-MUNICIPALITY-1314,medium,Approximate research topology only; this is not an administrative parent relationship.,ENT-TN-DELEGATION-19EB9068FDEB,boundary_intersects,"sector evidence rows: 1355230,1355231,1355232",,,source_verified
REL-F53E238FD3065D75,1.0.0,current,SRC-TN-HDX-CODAB-2022,ENT-TN-IMADA-2460934,high,,ENT-TN-DELEGATION-3CEADA31C198,administrative_parent,ADM4 row / research sector code 2460934; dated ADM3 parent 2460,,,verified
REL-F546A8E40EA354CF,1.0.0,current,SRC-TN-HDX-CODAB-2022,ENT-TN-DELEGATION-7D9681B14049,high,,ENT-TN-GOVERNORATE-DF747014232C,administrative_parent,ADM3 row / dated 264-delegation research code 5154,,,verified
REL-F54D54393BB65CB0,1.0.0,current,SRC-TN-HDX-CODAB-2022,ENT-TN-IMADA-43511573,high,,ENT-TN-DELEGATION-DB05A1325AE3,administrative_parent,ADM4 row / research sector code 43511573; dated ADM3 parent 4351,,,verified
REL-F557B846011F5BC6,1.0.0,current,SRC-TN-RESEARCH-GEOMETRY-2018,ENT-TN-MUNICIPALITY-1715,medium,Approximate research topology only; this is not an administrative parent relationship.,ENT-TN-DELEGATION-FFE2346B14CF,boundary_intersects,"sector evidence rows: 1759546,1759547,1759548",,,source_verified
REL-F55A7FB9B9F55FF8,1.0.0,current,SRC-TN-HDX-CODAB-2022,ENT-TN-IMADA-2251683,high,,ENT-TN-DELEGATION-819F7F2E27F9,administrative_parent,ADM4 row / research sector code 2251683; dated ADM3 parent 2251,,,verified
REL-F56BA86CB7D85C5F,1.0.0,current,SRC-TN-HDX-CODAB-2022,ENT-TN-IMADA-2151585,high,,ENT-TN-DELEGATION-89B5CE300A2D,administrative_parent,ADM4 row / research sector code 2151585; dated ADM3 parent 2151,,,verified
REL-F57E067D137E52EB,1.0.0,current,SRC-TN-RESEARCH-GEOMETRY-2018,ENT-TN-MUNICIPALITY-2113,medium,Approximate research topology only; this is not an administrative parent relationship.,ENT-TN-DELEGATION-64B47287C7CC,boundary_intersects,"sector evidence rows: 2153600,2153601,2153602,2153603,2153604,2153605,2153606,2153607,2153608,2153609,2153610,2153611,2153612,2153613",,,source_verified
REL-F583EAE0502A5022,1.0.0,current,SRC-TN-HDX-CODAB-2022,ENT-TN-IMADA-3151948,high,,ENT-TN-DELEGATION-3487617C49DD,administrative_parent,ADM4 row / research sector code 3151948; dated ADM3 parent 3151,,,verified
REL-F59C7350596D58F0,1.0.0,current,SRC-TN-HDX-CODAB-2022,ENT-TN-IMADA-2352783,high,,ENT-TN-DELEGATION-D4441080949B,administrative_parent,ADM4 row / research sector code 2352783; dated ADM3 parent 2352,,,verified
REL-F59EAC7216415FE9,1.0.0,current,SRC-TN-DGCL-MUNICIPALITIES-2024,ENT-TN-MUNICIPALITY-6122,high,,ENT-TN-GOVERNORATE-467CAA2B1928,administrative_parent,January 2024 workbook row: governorate 61; municipality code 6122,,,verified
REL-F5AE75DB2FFF5552,1.0.0,current,SRC-TN-RESEARCH-GEOMETRY-2018,ENT-TN-MUNICIPALITY-3427,medium,Approximate research topology only; this is not an administrative parent relationship.,ENT-TN-DELEGATION-D8723103173B,boundary_intersects,"sector evidence rows: 34591285,34591286,34591287,34591288,34591289,34591290",,,source_verified
REL-F5E3CD85926C51B8,1.0.0,current,SRC-TN-HDX-CODAB-2022,ENT-TN-IMADA-1553340,high,,ENT-TN-DELEGATION-00F12985BEC9,administrative_parent,ADM4 row / research sector code 1553340; dated ADM3 parent 1553,,,verified
REL-F5FABB6565F4538F,1.0.0,current,SRC-TN-HDX-CODAB-2022,ENT-TN-DELEGATION-7A57DEB42C2E,high,,ENT-TN-GOVERNORATE-467CAA2B1928,administrative_parent,ADM3 row / dated 264-delegation research code 6154,,,verified
REL-F5FFB3A5538A5D6A,1.0.0,current,SRC-TN-RESEARCH-GEOMETRY-2018,ENT-TN-MUNICIPALITY-1311,medium,Approximate research topology only; this is not an administrative parent relationship.,ENT-TN-DELEGATION-8460EAF855E4,boundary_intersects,"sector evidence rows: 1351207,1351208,1351209,1351210,1351211,1351212",,,source_verified
REL-F614B99509B058B8,1.0.0,current,SRC-TN-DGCL-MUNICIPALITIES-2024,ENT-TN-MUNICIPALITY-3230,high,,ENT-TN-GOVERNORATE-5BC9A7217C8C,administrative_parent,January 2024 workbook row: governorate 32; municipality code 3230,,,verified
REL-F6155032D1215495,1.0.0,current,SRC-TN-HDX-CODAB-2022,ENT-TN-IMADA-43611666,high,,ENT-TN-DELEGATION-755242916060,administrative_parent,ADM4 row / research sector code 43611666; dated ADM3 parent 4361,,,verified
REL-F61A243C8C335F5E,1.0.0,current,SRC-TN-HDX-CODAB-2022,ENT-TN-IMADA-3160994,high,,ENT-TN-DELEGATION-AC41B378E3D9,administrative_parent,ADM4 row / research sector code 3160994; dated ADM3 parent 3160,,,verified
REL-F61B305B80575161,1.0.0,current,SRC-TN-HDX-CODAB-2022,ENT-TN-IMADA-2257749,high,,ENT-TN-DELEGATION-36D776E11570,administrative_parent,ADM4 row / research sector code 2257749; dated ADM3 parent 2257,,,verified
REL-F61DB0D718B7593F,1.0.0,current,SRC-TN-HDX-CODAB-2022,ENT-TN-IMADA-34581281,high,,ENT-TN-DELEGATION-05852EF74252,administrative_parent,ADM4 row / research sector code 34581281; dated ADM3 parent 3458,,,verified
REL-F62216B4FB575571,1.0.0,current,SRC-LY-MOLG-MUNICIPALITIES-2026,ENT-LY-MUNICIPALITY-361A07999C3B,high,,ENT-LY-COUNTRY,administrative_parent,Municipality list entry: مصراتة,,,verified
REL-F627B48E48B85952,1.0.0,current,SRC-TN-HDX-CODAB-2022,ENT-TN-IMADA-2159668,high,,ENT-TN-DELEGATION-34E2240B6A54,administrative_parent,ADM4 row / research sector code 2159668; dated ADM3 parent 2159,,,verified
REL-F655E6E92BAA5BA5,1.0.0,current,SRC-TN-RESEARCH-GEOMETRY-2018,ENT-TN-MUNICIPALITY-3234,medium,Approximate research topology only; this is not an administrative parent relationship.,ENT-TN-DELEGATION-6417F8B088EB,boundary_intersects,"sector evidence rows: 32611113,32611114,32611115,32611116",,,source_verified
REL-F660D3F7870852ED,1.0.0,current,SRC-TN-HDX-CODAB-2022,ENT-TN-IMADA-2156640,high,,ENT-TN-DELEGATION-E8E567F03E9D,administrative_parent,ADM4 row / research sector code 2156640; dated ADM3 parent 2156,,,verified
REL-F66E95D3B96C5C60,1.0.0,current,SRC-TN-DGCL-MUNICIPALITIES-2024,ENT-TN-MUNICIPALITY-1111,high,,ENT-TN-GOVERNORATE-DB8D5C457676,administrative_parent,January 2024 workbook row: governorate 11; municipality code 1111,,,verified
REL-F6710E83D94758C4,1.0.0,current,SRC-TN-HDX-CODAB-2022,ENT-TN-IMADA-34511227,high,,ENT-TN-DELEGATION-A43DBAE26B8A,administrative_parent,ADM4 row / research sector code 34511227; dated ADM3 parent 3451,,,verified
REL-F689A07380A254E7,1.0.0,current,SRC-TN-HDX-CODAB-2022,ENT-TN-IMADA-32621119,high,,ENT-TN-DELEGATION-1172E32A37EA,administrative_parent,ADM4 row / research sector code 32621119; dated ADM3 parent 3262,,,verified
REL-F6958F54E99B597F,1.0.0,current,SRC-TN-HDX-CODAB-2022,ENT-TN-IMADA-2353785,high,,ENT-TN-DELEGATION-F153AA210A4D,administrative_parent,ADM4 row / research sector code 2353785; dated ADM3 parent 2353,,,verified
REL-F6991050C5845EA3,1.0.0,current,SRC-TN-DGCL-MUNICIPALITIES-2024,ENT-TN-MUNICIPALITY-6314,high,,ENT-TN-GOVERNORATE-1864AE41D5B4,administrative_parent,January 2024 workbook row: governorate 63; municipality code 6314,,,verified
REL-F6A3F5FAD74E5139,1.0.0,current,SRC-TN-HDX-CODAB-2022,ENT-TN-IMADA-32601108,high,,ENT-TN-DELEGATION-BDF031A58E55,administrative_parent,ADM4 row / research sector code 32601108; dated ADM3 parent 3260,,,verified
REL-F6C2178E49ED5AA6,1.0.0,current,SRC-TN-HDX-CODAB-2022,ENT-TN-IMADA-41591447,high,,ENT-TN-DELEGATION-533D4E540C29,administrative_parent,ADM4 row / research sector code 41591447; dated ADM3 parent 4159,,,verified
REL-F6DD513BE8905D5E,1.0.0,current,SRC-TN-HDX-CODAB-2022,ENT-TN-IMADA-41541391,high,,ENT-TN-DELEGATION-A6D2E459547E,administrative_parent,ADM4 row / research sector code 41541391; dated ADM3 parent 4154,,,verified
REL-F6E2F93E55855859,1.0.0,current,SRC-TN-RESEARCH-GEOMETRY-2018,ENT-TN-MUNICIPALITY-4121,medium,Approximate research topology only; this is not an administrative parent relationship.,ENT-TN-DELEGATION-46D8F9A49020,boundary_intersects,"sector evidence rows: 41601448,41601449",,,source_verified
REL-F6E3501B8CFE5E6D,1.0.0,current,SRC-TN-HDX-CODAB-2022,ENT-TN-IMADA-42611546,high,,ENT-TN-DELEGATION-52AE19694D81,administrative_parent,ADM4 row / research sector code 42611546; dated ADM3 parent 4261,,,verified
REL-F6EC0E87C41450BE,1.0.0,current,SRC-UNESCO-ICH-TN-2026,ENT-TN-VILLAGE-SEJNANE,high,,ENT-TN-GOVERNORATE-B1787F907937,located_in,ICH element 01406: the village of Sejnane,,,verified
REL-F70C42BE5EB95E59,1.0.0,current,SRC-LY-MOLG-MUNICIPALITIES-2026,ENT-LY-MUNICIPALITY-6B417A6E18B3,high,,ENT-LY-COUNTRY,administrative_parent,Municipality list entry: الأصابعة,,,verified
REL-F70CBEE2356C5D12,1.0.0,current,SRC-TN-RESEARCH-GEOMETRY-2018,ENT-TN-MUNICIPALITY-3124,medium,Approximate research topology only; this is not an administrative parent relationship.,ENT-TN-DELEGATION-E8F02D6B4EF9,boundary_intersects,"sector evidence rows: 31651045,31651046,31651047,31651048,31651049",,,source_verified
REL-F7416FAA76DB5DFC,1.0.0,current,SRC-TN-HDX-CODAB-2022,ENT-TN-IMADA-1356233,high,,ENT-TN-DELEGATION-06F62E53748D,administrative_parent,ADM4 row / research sector code 1356233; dated ADM3 parent 1356,,,verified
REL-F75F35222FB15D0F,1.0.0,current,SRC-TN-HDX-CODAB-2022,ENT-TN-IMADA-2457911,high,,ENT-TN-DELEGATION-78A6B0904A2B,administrative_parent,ADM4 row / research sector code 2457911; dated ADM3 parent 2457,,,verified
REL-F76A8EF249E35502,1.0.0,current,SRC-TN-HDX-CODAB-2022,ENT-TN-IMADA-51591740,high,,ENT-TN-DELEGATION-996BCFD91FDD,administrative_parent,ADM4 row / research sector code 51591740; dated ADM3 parent 5159,,,verified
REL-F7742873807D548E,1.0.0,current,SRC-TN-HDX-CODAB-2022,ENT-TN-IMADA-2154625,high,,ENT-TN-DELEGATION-028DF902ABF9,administrative_parent,ADM4 row / research sector code 2154625; dated ADM3 parent 2154,,,verified
REL-F778B04DC4965DA3,1.0.0,current,SRC-TN-HDX-CODAB-2022,ENT-TN-IMADA-1456314,high,,ENT-TN-DELEGATION-2592EE0518F8,administrative_parent,ADM4 row / research sector code 1456314; dated ADM3 parent 1456,,,verified
REL-F77DB3AD4B37591A,1.0.0,current,SRC-TN-RESEARCH-GEOMETRY-2018,ENT-TN-MUNICIPALITY-1317,medium,Approximate research topology only; this is not an administrative parent relationship.,ENT-TN-DELEGATION-7667BCFBBD94,boundary_intersects,"sector evidence rows: 1358240,1358241,1358242,1358243,1358244,1358245,1358246,1358247",,,source_verified
REL-F78F8AFB17BC546A,1.0.0,current,SRC-TN-HDX-CODAB-2022,ENT-TN-IMADA-2252699,high,,ENT-TN-DELEGATION-A2C2D831ECC0,administrative_parent,ADM4 row / research sector code 2252699; dated ADM3 parent 2252,,,verified
REL-F7AF8833D56A503B,1.0.0,current,SRC-TN-HDX-CODAB-2022,ENT-TN-IMADA-42541487,high,,ENT-TN-DELEGATION-00555D763B13,administrative_parent,ADM4 row / research sector code 42541487; dated ADM3 parent 4254,,,verified
REL-F7BB6935AAC85C7E,1.0.0,current,SRC-LY-MOLG-MUNICIPALITIES-2026,ENT-LY-MUNICIPALITY-C708E653F362,high,,ENT-LY-COUNTRY,administrative_parent,Municipality list entry: الكفرة,,,verified
REL-F7DB65BAD99C5492,1.0.0,current,SRC-TN-DGCL-MUNICIPALITIES-2024,ENT-TN-MUNICIPALITY-1727,high,,ENT-TN-GOVERNORATE-B1787F907937,administrative_parent,January 2024 workbook row: governorate 17; municipality code 1727,,,verified
REL-F809894C102E5267,1.0.0,current,SRC-TN-DGCL-MUNICIPALITIES-2024,ENT-TN-MUNICIPALITY-3320,high,,ENT-TN-GOVERNORATE-E7D96FEF5043,administrative_parent,January 2024 workbook row: governorate 33; municipality code 3320,,,verified
REL-F8229A58D9145477,1.0.0,current,SRC-TN-HDX-CODAB-2022,ENT-TN-IMADA-2354797,high,,ENT-TN-DELEGATION-D77747883E55,administrative_parent,ADM4 row / research sector code 2354797; dated ADM3 parent 2354,,,verified
REL-F83A2DE52DD7533E,1.0.0,current,SRC-TN-HDX-CODAB-2022,ENT-TN-IMADA-42561509,high,,ENT-TN-DELEGATION-FD2AE43A4C3D,administrative_parent,ADM4 row / research sector code 42561509; dated ADM3 parent 4256,,,verified
REL-F84B0395D75E5402,1.0.0,current,SRC-TN-HDX-CODAB-2022,ENT-TN-IMADA-51601743,high,,ENT-TN-DELEGATION-5BB9BF889AC5,administrative_parent,ADM4 row / research sector code 51601743; dated ADM3 parent 5160,,,verified
REL-F868016992E651B9,1.0.0,current,SRC-TN-RESEARCH-GEOMETRY-2018,ENT-TN-MUNICIPALITY-3224,medium,Approximate research topology only; this is not an administrative parent relationship.,ENT-TN-DELEGATION-A9FD50013858,boundary_intersects,"sector evidence rows: 32571091,32571092",,,source_verified
REL-F86BF5AD7B935EA7,1.0.0,current,SRC-TN-HDX-CODAB-2022,ENT-TN-IMADA-61521921,high,,ENT-TN-DELEGATION-A20DE8BF6185,administrative_parent,ADM4 row / research sector code 61521921; dated ADM3 parent 6152,,,verified
REL-F86C6665FAAC54F1,1.0.0,current,SRC-TN-DGCL-MUNICIPALITIES-2024,ENT-TN-MUNICIPALITY-2221,high,,ENT-TN-GOVERNORATE-7A4D0C3A889C,administrative_parent,January 2024 workbook row: governorate 22; municipality code 2221,,,verified
REL-F8847CB64F8159B5,1.0.0,current,SRC-TN-HDX-CODAB-2022,ENT-TN-IMADA-41521367,high,,ENT-TN-DELEGATION-3568AB5821B0,administrative_parent,ADM4 row / research sector code 41521367; dated ADM3 parent 4152,,,verified
REL-F89400FBA5255BC3,1.0.0,current,SRC-TN-HDX-CODAB-2022,ENT-TN-IMADA-32581094,high,,ENT-TN-DELEGATION-4E58B3CD9CB1,administrative_parent,ADM4 row / research sector code 32581094; dated ADM3 parent 3258,,,verified
REL-F8A623D592645C11,1.0.0,current,SRC-TN-HDX-CODAB-2022,ENT-TN-DELEGATION-05E0AB3C372D,high,,ENT-TN-GOVERNORATE-0D738EAC753C,administrative_parent,ADM3 row / dated 264-delegation research code 2361,,,verified
REL-F8A8E9DD6C2B55E4,1.0.0,current,SRC-TN-HDX-CODAB-2022,ENT-TN-IMADA-52561820,high,,ENT-TN-DELEGATION-584902C8EEE0,administrative_parent,ADM4 row / research sector code 52561820; dated ADM3 parent 5256,,,verified
REL-F8AA3E2B6DCA5A33,1.0.0,current,SRC-TN-DGCL-MUNICIPALITIES-2024,ENT-TN-MUNICIPALITY-6311,high,,ENT-TN-GOVERNORATE-1864AE41D5B4,administrative_parent,January 2024 workbook row: governorate 63; municipality code 6311,,,verified
REL-F8D796BA1DBB56D4,1.0.0,current,SRC-TN-RESEARCH-GEOMETRY-2018,ENT-TN-MUNICIPALITY-2114,medium,Approximate research topology only; this is not an administrative parent relationship.,ENT-TN-DELEGATION-028DF902ABF9,boundary_intersects,"sector evidence rows: 2154614,2154615,2154617,2154618,2154620,2154621,2154622",,,source_verified
REL-F8DBA40755495F1D,1.0.0,current,SRC-TN-RESEARCH-GEOMETRY-2018,ENT-TN-MUNICIPALITY-2116,medium,Approximate research topology only; this is not an administrative parent relationship.,ENT-TN-DELEGATION-CCDB3F1D6604,boundary_intersects,"sector evidence rows: 2157644,2157645,2157646,2157647,2157648,2157649,2157651,2157652,2157653,2157655",,,source_verified
REL-F8E8CF67F257561A,1.0.0,current,SRC-TN-HDX-CODAB-2022,ENT-TN-IMADA-1362277,high,,ENT-TN-DELEGATION-D4FC46D8AB0D,administrative_parent,ADM4 row / research sector code 1362277; dated ADM3 parent 1362,,,verified
REL-F8EE9BD24A245E14,1.0.0,current,SRC-TN-HDX-CODAB-2022,ENT-TN-IMADA-52551800,high,,ENT-TN-DELEGATION-6EFE1FF87CAA,administrative_parent,ADM4 row / research sector code 52551800; dated ADM3 parent 5255,,,verified
REL-F8F0187419395821,1.0.0,current,SRC-TN-HDX-CODAB-2022,ENT-TN-IMADA-1458326,high,,ENT-TN-DELEGATION-8CAB25CD1628,administrative_parent,ADM4 row / research sector code 1458326; dated ADM3 parent 1458,,,verified
REL-F93E406667045782,1.0.0,current,SRC-TN-HDX-CODAB-2022,ENT-TN-IMADA-31641028,high,,ENT-TN-DELEGATION-9ADFA1D292D9,administrative_parent,ADM4 row / research sector code 31641028; dated ADM3 parent 3164,,,verified
REL-F94662139C0B55A0,1.0.0,current,SRC-TN-HDX-CODAB-2022,ENT-TN-IMADA-43551611,high,,ENT-TN-DELEGATION-6F8D6872B9E9,administrative_parent,ADM4 row / research sector code 43551611; dated ADM3 parent 4355,,,verified
REL-F95F009992C4564B,1.0.0,current,SRC-TN-HDX-CODAB-2022,ENT-TN-IMADA-43601649,high,,ENT-TN-DELEGATION-89139C7B1553,administrative_parent,ADM4 row / research sector code 43601649; dated ADM3 parent 4360,,,verified
REL-F96386100CE85BA2,1.0.0,current,SRC-TN-DGCL-MUNICIPALITIES-2024,ENT-TN-MUNICIPALITY-3125,high,,ENT-TN-GOVERNORATE-07DB5E6D265C,administrative_parent,January 2024 workbook row: governorate 31; municipality code 3125,,,verified
REL-F9775E5634B25FD0,1.0.0,current,SRC-TN-DGCL-MUNICIPALITIES-2024,ENT-TN-MUNICIPALITY-4216,high,,ENT-TN-GOVERNORATE-36E4260B310C,administrative_parent,January 2024 workbook row: governorate 42; municipality code 4216,,,verified
REL-F984A2F942E65B95,1.0.0,current,SRC-TN-HDX-CODAB-2022,ENT-TN-IMADA-51531699,high,,ENT-TN-DELEGATION-5B401B5FE360,administrative_parent,ADM4 row / research sector code 51531699; dated ADM3 parent 5153,,,verified
REL-F989B1073DB659CD,1.0.0,current,SRC-TN-HDX-CODAB-2022,ENT-TN-DELEGATION-46D8F9A49020,high,,ENT-TN-GOVERNORATE-D28A09D558AD,administrative_parent,ADM3 row / dated 264-delegation research code 4160,,,verified
REL-F9922D4E1FC15D74,1.0.0,current,SRC-TN-RESEARCH-GEOMETRY-2018,ENT-TN-MUNICIPALITY-5216,medium,Approximate research topology only; this is not an administrative parent relationship.,ENT-TN-DELEGATION-F66C4659B2C0,boundary_intersects,"sector evidence rows: 52571827,52571828,52571829,52571830,52571831,52571832,52571833",,,source_verified
REL-F9A0D73882785519,1.0.0,current,SRC-TN-HDX-CODAB-2022,ENT-TN-IMADA-115849,high,,ENT-TN-DELEGATION-B426671C7506,administrative_parent,ADM4 row / research sector code 115849; dated ADM3 parent 1158,,,verified
REL-F9A99A642F9553D6,1.0.0,current,SRC-TN-HDX-CODAB-2022,ENT-TN-IMADA-2357828,high,,ENT-TN-DELEGATION-D2E46DB3C8BC,administrative_parent,ADM4 row / research sector code 2357828; dated ADM3 parent 2357,,,verified
REL-F9ED07CE5C2C5A73,1.0.0,current,SRC-LY-MOLG-MUNICIPALITIES-2026,ENT-LY-MUNICIPALITY-4B900A13CFFC,high,,ENT-LY-COUNTRY,administrative_parent,Municipality list entry: ككلة,,,verified
REL-FA01973D11EB5694,1.0.0,current,SRC-TN-HDX-CODAB-2022,ENT-TN-IMADA-42591524,high,,ENT-TN-DELEGATION-9AB968FD4EE0,administrative_parent,ADM4 row / research sector code 42591524; dated ADM3 parent 4259,,,verified
REL-FA0768FBEE325CE0,1.0.0,current,SRC-TN-HDX-CODAB-2022,ENT-TN-DELEGATION-7B1B28620EBA,high,,ENT-TN-GOVERNORATE-7A4D0C3A889C,administrative_parent,ADM3 row / dated 264-delegation research code 2258,,,verified
REL-FA0C9AF71B2B5E4D,1.0.0,current,SRC-TN-RESEARCH-GEOMETRY-2018,ENT-TN-MUNICIPALITY-3213,medium,Approximate research topology only; this is not an administrative parent relationship.,ENT-TN-DELEGATION-7D47DBFD2C6B,boundary_intersects,"sector evidence rows: 32521058,32521059,32521060,32521061,32521062",,,source_verified
REL-FA1065513DD15189,1.0.0,current,SRC-TN-RESEARCH-GEOMETRY-2018,ENT-TN-MUNICIPALITY-5125,medium,Approximate research topology only; this is not an administrative parent relationship.,ENT-TN-DELEGATION-5BB9BF889AC5,boundary_intersects,"sector evidence rows: 51601745,51601746,51601751,51601754",,,source_verified
REL-FA28CA827BEA5D8C,1.0.0,current,SRC-TN-RESEARCH-GEOMETRY-2018,ENT-TN-MUNICIPALITY-3230,medium,Approximate research topology only; this is not an administrative parent relationship.,ENT-TN-DELEGATION-4E58B3CD9CB1,boundary_intersects,sector evidence rows: 32589999,,,source_verified
REL-FA2A6507EA3A5485,1.0.0,current,SRC-TN-HDX-CODAB-2022,ENT-TN-IMADA-31641029,high,,ENT-TN-DELEGATION-9ADFA1D292D9,administrative_parent,ADM4 row / research sector code 31641029; dated ADM3 parent 3164,,,verified
REL-FA36CF149D025847,1.0.0,current,SRC-TN-HDX-CODAB-2022,ENT-TN-IMADA-1652438,high,,ENT-TN-DELEGATION-C73B8495072E,administrative_parent,ADM4 row / research sector code 1652438; dated ADM3 parent 1652,,,verified
REL-FA46DAC051085578,1.0.0,current,SRC-TN-RESEARCH-GEOMETRY-2018,ENT-TN-MUNICIPALITY-1112,medium,Approximate research topology only; this is not an administrative parent relationship.,ENT-TN-DELEGATION-93C5837DFCBF,boundary_intersects,"sector evidence rows: 116069,116070,116071,116072,116073,116074,116075,116076,116077,116078,116079,116080,116081,116082",,,source_verified
REL-FA5C973FBBD55C29,1.0.0,current,SRC-TN-HDX-CODAB-2022,ENT-TN-IMADA-63542051,high,,ENT-TN-DELEGATION-3512572DC050,administrative_parent,ADM4 row / research sector code 63542051; dated ADM3 parent 6354,,,verified
REL-FA6FF1226B3D5182,1.0.0,current,SRC-TN-HDX-CODAB-2022,ENT-TN-IMADA-32621117,high,,ENT-TN-DELEGATION-1172E32A37EA,administrative_parent,ADM4 row / research sector code 32621117; dated ADM3 parent 3262,,,verified
REL-FA754D674DD459B0,1.0.0,current,SRC-TN-RESEARCH-GEOMETRY-2018,ENT-TN-MUNICIPALITY-6122,medium,Approximate research topology only; this is not an administrative parent relationship.,ENT-TN-DELEGATION-57457D07E717,boundary_intersects,"sector evidence rows: 61551945,61551946",,,source_verified
REL-FA79D85B6E48555C,1.0.0,current,SRC-TN-HDX-CODAB-2022,ENT-TN-IMADA-1358243,high,,ENT-TN-DELEGATION-7667BCFBBD94,administrative_parent,ADM4 row / research sector code 1358243; dated ADM3 parent 1358,,,verified
REL-FA888648EB855B7D,1.0.0,current,SRC-TN-HDX-CODAB-2022,ENT-TN-IMADA-52581837,high,,ENT-TN-DELEGATION-210B7D8A5B50,administrative_parent,ADM4 row / research sector code 52581837; dated ADM3 parent 5258,,,verified
REL-FA9D88D162275841,1.0.0,current,SRC-TN-HDX-CODAB-2022,ENT-TN-IMADA-51531698,high,,ENT-TN-DELEGATION-5B401B5FE360,administrative_parent,ADM4 row / research sector code 51531698; dated ADM3 parent 5153,,,verified
REL-FADFCC809BEC5F0B,1.0.0,current,SRC-TN-HDX-CODAB-2022,ENT-TN-IMADA-2155630,high,,ENT-TN-DELEGATION-A97443748914,administrative_parent,ADM4 row / research sector code 2155630; dated ADM3 parent 2155,,,verified
REL-FAED9C83A15351AE,1.0.0,current,SRC-TN-DGCL-MUNICIPALITIES-2024,ENT-TN-MUNICIPALITY-2411,high,,ENT-TN-GOVERNORATE-A460B4F223EB,administrative_parent,January 2024 workbook row: governorate 24; municipality code 2411,,,verified
REL-FAEFE8F66A36585E,1.0.0,current,SRC-TN-HDX-CODAB-2022,ENT-TN-IMADA-33601210,high,,ENT-TN-DELEGATION-5D5CDCB7496E,administrative_parent,ADM4 row / research sector code 33601210; dated ADM3 parent 3360,,,verified
REL-FB07934BD3DE565B,1.0.0,current,SRC-TN-HDX-CODAB-2022,ENT-TN-IMADA-2356824,high,,ENT-TN-DELEGATION-C151EAFA4BD1,administrative_parent,ADM4 row / research sector code 2356824; dated ADM3 parent 2356,,,verified
REL-FB146E5E789C5D4E,1.0.0,current,SRC-TN-HDX-CODAB-2022,ENT-TN-IMADA-41531381,high,,ENT-TN-DELEGATION-70B00114B3C2,administrative_parent,ADM4 row / research sector code 41531381; dated ADM3 parent 4153,,,verified
REL-FB5076309DAB5271,1.0.0,current,SRC-TN-HDX-CODAB-2022,ENT-TN-IMADA-52531783,high,,ENT-TN-DELEGATION-82A4AF3884E0,administrative_parent,ADM4 row / research sector code 52531783; dated ADM3 parent 5253,,,verified
REL-FB6F83E7F9305B73,1.0.0,current,SRC-TN-DGCL-MUNICIPALITIES-2024,ENT-TN-MUNICIPALITY-1116,high,,ENT-TN-GOVERNORATE-DB8D5C457676,administrative_parent,January 2024 workbook row: governorate 11; municipality code 1116,,,verified
REL-FB901CAD237A5F8F,1.0.0,current,SRC-TN-HDX-CODAB-2022,ENT-TN-DELEGATION-A1AD72837943,high,,ENT-TN-GOVERNORATE-7A4D0C3A889C,administrative_parent,ADM3 row / dated 264-delegation research code 2259,,,verified
REL-FB93855892B05FE0,1.0.0,current,SRC-TN-HDX-CODAB-2022,ENT-TN-IMADA-1164125,high,,ENT-TN-DELEGATION-1F3317733151,administrative_parent,ADM4 row / research sector code 1164125; dated ADM3 parent 1164,,,verified
REL-FBB0CA306F065A44,1.0.0,current,SRC-LY-MOLG-MUNICIPALITIES-2026,ENT-LY-MUNICIPALITY-7B6B6750E092,high,,ENT-LY-COUNTRY,administrative_parent,Municipality list entry: سلوق,,,verified
REL-FBC3FDA4E7C553BA,1.0.0,current,SRC-TN-DGCL-MUNICIPALITIES-2024,ENT-TN-MUNICIPALITY-4317,high,,ENT-TN-GOVERNORATE-47F772AA4A84,administrative_parent,January 2024 workbook row: governorate 43; municipality code 4317,,,verified
REL-FBCC87A0AFFE5E3D,1.0.0,current,SRC-TN-HDX-CODAB-2022,ENT-TN-IMADA-2452874,high,,ENT-TN-DELEGATION-37E43863E13C,administrative_parent,ADM4 row / research sector code 2452874; dated ADM3 parent 2452,,,verified
REL-FBCD103D60835B50,1.0.0,historical,SRC-LY-BSC-CENSUS-2006,ENT-LY-SHABIYA-HISTORICAL-EF66D4160F5D,high,Historical hierarchy snapshot only.,ENT-LY-COUNTRY,administrative_parent,2006 census region: الجفرة,,,verified
REL-FBCDC24F81625592,1.0.0,current,SRC-TN-HDX-CODAB-2022,ENT-TN-IMADA-11649998,high,,ENT-TN-DELEGATION-1F3317733151,administrative_parent,ADM4 row / research sector code 11649998; dated ADM3 parent 1164,,,verified
REL-FBE5087064C15182,1.0.0,current,SRC-TN-DGCL-MUNICIPALITIES-2024,ENT-TN-MUNICIPALITY-6216,high,,ENT-TN-GOVERNORATE-D7972CC63F7E,administrative_parent,January 2024 workbook row: governorate 62; municipality code 6216,,,verified
REL-FBF614A9779C5CB7,1.0.0,current,SRC-LY-MOLG-MUNICIPALITIES-2026,ENT-LY-MUNICIPALITY-7636B9BFC526,high,,ENT-LY-COUNTRY,administrative_parent,Municipality list entry: العجيلات,,,verified
REL-FBFA33F0EB365645,1.0.0,current,SRC-LY-MOLG-MUNICIPALITIES-2026,ENT-LY-MUNICIPALITY-7FC434299269,high,,ENT-LY-COUNTRY,administrative_parent,Municipality list entry: إدري الشاطئ,,,verified
REL-FC20BC2ADE165CFA,1.0.0,current,SRC-TN-HDX-CODAB-2022,ENT-TN-IMADA-2352779,high,,ENT-TN-DELEGATION-D4441080949B,administrative_parent,ADM4 row / research sector code 2352779; dated ADM3 parent 2352,,,verified
REL-FC320F7FE6AC5BF1,1.0.0,current,SRC-TN-RESEARCH-GEOMETRY-2018,ENT-TN-MUNICIPALITY-2214,medium,Approximate research topology only; this is not an administrative parent relationship.,ENT-TN-DELEGATION-3D8C44AF7D14,boundary_intersects,"sector evidence rows: 2255717,2255718,2255719,2255720,2255721,2255722,2255727,2255728",,,source_verified
REL-FC37B2FB5B965287,1.0.0,current,SRC-TN-RESEARCH-GEOMETRY-2018,ENT-TN-MUNICIPALITY-3411,medium,Approximate research topology only; this is not an administrative parent relationship.,ENT-TN-DELEGATION-3757F6B83BE1,boundary_intersects,"sector evidence rows: 34541255,34541256,34541257,34541258",,,source_verified
REL-FC3D7A39EBF2581E,1.0.0,current,SRC-TN-HDX-CODAB-2022,ENT-TN-DELEGATION-4F055D8E4C5F,high,,ENT-TN-GOVERNORATE-78D6D85AF6A0,administrative_parent,ADM3 row / dated 264-delegation research code 1256,,,verified
REL-FC50D1EA74DA50BB,1.0.0,current,SRC-TN-HDX-CODAB-2022,ENT-TN-IMADA-32599999,high,,ENT-TN-DELEGATION-714F4FED1031,administrative_parent,ADM4 row / research sector code 32599999; dated ADM3 parent 3259,,,verified
REL-FC613253A2E45913,1.0.0,current,SRC-TN-HDX-CODAB-2022,ENT-TN-IMADA-32561078,high,,ENT-TN-DELEGATION-9D23A36B72E1,administrative_parent,ADM4 row / research sector code 32561078; dated ADM3 parent 3256,,,verified
REL-FC65590E7BE95903,1.0.0,current,SRC-TN-HDX-CODAB-2022,ENT-TN-IMADA-116070,high,,ENT-TN-DELEGATION-93C5837DFCBF,administrative_parent,ADM4 row / research sector code 116070; dated ADM3 parent 1160,,,verified
REL-FC998D4805335825,1.0.0,current,SRC-TN-HDX-CODAB-2022,ENT-TN-IMADA-15639999,high,,ENT-TN-DELEGATION-C12FC68E8013,administrative_parent,ADM4 row / research sector code 15639999; dated ADM3 parent 1563,,,verified
REL-FC9C9C6B70E4565F,1.0.0,current,SRC-TN-HDX-CODAB-2022,ENT-TN-IMADA-1753495,high,,ENT-TN-DELEGATION-529F20CCEFFA,administrative_parent,ADM4 row / research sector code 1753495; dated ADM3 parent 1753,,,verified
REL-FCB81651737F5EC5,1.0.0,current,SRC-TN-HDX-CODAB-2022,ENT-TN-IMADA-63512030,high,,ENT-TN-DELEGATION-83574F602607,administrative_parent,ADM4 row / research sector code 63512030; dated ADM3 parent 6351,,,verified
REL-FCE4F625D0D75101,1.0.0,current,SRC-TN-HDX-CODAB-2022,ENT-TN-IMADA-34641329,high,,ENT-TN-DELEGATION-02E328685503,administrative_parent,ADM4 row / research sector code 34641329; dated ADM3 parent 3464,,,verified
REL-FCE728EA927D5096,1.0.0,current,SRC-TN-DGCL-MUNICIPALITIES-2024,ENT-TN-MUNICIPALITY-4113,high,,ENT-TN-GOVERNORATE-D28A09D558AD,administrative_parent,January 2024 workbook row: governorate 41; municipality code 4113,,,verified
REL-FCF87EFA3C975CE0,1.0.0,current,SRC-TN-HDX-CODAB-2022,ENT-TN-IMADA-32611113,high,,ENT-TN-DELEGATION-6417F8B088EB,administrative_parent,ADM4 row / research sector code 32611113; dated ADM3 parent 3261,,,verified
REL-FD02C43179A95F3D,1.0.0,current,SRC-TN-HDX-CODAB-2022,ENT-TN-IMADA-42621558,high,,ENT-TN-DELEGATION-C41B01AE892E,administrative_parent,ADM4 row / research sector code 42621558; dated ADM3 parent 4262,,,verified
REL-FD57A4BC9077541F,1.0.0,current,SRC-TN-HDX-CODAB-2022,ENT-TN-IMADA-51531700,high,,ENT-TN-DELEGATION-5B401B5FE360,administrative_parent,ADM4 row / research sector code 51531700; dated ADM3 parent 5153,,,verified
REL-FD6E0643D3F55851,1.0.0,current,SRC-TN-HDX-CODAB-2022,ENT-TN-DELEGATION-7075A1113804,high,,ENT-TN-GOVERNORATE-DF747014232C,administrative_parent,ADM3 row / dated 264-delegation research code 5151,,,verified
REL-FD7E701E248B5C43,1.0.0,current,SRC-TN-HDX-CODAB-2022,ENT-TN-IMADA-2456899,high,,ENT-TN-DELEGATION-5D1C1977A0A6,administrative_parent,ADM4 row / research sector code 2456899; dated ADM3 parent 2456,,,verified
REL-FD7E9590DDE9597A,1.0.0,current,SRC-TN-HDX-CODAB-2022,ENT-TN-IMADA-52591849,high,,ENT-TN-DELEGATION-F6FA367C4B52,administrative_parent,ADM4 row / research sector code 52591849; dated ADM3 parent 5259,,,verified
REL-FD7EF6C356BA5B31,1.0.0,current,SRC-TN-HDX-CODAB-2022,ENT-TN-IMADA-115662,high,,ENT-TN-DELEGATION-F68992D7EA16,administrative_parent,ADM4 row / research sector code 115662; dated ADM3 parent 1156,,,verified
REL-FD9804CC03B05F02,1.0.0,current,SRC-TN-HDX-CODAB-2022,ENT-TN-DELEGATION-DB05A1325AE3,high,,ENT-TN-GOVERNORATE-47F772AA4A84,administrative_parent,ADM3 row / dated 264-delegation research code 4351,,,verified
REL-FDA1BEA9B29054A4,1.0.0,current,SRC-TN-RESEARCH-GEOMETRY-2018,ENT-TN-MUNICIPALITY-1319,medium,Approximate research topology only; this is not an administrative parent relationship.,ENT-TN-DELEGATION-01345A7C882C,boundary_intersects,"sector evidence rows: 1360256,1360257,1360258,1360259,1360260",,,source_verified
REL-FDB51578B30B5B73,1.0.0,current,SRC-TN-RESEARCH-GEOMETRY-2018,ENT-TN-MUNICIPALITY-3111,medium,Approximate research topology only; this is not an administrative parent relationship.,ENT-TN-DELEGATION-9D652FC873EB,boundary_intersects,"sector evidence rows: 3153957,3153958,3153959,3153960,3153961,31539999",,,source_verified
REL-FDBAC2D271085304,1.0.0,current,SRC-TN-HDX-CODAB-2022,ENT-TN-IMADA-53521872,high,,ENT-TN-DELEGATION-D3ABF7936ACA,administrative_parent,ADM4 row / research sector code 53521872; dated ADM3 parent 5352,,,verified
REL-FDDB4AEC1F43582D,1.0.0,current,SRC-LY-MOLG-MUNICIPALITIES-2026,ENT-LY-MUNICIPALITY-C4EF54B6633F,high,,ENT-LY-COUNTRY,administrative_parent,Municipality list entry: درنة,,,verified
REL-FDDF7FE89D005183,1.0.0,current,SRC-TN-RESEARCH-GEOMETRY-2018,ENT-TN-MUNICIPALITY-3429,medium,Approximate research topology only; this is not an administrative parent relationship.,ENT-TN-DELEGATION-0B9CE76F3AD6,boundary_intersects,"sector evidence rows: 34611301,34611302,34611307,34611309",,,source_verified
REL-FDE7DD4AAE8550CC,1.0.0,current,SRC-TN-HDX-CODAB-2022,ENT-TN-IMADA-1653451,high,,ENT-TN-DELEGATION-FE6A0D05DF67,administrative_parent,ADM4 row / research sector code 1653451; dated ADM3 parent 1653,,,verified
REL-FDF078EA64BE5AF9,1.0.0,current,SRC-TN-HDX-CODAB-2022,ENT-TN-IMADA-62532012,high,,ENT-TN-DELEGATION-21A9D436EAA7,administrative_parent,ADM4 row / research sector code 62532012; dated ADM3 parent 6253,,,verified
REL-FE2991CDAFFB54A2,1.0.0,current,SRC-TN-HDX-CODAB-2022,ENT-TN-IMADA-2259762,high,,ENT-TN-DELEGATION-A1AD72837943,administrative_parent,ADM4 row / research sector code 2259762; dated ADM3 parent 2259,,,verified
REL-FE6A9EA8E12E5A16,1.0.0,current,SRC-TN-RESEARCH-GEOMETRY-2018,ENT-TN-MUNICIPALITY-1716,medium,Approximate research topology only; this is not an administrative parent relationship.,ENT-TN-DELEGATION-5E40024695DE,boundary_intersects,"sector evidence rows: 1761557,1761558",,,source_verified
REL-FE7E34AA36FC5C6C,1.0.0,current,SRC-TN-HDX-CODAB-2022,ENT-TN-IMADA-63512029,high,,ENT-TN-DELEGATION-83574F602607,administrative_parent,ADM4 row / research sector code 63512029; dated ADM3 parent 6351,,,verified
REL-FE9CC56CAF515812,1.0.0,current,SRC-TN-HDX-CODAB-2022,ENT-TN-IMADA-34611306,high,,ENT-TN-DELEGATION-0B9CE76F3AD6,administrative_parent,ADM4 row / research sector code 34611306; dated ADM3 parent 3461,,,verified
REL-FEDF6D032B675825,1.0.0,current,SRC-TN-RESEARCH-GEOMETRY-2018,ENT-TN-MUNICIPALITY-5114,medium,Approximate research topology only; this is not an administrative parent relationship.,ENT-TN-DELEGATION-336FE0336AC9,boundary_intersects,"sector evidence rows: 51551707,51551708,51551711",,,source_verified
REL-FEFCFE75281654CC,1.0.0,current,SRC-TN-HDX-CODAB-2022,ENT-TN-IMADA-2351773,high,,ENT-TN-DELEGATION-40F8C393FB98,administrative_parent,ADM4 row / research sector code 2351773; dated ADM3 parent 2351,,,verified
REL-FF0342E3D80B5407,1.0.0,current,SRC-TN-DGCL-MUNICIPALITIES-2024,ENT-TN-MUNICIPALITY-4213,high,,ENT-TN-GOVERNORATE-36E4260B310C,administrative_parent,January 2024 workbook row: governorate 42; municipality code 4213,,,verified
REL-FF291C8861D85D9E,1.0.0,current,SRC-TN-HDX-CODAB-2022,ENT-TN-IMADA-42621562,high,,ENT-TN-DELEGATION-C41B01AE892E,administrative_parent,ADM4 row / research sector code 42621562; dated ADM3 parent 4262,,,verified
REL-FF2D9CA3A9205BDF,1.0.0,current,SRC-TN-HDX-CODAB-2022,ENT-TN-IMADA-3158988,high,,ENT-TN-DELEGATION-498ED0DE384B,administrative_parent,ADM4 row / research sector code 3158988; dated ADM3 parent 3158,,,verified
REL-FF4189C3F100542E,1.0.0,current,SRC-TN-HDX-CODAB-2022,ENT-TN-IMADA-41521372,high,,ENT-TN-DELEGATION-3568AB5821B0,administrative_parent,ADM4 row / research sector code 41521372; dated ADM3 parent 4152,,,verified
REL-FF437726735F5FF8,1.0.0,current,SRC-TN-HDX-CODAB-2022,ENT-TN-IMADA-2459931,high,,ENT-TN-DELEGATION-09D1B99F85DC,administrative_parent,ADM4 row / research sector code 2459931; dated ADM3 parent 2459,,,verified
REL-FF47716908095796,1.0.0,current,SRC-TN-HDX-CODAB-2022,ENT-TN-IMADA-1655467,high,,ENT-TN-DELEGATION-ECE5F1EB80F4,administrative_parent,ADM4 row / research sector code 1655467; dated ADM3 parent 1655,,,verified
REL-FF5304B7D1435762,1.0.0,current,SRC-TN-HDX-CODAB-2022,ENT-TN-IMADA-2455890,high,,ENT-TN-DELEGATION-27DFBC8894A9,administrative_parent,ADM4 row / research sector code 2455890; dated ADM3 parent 2455,,,verified
REL-FF678BDE7E96512F,1.0.0,current,SRC-TN-HDX-CODAB-2022,ENT-TN-IMADA-1557367,high,,ENT-TN-DELEGATION-6DD1C12A1852,administrative_parent,ADM4 row / research sector code 1557367; dated ADM3 parent 1557,,,verified
REL-FF927F6ED4C251B3,1.0.0,current,SRC-UNESCO-WHC-TN-2026,ENT-TN-VILLAGE-EL-JEM,high,,ENT-TN-MUNICIPALITY-3318,located_in,World Heritage property 38: small village of El Jem,,,verified
REL-FFC858D7F8BD5FB6,1.0.0,current,SRC-TN-HDX-CODAB-2022,ENT-TN-IMADA-41551408,high,,ENT-TN-DELEGATION-6EC1A2137D0E,administrative_parent,ADM4 row / research sector code 41551408; dated ADM3 parent 4155,,,verified
REL-FFD139DA7470584A,1.0.0,current,SRC-TN-HDX-CODAB-2022,ENT-TN-IMADA-2454884,high,,ENT-TN-DELEGATION-AF66ED06B9B8,administrative_parent,ADM4 row / research sector code 2454884; dated ADM3 parent 2454,,,verified
REL-FFF2C877235F5F16,1.0.0,current,SRC-TN-HDX-CODAB-2022,ENT-TN-IMADA-116646,high,,ENT-TN-DELEGATION-D592FC6CD4D2,administrative_parent,ADM4 row / research sector code 116646; dated ADM3 parent 1166,,,verified
